t	frame	heroX	heroY	tint	alpha	enemies	gems	nearest	meters	meteors	boss
8	1	515.5	310	ffffff	1	0	0			0	0
23	2	515.5	310	ffffff	1	0	0			0	0
40	3	515.5	310	ffffff	1	0	0			0	0
56	4	515.5	310	ffffff	1	0	0			0	0
73	5	515.5	310	ffffff	1	0	0			0	0
89	6	515.5	310	ffffff	1	0	0			0	0
106	7	515.5	310	ffffff	1	0	0			0	0
123	8	515.5	310	ffffff	1	0	0			0	0
139	9	515.5	310	ffffff	1	0	0			0	0
156	10	515.5	310	ffffff	1	0	0			0	0
173	11	515.5	310	ffffff	1	0	0			0	0
189	12	515.5	310	ffffff	1	0	0			0	0
206	13	515.5	310	ffffff	1	0	0			0	0
223	14	515.5	310	ffffff	1	0	0			0	0
239	15	515.5	310	ffffff	1	0	0			0	0
256	16	515.5	310	ffffff	1	0	0			0	0
273	17	515.5	310	ffffff	1	0	0			0	0
289	18	515.5	310	ffffff	1	0	0			0	0
306	19	515.5	310	ffffff	1	0	0			0	0
323	20	515.5	310	ffffff	1	0	0			0	0
339	21	515.5	310	ffffff	1	0	0			0	0
356	22	515.5	310	ffffff	1	0	0			0	0
373	23	515.5	310	ffffff	1	0	0			0	0
389	24	515.5	310	ffffff	1	0	0			0	0
406	25	515.5	310	ffffff	1	0	0			0	0
423	26	515.5	310	ffffff	1	0	0			0	0
439	27	515.5	310	ffffff	1	0	0			0	0
456	28	515.5	310	ffffff	1	0	0			0	0
472	29	515.5	310	ffffff	1	0	0			0	0
491	30	515.5	310	ffffff	1	0	0			0	0
507	31	515.5	310	ffffff	1	0	0			0	0
523	32	515.5	310	ffffff	1	0	0			0	0
540	33	515.5	310	ffffff	1	0	0			0	0
557	34	515.5	310	ffffff	1	0	0			0	0
573	35	515.5	310	ffffff	1	0	0			0	0
591	36	515.5	310	ffffff	1	0	0			0	0
607	37	515.5	310	ffffff	1	0	0			0	0
624	38	515.5	310	ffffff	1	0	0			0	0
640	39	515.5	310	ffffff	1	0	0			0	0
657	40	515.5	310	ffffff	1	0	0			0	0
674	41	515.5	310	ffffff	1	0	0			0	0
690	42	515.5	310	ffffff	1	0	0			0	0
707	43	515.5	310	ffffff	1	0	0			0	0
723	44	515.5	310	ffffff	1	0	0			0	0
740	45	515.5	310	ffffff	1	0	0			0	0
757	46	515.5	310	ffffff	1	0	0			0	0
776	47	515.5	310	ffffff	1	0	0			0	0
790	48	515.5	310	ffffff	1	0	0			0	0
807	49	515.5	310	ffffff	1	0	0			0	0
823	50	515.5	310	ffffff	1	0	0			0	0
840	51	515.5	310	ffffff	1	0	0			0	0
857	52	515.5	310	ffffff	1	0	0			0	0
873	53	515.5	310	ffffff	1	0	0			0	0
889	54	515.5	310	ffffff	1	0	0			0	0
906	55	515.5	310	ffffff	1	0	0			0	0
922	56	515.5	310	ffffff	1	0	0			0	0
939	57	515.5	310	ffffff	1	0	0			0	0
956	58	515.5	310	ffffff	1	0	0			0	0
973	59	515.5	310	ffffff	1	0	0			0	0
989	60	515.5	310	ffffff	1	0	0			0	0
1006	61	515.5	310	ffffff	1	0	0			0	0
1023	62	515.5	310	ffffff	1	0	0			0	0
1039	63	515.5	310	ffffff	1	0	0			0	0
1056	64	515.5	310	ffffff	1	0	0			0	0
1072	65	515.5	310	ffffff	1	0	0			0	0
1089	66	515.5	310	ffffff	1	0	0			0	0
1106	67	515.5	310	ffffff	1	0	0			0	0
1122	68	515.5	310	ffffff	1	0	0			0	0
1139	69	515.5	310	ffffff	1	0	0			0	0
1156	70	515.5	310	ffffff	1	0	0			0	0
1172	71	515.5	310	ffffff	1	0	0			0	0
1190	72	515.5	310	ffffff	1	0	0			0	0
1206	73	515.5	310	ffffff	1	0	0			0	0
1223	74	515.5	310	ffffff	1	0	0			0	0
1239	75	515.5	310	ffffff	1	0	0			0	0
1256	76	515.5	310	ffffff	1	0	0			0	0
1272	77	515.5	310	ffffff	1	0	0			0	0
1289	78	515.5	310	ffffff	1	0	0			0	0
1306	79	515.5	310	ffffff	1	0	0			0	0
1323	80	515.5	310	ffffff	1	0	0			0	0
1339	81	515.5	310	ffffff	1	0	0			0	0
1356	82	515.5	310	ffffff	1	0	0			0	0
1372	83	515.5	310	ffffff	1	0	0			0	0
1389	84	515.5	310	ffffff	1	0	0			0	0
1406	85	515.5	310	ffffff	1	0	0			0	0
1422	86	515.5	310	ffffff	1	0	0			0	0
1439	87	515.5	310	ffffff	1	0	0			0	0
1456	88	515.5	310	ffffff	1	0	0			0	0
1473	89	515.5	310	ffffff	1	0	0			0	0
1489	90	515.5	310	ffffff	1	0	0			0	0
1506	91	515.5	310	ffffff	1	0	0			0	0
1523	92	515.5	310	ffffff	1	0	0			0	0
1539	93	515.5	310	ffffff	1	0	0			0	0
1556	94	515.5	310	ffffff	1	0	0			0	0
1573	95	515.5	310	ffffff	1	0	0			0	0
1590	96	515.5	310	ffffff	1	0	0			0	0
1606	97	515.5	310	ffffff	1	0	0			0	0
1623	98	515.5	310	ffffff	1	0	0			0	0
1639	99	515.5	310	ffffff	1	0	0			0	0
1656	100	515.5	310	ffffff	1	0	0			0	0
1673	101	515.5	310	ffffff	1	0	0			0	0
1689	102	515.5	310	ffffff	1	0	0			0	0
1706	103	515.5	310	ffffff	1	0	0			0	0
1723	104	515.5	310	ffffff	1	0	0			0	0
1739	105	515.5	310	ffffff	1	0	0			0	0
1756	106	515.5	310	ffffff	1	0	0			0	0
1773	107	515.5	310	ffffff	1	0	0			0	0
1789	108	515.5	310	ffffff	1	0	0			0	0
1806	109	515.5	310	ffffff	1	0	0			0	0
1823	110	515.5	310	ffffff	1	0	0			0	0
1839	111	515.5	310	ffffff	1	0	0			0	0
1856	112	515.5	310	ffffff	1	0	0			0	0
1873	113	515.5	310	ffffff	1	0	0			0	0
1890	114	515.5	310	ffffff	1	0	0			0	0
1906	115	515.5	310	ffffff	1	0	0			0	0
1923	116	515.5	310	ffffff	1	0	0			0	0
1940	117	515.5	310	ffffff	1	0	0			0	0
1956	118	515.5	310	ffffff	1	0	0			0	0
1973	119	515.5	310	ffffff	1	0	0			0	0
1990	120	515.5	310	ffffff	1	0	0			0	0
2006	121	515.5	310	ffffff	1	0	0			0	0
2023	122	515.5	310	ffffff	1	0	0			0	0
2039	123	515.5	310	ffffff	1	0	0			0	0
2056	124	515.5	310	ffffff	1	0	0			0	0
2073	125	515.5	310	ffffff	1	0	0			0	0
2090	126	515.5	310	ffffff	1	0	0			0	0
2106	127	515.5	310	ffffff	1	0	0			0	0
2123	128	515.5	310	ffffff	1	0	0			0	0
2139	129	515.5	310	ffffff	1	0	0			0	0
2156	130	515.5	310	ffffff	1	0	0			0	0
2173	131	515.5	310	ffffff	1	0	0			0	0
2189	132	515.5	310	ffffff	1	0	0			0	0
2206	133	515.5	310	ffffff	1	0	0			0	0
2222	134	515.5	310	ffffff	1	0	0			0	0
2239	135	515.5	310	ffffff	1	0	0			0	0
2256	136	515.5	310	ffffff	1	0	0			0	0
2273	137	515.5	310	ffffff	1	0	0			0	0
2290	138	515.5	310	ffffff	1	0	0			0	0
2306	139	515.5	310	ffffff	1	0	0			0	0
2323	140	515.5	310	ffffff	1	0	0			0	0
2340	141	515.5	310	ffffff	1	0	0			0	0
2356	142	515.5	310	ffffff	1	0	0			0	0
2373	143	515.5	310	ffffff	1	0	0			0	0
2389	144	515.5	310	ffffff	1	0	0			0	0
2406	145	515.5	310	ffffff	1	0	0			0	0
2422	146	515.5	310	ffffff	1	0	0			0	0
2439	147	515.5	310	ffffff	1	0	0			0	0
2456	148	515.5	310	ffffff	1	0	0			0	0
2473	149	515.5	310	ffffff	1	0	0			0	0
2489	150	515.5	310	ffffff	1	0	0			0	0
2506	151	515.5	310	ffffff	1	0	0			0	0
2525	152	515.5	310	ffffff	1	0	0			0	0
2539	153	515.5	310	ffffff	1	0	0			0	0
2556	154	515.5	310	ffffff	1	0	0			0	0
2572	155	515.5	310	ffffff	1	0	0			0	0
2589	156	515.5	310	ffffff	1	0	0			0	0
2606	157	515.5	310	ffffff	1	0	0			0	0
2623	158	515.5	310	ffffff	1	0	0			0	0
2641	159	515.5	310	ffffff	1	0	0			0	0
2656	160	515.5	310	ffffff	1	0	0			0	0
2673	161	515.5	310	ffffff	1	0	0			0	0
2690	162	515.5	310	ffffff	1	0	0			0	0
2706	163	515.5	310	ffffff	1	0	0			0	0
2726	164	515.5	310	ffffff	1	5	0	397		0	0
2740	165	515.5	310	ffffff	1	5	0	397		0	0
2756	166	515.5	310	ffffff	1	5	0	396		0	0
2773	167	515.5	310	ffffff	1	5	0	396		0	0
2790	168	515.5	310	ffffff	1	5	0	395		0	0
2806	169	515.5	310	ffffff	1	5	0	394		0	0
2823	170	515.5	310	ffffff	1	5	0	394		0	0
2862	171	515.5	310	ffffff	1	5	0	394		0	0
2903	172	515.5	310	ffffff	1	5	0	392		0	0
2905	173	515.5	310	ffffff	1	5	0	391		0	0
2906	174	515.5	310	ffffff	1	5	0	391		0	0
2923	175	515.5	310	ffffff	1	5	0	390		0	0
2940	176	515.5	310	ffffff	1	5	0	389		0	0
2956	177	515.5	310	ffffff	1	5	0	389		0	0
2973	178	515.5	310	ffffff	1	5	0	389		0	0
2990	179	515.5	310	ffffff	1	5	0	387		0	0
3006	180	515.5	310	ffffff	1	5	0	386		0	0
3023	181	515.5	310	ffffff	1	5	0	386		0	0
3040	182	515.5	310	ffffff	1	5	0	385		0	0
3056	183	515.5	310	ffffff	1	5	0	385		0	0
3073	184	515.5	310	ffffff	1	5	0	384		0	0
3090	185	515.5	310	ffffff	1	6	0	371		0	0
3106	186	515.5	310	ffffff	1	6	0	371		0	0
3123	187	515.5	310	ffffff	1	6	0	370		0	0
3140	188	515.5	310	ffffff	1	6	0	369		0	0
3156	189	515.5	310	ffffff	1	6	0	369		0	0
3173	190	515.5	310	ffffff	1	6	0	368		0	0
3190	191	515.5	310	ffffff	1	6	0	367		0	0
3206	192	515.5	310	ffffff	1	6	0	366		0	0
3223	193	515.5	310	ffffff	1	6	0	366		0	0
3240	194	515.5	310	ffffff	1	6	0	365		0	0
3256	195	515.5	310	ffffff	1	6	0	364		0	0
3273	196	515.5	310	ffffff	1	6	0	364		0	0
3290	197	515.5	310	ffffff	1	6	0	363		0	0
3306	198	518.1	310	ffffff	1	6	0	362		0	0
3323	199	520.4	310	ffffff	1	6	0	363		0	0
3339	200	522.4	310	ffffff	1	6	0	363		0	0
3356	201	524.3	310	ffffff	1	6	0	363		0	0
3373	202	525.9	310	ffffff	1	6	0	363		0	0
3389	203	527.4	310	ffffff	1	6	0	361		0	0
3406	204	528.8	310	ffffff	1	6	0	360		0	0
3423	205	530	310	ffffff	1	6	0	357		0	0
3440	206	531.1	310	ffffff	1	6	0	355		0	0
3456	207	532.1	310	ffffff	1	6	0	353		0	0
3473	208	533	310	ffffff	1	6	0	350		0	0
3489	209	533.8	310	ffffff	1	6	0	348		0	0
3506	210	534.5	310	ffffff	1	6	0	346		0	0
3523	211	535.2	310	ffffff	1	6	0	344		0	0
3540	212	535.8	310	ffffff	1	6	0	341		0	0
3558	213	536.3	310	ffffff	1	7	0	340		0	0
3574	214	536.7	310	ffffff	1	7	0	338		0	0
3590	215	537.2	310	ffffff	1	7	0	335		0	0
3606	216	537.6	310	ffffff	1	7	0	333		0	0
3623	217	537.9	310	ffffff	1	7	0	331		0	0
3641	218	538.2	310	ffffff	1	7	0	330		0	0
3656	219	538.5	310	ffffff	1	7	0	327		0	0
3673	220	538.7	310	ffffff	1	7	0	326		0	0
3690	221	539	310	ffffff	1	7	0	323		0	0
3706	222	539.2	310	ffffff	1	7	0	321		0	0
3724	223	539.4	310	ffffff	1	7	0	320		0	0
3740	224	539.5	310	ffffff	1	7	0	317		0	0
3757	225	539.7	310	ffffff	1	7	0	316		0	0
3773	226	539.8	310	ffffff	1	7	0	314		0	0
3790	227	539.9	310	ffffff	1	7	0	312		0	0
3807	228	540	310	ffffff	1	7	0	310		0	0
3823	229	540.1	310	ffffff	1	7	0	308		0	0
3839	230	540.2	310	ffffff	1	7	0	307		0	0
3858	231	540.3	310	ffffff	1	7	0	305		0	0
3873	232	540.4	310	ffffff	1	7	0	303		0	0
3890	233	540.4	310	ffffff	1	7	0	302		0	0
3906	234	540.5	310	ffffff	1	7	0	300		0	0
3923	235	540.5	310	ffffff	1	7	0	299		0	0
3939	236	540.6	310	ffffff	1	7	0	297		0	0
3956	237	540.6	310	ffffff	1	7	0	295		0	0
3973	238	540.7	310	ffffff	1	7	0	294		0	0
3989	239	540.7	310	ffffff	1	7	0	292		0	0
4006	240	540.7	310	ffffff	1	7	0	290		0	0
4023	241	540.8	310	ffffff	1	8	0	289		0	0
4040	242	540.8	310	ffffff	1	8	0	287		0	0
4056	243	540.8	310	ffffff	1	8	0	286		0	0
4073	244	540.1	311.8	ffffff	1	8	0	283		0	0
4090	245	539.4	313.4	ffffff	1	8	0	280		0	0
4107	246	538.8	314.9	ffffff	1	8	0	276		0	0
4123	247	538.3	316.2	ffffff	1	8	0	273		0	0
4139	248	537.8	317.4	ffffff	1	8	0	270		0	0
4157	249	537.4	318.4	ffffff	1	8	0	267		0	0
4173	250	537	319.4	ffffff	1	8	0	263		0	0
4190	251	536.7	320.3	ffffff	1	8	0	261		0	0
4206	252	536.3	321	ffffff	1	8	0	258		0	0
4223	253	536.1	321.7	ffffff	1	8	0	255		0	0
4239	254	535.8	322.4	ffffff	1	8	0	252		0	0
4256	255	535.6	322.9	ffffff	1	8	0	249		0	0
4273	256	535.4	323.5	ffffff	1	8	0	246		0	0
4290	257	535.2	323.9	ffffff	1	8	0	242		0	0
4306	258	535	324.3	ffffff	1	8	0	239		0	0
4323	259	534.9	324.7	ffffff	1	8	0	237		0	0
4340	260	534.7	325	ffffff	1	8	0	234		0	0
4357	261	534.6	325.3	ffffff	1	8	0	230		0	0
4373	262	534.5	325.6	ffffff	1	8	0	228		0	0
4390	263	534.4	325.8	ffffff	1	8	0	224		0	0
4406	264	534.3	326.1	ffffff	1	8	0	222		0	0
4423	265	534.2	326.3	ffffff	1	8	0	218		0	0
4439	266	534.2	326.4	ffffff	1	8	0	216		0	0
4456	267	534.1	326.6	ffffff	1	8	0	213		0	0
4473	268	534.1	326.7	ffffff	1	8	0	210		0	0
4491	269	534	326.9	ffffff	1	9	0	207		0	0
4507	270	533.9	327	ffffff	1	9	0	204		0	0
4526	271	533.9	327.1	ffffff	1	9	0	201		0	0
4542	272	533.9	327.2	ffffff	1	9	0	199		0	0
4559	273	533.8	327.3	ffffff	1	9	0	195		0	0
4574	274	533.8	327.3	ffffff	1	9	0	193		0	0
4591	275	533.8	327.4	ffffff	1	9	0	190		0	0
4607	276	533.8	327.5	ffffff	1	9	0	187		0	0
4627	277	533.7	327.5	ffffff	1	9	0	185	88	0	0
4644	278	533.7	327.6	ffffff	1	9	0	182	88	0	0
4657	279	534.4	325.9	ffffff	1	9	0	181	88	0	0
4674	280	535.1	324.3	ffffff	1	9	0	180	88	0	0
4690	281	535.6	322.9	ffffff	1	9	0	179	88	0	0
4708	282	536.2	321.6	ffffff	1	9	0	178	88	0	0
4725	283	536.7	320.5	ffffff	1	9	0	179	88	0	0
4741	284	537.1	319.4	ffffff	1	9	0	178	89	0	0
4757	285	537.5	318.5	ffffff	1	9	0	177	89	0	0
4773	286	537.8	317.6	ffffff	1	9	0	177	89	0	0
4791	287	538.2	316.9	ffffff	1	9	0	176	89	0	0
4807	288	538.4	316.2	ffffff	1	9	0	176	89	0	0
4824	289	538.7	315.6	ffffff	1	9	0	176	89	0	0
4841	290	538.9	315	ffffff	1	9	0	175	89	0	0
4857	291	539.1	314.5	ffffff	1	9	0	175	89	0	0
4874	292	539.3	314.1	ffffff	1	9	0	175	89	0	0
4890	293	539.5	313.7	ffffff	1	9	0	175	89	0	0
4908	294	539.6	313.3	ffffff	1	9	0	175	89	0	0
4923	295	539.8	313	ffffff	1	9	0	175	89	0	0
4941	296	539.9	312.7	ffffff	1	9	0	175	89	0	0
4958	297	537.5	312.4	ffffff	1	9	1	174	89	0	0
4975	298	535.3	312.1	ffffff	1	9	1	174	89	0	0
4991	299	533.3	311.9	ffffff	1	9	1	174	89	0	0
5007	300	531.5	311.7	ffffff	1	9	1	173	89	0	0
5024	301	529.9	311.6	ffffff	1	9	1	172	90	0	0
5041	302	528.5	311.4	ffffff	1	9	1	171	90	0	0
5058	303	527.2	311.3	ffffff	1	9	1	170	90	0	0
5075	304	526	311.1	ffffff	1	9	1	170	90	0	0
5091	305	525	311	ffffff	1	9	1	170	90	0	0
5106	306	524.1	310.9	ffffff	1	9	1	168	90	0	0
5125	307	523.2	310.8	ffffff	1	9	1	168	90	0	0
5141	308	522.4	310.8	ffffff	1	9	1	168	90	0	0
5158	309	521.7	310.7	ffffff	1	9	1	167	90	0	0
5174	310	521.1	310.6	ffffff	1	9	1	166	90	0	0
5191	311	520.5	310.5	ffffff	1	9	1	166	90	0	0
5207	312	520	310.5	ffffff	1	9	1	165	90	0	0
5223	313	519.6	310.4	ffffff	1	9	1	164	90	0	0
5241	314	519.2	310.4	ffffff	1	9	1	164	90	0	0
5257	315	518.8	310.4	ffffff	1	9	1	163	90	0	0
5273	316	518.5	310.3	ffffff	1	9	1	162	90	0	0
5290	317	518.2	310.3	ffffff	1	9	1	162	90	0	0
5307	318	517.9	310.3	ffffff	1	9	1	163	90	0	0
5323	319	517.7	310.2	ffffff	1	9	1	165	90	0	0
5341	320	517.4	310.2	ffffff	1	9	1	166	90	0	0
5358	321	517.3	310.2	ffffff	1	9	1	166	90	0	0
5373	322	517.1	310.2	ffffff	1	9	1	167	90	0	0
5391	323	516.9	310.2	ffffff	1	9	1	168	90	0	0
5407	324	516.8	310.1	ffffff	1	9	1	168	90	0	0
5423	325	516.7	310.1	ffffff	1	9	1	169	90	0	0
5441	326	516.5	310.1	ffffff	1	9	1	169	90	0	0
5457	327	516.4	310.1	ffffff	1	10	1	169	90	0	0
5474	328	516.3	310.1	ffffff	1	10	1	169	90	0	0
5490	329	516.3	310.1	ffffff	1	10	1	170	90	0	0
5507	330	516.2	310.1	ffffff	1	10	1	170	90	0	0
5523	331	516.1	310.1	ffffff	1	10	1	170	90	0	0
5540	332	516.1	310.1	ffffff	1	10	1	170	90	0	0
5559	333	516	310.1	ffffff	1	10	1	170	90	0	0
5575	334	507.2	306.5	ffffff	1	10	1	170	90	6	0
5593	335	521.4	317	ffffff	1	10	1	169	90	6	0
5607	336	510.8	316.6	ffffff	1	10	1	170	90	6	0
5624	337	508.4	307.7	ffffff	1	10	1	169	90	6	0
5643	338	510.1	314.5	ffffff	1	10	1	169	90	6	0
5658	339	522.4	310	ffffff	1	10	1	168	90	6	0
5674	340	510	308	ffffff	1	9	2	293	90	6	0
5694	341	520.3	313.1	ffffff	1	9	2	292	90	6	0
5707	342	520.2	312.2	ffffff	1	9	2	291	90	6	0
5724	343	520	311.1	ffffff	1	9	2	291	90	6	0
5740	344	518.9	307.8	ffffff	1	9	2	290	90	6	0
5757	345	518.3	312	ffffff	1	9	2	289	90	6	0
5774	346	518.3	309.2	ffffff	1	9	2	289	90	6	0
5791	347	515.7	312.2	ffffff	1	9	2	288	90	6	0
5807	348	514.1	309.3	ffffff	1	9	2	288	90	6	0
5823	349	516.5	309.4	ffffff	1	9	2	286	90	6	0
5840	350	515.1	310.3	ffffff	1	9	2	286	90	6	0
5857	351	515.6	310	ffffff	1	9	2	285	90	6	0
5875	352	515.6	310	ffffff	1	9	2	285	90	6	0
5890	353	515.6	310	ffffff	1	9	2	285	90	6	0
5908	354	515.6	310	ffffff	1	9	2	283	90	6	0
5925	355	515.5	310	ffffff	1	10	2	282	90	6	0
5941	356	515.5	310	ffffff	1	10	2	282	90	6	0
5958	357	515.5	310	ffffff	1	10	2	281	90	6	0
5974	358	515.5	310	ffffff	1	10	2	281	90	6	0
5991	359	515.5	310	ffffff	1	10	2	280	90	6	0
6009	360	515.5	310	ffffff	1	10	2	280	90	6	0
6025	361	515.5	310	ffffff	1	9	3	279	90	6	0
6040	362	515.5	310	ffffff	1	9	3	278	90	6	0
6058	363	515.5	310	ffffff	1	9	3	277	90	6	0
6074	364	515.5	310	ffffff	1	9	3	277	90	6	0
6090	365	515.5	310	ffffff	1	9	3	276	90	6	0
6107	366	515.5	310	ffffff	1	9	3	275	90	6	0
6124	367	515.5	310	ffffff	1	9	3	275	90	6	0
6141	368	515.5	310	ffffff	1	9	3	274	90	6	0
6157	369	515.5	310	ffffff	1	9	3	274	90	6	0
6174	370	515.5	310	ffffff	1	9	3	275	90	6	0
6192	371	515.5	310	ffffff	1	9	3	276	90	6	0
6208	372	515.5	310	ffffff	1	9	3	277	90	6	0
6225	373	515.5	310	ffffff	1	9	3	278	90	6	0
6240	374	515.5	310	ffffff	1	9	3	279	90	6	0
6256	375	515.5	310	ffffff	1	9	3	280	90	6	0
6274	376	515.5	310	ffffff	1	9	3	280	90	6	0
6292	377	515.5	310	ffffff	1	9	3	281	90	6	0
6307	378	515.5	310	ffffff	1	9	3	281	90	6	0
6323	379	515.5	310	ffffff	1	9	3	281	90	6	0
6340	380	515.5	310	ffffff	1	9	3	281	90	6	0
6358	381	515.5	310	ffffff	1	9	3	282	90	6	0
6374	382	515.5	310	ffffff	1	9	3	282	90	6	0
6390	383	515.5	310	ffffff	1	10	3	282	90	6	0
6407	384	515.5	310	ffffff	1	10	3	282	90	6	0
6424	385	515.5	310	ffffff	1	10	3	282	90	6	0
6440	386	515.5	310	ffffff	1	10	3	281	90	6	0
6458	387	515.5	310	ffffff	1	10	3	281	90	6	0
6473	388	515.5	310	ffffff	1	10	3	281	90	6	0
6490	389	515.5	312.6	ffffff	1	10	3	279	90	6	0
6507	390	515.5	314.9	ffffff	1	10	3	276	90	6	0
6524	391	515.5	317	ffffff	1	10	3	274	90	6	0
6540	392	515.5	318.8	ffffff	1	10	3	271	90	6	0
6558	393	515.5	320.5	ffffff	1	9	4	325	90	6	0
6575	394	513.8	321.2	ffffff	1	9	3	327	90	6	0
6591	395	512.1	321.9	ffffff	1	9	3	329	90	6	0
6607	396	510.6	322.5	ffffff	1	9	3	330	90	6	0
6624	397	509.3	323.1	ffffff	1	9	3	332	90	6	0
6641	398	508.2	323.6	ffffff	1	9	3	334	90	6	0
6657	399	511.5	322.2	ffffff	1	9	3	333	89	6	0
6674	400	514.4	321	ffffff	1	9	3	331	89	6	0
6691	401	517.1	319.9	ffffff	1	9	3	330	89	6	0
6707	402	516.9	318.9	ffffff	1	9	3	329	89	6	0
6724	403	516.8	318	ffffff	1	9	3	328	89	6	0
6740	404	516.6	317.2	ffffff	1	9	3	327	89	6	0
6757	405	516.5	316.5	ffffff	1	9	3	326	89	6	0
6774	406	516.4	315.8	ffffff	1	9	3	326	89	6	0
6792	407	516.3	315.2	ffffff	1	9	3	325	89	6	0
6808	408	516.2	314.7	ffffff	1	9	3	324	89	6	0
6824	409	516.2	314.2	ffffff	1	9	3	324	89	6	0
6842	410	516.1	313.8	ffffff	1	9	3	324	89	6	0
6857	411	516	313.4	ffffff	1	10	3	323	89	5	0
6874	412	516	313.1	ffffff	1	10	3	322	89	4	0
6891	413	515.9	312.8	ffffff	1	10	3	321	89	4	0
6907	414	515.9	312.5	ffffff	1	10	3	321	89	4	0
6923	415	515.9	312.3	ffffff	1	10	3	320	89	4	0
6940	416	515.8	312	ffffff	1	10	3	320	89	4	0
6957	417	515.8	311.8	ffffff	1	10	3	318	89	3	0
6975	418	515.8	311.6	ffffff	1	10	3	318	89	2	0
6990	419	515.7	311.5	ffffff	1	10	3	319	89	2	0
7007	420	515.7	311.3	ffffff	1	10	3	321	89	2	0
7024	421	515.7	311.2	ffffff	1	10	3	322	89	2	0
7040	422	515.7	311.1	ffffff	1	10	3	323	89	2	0
7057	423	515.7	311	ffffff	1	10	3	323	89	2	0
7074	424	515.6	310.9	ffffff	1	10	3	324	89	2	0
7090	425	515.6	310.8	ffffff	1	10	3	324	89	2	0
7107	426	515.6	310.7	ffffff	1	10	3	325	89	2	0
7123	427	515.6	310.6	ffffff	1	10	3	326	89	2	0
7140	428	515.6	310.6	ffffff	1	10	3	325	89	2	0
7157	429	515.6	310.5	ffffff	1	10	3	325	89	2	0
7173	430	515.6	310.5	ffffff	1	10	3	325	89	2	0
7190	431	515.6	310.4	ffffff	1	10	3	326	89	2	0
7206	432	515.6	310.4	ffffff	1	10	3	325	89	2	0
7223	433	515.6	310.3	ffffff	1	10	3	325	89	2	0
7240	434	515.5	310.3	ffffff	1	10	3	324	89	2	0
7257	435	515.5	310.3	ffffff	1	10	3	322	89	2	0
7274	436	515.5	310.2	ffffff	1	10	3	322	89	2	0
7290	437	515.5	310.2	ffffff	1	10	3	321	89	2	0
7307	438	515.5	310.2	ffffff	1	10	3	321	89	2	0
7323	439	515.5	310.2	ffffff	1	11	3	320	89	2	0
7340	440	515.5	310.2	ffffff	1	11	3	320	89	2	0
7357	441	515.5	310.1	ffffff	1	11	3	319	89	2	0
7375	442	515.5	310.1	ffffff	1	11	3	318	89	2	0
7391	443	515.5	310.1	ffffff	1	11	3	320	89	2	0
7409	444	515.5	310.1	ffffff	1	11	3	321	89	2	0
7424	445	515.5	310.1	ffffff	1	11	3	322	89	2	0
7441	446	515.5	310.1	ffffff	1	11	3	322	89	2	0
7457	447	515.5	310.1	ffffff	1	11	3	321	89	2	0
7475	448	515.5	310.1	ffffff	1	11	3	321	89	2	0
7490	449	515.5	310.1	ffffff	1	11	3	320	89	2	0
7507	450	515.5	310.1	ffffff	1	11	3	320	89	2	0
7524	451	515.5	310.1	ffffff	1	11	3	319	89	1	0
7540	452	515.5	310	ffffff	1	11	3	319	89	1	0
7557	453	515.5	310	ffffff	1	11	3	318	89	1	0
7574	454	515.5	310	ffffff	1	11	3	318	89	1	0
7592	455	515.5	310	ffffff	1	11	3	316	89	1	0
7607	456	515.5	310	ffffff	1	11	3	316	89	1	0
7625	457	515.5	310	ffffff	1	11	3	315	89	1	0
7641	458	515.5	310	ffffff	1	11	3	315	89	1	0
7657	459	515.5	310	ffffff	1	11	3	314	89	1	0
7674	460	515.5	310	ffffff	1	11	3	314	89	1	0
7690	461	515.5	310	ffffff	1	11	3	313	89	1	0
7708	462	515.5	310	ffffff	1	10	4	317	89	1	0
7724	463	515.5	310	ffffff	1	10	4	316	89	1	0
7740	464	515.5	310	ffffff	1	10	4	316	89	0	0
7758	465	515.5	310	ffffff	1	10	4	315	89	0	0
7774	466	515.5	310	ffffff	1	10	4	315	89	0	0
7791	467	515.5	310	ffffff	1	11	4	314	89	0	0
7808	468	515.5	310	ffffff	1	11	4	313	89	0	0
7823	469	515.5	310	ffffff	1	11	4	313	89	0	0
7840	470	515.5	310	ffffff	1	11	4	312	89	0	0
7856	471	515.5	310	ffffff	1	11	4	311	89	0	0
7875	472	515.5	310	ffffff	1	11	4	310	89	0	0
7891	473	515.5	310	ffffff	1	11	4	309	89	0	0
7907	474	515.5	310	ffffff	1	11	4	309	89	0	0
7923	475	515.5	310	ffffff	1	11	4	308	89	0	0
7941	476	515.5	310	ffffff	1	11	4	307	89	0	0
7956	477	515.5	310	ffffff	1	11	4	307	89	0	0
7974	478	515.5	310	ffffff	1	11	4	306	89	0	0
7990	479	515.5	310	ffffff	1	11	4	305	89	0	0
8007	480	515.5	310	ffffff	1	11	4	305	89	0	0
8023	481	515.5	310	ffffff	1	11	4	304	89	0	0
8042	482	515.5	310	ffffff	1	11	4	304	89	0	0
8057	483	515.5	310	ffffff	1	11	4	303	89	0	0
8074	484	515.5	310	ffffff	1	10	5	302	89	0	0
8091	485	515.5	310	ffffff	1	10	5	302	89	0	0
8107	486	515.5	310	ffffff	1	10	5	300	89	0	0
8124	487	515.5	310	ffffff	1	10	5	300	89	0	0
8140	488	515.5	310	ffffff	1	10	5	300	89	0	0
8157	489	515.5	310	ffffff	1	10	5	298	89	0	0
8174	490	515.5	310	ffffff	1	10	5	298	89	0	0
8190	491	515.5	310	ffffff	1	10	5	297	89	0	0
8208	492	515.5	310	ffffff	1	10	5	296	89	0	0
8225	493	515.5	310	ffffff	1	10	5	296	89	0	0
8240	494	515.5	310	ffffff	1	10	5	295	89	0	0
8257	495	515.5	310	ffffff	1	11	5	294	89	0	0
8274	496	515.5	310	ffffff	1	11	5	294	89	0	0
8290	497	515.5	310	ffffff	1	11	5	293	89	0	0
8307	498	515.5	310	ffffff	1	11	5	293	89	0	0
8323	499	515.5	310	ffffff	1	11	5	292	89	0	0
8341	500	515.5	310	ffffff	1	11	5	291	89	0	0
8357	501	515.5	310	ffffff	1	11	5	291	89	0	0
8375	502	515.5	310	ffffff	1	11	5	290	89	0	0
8390	503	515.5	310	ffffff	1	11	5	289	89	0	0
8407	504	515.5	310	ffffff	1	11	5	288	89	0	0
8424	505	515.5	310	ffffff	1	11	5	287	89	0	0
8440	506	515.5	310	ffffff	1	11	5	287	89	0	0
8457	507	515.5	310	ffffff	1	11	5	286	89	0	0
8473	508	515.5	310	ffffff	1	11	5	285	89	0	0
8490	509	515.5	310	ffffff	1	11	5	285	89	0	0
8507	510	515.5	310	ffffff	1	11	5	284	89	0	0
8523	511	515.5	310	ffffff	1	11	5	284	89	0	0
8540	512	515.5	310	ffffff	1	11	5	283	89	0	0
8558	513	515.5	310	ffffff	1	11	5	282	89	0	0
8574	514	515.5	310	ffffff	1	11	5	282	89	0	0
8590	515	515.5	310	ffffff	1	11	5	281	89	0	0
8607	516	515.5	310	ffffff	1	11	5	280	89	0	0
8624	517	515.5	310	ffffff	1	11	5	279	89	0	0
8641	518	515.5	310	ffffff	1	11	5	279	89	0	0
8658	519	515.5	310	ffffff	1	11	5	279	89	0	0
8674	520	515.5	310	ffffff	1	11	5	277	89	0	0
8690	521	515.5	310	ffffff	1	11	5	276	89	0	0
8707	522	515.5	310	ffffff	1	11	5	276	89	0	0
8724	523	515.5	310	ffffff	1	12	5	275	89	0	0
8742	524	515.5	310	ffffff	1	12	5	274	89	0	0
8757	525	515.5	310	ffffff	1	12	5	276	89	0	0
8774	526	515.5	310	ffffff	1	12	5	277	89	0	0
8790	527	515.5	310	ffffff	1	12	5	279	89	0	0
8807	528	515.5	310	ffffff	1	12	5	279	89	0	0
8824	529	515.5	310	ffffff	1	12	5	279	89	0	0
8840	530	515.5	310	ffffff	1	12	5	281	89	0	0
8857	531	515.5	310	ffffff	1	12	5	281	89	0	0
8874	532	515.5	310	ffffff	1	12	5	281	89	0	0
8891	533	515.5	310	ffffff	1	12	5	282	89	0	0
8907	534	515.5	310	ffffff	1	12	5	282	89	0	0
8923	535	515.5	310	ffffff	1	12	5	282	89	0	0
8940	536	515.5	310	ffffff	1	12	5	282	89	0	0
8958	537	515.5	310	ffffff	1	12	5	282	89	0	0
8973	538	515.5	310	ffffff	1	12	5	282	89	0	0
8992	539	515.5	310	ffffff	1	12	5	282	89	0	0
9008	540	515.5	310	ffffff	1	12	5	282	89	0	0
9024	541	515.5	310	ffffff	1	12	5	282	89	0	0
9041	542	515.5	310	ffffff	1	12	5	282	89	0	0
9057	543	515.5	310	ffffff	1	12	5	282	89	0	0
9074	544	515.5	310	ffffff	1	12	5	281	89	0	0
9091	545	515.5	310	ffffff	1	12	5	281	89	0	0
9107	546	515.5	310	ffffff	1	11	6	304	89	0	0
9127	547	515.5	310	ffffff	1	11	6	303	89	0	0
9141	548	515.5	310	ffffff	1	11	6	303	89	0	0
9157	549	515.5	310	ffffff	1	11	6	302	89	0	0
9174	550	515.5	310	ffffff	1	11	6	301	89	0	0
9192	551	515.5	310	ffffff	1	12	6	300	89	0	0
9207	552	515.5	310	ffffff	1	12	6	299	89	0	0
9223	553	515.5	310	ffffff	1	12	6	299	89	0	0
9240	554	515.5	310	ffffff	1	12	6	298	89	0	0
9257	555	515.5	310	ffffff	1	12	6	298	89	0	0
9273	556	515.5	310	ffffff	1	12	6	297	89	0	0
9290	557	515.5	310	ffffff	1	12	6	297	89	0	0
9308	558	515.5	310	ffffff	1	12	6	296	89	0	0
9324	559	515.5	310	ffffff	1	12	6	295	89	0	0
9341	560	515.5	310	ffffff	1	12	6	295	89	0	0
9357	561	515.5	310	ffffff	1	12	6	294	89	0	0
9373	562	515.5	310	ffffff	1	12	6	294	89	0	0
9391	563	515.5	310	ffffff	1	12	6	292	89	0	0
9407	564	515.5	310	ffffff	1	12	6	292	89	0	0
9423	565	515.5	310	ffffff	1	12	6	291	89	0	0
9442	566	515.5	310	ffffff	1	12	6	290	89	0	0
9457	567	515.5	310	ffffff	1	12	6	290	89	0	0
9474	568	515.5	310	ffffff	1	12	6	289	89	0	0
9491	569	515.5	310	ffffff	1	12	6	288	89	0	0
9507	570	515.5	310	ffffff	1	12	6	288	89	0	0
9524	571	515.5	310	ffffff	1	12	6	287	89	0	0
9540	572	515.5	310	ffffff	1	12	6	286	89	0	0
9557	573	515.5	310	ffffff	1	12	6	286	89	0	0
9573	574	515.5	310	ffffff	1	12	6	285	89	0	0
9590	575	515.5	310	ffffff	1	12	6	284	89	0	0
9607	576	515.5	310	ffffff	1	12	6	284	89	0	0
9623	577	515.5	310	ffffff	1	12	6	283	89	0	0
9640	578	515.5	310	ffffff	1	12	6	282	89	0	0
9657	579	515.5	310	ffffff	1	13	6	282	89	0	0
9674	580	515.5	310	ffffff	1	13	6	281	89	0	0
9691	581	515.5	310	ffffff	1	13	6	280	89	0	0
9708	582	515.5	310	ffffff	1	13	6	279	89	0	0
9724	583	515.5	310	ffffff	1	13	6	279	89	0	0
9740	584	515.5	310	ffffff	1	13	6	278	89	0	0
9757	585	515.5	310	ffffff	1	13	6	277	89	0	0
9774	586	515.5	310	ffffff	1	13	6	277	89	0	0
9790	587	515.5	310	ffffff	1	13	6	276	89	0	0
9807	588	515.5	310	ffffff	1	13	6	275	89	0	0
9825	589	515.5	310	ffffff	1	13	6	275	89	0	0
9841	590	515.5	310	ffffff	1	13	6	274	89	0	0
9858	591	515.5	310	ffffff	1	12	7	273	89	0	0
9875	592	515.5	310	ffffff	1	12	7	273	89	0	0
9890	593	515.5	310	ffffff	1	12	7	272	89	0	0
9908	594	515.5	310	ffffff	1	12	7	271	89	0	0
9923	595	515.5	310	ffffff	1	12	7	271	89	0	0
9941	596	515.5	310	ffffff	1	12	7	270	89	0	0
9957	597	515.5	310	ffffff	1	12	7	269	89	0	0
9975	598	515.5	310	ffffff	1	12	7	268	89	0	0
9990	599	515.5	310	ffffff	1	12	7	268	89	0	0
10007	600	515.5	310	ffffff	1	12	7	267	89	0	0
10023	601	515.5	310	ffffff	1	12	7	266	89	0	0
10041	602	515.5	310	ffffff	1	12	7	266	89	0	0
10059	603	515.5	310	ffffff	1	12	7	265	89	0	0
10075	604	515.5	310	ffffff	1	12	7	264	89	0	0
10090	605	515.5	310	ffffff	1	12	7	264	89	0	0
10107	606	515.5	310	ffffff	1	12	7	263	89	0	0
10126	607	515.5	310	ffffff	1	13	7	262	89	0	0
10140	608	515.5	310	ffffff	1	13	7	262	89	0	0
10158	609	515.5	310	ffffff	1	13	7	261	89	0	0
10175	610	515.5	310	ffffff	1	13	7	259	89	0	0
10191	611	515.5	310	ffffff	1	13	7	259	89	0	0
10207	612	515.5	310	ffffff	1	13	7	258	89	0	0
10224	613	515.5	310	ffffff	1	13	7	257	89	0	0
10241	614	515.5	310	ffffff	1	13	7	257	89	0	0
10256	615	515.5	310	ffffff	1	13	7	256	89	0	0
10274	616	515.5	310	ffffff	1	13	7	255	89	0	0
10291	617	515.5	310	ffffff	1	13	7	254	89	0	0
10306	618	515.5	310	ffffff	1	13	7	254	89	0	0
10324	619	515.5	310	ffffff	1	13	7	253	89	0	0
10341	620	515.5	310	ffffff	1	13	7	252	89	0	0
10357	621	515.5	310	ffffff	1	13	7	252	89	0	0
10374	622	515.5	310	ffffff	1	13	7	251	89	0	0
10391	623	515.5	310	ffffff	1	13	7	250	89	0	0
10406	624	515.5	310	ffffff	1	13	7	250	89	0	0
10424	625	515.5	310	ffffff	1	13	7	249	89	0	0
10440	626	515.5	310	ffffff	1	13	7	248	89	0	0
10457	627	515.5	310	ffffff	1	13	7	248	89	0	0
10475	628	515.5	310	ffffff	1	13	7	247	89	0	0
10491	629	515.5	310	ffffff	1	12	8	252	89	0	0
10507	630	515.5	310	ffffff	1	12	8	251	89	0	0
10524	631	515.5	310	ffffff	1	12	8	251	89	0	0
10541	632	515.5	310	ffffff	1	12	8	250	89	0	0
10558	633	515.5	310	ffffff	1	12	8	250	89	0	0
10574	634	515.5	310	ffffff	1	12	8	248	89	0	0
10590	635	515.5	310	ffffff	1	13	8	248	89	0	0
10608	636	515.5	310	ffffff	1	13	8	247	89	0	0
10624	637	515.5	310	ffffff	1	13	8	247	89	0	0
10640	638	515.5	310	ffffff	1	13	8	246	89	0	0
10657	639	515.5	310	ffffff	1	13	8	245	89	0	0
10674	640	515.5	310	ffffff	1	13	8	245	89	0	0
10690	641	515.5	310	ffffff	1	13	8	243	89	0	0
10706	642	515.5	310	ffffff	1	13	8	243	89	0	0
10725	643	515.5	310	ffffff	1	13	8	242	89	0	0
10740	644	515.5	310	ffffff	1	13	8	242	89	0	0
10757	645	515.5	310	ffffff	1	13	8	240	89	0	0
10774	646	515.5	310	ffffff	1	13	8	240	89	0	0
10790	647	515.5	310	ffffff	1	13	8	240	89	0	0
10807	648	515.5	310	ffffff	1	13	8	238	89	0	0
10823	649	515.5	310	ffffff	1	13	8	238	89	0	0
10841	650	515.5	310	ffffff	1	13	8	237	89	0	0
10857	651	515.5	310	ffffff	1	13	8	238	89	0	0
10874	652	515.5	310	ffffff	1	13	8	240	89	0	0
10891	653	515.5	310	ffffff	1	13	8	240	89	0	0
10907	654	515.5	310	ffffff	1	13	8	241	89	0	0
10923	655	515.5	310	ffffff	1	13	8	242	89	0	0
10942	656	515.5	310	ffffff	1	13	8	242	89	0	0
10957	657	515.5	310	ffffff	1	13	8	243	89	0	0
10974	658	515.5	310	ffffff	1	13	8	243	89	0	0
10991	659	515.5	310	ffffff	1	13	8	243	89	0	0
11006	660	515.5	310	ffffff	1	13	8	244	89	0	0
11024	661	515.5	310	ffffff	1	13	8	245	89	0	0
11041	662	515.5	310	ffffff	1	13	8	245	89	0	0
11057	663	515.5	310	ffffff	1	14	8	245	89	0	0
11073	664	515.5	310	ffffff	1	14	8	245	89	0	0
11091	665	515.5	310	ffffff	1	14	8	245	89	0	0
11107	666	515.5	310	ffffff	1	14	8	244	89	0	0
11123	667	515.5	310	ffffff	1	14	8	243	89	0	0
11140	668	515.5	310	ffffff	1	14	8	243	89	0	0
11157	669	515.5	310	ffffff	1	14	8	243	89	0	0
11173	670	515.5	310	ffffff	1	14	8	243	89	0	0
11192	671	515.5	310	ffffff	1	13	9	249	89	0	0
11207	672	515.5	310	ffffff	1	13	9	247	89	0	0
11223	673	515.5	310	ffffff	1	13	9	246	89	0	0
11240	674	515.5	310	ffffff	1	13	9	246	89	0	0
11256	675	515.5	310	ffffff	1	13	9	245	89	0	0
11274	676	515.5	310	ffffff	1	13	9	245	89	0	0
11291	677	515.5	310	ffffff	1	13	9	244	89	0	0
11307	678	515.5	310	ffffff	1	13	9	243	89	0	0
11323	679	515.5	310	ffffff	1	13	9	243	89	0	0
11341	680	515.5	310	ffffff	1	13	9	241	89	0	0
11357	681	515.5	310	ffffff	1	13	9	241	89	0	0
11373	682	515.5	310	ffffff	1	13	9	241	89	0	0
11391	683	515.5	310	ffffff	1	13	9	239	89	0	0
11407	684	515.5	310	ffffff	1	13	9	239	89	0	0
11425	685	515.5	310	ffffff	1	13	9	238	89	0	0
11441	686	515.5	310	ffffff	1	13	9	238	89	0	0
11457	687	515.5	310	ffffff	1	13	9	237	89	0	0
11474	688	515.5	310	ffffff	1	13	9	236	89	0	0
11490	689	515.5	310	ffffff	1	13	9	236	89	0	0
11508	690	515.5	310	ffffff	1	13	9	235	89	0	0
11524	691	515.5	310	ffffff	1	14	9	234	89	0	0
11541	692	515.5	310	ffffff	1	14	9	234	89	0	0
11558	693	515.5	310	ffffff	1	14	9	236	89	0	0
11574	694	515.5	310	ffffff	1	14	9	237	89	0	0
11592	695	515.5	310	ffffff	1	14	9	237	89	0	0
11608	696	515.5	310	ffffff	1	14	9	238	89	0	0
11624	697	515.5	310	ffffff	1	14	9	239	89	0	0
11643	698	515.5	310	ffffff	1	14	9	239	89	0	0
11658	699	515.5	310	ffffff	1	14	9	241	89	0	0
11674	700	515.5	310	ffffff	1	14	9	240	89	0	0
11691	701	515.5	310	ffffff	1	14	9	239	89	0	0
11707	702	515.5	310	ffffff	1	14	9	239	89	0	0
11726	703	515.5	310	ffffff	1	14	9	238	89	0	0
11740	704	515.5	310	ffffff	1	14	9	238	89	0	0
11757	705	515.5	310	ffffff	1	14	9	237	89	0	0
11773	706	515.5	310	ffffff	1	14	9	236	89	0	0
11791	707	515.5	310	ffffff	1	14	9	236	89	0	0
11807	708	515.5	310	ffffff	1	14	9	236	89	0	0
11824	709	515.5	310	ffffff	1	14	9	234	89	0	0
11840	710	515.5	310	ffffff	1	14	9	233	89	0	0
11857	711	515.5	310	ffffff	1	14	9	233	89	0	0
11874	712	515.5	310	ffffff	1	14	9	232	89	0	0
11890	713	515.5	310	ffffff	1	14	9	232	89	0	0
11907	714	515.5	310	ffffff	1	13	10	231	89	0	0
11923	715	515.5	310	ffffff	1	13	10	231	89	0	0
11940	716	515.5	310	ffffff	1	13	10	230	89	0	0
11957	717	515.5	310	ffffff	1	13	10	229	89	0	0
11975	718	515.5	310	ffffff	1	13	10	228	89	0	0
11992	719	515.5	310	ffffff	1	14	10	227	89	0	0
12007	720	515.5	310	ffffff	1	14	10	227	89	0	0
12025	721	515.5	310	ffffff	1	14	10	226	89	0	0
12041	722	515.5	310	ffffff	1	14	10	226	89	0	0
12057	723	515.5	310	ffffff	1	14	10	225	89	0	0
12073	724	515.5	310	ffffff	1	14	10	225	89	0	0
12090	725	515.5	310	ffffff	1	14	10	224	89	0	0
12107	726	515.5	310	ffffff	1	14	10	223	89	0	0
12124	727	515.5	310	ffffff	1	14	10	222	89	0	0
12140	728	515.5	310	ffffff	1	14	10	221	89	0	0
12157	729	515.5	310	ffffff	1	14	10	221	89	0	0
12175	730	515.5	310	ffffff	1	14	10	220	89	0	0
12190	731	515.5	310	ffffff	1	14	10	220	89	0	0
12207	732	515.5	310	ffffff	1	14	10	219	89	0	0
12226	733	515.5	310	ffffff	1	14	10	219	89	0	0
12241	734	515.5	310	ffffff	1	14	10	217	89	0	0
12257	735	515.5	310	ffffff	1	14	10	219	89	0	0
12273	736	515.5	310	ffffff	1	14	10	220	89	0	0
12290	737	515.5	310	ffffff	1	14	10	221	89	0	0
12307	738	515.5	310	ffffff	1	14	10	222	89	0	0
12323	739	515.5	310	ffffff	1	14	10	222	89	0	0
12340	740	515.5	310	ffffff	1	14	10	223	89	0	0
12357	741	515.5	310	ffffff	1	14	10	224	89	0	0
12374	742	515.5	310	ffffff	1	14	10	225	89	0	0
12390	743	515.5	310	ffffff	1	14	10	225	89	0	0
12407	744	515.5	310	ffffff	1	14	10	225	89	0	0
12423	745	515.5	310	ffffff	1	14	10	226	89	0	0
12440	746	515.5	310	ffffff	1	14	10	226	89	0	0
12457	747	515.5	310	ffffff	1	15	10	226	89	0	0
12474	748	515.5	310	ffffff	1	15	10	226	89	0	0
12491	749	515.5	310	ffffff	1	15	10	226	89	0	0
12508	750	515.5	310	ffffff	1	15	10	226	89	0	0
12523	751	515.5	310	ffffff	1	15	10	225	89	0	0
12540	752	515.5	310	ffffff	1	15	10	225	89	0	0
12557	753	515.5	310	ffffff	1	15	10	225	89	0	0
12573	754	515.5	310	ffffff	1	15	10	225	89	0	0
12592	755	515.5	310	ffffff	1	15	10	225	89	0	0
12607	756	515.5	310	ffffff	1	14	11	273	89	0	0
12624	757	515.5	310	ffffff	1	14	11	273	89	0	0
12640	758	515.5	310	ffffff	1	14	11	272	89	0	0
12657	759	515.5	310	ffffff	1	14	11	271	89	0	0
12674	760	515.5	310	ffffff	1	14	11	269	89	0	0
12690	761	515.5	310	ffffff	1	14	11	269	89	0	0
12707	762	515.5	310	ffffff	1	14	11	269	89	0	0
12724	763	515.5	310	ffffff	1	14	11	268	89	0	0
12740	764	515.5	310	ffffff	1	14	11	268	89	0	0
12758	765	515.5	310	ffffff	1	14	11	266	89	0	0
12773	766	515.5	310	ffffff	1	14	11	265	89	0	0
12790	767	515.5	310	ffffff	1	14	11	265	89	0	0
12807	768	515.5	310	ffffff	1	14	11	264	89	0	0
12823	769	515.5	310	ffffff	1	14	11	263	89	0	0
12840	770	515.5	310	ffffff	1	14	11	262	89	0	0
12857	771	515.5	310	ffffff	1	14	11	262	89	0	0
12873	772	515.5	310	ffffff	1	14	11	261	89	0	0
12890	773	515.5	310	ffffff	1	14	11	260	89	0	0
12907	774	515.5	310	ffffff	1	14	11	260	89	0	0
12924	775	515.5	310	ffffff	1	14	11	259	89	0	0
12941	776	515.5	310	ffffff	1	14	11	258	89	0	0
12957	777	515.5	310	ffffff	1	15	11	257	89	0	0
12973	778	515.5	310	ffffff	1	15	11	257	89	0	0
12991	779	515.5	310	ffffff	1	15	11	256	89	0	0
13007	780	515.5	310	ffffff	1	15	11	256	89	0	0
13024	781	515.5	310	ffffff	1	15	11	257	89	0	0
13041	782	515.5	310	ffffff	1	15	11	258	89	0	0
13057	783	515.5	310	ffffff	1	15	11	259	89	0	0
13074	784	515.5	310	ffffff	1	15	11	260	89	0	0
13090	785	515.5	310	ffffff	1	15	11	261	89	0	0
13107	786	515.5	310	ffffff	1	15	11	261	89	0	0
13124	787	515.5	310	ffffff	1	15	11	262	89	0	0
13141	788	515.5	310	ffffff	1	15	11	262	89	0	0
13157	789	515.5	310	ffffff	1	15	11	262	89	0	0
13174	790	515.5	310	ffffff	1	15	11	263	89	0	0
13191	791	515.5	310	ffffff	1	15	11	263	89	0	0
13207	792	515.5	310	ffffff	1	15	11	263	89	0	0
13224	793	515.5	310	ffffff	1	15	11	263	89	0	0
13241	794	515.5	310	ffffff	1	15	11	263	89	0	0
13257	795	515.5	310	ffffff	1	15	11	263	89	0	0
13274	796	515.5	310	ffffff	1	15	11	263	89	0	0
13290	797	515.5	310	ffffff	1	15	11	262	89	0	0
13307	798	515.5	310	ffffff	1	15	11	262	89	0	0
13323	799	515.5	310	ffffff	1	15	11	262	89	0	0
13341	800	515.5	310	ffffff	1	15	11	262	89	0	0
13358	801	515.5	310	ffffff	1	15	11	261	89	0	0
13374	802	515.5	310	ffffff	1	14	12	320	89	0	0
13390	803	515.5	310	ffffff	1	14	12	319	89	0	0
13407	804	515.5	310	ffffff	1	14	12	318	89	0	0
13424	805	515.5	310	ffffff	1	15	12	318	89	0	0
13441	806	515.5	310	ffffff	1	15	12	317	89	0	0
13461	807	515.5	310	ffffff	1	15	12	316	89	0	0
13474	808	517.1	308.4	ffffff	1	15	12	315	89	0	0
13490	809	516.9	306.8	ffffff	1	15	11	313	89	0	0
13509	810	516.8	305.3	ffffff	1	15	11	311	89	0	0
13525	811	516.6	304	ffffff	1	15	11	308	89	0	0
13540	812	516.5	302.7	ffffff	1	15	11	307	89	0	0
13557	813	516.4	303.5	ffffff	1	15	11	306	89	0	0
13573	814	516.3	304.1	ffffff	1	15	11	305	89	0	0
13591	815	516.2	304.7	ffffff	1	15	11	304	89	0	0
13607	816	516.2	305.3	ffffff	1	15	11	303	89	0	0
13623	817	516.1	305.7	ffffff	1	15	11	303	89	0	0
13641	818	516	306.1	ffffff	1	15	11	302	89	0	0
13657	819	516	306.5	ffffff	1	15	11	301	89	0	0
13673	820	515.9	306.9	ffffff	1	15	11	301	89	0	0
13691	821	515.9	307.2	ffffff	1	15	11	300	89	0	0
13708	822	515.9	307.5	ffffff	1	15	11	300	89	0	0
13725	823	515.8	307.7	ffffff	1	15	11	298	89	0	0
13741	824	515.8	308	ffffff	1	15	11	298	89	0	0
13758	825	515.8	308.2	ffffff	1	15	11	298	89	0	0
13774	826	515.7	308.3	ffffff	1	15	11	297	89	0	0
13792	827	515.7	308.5	ffffff	1	15	11	298	89	0	0
13808	828	515.7	308.7	ffffff	1	15	11	299	89	0	0
13825	829	515.7	308.8	ffffff	1	15	11	300	89	0	0
13841	830	515.7	308.9	ffffff	1	15	11	299	89	0	0
13858	831	515.6	309	ffffff	1	15	11	299	89	0	0
13874	832	515.6	309.1	ffffff	1	15	11	297	89	0	0
13891	833	515.6	307.4	ffffff	1	16	11	296	89	0	0
13907	834	515.6	305.9	ffffff	1	16	11	294	89	0	0
13925	835	515.6	304.5	ffffff	1	16	11	292	90	0	0
13941	836	515.6	303.2	ffffff	1	16	11	290	90	0	0
13958	837	515.6	302.1	ffffff	1	16	10	288	90	0	0
13974	838	515.6	302.8	ffffff	1	16	10	287	90	0	0
13990	839	515.6	303.5	ffffff	1	16	10	287	90	0	0
14008	840	515.6	304.2	ffffff	1	16	10	286	90	0	0
14024	841	515.5	304.8	ffffff	1	16	10	286	90	0	0
14041	842	515.5	305.3	ffffff	1	16	10	285	90	0	0
14057	843	515.5	305.8	ffffff	1	16	10	284	90	0	0
14074	844	515.5	306.2	ffffff	1	16	10	283	90	0	0
14091	845	515.5	306.6	ffffff	1	16	10	283	90	0	0
14107	846	515.5	306.9	ffffff	1	16	10	282	90	0	0
14124	847	515.5	307.2	ffffff	1	15	11	282	90	0	0
14141	848	515.5	307.5	ffffff	1	15	11	281	90	0	0
14158	849	515.5	307.8	ffffff	1	15	11	281	90	0	0
14176	850	515.5	308	ffffff	1	15	11	279	90	0	0
14190	851	515.5	308.2	ffffff	1	15	11	280	90	0	0
14208	852	515.5	308.4	ffffff	1	15	11	278	90	0	0
14224	853	515.5	308.5	ffffff	1	15	11	278	90	0	0
14240	854	515.5	308.7	ffffff	1	15	11	277	90	0	0
14257	855	515.5	308.8	ffffff	1	15	11	277	90	0	0
14274	856	515.5	308.9	ffffff	1	15	11	276	90	0	0
14291	857	515.5	309	ffffff	1	15	11	276	90	0	0
14307	858	515.5	309.1	ffffff	1	15	11	275	90	0	0
14325	859	515.5	309.2	ffffff	1	15	11	275	90	0	0
14343	860	515.5	309.3	ffffff	1	15	11	273	90	0	0
14357	861	515.5	309.4	ffffff	1	16	11	273	90	0	0
14373	862	515.5	309.4	ffffff	1	16	11	272	90	0	0
14390	863	515.5	309.5	ffffff	1	16	11	272	90	0	0
14407	864	515.5	309.5	ffffff	1	16	11	271	90	0	0
14424	865	515.5	309.6	ffffff	1	16	11	271	90	0	0
14442	866	515.5	309.6	ffffff	1	16	11	269	90	0	0
14457	867	515.5	309.7	ffffff	1	16	11	269	90	0	0
14474	868	515.5	309.7	ffffff	1	16	11	271	90	0	0
14492	869	515.5	309.7	ffffff	1	16	11	272	90	0	0
14507	870	515.5	309.8	ffffff	1	16	11	272	90	0	0
14523	871	515.5	309.8	ffffff	1	16	11	273	90	0	0
14541	872	515.5	309.8	ffffff	1	16	11	274	90	0	0
14557	873	515.5	309.8	ffffff	1	16	11	274	90	0	0
14573	874	515.5	309.8	ffffff	1	16	11	273	90	0	0
14590	875	515.5	309.9	ffffff	1	16	11	272	90	0	0
14607	876	515.5	309.9	ffffff	1	16	11	272	90	0	0
14624	877	515.5	309.9	ffffff	1	16	11	271	90	0	0
14640	878	515.5	309.9	ffffff	1	16	11	270	90	0	0
14657	879	515.5	309.9	ffffff	1	16	11	269	90	0	0
14674	880	515.5	309.9	ffffff	1	16	11	269	90	0	0
14690	881	515.5	309.9	ffffff	1	16	11	268	90	0	0
14707	882	515.5	309.9	ffffff	1	16	11	267	90	0	0
14724	883	515.5	309.9	ffffff	1	16	11	267	90	0	0
14740	884	515.5	309.9	ffffff	1	16	11	266	90	0	0
14758	885	515.5	309.9	ffffff	1	16	11	265	90	0	0
14774	886	515.5	310	ffffff	1	16	11	264	90	0	0
14790	887	515.5	310	ffffff	1	16	11	264	90	0	0
14807	888	515.5	310	ffffff	1	15	12	263	90	0	0
14824	889	515.5	310	ffffff	1	16	12	262	90	0	0
14841	890	515.5	310	ffffff	1	16	12	262	90	0	0
14858	891	515.5	310	ffffff	1	16	12	261	90	0	0
14873	892	515.5	310	ffffff	1	16	12	260	90	0	0
14890	893	515.5	310	ffffff	1	16	12	259	90	0	0
14908	894	515.5	310	ffffff	1	16	12	259	90	0	0
14924	895	515.5	310	ffffff	1	16	12	258	90	0	0
14941	896	515.5	310	ffffff	1	16	12	257	90	0	0
14957	897	515.5	310	ffffff	1	16	12	257	90	0	0
14974	898	515.5	310	ffffff	1	16	12	256	90	0	0
14990	899	515.5	310	ffffff	1	16	12	255	90	0	0
15008	900	515.5	310	ffffff	1	16	12	255	90	0	0
15023	901	515.5	310	ffffff	1	16	12	254	90	0	0
15041	902	515.5	310	ffffff	1	16	12	253	90	0	0
15057	903	515.5	310	ffffff	1	16	12	252	90	0	0
15073	904	515.5	310	ffffff	1	16	12	252	90	0	0
15091	905	515.5	310	ffffff	1	16	12	251	90	0	0
15107	906	515.5	310	ffffff	1	16	12	250	90	0	0
15125	907	515.5	310	ffffff	1	16	12	250	90	0	0
15141	908	515.5	310	ffffff	1	16	12	249	90	0	0
15157	909	515.5	310	ffffff	1	16	12	248	90	0	0
15175	910	515.5	310	ffffff	1	16	12	247	90	0	0
15190	911	515.5	310	ffffff	1	16	12	247	90	0	0
15207	912	515.5	310	ffffff	1	16	12	246	90	0	0
15224	913	515.5	310	ffffff	1	16	12	245	90	0	0
15241	914	515.5	310	ffffff	1	16	12	245	90	0	0
15257	915	515.5	310	ffffff	1	16	12	244	90	0	0
15274	916	515.5	310	ffffff	1	16	12	243	90	0	0
15291	917	515.5	310	ffffff	1	17	12	242	90	0	0
15307	918	515.5	310	ffffff	1	17	12	242	90	0	0
15324	919	515.5	310	ffffff	1	17	12	241	90	0	0
15340	920	515.5	310	ffffff	1	17	12	240	90	0	0
15358	921	515.5	310	ffffff	1	17	12	240	90	0	0
15374	922	515.5	310	ffffff	1	17	12	239	90	0	0
15391	923	515.5	310	ffffff	1	17	12	238	90	0	0
15408	924	515.5	310	ffffff	1	17	12	237	90	0	0
15424	925	515.5	310	ffffff	1	17	12	237	90	0	0
15441	926	515.5	310	ffffff	1	17	12	236	90	0	0
15458	927	515.5	310	ffffff	1	17	12	235	90	0	0
15474	928	515.5	310	ffffff	1	17	12	236	90	0	0
15491	929	515.5	310	ffffff	1	17	12	236	90	0	0
15507	930	515.5	310	ffffff	1	17	12	235	90	0	0
15524	931	515.5	310	ffffff	1	17	12	235	90	0	0
15541	932	515.5	310	ffffff	1	17	12	234	90	0	0
15558	933	515.5	310	ffffff	1	17	12	233	90	0	0
15574	934	515.5	310	ffffff	1	17	12	233	90	0	0
15590	935	515.5	310	ffffff	1	17	12	232	90	0	0
15607	936	515.5	310	ffffff	1	17	12	231	90	0	0
15624	937	515.5	310	ffffff	1	17	12	231	90	0	0
15640	938	515.5	310	ffffff	1	17	12	230	90	0	0
15658	939	515.5	310	ffffff	1	17	12	229	90	0	0
15675	940	515.5	310	ffffff	1	17	12	229	90	0	0
15691	941	515.5	310	ffffff	1	17	12	228	90	0	0
15707	942	515.5	310	ffffff	1	17	12	227	90	0	0
15724	943	515.5	310	ffffff	1	17	12	226	90	0	0
15743	944	515.5	310	ffffff	1	17	12	225	90	0	0
15759	945	515.5	310	ffffff	1	18	12	225	90	0	0
15774	946	515.5	310	ffffff	1	18	12	225	90	0	0
15791	947	515.5	310	ffffff	1	18	12	223	90	0	0
15809	948	515.5	310	ffffff	1	18	12	222	90	0	0
15824	949	515.5	310	ffffff	1	18	12	222	90	0	0
15841	950	515.5	310	ffffff	1	17	13	221	90	0	0
15859	951	515.5	310	ffffff	1	17	13	220	90	0	0
15874	952	515.5	310	ffffff	1	17	13	220	90	0	0
15891	953	515.5	310	ffffff	1	17	13	219	90	0	0
15907	954	515.5	310	ffffff	1	17	13	218	90	0	0
15924	955	515.5	310	ffffff	1	17	13	218	90	0	0
15940	956	515.5	310	ffffff	1	17	13	217	90	0	0
15958	957	515.5	310	ffffff	1	17	13	216	90	0	0
15974	958	515.5	310	ffffff	1	17	13	216	90	0	0
15992	959	515.5	310	ffffff	1	17	13	215	90	0	0
16008	960	515.5	310	ffffff	1	17	13	215	90	0	0
16024	961	515.5	310	ffffff	1	17	13	214	90	0	0
16040	962	515.5	310	ffffff	1	17	13	212	90	0	0
16057	963	515.5	310	ffffff	1	17	13	212	90	0	0
16073	964	515.5	310	ffffff	1	17	13	212	90	0	0
16090	965	515.5	310	ffffff	1	17	13	211	90	0	0
16107	966	515.5	310	ffffff	1	17	13	210	90	0	0
16123	967	515.5	310	ffffff	1	17	13	209	90	0	0
16140	968	515.5	310	ffffff	1	17	13	208	90	0	0
16157	969	515.5	310	ffffff	1	17	13	209	90	0	0
16174	970	515.5	310	ffffff	1	17	13	212	90	0	0
16191	971	515.5	310	ffffff	1	17	13	212	90	0	0
16207	972	515.5	310	ffffff	1	17	13	212	90	0	0
16226	973	515.5	310	ffffff	1	18	13	214	90	0	0
16240	974	515.5	310	ffffff	1	18	13	214	90	0	0
16257	975	515.5	310	ffffff	1	18	13	215	90	0	0
16273	976	515.5	310	ffffff	1	18	13	215	90	0	0
16291	977	515.5	310	ffffff	1	18	13	216	90	0	0
16308	978	515.5	310	ffffff	1	18	13	216	90	0	0
16324	979	515.5	310	ffffff	1	18	13	216	90	0	0
16341	980	515.5	310	ffffff	1	18	13	216	90	0	0
16357	981	515.5	310	ffffff	1	18	13	216	90	0	0
16377	982	515.5	310	ffffff	1	18	13	216	90	0	0
16392	983	515.5	310	ffffff	1	18	13	216	90	0	0
16407	984	515.5	310	ffffff	1	18	13	216	90	0	0
16425	985	515.5	310	ffffff	1	18	13	216	90	0	0
16441	986	515.5	310	ffffff	1	18	13	215	90	0	0
16458	987	515.5	310	ffffff	1	18	13	215	90	0	0
16475	988	515.5	310	ffffff	1	18	13	215	90	0	0
16493	989	515.5	310	ffffff	1	18	13	215	90	0	0
16508	990	515.5	310	ffffff	1	17	14	228	90	0	0
16525	991	515.5	310	ffffff	1	17	14	228	90	0	0
16541	992	515.5	310	ffffff	1	17	14	227	90	0	0
16557	993	515.5	310	ffffff	1	17	14	226	90	0	0
16574	994	515.5	310	ffffff	1	17	14	225	90	0	0
16591	995	515.5	310	ffffff	1	17	14	225	90	0	0
16608	996	515.5	310	ffffff	1	17	14	224	90	0	0
16624	997	515.5	310	ffffff	1	17	14	223	90	0	0
16642	998	515.5	310	ffffff	1	17	14	223	90	0	0
16659	999	515.5	310	ffffff	1	17	14	222	90	0	0
16674	1000	515.5	310	ffffff	1	17	14	221	90	0	0
16690	1001	515.5	310	ffffff	1	18	14	220	90	0	0
16709	1002	515.5	310	ffffff	1	18	14	220	90	0	0
16723	1003	515.5	310	ffffff	1	18	14	219	90	0	0
16740	1004	515.5	310	ffffff	1	18	14	218	90	0	0
16757	1005	515.5	310	ffffff	1	18	14	218	90	0	0
16773	1006	515.5	310	ffffff	1	18	14	217	90	0	0
16790	1007	515.5	310	ffffff	1	18	14	216	90	0	0
16807	1008	515.5	310	ffffff	1	18	14	215	90	0	0
16824	1009	515.5	310	ffffff	1	18	14	215	90	0	0
16841	1010	515.5	310	ffffff	1	18	14	214	90	0	0
16857	1011	515.5	310	ffffff	1	18	14	213	90	0	0
16874	1012	515.5	310	ffffff	1	18	14	215	90	0	0
16891	1013	515.5	310	ffffff	1	18	14	215	90	0	0
16907	1014	515.5	310	ffffff	1	18	14	214	90	0	0
16924	1015	515.5	310	ffffff	1	18	14	214	90	0	0
16941	1016	515.5	310	ffffff	1	18	14	213	90	0	0
16957	1017	515.5	310	ffffff	1	18	14	212	90	0	0
16973	1018	515.5	310	ffffff	1	18	14	212	90	0	0
16990	1019	515.5	310	ffffff	1	18	14	211	90	0	0
17007	1020	515.5	310	ffffff	1	18	14	210	90	0	0
17024	1021	515.5	310	ffffff	1	18	14	210	90	0	0
17041	1022	515.5	310	ffffff	1	18	14	209	90	0	0
17059	1023	515.5	310	ffffff	1	18	14	208	90	0	0
17075	1024	515.5	310	ffffff	1	18	14	207	90	0	0
17092	1025	515.5	310	ffffff	1	18	14	207	90	0	0
17109	1026	515.5	310	ffffff	1	18	14	206	90	0	0
17124	1027	515.5	310	ffffff	1	18	14	205	90	0	0
17141	1028	515.5	310	ffffff	1	18	14	205	90	0	0
17157	1029	515.5	310	ffffff	1	19	14	204	90	0	0
17174	1030	515.5	310	ffffff	1	19	14	203	90	0	0
17191	1031	515.5	310	ffffff	1	19	14	203	90	0	0
17207	1032	515.5	310	ffffff	1	19	14	202	90	0	0
17224	1033	515.5	310	ffffff	1	19	14	201	90	0	0
17241	1034	515.5	310	ffffff	1	19	14	201	90	0	0
17258	1035	515.5	310	ffffff	1	18	15	200	90	0	0
17274	1036	515.5	310	ffffff	1	18	15	199	90	0	0
17290	1037	515.5	310	ffffff	1	18	15	199	90	0	0
17307	1038	513.7	308.2	ffffff	1	18	15	196	90	0	0
17323	1039	512.1	306.6	ffffff	1	18	15	194	90	0	0
17341	1040	510.6	305.1	ffffff	1	18	15	191	90	0	0
17357	1041	509.3	303.8	ffffff	1	18	15	189	90	0	0
17374	1042	508.1	302.6	ffffff	1	18	14	187	90	0	0
17392	1043	511.4	303.3	ffffff	1	18	14	189	90	0	0
17407	1044	514.4	304	ffffff	1	18	14	191	90	0	0
17424	1045	517	304.6	ffffff	1	18	14	193	90	0	0
17440	1046	519.4	305.1	ffffff	1	18	14	195	90	0	0
17457	1047	521.6	305.6	ffffff	1	18	14	196	90	0	0
17474	1048	523.5	306.1	ffffff	1	18	14	194	90	0	0
17490	1049	525.2	306.5	ffffff	1	18	14	191	90	0	0
17508	1050	526.8	306.8	ffffff	1	18	14	189	90	0	0
17524	1051	528.2	307.1	ffffff	1	18	14	187	90	0	0
17540	1052	529.5	307.4	ffffff	1	18	14	185	90	0	0
17557	1053	530.7	307.7	ffffff	1	18	14	182	90	0	0
17573	1054	531.7	307.9	ffffff	1	18	14	181	90	0	0
17591	1055	532.7	308.1	ffffff	1	17	15	178	90	0	0
17607	1056	533.5	308.3	ffffff	1	17	15	176	90	0	0
17624	1057	534.2	308.5	ffffff	1	18	15	174	90	0	0
17641	1058	534.9	308.6	ffffff	1	18	15	172	91	0	0
17657	1059	535.5	308.8	ffffff	1	18	15	170	91	0	0
17673	1060	536.1	308.9	ffffff	1	18	15	168	91	0	0
17690	1061	536.5	309	ffffff	1	18	15	166	91	0	0
17707	1062	537	309.1	ffffff	1	18	15	164	91	0	0
17723	1063	533	307.4	ffffff	1	18	15	163	91	0	0
17741	1064	529.4	305.8	ffffff	1	18	14	161	91	0	0
17758	1065	526.2	304.4	ffffff	1	18	14	160	91	0	0
17773	1066	523.4	303.2	ffffff	1	18	14	158	91	0	0
17790	1067	520.8	302.1	ffffff	1	18	14	157	91	0	0
17808	1068	522.8	302.9	ffffff	1	18	14	155	91	0	0
17823	1069	524.6	303.6	ffffff	1	18	14	152	91	0	0
17841	1070	526.3	304.2	ffffff	1	18	14	150	91	0	0
17857	1071	527.7	304.8	ffffff	1	18	14	148	91	0	0
17874	1072	529.1	305.3	ffffff	1	18	14	147	91	0	0
17891	1073	530.3	305.8	ffffff	1	18	14	145	91	0	0
17910	1074	531.3	306.2	ffffff	1	18	14	146	91	0	0
17924	1075	532.3	306.6	ffffff	1	18	14	145	92	0	0
17943	1076	533.2	306.9	ffffff	1	18	14	145		0	0
17962	1077	533.2	306.9	ffffff	1	18	14	145		0	0
17975	1078	533.2	306.9	ffffff	1	18	14	145		0	0
17990	1079	533.2	306.9	ffffff	1	18	14	145		0	0
18007	1080	533.2	306.9	ffffff	1	18	14	145		0	0
18023	1081	533.2	306.9	ffffff	1	18	14	145		0	0
18040	1082	533.2	306.9	ffffff	1	18	14	145		0	0
18057	1083	533.2	306.9	ffffff	1	18	14	145		0	0
18075	1084	533.2	306.9	ffffff	1	18	14	145		0	0
18090	1085	533.2	306.9	ffffff	1	18	14	145		0	0
18107	1086	533.2	306.9	ffffff	1	18	14	145		0	0
18124	1087	533.2	306.9	ffffff	1	18	14	145		0	0
18140	1088	533.2	306.9	ffffff	1	18	14	145		0	0
18157	1089	533.2	306.9	ffffff	1	18	14	145		0	0
18175	1090	533.2	306.9	ffffff	1	18	14	145		0	0
18190	1091	533.2	306.9	ffffff	1	18	14	145		0	0
18206	1092	533.2	306.9	ffffff	1	18	14	145		0	0
18224	1093	533.2	306.9	ffffff	1	18	14	145		0	0
18240	1094	533.2	306.9	ffffff	1	18	14	145		0	0
18257	1095	533.2	306.9	ffffff	1	18	14	145		0	0
18274	1096	533.2	306.9	ffffff	1	18	14	145		0	0
18291	1097	533.2	306.9	ffffff	1	18	14	145		0	0
18307	1098	533.2	306.9	ffffff	1	18	14	145		0	0
18323	1099	533.2	306.9	ffffff	1	18	14	145		0	0
18340	1100	533.2	306.9	ffffff	1	18	14	145		0	0
18357	1101	533.2	306.9	ffffff	1	18	14	145		0	0
18373	1102	533.2	306.9	ffffff	1	18	14	145		0	0
18390	1103	533.2	306.9	ffffff	1	18	14	145		0	0
18407	1104	533.2	306.9	ffffff	1	18	14	145		0	0
18423	1105	533.2	306.9	ffffff	1	18	14	145		0	0
18440	1106	533.2	306.9	ffffff	1	18	14	145		0	0
18457	1107	533.2	306.9	ffffff	1	18	14	145		0	0
18473	1108	533.2	306.9	ffffff	1	18	14	145		0	0
18490	1109	533.2	306.9	ffffff	1	18	14	145		0	0
18507	1110	533.2	306.9	ffffff	1	18	14	145		0	0
18524	1111	533.2	306.9	ffffff	1	18	14	145		0	0
18540	1112	533.2	306.9	ffffff	1	18	14	145		0	0
18556	1113	533.2	306.9	ffffff	1	18	14	145		0	0
18574	1114	533.2	306.9	ffffff	1	18	14	145		0	0
18590	1115	533.2	306.9	ffffff	1	18	14	145		0	0
18606	1116	533.2	306.9	ffffff	1	18	14	145		0	0
18623	1117	533.2	306.9	ffffff	1	18	14	145		0	0
18640	1118	533.2	306.9	ffffff	1	18	14	145		0	0
18657	1119	533.2	306.9	ffffff	1	18	14	145		0	0
18674	1120	533.2	306.9	ffffff	1	18	14	145		0	0
18690	1121	533.2	306.9	ffffff	1	18	14	145		0	0
18708	1122	533.2	306.9	ffffff	1	18	14	145		0	0
18723	1123	533.2	306.9	ffffff	1	18	14	145		0	0
18742	1124	533.2	306.9	ffffff	1	18	14	145		0	0
18760	1125	533.2	306.9	ffffff	1	18	14	145		0	0
18773	1126	533.2	306.9	ffffff	1	18	14	145		0	0
18790	1127	533.2	306.9	ffffff	1	18	14	145		0	0
18807	1128	533.2	306.9	ffffff	1	18	14	145		0	0
18823	1129	533.2	306.9	ffffff	1	18	14	145		0	0
18840	1130	533.2	306.9	ffffff	1	18	14	145		0	0
18857	1131	533.2	306.9	ffffff	1	18	14	145		0	0
18876	1132	533.2	306.9	ffffff	1	18	14	145		0	0
18891	1133	531.4	307.2	ffffff	1	18	14	145	92	0	0
18907	1134	529.8	307.5	ffffff	1	18	14	147	92	0	0
18924	1135	528.5	307.8	ffffff	1	18	14	147	92	0	0
18940	1136	527.1	308	ffffff	1	18	14	148	92	0	0
18956	1137	526	308.2	ffffff	1	18	14	149	92	0	0
18974	1138	524.9	308.4	ffffff	1	18	14	149	92	0	0
18990	1139	524	308.5	ffffff	0.3	18	14	149	92	0	0
19007	1140	523.1	308.7	ffffff	0.3	18	14	149	92	0	0
19024	1141	522.4	308.8	ffffff	0.3	19	14	149	92	0	0
19041	1142	521.7	308.9	ffffff	0.3	19	14	148	92	0	0
19058	1143	521.1	309	ffffff	0.3	19	13	147	92	0	0
19074	1144	520.5	309.1	ffffff	0.3	19	12	146	92	0	0
19091	1145	520	309.2	ffffff	0.3	19	12	146	92	0	0
19107	1146	519.6	309.3	ffffff	0.3	19	12	145	92	0	0
19124	1147	519.1	309.4	ffffff	1	19	12	145	92	0	0
19141	1148	518.8	309.4	ffffff	1	19	12	144	92	0	0
19157	1149	518.5	309.5	ffffff	1	19	12	143	92	0	0
19174	1150	518.2	309.5	ffffff	1	18	13	143	92	0	0
19191	1151	517.9	309.6	ffffff	1	18	13	142	92	0	0
19207	1152	517.7	309.6	ffffff	1	18	13	142	92	0	0
19224	1153	517.4	309.7	ffffff	0.3	18	13	141	92	0	0
19240	1154	517.2	309.7	ffffff	0.3	18	13	140	92	0	0
19258	1155	517.1	309.7	ffffff	0.3	18	13	140	92	0	0
19274	1156	516.9	309.8	ffffff	0.3	18	13	139	92	0	0
19290	1157	516.8	309.8	ffffff	0.3	18	13	138	92	0	0
19307	1158	516.6	309.8	ffffff	0.3	18	12	137	92	0	0
19324	1159	516.5	309.8	ffffff	0.3	18	12	137	92	0	0
19340	1160	516.4	309.8	ffffff	0.3	18	12	137	92	0	0
19357	1161	516.3	309.9	ffffff	1	18	12	137	92	0	0
19373	1162	516.3	309.9	ffffff	1	18	12	135	92	0	0
19391	1163	516.2	309.9	ffffff	1	18	12	135	92	0	0
19407	1164	516.1	309.9	ffffff	1	18	12	135	92	0	0
19423	1165	516	309.9	ffffff	1	18	12	133	92	0	0
19440	1166	518.5	309.9	ffffff	1	18	12	130	92	0	0
19457	1167	520.8	309.9	ffffff	0.3	18	12	127	92	0	0
19474	1168	522.8	309.9	ffffff	0.3	18	12	124	92	0	0
19494	1169	524.7	309.9	ffffff	0.3	19	12	121	92	0	0
19507	1170	526.3	309.9	ffffff	0.3	19	12	117	92	0	0
19523	1171	527.7	309.9	ffffff	0.3	19	12	114	92	0	0
19541	1172	529.1	310	ffffff	0.3	18	13	147	92	0	0
19559	1173	530.3	310	ffffff	1	18	13	145	92	0	0
19574	1174	531.4	310	ffffff	1	18	13	142	93	0	0
19592	1175	532.3	310	ffffff	1	18	13	139	93	0	0
19607	1176	532.5	308.2	ffffff	1	18	13	137	93	0	0
19624	1177	532.6	306.6	ffffff	1	18	13	136	93	0	0
19641	1178	532.7	305.1	ffffff	1	18	13	132	93	0	0
19657	1179	532.7	303.8	ffffff	1	18	13	130	93	0	0
19674	1180	532.8	302.6	ffffff	0.3	18	13	127	93	0	0
19692	1181	532.9	301.5	ffffff	0.3	18	13	123	93	0	0
19707	1182	533	300.6	ffffff	0.3	18	13	120	93	0	0
19725	1183	533	299.8	ffffff	0.3	18	13	117	93	0	0
19740	1184	533.1	299	ffffff	0.3	18	13	115	93	0	0
19757	1185	533.1	298.3	ffffff	0.3	18	13	112	93	0	0
19774	1186	533.9	299.5	ffffff	1	18	13	111	94	0	0
19791	1187	534.6	300.5	ffffff	1	18	13	110	94	0	0
19808	1188	535.3	301.5	ffffff	1	18	13	109	94	0	0
19824	1189	535.8	302.3	ffffff	1	18	13	108	94	0	0
19841	1190	536.3	303.1	ffffff	1	18	13	107	94	0	0
19856	1191	536.8	303.7	ffffff	1	18	13	107	94	0	0
19875	1192	537.2	304.4	ffffff	1	17	14	104	94	0	0
19891	1193	537.6	305	ffffff	0.3	17	14	101	94	0	0
19907	1194	537.9	305.5	ffffff	0.3	17	14	99	94	0	0
19924	1195	538.3	305.9	ffffff	1	17	14	96	94	0	0
19942	1196	538.5	306.3	ffffff	1	17	14	94	94	0	0
19958	1197	538.8	306.7	ffffff	1	18	14	91	95	0	0
19975	1198	539	307	ffffff	1	18	14	89	95	0	0
19990	1199	539.2	307.3	ffffff	1	18	14	86	95	0	0
20008	1200	539.4	307.6	ffffff	1	18	14	83	95	0	0
20025	1201	538.8	306	ffffff	1	18	14	83	95	0	0
20042	1202	538.3	304.6	ffffff	1	18	14	83	95	0	0
20057	1203	537.8	303.4	ffffff	1	18	14	83	95	0	0
20074	1204	537.4	302.2	ffffff	1	18	13	83	95	0	0
20091	1205	537	301.2	ffffff	1	18	13	83	95	0	0
20108	1206	537.4	302.1	ffffff	1	18	13	81	95	0	0
20123	1207	537.8	302.9	ffffff	1	18	13	79	95	0	0
20140	1208	538.1	303.6	ffffff	1	18	13	77	96	0	0
20158	1209	538.4	304.2	ffffff	1	18	13	76	96	0	0
20174	1210	538.6	304.8	ffffff	1	18	13	74	96	0	0
20191	1211	534.5	303.5	ffffff	1	17	14	79	96	0	0
20208	1212	530.8	302.4	ffffff	1	17	14	81	96	0	0
20224	1213	527.5	301.3	ffffff	1	17	14	81	96	0	0
20240	1214	524.5	300.4	ffffff	1	17	14	83	96	0	0
20257	1215	521.8	299.5	ffffff	1	17	14	83	96	0	0
20275	1216	523	302.5	ffffff	1	17	14	82	96	0	0
20290	1217	524	305	ffffff	1	17	14	79	96	0	0
20308	1218	525	307.4	ffffff	1	17	14	77	96	0	0
20325	1219	525.8	309.4	ffffff	1	17	14	75	96	0	0
20340	1220	526.6	311.2	ffffff	1	17	14	73	96	0	0
20357	1221	525.4	313.7	ffffff	1	17	14	73	96	0	0
20374	1222	524.4	315.8	ffffff	1	17	14	74	96	0	0
20391	1223	523.5	317.9	ffffff	1	17	14	74	96	0	0
20407	1224	522.7	319.6	ffffff	1	17	14	75	96	0	0
20424	1225	522	321.2	ffffff	1	18	14	76	96	0	0
20441	1226	521.4	320.1	ffffff	1	18	13	74	96	0	0
20458	1227	520.8	319.1	ffffff	1	18	12	74	96	0	0
20474	1228	518.5	316.5	ffffff	1	18	12	74	96	0	0
20491	1229	516.4	314	ffffff	1	18	11	75	96	0	0
20508	1230	514.5	311.8	ffffff	1	18	11	75	96	0	0
20524	1231	512.8	309.8	ffffff	1	18	11	76	96	0	0
20540	1232	511.3	308.1	ffffff	1	18	11	77	96	0	0
20557	1233	509.9	306.4	ffffff	1	18	11	77	96	0	0
20575	1234	508.7	305	ffffff	1	17	12	206	96	0	0
20592	1235	507.5	303.7	ffffff	1	17	12	206	96	0	0
20607	1236	506.5	302.5	ffffff	1	17	12	207	96	0	0
20625	1237	505.6	301.5	ffffff	1	17	12	207	96	0	0
20640	1238	504.8	300.5	ffffff	1	17	11	208	96	0	0
20657	1239	504.1	299.6	ffffff	1	17	11	208	96	0	0
20675	1240	503.4	298.9	ffffff	1	17	11	209	96	0	0
20692	1241	502.8	298.2	ffffff	1	17	11	210	96	0	0
20710	1242	502.3	297.6	ffffff	1	17	11	210	96	0	0
20728	1243	501.8	297	ffffff	1	17	11	211	96	0	0
20742	1244	503	298.2	ffffff	1	17	10	210	96	0	0
20759	1245	502.5	297.5	ffffff	1	17	10	210	96	0	0
20778	1246	502	297	ffffff	1	17	10	211	96	0	0
20792	1247	505.9	298.3	ffffff	1	17	10	207	96	0	0
20808	1248	509.3	299.4	ffffff	1	17	10	204	96	0	0
20825	1249	512.5	300.5	ffffff	1	17	10	201	96	0	0
20841	1250	515.3	301.4	ffffff	1	17	10	198	96	0	0
20858	1251	517.9	302.3	ffffff	1	17	10	195	96	0	0
20874	1252	519.5	304.9	ffffff	1	17	10	193	96	0	0
20891	1253	520.9	307.2	ffffff	1	18	10	190	96	0	0
20909	1254	522.2	309.4	ffffff	1	18	10	189	96	0	0
20924	1255	523.3	311.2	ffffff	1	18	10	186	96	0	0
20941	1256	524.3	312.8	ffffff	1	18	10	185	96	0	0
20958	1257	525.2	314.4	ffffff	1	18	10	183	96	0	0
20975	1258	526.1	315.7	ffffff	1	18	10	181	96	0	0
20991	1259	526.8	317	ffffff	1	18	10	179	96	0	0
21006	1260	527.4	318	ffffff	1	18	10	179	96	0	0
21024	1261	528.1	319.1	ffffff	1	18	10	176	96	0	0
21041	1262	526.9	320.7	ffffff	1	18	10	177	96	0	0
21059	1263	525.7	322.2	ffffff	1	18	9	177	96	0	0
21074	1264	524.7	323.5	ffffff	1	18	9	178	96	0	0
21091	1265	523.8	322.2	ffffff	1	18	8	178	96	0	0
21109	1266	523	323.5	ffffff	1	17	9	206	96	0	0
21124	1267	522.2	322.2	ffffff	1	17	9	206	96	0	0
21140	1268	524.1	320.9	ffffff	1	17	9	202	96	0	0
21157	1269	525.8	319.9	ffffff	1	17	9	199	96	0	0
21174	1270	527.3	318.9	ffffff	1	17	9	196	96	0	0
21190	1271	528.7	318	ffffff	1	17	9	192	96	0	0
21209	1272	530	317.2	ffffff	1	17	9	188	96	0	0
21224	1273	531	316.5	ffffff	1	17	9	185	97	0	0
21241	1274	532	315.8	ffffff	1	17	9	181	97	0	0
21259	1275	533	315.2	ffffff	1	17	9	178	97	0	0
21274	1276	533.7	314.7	ffffff	1	17	9	175	97	0	0
21292	1277	534.5	314.2	ffffff	1	17	9	171	97	0	0
21308	1278	535.1	313.8	ffffff	1	17	9	168	97	0	0
21325	1279	535.7	313.4	ffffff	1	17	9	165	97	0	0
21341	1280	536.3	313.1	ffffff	1	17	9	161	97	0	0
21357	1281	536.7	312.8	ffffff	1	17	9	158	97	0	0
21374	1282	537.1	312.5	ffffff	1	17	9	155	97	0	0
21392	1283	537.5	312.2	ffffff	1	18	9	152	97	0	0
21407	1284	537.9	312	ffffff	1	18	9	148	97	0	0
21424	1285	538.2	311.8	ffffff	1	18	9	144	97	0	0
21441	1286	538.5	311.6	ffffff	1	18	9	141	97	0	0
21459	1287	538.7	311.5	ffffff	1	17	10	171	97	0	0
21474	1288	538.2	309.6	ffffff	1	17	9	168	97	0	0
21493	1289	537.7	307.7	ffffff	1	17	9	166	98	0	0
21509	1290	537.3	306.2	ffffff	1	17	9	164	98	0	0
21525	1291	537	304.8	ffffff	1	17	9	162	98	0	0
21540	1292	536.6	303.5	ffffff	1	17	9	160	98	0	0
21557	1293	536.3	302.4	ffffff	1	17	9	158	98	0	0
21575	1294	536	301.3	ffffff	1	17	9	156	98	0	0
21590	1295	535.8	300.4	ffffff	1	17	9	153	98	0	0
21607	1296	535.5	299.5	ffffff	1	17	9	151	98	0	0
21624	1297	535.3	298.8	ffffff	1	17	9	149	98	0	0
21640	1298	535.2	298.1	ffffff	1	17	9	147	98	0	0
21657	1299	535	297.5	ffffff	1	17	9	145	99	0	0
21674	1300	534.9	296.9	ffffff	1	17	9	144	99	0	0
21692	1301	534.7	296.4	ffffff	1	17	9	142	99	0	0
21707	1302	534.6	296	ffffff	1	17	9	140	99	0	0
21725	1303	534.5	295.6	ffffff	1	17	9	138	99	0	0
21740	1304	534.4	295.2	ffffff	1	17	9	137	99	0	0
21757	1305	534.3	294.9	ffffff	1	17	9	135	99	0	0
21774	1306	534.2	294.6	ffffff	1	16	10	227	99	0	0
21793	1307	534.2	294.3	ffffff	1	16	10	224	99	0	0
21807	1308	534.8	295.9	ffffff	1	16	10	223	100	0	0
21824	1309	535.5	297.3	ffffff	1	16	10	221	100	0	0
21842	1310	536	298.6	ffffff	1	16	10	220	100	0	0
21858	1311	536.5	299.7	ffffff	1	17	10	218	100	0	0
21874	1312	537	300.8	ffffff	1	17	10	217	100	0	0
21892	1313	536.6	299.9	ffffff	1	17	10	214	100	0	0
21908	1314	536.3	299.1	ffffff	1	17	10	211	100	0	0
21925	1315	536	298.4	ffffff	1	17	10	209	100	0	0
21941	1316	535.8	297.7	ffffff	1	17	10	205	100	0	0
21957	1317	535.6	297.2	ffffff	1	17	10	202	100	0	0
21974	1318	535.4	300.2	ffffff	1	17	10	203	101	0	0
21991	1319	533.4	301.2	ffffff	1	17	9	202	101	0	0
22007	1320	533.4	304	ffffff	1	17	9	204	101	0	0
22027	1321	533.4	306.4	ffffff	1	17	9	205	101	0	0
22040	1322	533.4	308.5	ffffff	1	17	9	206	101	0	0
22058	1323	533.4	310.6	ffffff	1	17	9	207	101	0	0
22077	1324	533.4	312.3	ffffff	1	17	9	208	101	0	0
22090	1325	533.5	313.8	ffffff	1	17	9	208	101	0	0
22108	1326	533.5	315.2	ffffff	1	17	9	210	101	0	0
22124	1327	533.5	316.5	ffffff	1	17	9	211	101	0	0
22141	1328	533.5	317.7	ffffff	1	17	9	212	101	0	0
22158	1329	533.5	318.7	ffffff	1	17	9	214	101	0	0
22175	1330	533.5	319.6	ffffff	1	17	9	215	101	0	0
22190	1331	533.5	320.5	ffffff	1	17	9	216	101	0	0
22207	1332	533.5	321.2	ffffff	1	17	9	217	101	0	0
22224	1333	534.2	320.1	ffffff	1	16	10	232	101	0	0
22240	1334	534.9	319.1	ffffff	1	16	10	231	101	0	0
22257	1335	535.5	318.2	ffffff	1	16	10	231	101	0	0
22274	1336	536.1	317.4	ffffff	1	16	10	230	102	0	0
22291	1337	536.6	316.6	ffffff	1	16	10	229	102	0	0
22307	1338	537	316	ffffff	1	16	10	229	102	0	0
22325	1339	537.4	315.3	ffffff	1	17	9	229	102	0	0
22342	1340	537.8	314.8	ffffff	1	17	9	227	102	0	0
22357	1341	538.1	314.3	ffffff	1	17	9	227	102	0	0
22375	1342	538.4	313.9	ffffff	1	17	9	227	102	0	0
22390	1343	537.9	315.3	ffffff	1	17	9	224	102	0	0
22407	1344	537.5	316.6	ffffff	1	17	9	222	102	0	0
22424	1345	537	317.8	ffffff	1	17	9	219	102	0	0
22440	1346	536.7	318.8	ffffff	1	17	9	217	102	0	0
22457	1347	536.4	319.7	ffffff	1	17	9	215	102	0	0
22473	1348	536.1	320.5	ffffff	1	17	9	212	102	0	0
22492	1349	535.8	321.3	ffffff	1	17	9	210	102	0	0
22507	1350	535.6	322	ffffff	1	17	9	207	102	0	0
22524	1351	535.4	322.6	ffffff	1	17	9	205	102	0	0
22542	1352	535.2	323.1	ffffff	1	17	9	203		0	0
22558	1353	535.2	323.1	ffffff	1	17	9	203		0	0
22573	1354	535.2	323.1	ffffff	1	17	9	203		0	0
22590	1355	535.2	323.1	ffffff	1	17	9	203		0	0
22607	1356	535.2	323.1	ffffff	1	17	9	203		0	0
22624	1357	535.2	323.1	ffffff	1	17	9	203		0	0
22640	1358	535.2	323.1	ffffff	1	17	9	203		0	0
22657	1359	535.2	323.1	ffffff	1	17	9	203		0	0
22673	1360	535.2	323.1	ffffff	1	17	9	203		0	0
22690	1361	535.2	323.1	ffffff	1	17	9	203		0	0
22707	1362	535.2	323.1	ffffff	1	17	9	203		0	0
22724	1363	535.2	323.1	ffffff	1	17	9	203		0	0
22741	1364	535.2	323.1	ffffff	1	17	9	203		0	0
22757	1365	535.2	323.1	ffffff	1	17	9	203		0	0
22774	1366	535.2	323.1	ffffff	1	17	9	203		0	0
22791	1367	535.2	323.1	ffffff	1	17	9	203		0	0
22807	1368	535.2	323.1	ffffff	1	17	9	203		0	0
22824	1369	535.2	323.1	ffffff	1	17	9	203		0	0
22841	1370	535.2	323.1	ffffff	1	17	9	203		0	0
22857	1371	535.2	323.1	ffffff	1	17	9	203		0	0
22873	1372	535.2	323.1	ffffff	1	17	9	203		0	0
22890	1373	535.2	323.1	ffffff	1	17	9	203		0	0
22907	1374	535.2	323.1	ffffff	1	17	9	203		0	0
22923	1375	535.2	323.1	ffffff	1	17	9	203		0	0
22940	1376	535.2	323.1	ffffff	1	17	9	203		0	0
22956	1377	535.2	323.1	ffffff	1	17	9	203		0	0
22973	1378	535.2	323.1	ffffff	1	17	9	203		0	0
22990	1379	535.2	323.1	ffffff	1	17	9	203		0	0
23007	1380	535.2	323.1	ffffff	1	17	9	203		0	0
23023	1381	535.2	323.1	ffffff	1	17	9	203		0	0
23041	1382	535.2	323.1	ffffff	1	17	9	203		0	0
23056	1383	535.2	323.1	ffffff	1	17	9	203		0	0
23074	1384	535.2	323.1	ffffff	1	17	9	203		0	0
23090	1385	535.2	323.1	ffffff	1	17	9	203		0	0
23107	1386	535.2	323.1	ffffff	1	17	9	203		0	0
23124	1387	535.2	323.1	ffffff	1	17	9	203		0	0
23140	1388	535.2	323.1	ffffff	1	17	9	203		0	0
23157	1389	535.2	323.1	ffffff	1	17	9	203		0	0
23173	1390	535.2	323.1	ffffff	1	17	9	203		0	0
23190	1391	535.2	323.1	ffffff	1	17	9	203		0	0
23209	1392	535.2	323.1	ffffff	1	17	9	203		0	0
23224	1393	535.2	323.1	ffffff	1	17	9	203		0	0
23242	1394	535.2	323.1	ffffff	1	17	9	203		0	0
23257	1395	535.2	323.1	ffffff	1	17	9	203		0	0
23274	1396	535.2	323.1	ffffff	1	17	9	203		0	0
23290	1397	535.2	323.1	ffffff	1	17	9	203		0	0
23307	1398	535.2	323.1	ffffff	1	17	9	203		0	0
23323	1399	535.2	323.1	ffffff	1	17	9	203		0	0
23340	1400	535.2	323.1	ffffff	1	17	9	203		0	0
23357	1401	535.2	323.1	ffffff	1	17	9	203		0	0
23373	1402	535.2	323.1	ffffff	1	17	9	203		0	0
23390	1403	535.2	323.1	ffffff	1	17	9	203		0	0
23407	1404	535.2	323.1	ffffff	1	17	9	203		0	0
23423	1405	535.2	323.1	ffffff	1	17	9	203		0	0
23440	1406	535.2	323.1	ffffff	1	17	9	203		0	0
23458	1407	535.2	323.1	ffffff	1	17	9	203		0	0
23475	1408	533.3	321.8	ffffff	1	17	9	202	102	0	0
23491	1409	531.6	320.7	ffffff	1	17	9	201	102	0	0
23507	1410	529.9	319.6	ffffff	1	17	9	201	102	0	0
23523	1411	528.5	318.7	ffffff	1	17	9	200	102	0	0
23542	1412	527.1	317.7	ffffff	1	16	10	274	102	0	0
23557	1413	526.1	317	ffffff	1	16	10	274	102	0	0
23575	1414	524.9	316.3	ffffff	0.3	16	9	274	102	0	0
23591	1415	524	315.7	ffffff	0.3	16	9	272	103	0	0
23607	1416	523.2	315.1	ffffff	0.3	16	9	272	103	0	0
23624	1417	522.4	314.6	ffffff	0.3	16	9	271	103	0	0
23641	1418	521.7	314.1	ffffff	0.3	16	9	271	103	0	0
23658	1419	521.1	313.7	ffffff	0.3	16	9	269	103	0	0
23674	1420	520.5	313.4	ffffff	0.3	16	9	269	103	0	0
23690	1421	520	313	ffffff	1	16	9	268	103	0	0
23708	1422	519.6	312.7	ffffff	1	17	9	268	103	0	0
23724	1423	519.2	312.4	ffffff	1	17	9	267	103	0	0
23742	1424	518.8	312.2	ffffff	1	17	9	267	103	0	0
23757	1425	518.5	312	ffffff	1	17	9	266	103	0	0
23774	1426	518.2	311.8	ffffff	1	17	9	265	103	0	0
23790	1427	517.9	311.6	ffffff	0.3	17	9	264	103	0	0
23807	1428	517.7	311.4	ffffff	0.3	17	9	264	103	0	0
23823	1429	517.5	311.3	ffffff	0.3	17	9	263	103	0	0
23840	1430	517.3	311.2	ffffff	0.3	17	9	262	103	0	0
23858	1431	517.1	311.1	ffffff	0.3	17	9	261	103	0	0
23874	1432	516.9	310.9	ffffff	0.3	17	9	260	103	0	0
23891	1433	516.8	310.9	ffffff	1	17	9	261	103	0	0
23907	1434	516.7	310.8	ffffff	1	17	9	260	103	0	0
23924	1435	516.5	310.7	ffffff	1	17	9	259	103	0	0
23941	1436	516.4	310.6	ffffff	1	17	9	258	103	0	0
23958	1437	516.3	310.6	ffffff	1	16	10	307	103	0	0
23974	1438	516.3	310.5	ffffff	1	16	10	307	103	0	0
23989	1439	516.2	310.5	ffffff	1	16	10	306	103	0	0
24006	1440	516.1	310.4	ffffff	0.3	16	10	305	103	0	0
24023	1441	519	310.4	ffffff	0.3	16	10	305	103	0	0
24040	1442	521.6	310.3	ffffff	0.3	16	10	304	103	0	0
24057	1443	523.9	310.3	ffffff	0.3	16	10	303	103	0	0
24073	1444	526	310.3	ffffff	0.3	16	10	303	103	0	0
24090	1445	527.9	310.2	ffffff	0.3	16	10	303	103	0	0
24107	1446	529.6	310.2	ffffff	1	16	10	302	103	0	0
24123	1447	531.1	310.2	ffffff	1	16	10	302	103	0	0
24140	1448	532.5	310.2	ffffff	1	16	10	302	103	0	0
24156	1449	533.7	310.2	ffffff	1	16	10	301	103	0	0
24173	1450	534.8	310.1	ffffff	1	17	10	302	103	0	0
24190	1451	535.8	310.1	ffffff	1	17	10	299	103	0	0
24206	1452	536.7	310.1	ffffff	0.3	17	10	295	103	0	0
24223	1453	537.5	310.1	ffffff	0.3	17	10	292	103	0	0
24240	1454	538.3	310.1	ffffff	0.3	17	10	289	103	0	0
24257	1455	538.9	310.1	ffffff	0.3	17	10	286	103	0	0
24273	1456	539.5	310.1	ffffff	0.3	17	10	283	104	0	0
24290	1457	540	310.1	ffffff	0.3	17	10	280	104	0	0
24306	1458	540.5	310.1	ffffff	1	17	10	276	104	0	0
24323	1459	540.9	310.1	ffffff	1	17	10	273	104	0	0
24340	1460	541.3	310	ffffff	1	17	10	271	104	0	0
24356	1461	541.7	310	ffffff	1	17	10	267	104	0	0
24373	1462	542	310	ffffff	1	17	10	265	104	0	0
24390	1463	542.3	310	ffffff	1	17	10	262	104	0	0
24407	1464	542.5	310	ffffff	1	16	11	302	104	0	0
24423	1465	542.8	310	ffffff	0.3	16	11	302	104	0	0
24440	1466	543	310	ffffff	0.3	16	11	302	105	0	0
24457	1467	543.2	310	ffffff	0.3	16	11	303	105	0	0
24473	1468	543.3	310	ffffff	1	16	11	303	105	0	0
24490	1469	543.5	310	ffffff	1	16	11	304	105	0	0
24506	1470	543.6	310	ffffff	1	16	11	304	105	0	0
24523	1471	543.7	310	ffffff	1	16	11	304	105	0	0
24540	1472	543.8	310	ffffff	1	16	11	305	105	0	0
24556	1473	543.9	310	ffffff	1	16	11	305	105	0	0
24573	1474	544	310	ffffff	1	16	11	306	105	0	0
24590	1475	544.1	310	ffffff	1	17	11	306	105	0	0
24606	1476	544.2	310	ffffff	1	17	11	307	106	0	0
24623	1477	544.2	310	ffffff	1	17	11	308	106	0	0
24640	1478	544.3	310	ffffff	1	17	11	308	106	0	0
24657	1479	544.4	310	ffffff	1	17	11	309	106	0	0
24673	1480	544.4	310	ffffff	1	17	11	310	106	0	0
24690	1481	544.4	310	ffffff	1	17	11	311	106	0	0
24707	1482	544.5	310	ffffff	1	17	11	311	106	0	0
24723	1483	543.7	312.1	ffffff	1	17	11	310	106	0	0
24740	1484	542.9	314	ffffff	1	17	11	308	106	0	0
24756	1485	542.3	315.6	ffffff	1	17	11	306	106	0	0
24773	1486	541.6	317.1	ffffff	1	17	11	305	107	0	0
24790	1487	541.1	318.5	ffffff	1	17	11	303	107	0	0
24806	1488	540.6	319.7	ffffff	1	17	11	302	107	0	0
24823	1489	540.2	320.8	ffffff	1	17	11	301	107	0	0
24840	1490	539.8	321.8	ffffff	1	17	11	299	107	0	0
24857	1491	539.4	322.7	ffffff	1	17	10	298	107	0	0
24873	1492	539.1	323.5	ffffff	1	17	10	296	107	0	0
24890	1493	539.7	322.2	ffffff	1	17	10	298	107	0	0
24908	1494	540.2	320.9	ffffff	1	17	10	298	107	0	0
24925	1495	540.7	319.8	ffffff	1	17	10	300	107	0	0
24940	1496	541.1	318.9	ffffff	1	17	10	301	107	0	0
24956	1497	541.5	318	ffffff	1	17	10	297	107	0	0
24973	1498	541.8	317.2	ffffff	1	17	10	294	107	0	0
24989	1499	542.1	316.5	ffffff	1	17	10	291	107	0	0
25006	1500	542.4	315.8	ffffff	1	17	10	287	107	0	0
25023	1501	542.6	315.2	ffffff	1	18	10	283	108	0	0
25040	1502	542.8	314.7	ffffff	1	18	10	281	108	0	0
25057	1503	543	314.2	ffffff	1	18	10	277	108	0	0
25074	1504	543.2	313.8	ffffff	1	18	10	275	108	0	0
25090	1505	543.4	313.4	ffffff	1	18	10	271	108	0	0
25106	1506	543.5	313.1	ffffff	1	17	11	314	108	0	0
25124	1507	543.6	312.8	ffffff	1	17	11	315	108	0	0
25140	1508	543.8	312.5	ffffff	1	17	11	317	108	0	0
25157	1509	543.9	312.3	ffffff	1	17	11	318	108	0	0
25173	1510	544	312	ffffff	1	17	11	320	108	0	0
25190	1511	544.1	311.8	ffffff	1	17	11	321	109	0	0
25208	1512	544.1	311.6	ffffff	1	17	11	323	109	0	0
25223	1513	541.3	308.6	ffffff	1	17	11	324	109	0	0
25240	1514	538.7	305.7	ffffff	1	17	11	326	109	0	0
25257	1515	536.4	303.2	ffffff	1	17	11	328	109	0	0
25273	1516	534.3	303.9	ffffff	1	17	10	328	109	0	0
25291	1517	532.4	301.6	ffffff	1	17	10	329	109	0	0
25307	1518	533.7	302.4	ffffff	1	17	10	331	109	0	0
25323	1519	534.8	303.2	ffffff	1	17	10	332	109	0	0
25340	1520	535.8	303.9	ffffff	1	17	10	334	109	0	0
25357	1521	536.7	304.5	ffffff	1	18	10	333	109	0	0
25373	1522	537.5	305	ffffff	1	18	10	330	110	0	0
25390	1523	538.2	305.5	ffffff	1	18	10	328	110	0	0
25406	1524	538.9	306	ffffff	1	18	10	325	110	0	0
25423	1525	539.5	306.4	ffffff	1	18	10	322	110	0	0
25440	1526	540	306.7	ffffff	1	18	10	320	110	0	0
25456	1527	540.5	307.1	ffffff	1	18	10	317	110	0	0
25473	1528	540.9	307.3	ffffff	1	18	10	314	110	0	0
25490	1529	541.3	307.6	ffffff	1	18	10	312	110	0	0
25507	1530	541.7	307.9	ffffff	1	18	10	310	110	0	0
25523	1531	542	308.1	ffffff	1	18	10	307	110	0	0
25540	1532	542.3	308.3	ffffff	1	18	10	304	111	0	0
25557	1533	542.5	308.4	ffffff	1	18	10	302	111	0	0
25573	1534	542.8	308.6	ffffff	1	18	10	299	111	0	0
25590	1535	543	308.7	ffffff	1	18	10	297	111	0	0
25606	1536	543.1	308.9	ffffff	1	18	10	295	111	0	0
25623	1537	543.3	309	ffffff	1	18	10	292	111	0	0
25640	1538	543.5	309.1	ffffff	1	18	10	290	111	0	0
25656	1539	543.6	309.2	ffffff	1	18	10	288	111	0	0
25673	1540	543.7	309.3	ffffff	1	18	10	286	111	0	0
25690	1541	543.8	309.3	ffffff	1	18	10	284	112	0	0
25707	1542	543.9	309.4	ffffff	1	18	10	281	112	0	0
25723	1543	544	309.5	ffffff	1	18	10	279	112	0	0
25740	1544	544.1	309.5	ffffff	1	18	10	277	112	0	0
25757	1545	544.2	309.6	ffffff	1	18	10	275	112	0	0
25773	1546	544.2	309.6	ffffff	1	17	11	273	112	0	0
25790	1547	544.3	309.6	ffffff	1	17	11	271	112	0	0
25806	1548	544.4	309.7	ffffff	1	18	11	268	112	0	0
25823	1549	544.4	309.7	ffffff	1	17	12	385	112	0	0
25840	1550	544.4	309.7	ffffff	1	17	12	386	113	0	0
25857	1551	544.5	309.8	ffffff	1	17	12	389	113	0	0
25873	1552	544.5	309.8	ffffff	1	17	12	390	113	0	0
25891	1553	543.7	307.7	ffffff	1	17	12	333	113	0	0
25906	1554	542.9	305.9	ffffff	1	17	12	334	113	0	0
25923	1555	542.3	304.2	ffffff	1	17	12	335	113	0	0
25940	1556	541.7	302.7	ffffff	1	17	12	336	113	0	0
25957	1557	541.1	301.4	ffffff	1	17	12	337	113	0	0
25974	1558	538.6	302.2	ffffff	1	17	11	336	113	0	0
25990	1559	538.3	300.9	ffffff	1	17	11	338	114	0	0
26007	1560	538.1	299.8	ffffff	1	17	11	339	114	0	0
26024	1561	537.9	298.7	ffffff	1	17	11	340	114	0	0
26040	1562	537.8	297.8	ffffff	1	17	11	342	114	0	0
26056	1563	538.5	299	ffffff	1	17	11	340	114	0	0
26074	1564	539.1	300.1	ffffff	1	17	11	339	114	0	0
26090	1565	539.7	301.1	ffffff	1	17	11	337	114	0	0
26106	1566	540.2	302	ffffff	1	17	11	336	114	0	0
26123	1567	540.7	302.8	ffffff	1	17	11	335	115	0	0
26140	1568	541.1	303.5	ffffff	1	17	11	334	115	0	0
26156	1569	541.4	304.1	ffffff	1	18	11	332	115	0	0
26173	1570	541.8	304.7	ffffff	1	18	11	331	115	0	0
26190	1571	542.1	305.3	ffffff	1	18	11	331	115	0	0
26207	1572	542.4	305.7	ffffff	1	18	11	330	115	0	0
26223	1573	542.6	306.2	ffffff	1	18	11	329	115	0	0
26240	1574	542.8	306.5	ffffff	1	18	11	327	115	0	0
26256	1575	543	306.9	ffffff	1	18	11	327	115	0	0
26273	1576	543.2	307.2	ffffff	1	18	11	326	116	0	0
26290	1577	543.4	307.5	ffffff	1	18	11	325	116	0	0
26307	1578	543.5	307.7	ffffff	1	18	11	324	116	0	0
26323	1579	543.6	308	ffffff	1	18	11	323	116	0	0
26340	1580	543.8	308.2	ffffff	1	18	11	323	116	0	0
26356	1581	543.9	308.3	ffffff	1	18	11	322	116	0	0
26373	1582	544	308.5	ffffff	1	18	11	321	116	0	0
26390	1583	544.1	308.7	ffffff	1	18	11	320	116	0	0
26407	1584	544.1	308.8	ffffff	1	18	11	320	116	0	0
26423	1585	544.2	308.9	ffffff	1	18	11	319	117	0	0
26441	1586	544.3	309	ffffff	1	18	11	319	117	0	0
26457	1587	544.3	309.1	ffffff	1	18	11	315	117	0	0
26473	1588	544.4	309.2	ffffff	1	18	11	312	117	0	0
26490	1589	544.4	309.3	ffffff	1	19	11	308	117	0	0
26506	1590	544.5	309.4	ffffff	1	19	11	304	117	0	0
26523	1591	544.5	309.4	ffffff	1	19	11	301	117	0	0
26540	1592	544.5	309.5	ffffff	1	19	11	297	117	0	0
26557	1593	544.6	309.5	ffffff	1	19	11	294	117	0	0
26574	1594	544.6	309.6	ffffff	1	19	11	290	118	0	0
26590	1595	544.6	309.6	ffffff	1	19	11	286	118	0	0
26606	1596	544.6	309.7	ffffff	1	19	11	282	118	0	0
26623	1597	544.6	309.7	ffffff	1	19	11	279	118	0	0
26640	1598	541.7	306.8	ffffff	1	18	12	318	118	0	0
26657	1599	539.1	304.2	ffffff	1	18	12	321	118	0	0
26673	1600	536.7	301.8	ffffff	1	18	12	323	118	0	0
26690	1601	534.6	299.7	ffffff	1	18	11	325	118	0	0
26708	1602	532.7	297.8	ffffff	1	18	11	323	118	0	0
26723	1603	534	299.1	ffffff	1	18	11	322	119	0	0
26740	1604	535	300.1	ffffff	1	18	11	322	119	0	0
26757	1605	536	301.1	ffffff	1	18	11	323	119	0	0
26773	1606	536.9	302	ffffff	1	18	11	322	119	0	0
26790	1607	537.7	302.8	ffffff	1	18	11	323	119	0	0
26807	1608	538.4	303.5	ffffff	1	18	11	323	119	0	0
26823	1609	539	304.2	ffffff	1	18	4	323	119	0	0
26840	1610	539.6	304.8	ffffff	1	19	4	323	119	0	0
26857	1611	540.1	305.3	ffffff	1	19	4	324	119	0	0
26874	1612	540.6	305.8	ffffff	1	19	4	324	119	0	0
26890	1613	541	306.2	ffffff	1	19	4	324	120	0	0
26907	1614	541.4	306.6	ffffff	1	19	4	325	120	0	0
26923	1615	541.8	306.9	ffffff	1	19	4	323	120	0	0
26940	1616	542.1	307.2	ffffff	1	19	4	319	120	0	0
26957	1617	542.3	307.5	ffffff	1	19	4	315	120	0	0
26973	1618	542.6	307.7	ffffff	1	19	4	312	120	0	0
26990	1619	542.8	308	ffffff	1	19	4	307	120	0	0
27007	1620	543	308.2	ffffff	1	19	4	304	120	0	0
27023	1621	543.2	308.4	ffffff	1	19	4	301	120	0	0
27040	1622	543.4	308.5	ffffff	1	19	4	297	121	0	0
27056	1623	543.5	308.7	ffffff	1	19	4	293	121	0	0
27073	1624	543.6	308.8	ffffff	1	19	4	290	121	0	0
27090	1625	543.8	308.9	ffffff	1	19	4	286	121	0	0
27106	1626	543.9	309	ffffff	1	19	4	282	121	0	0
27123	1627	544	309.1	ffffff	1	19	4	278	121	0	0
27140	1628	544	309.2	ffffff	1	19	4	275	121	0	0
27156	1629	544.1	309.3	ffffff	1	19	4	272	121	0	0
27173	1630	544.2	309.4	ffffff	1	19	4	268	122	0	0
27190	1631	544.3	309.4	ffffff	1	20	4	264	122	0	0
27206	1632	544.3	309.5	ffffff	1	20	4	260	122	0	0
27223	1633	544.4	309.5	ffffff	1	20	4	257	122	0	0
27240	1634	544.4	309.6	ffffff	1	20	4	253	122	0	0
27257	1635	544.5	309.6	ffffff	1	20	4	249	122	0	0
27273	1636	544.5	309.7	ffffff	1	19	5	339	122	0	0
27290	1637	544.5	309.7	ffffff	1	19	5	340	122	0	0
27307	1638	544.6	309.7	ffffff	1	19	5	340	122	0	0
27323	1639	544.6	309.8	ffffff	1	19	5	341	123	0	0
27340	1640	544.6	309.8	ffffff	1	19	5	342	123	0	0
27356	1641	544.6	309.8	ffffff	1	19	5	343	123	0	0
27373	1642	544.6	309.8	ffffff	1	19	5	344	123	0	0
27390	1643	544.7	309.8	ffffff	1	19	5	345	123	0	0
27406	1644	544.7	309.9	ffffff	1	19	5	346	123	0	0
27423	1645	544.7	309.9	ffffff	1	19	5	347	123	0	0
27440	1646	544.7	309.9	ffffff	1	19	5	348	123	0	0
27456	1647	544.7	309.9	ffffff	1	19	5	349	123	0	0
27473	1648	544.7	309.9	ffffff	1	19	5	350	124	0	0
27490	1649	544.7	309.9	ffffff	1	19	5	351	124	0	0
27507	1650	544.7	309.9	ffffff	1	19	5	352	124	0	0
27524	1651	544.8	309.9	ffffff	1	19	5	354	124	0	0
27541	1652	544.8	309.9	ffffff	1	19	5	354	124	0	0
27558	1653	544.8	309.9	ffffff	1	20	5	356	124	0	0
27574	1654	544.8	309.9	ffffff	1	20	5	357	124	0	0
27591	1655	544.8	310	ffffff	1	20	5	358	124	0	0
27607	1656	544.8	310	ffffff	1	20	5	359	125	0	0
27625	1657	544.8	310	ffffff	1	20	5	360	125	0	0
27641	1658	543.9	312	ffffff	1	20	5	360	125	0	0
27658	1659	543.2	313.9	ffffff	1	20	5	358	125	0	0
27674	1660	542.5	315.6	ffffff	1	20	5	358	125	0	0
27690	1661	541.9	317.1	ffffff	1	20	5	356	125	0	0
27708	1662	541.3	318.5	ffffff	1	20	5	355	125	0	0
27724	1663	540.8	319.7	ffffff	1	20	5	354	125	0	0
27741	1664	540.3	320.8	ffffff	1	20	4	353	125	0	0
27758	1665	539.9	321.8	ffffff	1	20	4	353	125	0	0
27774	1666	539.6	322.7	ffffff	1	20	4	351	125	0	0
27792	1667	539.2	323.5	ffffff	1	20	4	350	125	0	0
27807	1668	539.8	322.1	ffffff	1	20	4	352	125	0	0
27824	1669	540.3	320.9	ffffff	1	20	4	353	126	0	0
27841	1670	540.7	319.8	ffffff	1	20	4	355	126	0	0
27858	1671	541.2	318.8	ffffff	1	20	4	357	126	0	0
27874	1672	541.5	318	ffffff	1	20	4	358	126	0	0
27890	1673	541.8	317.2	ffffff	1	20	4	359	126	0	0
27907	1674	542.1	316.5	ffffff	1	20	4	361	126	0	0
27925	1675	542.4	315.8	ffffff	1	20	4	362	126	0	0
27940	1676	542.7	315.2	ffffff	1	21	4	364	126	0	0
27959	1677	542.9	314.7	ffffff	1	21	4	366	126	0	0
27974	1678	543.1	314.2	ffffff	1	21	4	368	126	0	0
27991	1679	543.2	313.8	ffffff	1	21	4	368	126	0	0
28007	1680	543.4	313.4	ffffff	1	20	5	365	127	0	0
28024	1681	543.5	313.1	ffffff	1	20	5	361	127	0	0
28041	1682	543.7	312.8	ffffff	1	20	5	357	127	0	0
28057	1683	542.9	310.4	ffffff	1	20	5	355	127	0	0
28074	1684	542.3	308.3	ffffff	1	20	5	353	127	0	0
28090	1685	541.7	306.4	ffffff	1	20	5	350	127	0	0
28108	1686	541.1	304.7	ffffff	1	20	5	348	127	0	0
28123	1687	540.6	303.2	ffffff	1	20	5	347	127	0	0
28140	1688	540.2	301.8	ffffff	1	20	5	344	127	0	0
28157	1689	539.8	300.5	ffffff	1	20	4	342	128	0	0
28174	1690	539.4	299.4	ffffff	1	20	4	340	128	0	0
28193	1691	539.1	298.3	ffffff	1	20	4	338	128	0	0
28209	1692	538.8	297.5	ffffff	1	20	4	336	128	0	0
28224	1693	539.4	298.7	ffffff	1	20	4	332	128	0	0
28240	1694	540	299.8	ffffff	1	20	4	329	128	0	0
28257	1695	540.5	300.9	ffffff	1	20	4	324	128	0	0
28273	1696	540.9	301.8	ffffff	1	20	4	321	128	0	0
28291	1697	541.3	302.6	ffffff	1	20	4	317	129	0	0
28307	1698	541.6	303.3	ffffff	1	20	4	314	129	0	0
28326	1699	542	304	ffffff	1	20	4	310	129	0	0
28340	1700	542.2	304.6	ffffff	1	21	4	307	129	0	0
28357	1701	542.5	305.2	ffffff	1	21	4	303	129	0	0
28374	1702	542.7	305.6	ffffff	1	21	4	298	129	0	0
28391	1703	542.9	306.1	ffffff	1	21	4	296	129	0	0
28406	1704	543.1	306.4	ffffff	1	21	4	292	129	0	0
28424	1705	543.3	306.8	ffffff	1	21	4	288	130	0	0
28441	1706	543.5	307.1	ffffff	1	21	4	285	130	0	0
28457	1707	543.6	307.4	ffffff	1	21	4	281	130	0	0
28475	1708	543.7	307.7	ffffff	1	21	4	277	130	0	0
28492	1709	543.8	307.9	ffffff	1	21	4	273	130	0	0
28508	1710	543.9	308.1	ffffff	1	21	4	270	130	0	0
28524	1711	544	308.3	ffffff	1	21	4	266	130	0	0
28541	1712	544.1	308.5	ffffff	1	20	5	263	130	0	0
28557	1713	544.2	308.6	ffffff	1	20	5	259	130	0	0
28574	1714	544.2	308.8	ffffff	1	20	5	255	131	0	0
28591	1715	544.3	308.9	ffffff	1	20	5	252	131	0	0
28606	1716	544.4	309	ffffff	1	20	5	248	131	0	0
28623	1717	544.4	309.1	ffffff	1	20	5	245	131	0	0
28641	1718	544.4	309.2	ffffff	1	20	5	241	131	0	0
28657	1719	544.5	309.3	ffffff	1	20	5	238	131	0	0
28674	1720	544.5	309.3	ffffff	1	20	6	317	131	0	0
28690	1721	544.5	309.4	ffffff	1	20	6	316	131	0	0
28708	1722	544.6	309.5	ffffff	1	20	6	315	132	0	0
28724	1723	544.6	309.5	ffffff	1	20	6	313	132	0	0
28740	1724	544.6	309.6	ffffff	1	20	6	313	132	0	0
28757	1725	544.6	309.6	ffffff	1	20	6	312	132	0	0
28773	1726	544.7	309.7	ffffff	1	20	6	311	132	0	0
28790	1727	544.7	309.7	ffffff	1	20	6	310	132	0	0
28807	1728	544.7	309.7	ffffff	1	20	6	308	132	0	0
28826	1729	544.7	309.7	ffffff	1	20	6	304	132	0	0
28841	1730	544.7	309.8	ffffff	1	20	6	300	132	0	0
28857	1731	544.7	309.8	ffffff	1	20	6	297	133	0	0
28874	1732	544.7	309.8	ffffff	1	20	6	294	133	0	0
28891	1733	544.7	309.8	ffffff	1	20	6	290	133	0	0
28908	1734	544.7	309.9	ffffff	1	20	6	286	133	0	0
28923	1735	544.8	309.9	ffffff	1	20	6	282	133	0	0
28940	1736	544.8	309.9	ffffff	1	20	6	278	133	0	0
28958	1737	544.8	309.9	ffffff	1	20	6	274	133	0	0
28974	1738	544.8	309.9	ffffff	1	20	6	272	133	0	0
28991	1739	544.8	309.9	ffffff	1	20	6	268	134	0	0
29008	1740	544.8	309.9	ffffff	1	20	6	264	134	0	0
29024	1741	544.8	309.9	ffffff	1	20	6	260	134	0	0
29040	1742	544.8	309.9	ffffff	1	20	6	256	134	0	0
29057	1743	544.8	309.9	ffffff	1	20	6	252	134	0	0
29074	1744	544.8	309.9	ffffff	1	20	6	248	134	0	0
29091	1745	544.8	310	ffffff	1	21	6	245	134	0	0
29107	1746	544.8	310	ffffff	1	21	6	242	134	0	0
29125	1747	544.8	310	ffffff	1	21	6	238	134	0	0
29140	1748	544.8	310	ffffff	1	20	7	234	135	0	0
29157	1749	544.8	310	ffffff	1	20	7	230	135	0	0
29174	1750	544.8	310	ffffff	1	20	7	227	135	0	0
29191	1751	544.8	310	ffffff	1	20	7	223	135	0	0
29208	1752	544.8	310	ffffff	1	20	7	219	135	0	0
29225	1753	544.8	310	ffffff	1	20	7	215	135	0	0
29240	1754	544.8	310	ffffff	1	20	7	212	135	0	0
29257	1755	544.8	310	ffffff	1	20	7	209	135	0	0
29274	1756	544.8	310	ffffff	1	20	7	205	136	0	0
29291	1757	544.8	310	ffffff	1	20	7	201	136	0	0
29308	1758	544.8	310	ffffff	1	20	7	197	136	0	0
29326	1759	544.8	310	ffffff	1	19	8	251	136	0	0
29340	1760	544.8	310	ffffff	1	19	8	247	136	0	0
29358	1761	544.8	310	ffffff	1	19	8	244	136	0	0
29374	1762	544.8	310	ffffff	1	19	8	240	136	0	0
29391	1763	544.8	310	ffffff	1	19	8	236	136	0	0
29407	1764	544.8	310	ffffff	1	19	8	233	137	0	0
29424	1765	544.8	310	ffffff	1	20	8	229	137	0	0
29441	1766	544.8	310	ffffff	1	20	8	227	137	0	0
29457	1767	544	312.1	ffffff	1	20	8	222	137	0	0
29475	1768	543.2	313.9	ffffff	1	20	8	218	137	0	0
29491	1769	542.5	315.5	ffffff	1	20	8	215	137	0	0
29509	1770	541.8	317.2	ffffff	1	20	6	211	137	0	0
29524	1771	541.3	318.5	ffffff	1	20	6	207	137	0	0
29541	1772	540.8	319.7	ffffff	1	20	6	203	137	0	0
29557	1773	540.4	320.8	ffffff	1	20	6	200	137	0	0
29574	1774	539.9	321.8	ffffff	1	20	5	196	137	0	0
29591	1775	539.6	322.7	ffffff	1	20	5	193	138	0	0
29608	1776	539.2	323.5	ffffff	1	20	5	188	138	0	0
29624	1777	539.8	322.2	ffffff	1	20	5	185	138	0	0
29640	1778	540.3	321	ffffff	1	20	5	182	138	0	0
29658	1779	540.7	319.9	ffffff	1	19	6	263	138	0	0
29675	1780	541.1	318.9	ffffff	1	19	6	258	138	0	0
29692	1781	541.5	318	ffffff	1	19	6	255	138	0	0
29708	1782	541.8	317.2	ffffff	1	19	6	251	138	0	0
29724	1783	542.1	316.5	ffffff	1	19	6	248	138	0	0
29741	1784	542.4	315.8	ffffff	1	19	6	244	138	0	0
29757	1785	542.6	315.3	ffffff	1	19	6	240	138	0	0
29774	1786	542.9	314.7	ffffff	1	20	6	237	139	0	0
29790	1787	543.1	314.3	ffffff	1	20	6	234	139	0	0
29808	1788	543.2	313.8	ffffff	1	20	6	230	139	0	0
29823	1789	543.4	313.5	ffffff	1	20	6	227	139	0	0
29840	1790	543.5	313.1	ffffff	1	20	6	223	139	0	0
29857	1791	543.7	312.8	ffffff	1	20	6	220	139	0	0
29873	1792	543.8	312.5	ffffff	1	20	6	216	139	0	0
29890	1793	543.9	312.3	ffffff	1	20	6	213	139	0	0
29907	1794	544	312	ffffff	1	20	6	209	139	0	0
29924	1795	544.1	311.8	ffffff	1	20	6	206	139	0	0
29940	1796	544.1	311.7	ffffff	1	20	6	202	140	0	0
29957	1797	543.3	309.3	ffffff	1	20	6	201	140	0	0
29973	1798	542.6	307.4	ffffff	1	20	6	200	140	0	0
29991	1799	542	305.6	ffffff	1	20	6	199	140	0	0
30008	1800	541.4	303.9	ffffff	1	19	7	302	140	0	0
30024	1801	540.9	302.4	ffffff	1	19	7	301	140	0	0
30040	1802	540.4	301.1	ffffff	1	19	7	298	140	0	0
30057	1803	540	300	ffffff	1	19	7	295	140	0	0
30074	1804	539.6	298.9	ffffff	1	19	7	293	141	0	0
30091	1805	539.3	297.9	ffffff	1	19	7	290	141	0	0
30108	1806	539	297	ffffff	1	19	7	288	141	0	0
30125	1807	538.7	296.3	ffffff	1	19	7	286	141	0	0
30141	1808	538.4	295.5	ffffff	1	19	7	284	141	0	0
30158	1809	538.2	294.9	ffffff	1	19	7	282	141	0	0
30174	1810	538	294.4	ffffff	1	19	7	279	141	0	0
30190	1811	535.8	295.9	ffffff	1	19	6	279	141	0	0
30209	1812	536.7	297.4	ffffff	1	19	6	279	142	0	0
30224	1813	537.5	298.6	ffffff	1	19	6	280	142	0	0
30240	1814	538.2	299.8	ffffff	1	20	6	281	142	0	0
30257	1815	538.9	300.8	ffffff	1	20	6	281	142	0	0
30274	1816	539.5	301.7	ffffff	1	20	6	282	142	0	0
30291	1817	537.1	305.4	ffffff	1	20	6	283	142	0	0
30309	1818	534.9	308.9	ffffff	1	20	6	286	142	0	0
30325	1819	532.9	312	ffffff	1	20	5	288	142	0	0
30341	1820	531.2	314.7	ffffff	1	20	5	291	142	0	0
30358	1821	529.6	317.2	ffffff	1	20	5	294	142	0	0
30373	1822	531.1	316.5	ffffff	1	20	5	294	142	0	0
30392	1823	532.6	315.8	ffffff	1	20	5	295	142	0	0
30410	1824	533.7	315.2	ffffff	1	20	5	296	143	0	0
30424	1825	534.8	314.7	ffffff	1	19	6	327	143	0	0
30441	1826	535.8	314.2	ffffff	1	19	6	326	143	0	0
30458	1827	535.9	315.9	ffffff	1	19	6	329	143	0	0
30474	1828	535.9	317.4	ffffff	1	19	6	331	143	0	0
30491	1829	535.9	318.7	ffffff	1	19	6	333	143	0	0
30508	1830	536	319.9	ffffff	1	19	6	332	143	0	0
30524	1831	536	321	ffffff	1	19	6	328	143	0	0
30541	1832	534	322.8	ffffff	1	19	6	325	143	0	0
30557	1833	532.2	324.4	ffffff	1	19	5	321	143	0	0
30576	1834	530.5	326	ffffff	1	19	5	318	143	0	0
30591	1835	529	327.3	ffffff	1	20	5	314	143	0	0
30607	1836	527.7	328.5	ffffff	1	20	5	310	143	0	0
30625	1837	529.4	326.6	ffffff	1	20	5	308	143	0	0
30640	1838	530.9	325	ffffff	1	20	5	306	143	0	0
30657	1839	532.3	323.4	ffffff	1	20	5	304	143	0	0
30673	1840	533.6	322.1	ffffff	1	20	5	302	143	0	0
30690	1841	534.7	320.9	ffffff	1	20	5	300	143	0	0
30708	1842	535.7	319.8	ffffff	1	20	5	298	143	0	0
30724	1843	536.6	318.8	ffffff	1	20	5	296	143	0	0
30740	1844	537.4	317.9	ffffff	1	20	5	294	144	0	0
30756	1845	538.2	317.2	ffffff	1	20	5	292	144	0	0
30773	1846	538.8	316.4	ffffff	1	20	5	290	144	0	0
30791	1847	538.6	317.9	ffffff	1	20	5	286	144	0	0
30808	1848	538.3	319.2	ffffff	1	20	5	283	144	0	0
30824	1849	538.1	320.3	ffffff	1	20	5	279	144	0	0
30841	1850	537.9	321.4	ffffff	1	20	5	275	144	0	0
30857	1851	537.8	322.3	ffffff	1	19	6	272	144	0	0
30874	1852	537.6	323.2	ffffff	1	19	6	268	144	0	0
30890	1853	537.5	323.9	ffffff	1	19	6	264	144	0	0
30907	1854	537.4	324.6	ffffff	1	19	5	261	144	0	0
30924	1855	537.2	325.2	ffffff	1	19	5	257	144	0	0
30940	1856	537.1	325.7	ffffff	1	20	5	253	144	0	0
30956	1857	537.9	324.2	ffffff	1	20	5	252	144	0	0
30975	1858	538.6	322.7	ffffff	1	20	5	250	145	0	0
30991	1859	539.2	321.4	ffffff	1	20	5	248	145	0	0
31007	1860	539.8	320.3	ffffff	1	20	5	246	145	0	0
31024	1861	540.3	319.2	ffffff	1	20	5	245	145	0	0
31040	1862	540.7	318.4	ffffff	1	20	5	244	145	0	0
31057	1863	541.2	317.5	ffffff	1	20	5	242	145	0	0
31073	1864	541.5	316.8	ffffff	1	20	5	241	145	0	0
31091	1865	541.9	316.1	ffffff	1	20	5	239	145	0	0
31107	1866	542.2	315.5	ffffff	1	20	5	238	145	0	0
31125	1867	542.4	314.9	ffffff	1	20	5	237	145	0	0
31141	1868	542.7	314.4	ffffff	1	20	5	236	145	0	0
31158	1869	542.9	314	ffffff	1	20	5	234	146	0	0
31174	1870	543.1	313.6	ffffff	1	20	5	233	146	0	0
31191	1871	543.2	313.2	ffffff	1	20	5	231	146	0	0
31207	1872	543.4	312.9	ffffff	1	20	5	230	146	0	0
31224	1873	543.5	312.6	ffffff	1	20	5	229	146	0	0
31240	1874	543.7	312.4	ffffff	1	20	5	228	146	0	0
31258	1875	543.8	312.1	ffffff	1	20	5	227	146	0	0
31273	1876	543.9	311.9	ffffff	1	21	5	226	146	0	0
31291	1877	544	311.7	ffffff	1	21	5	225	146	0	0
31307	1878	544.1	311.5	ffffff	1	21	5	226	147	0	0
31323	1879	544.1	311.4	ffffff	1	21	5	225	147	0	0
31340	1880	544.2	311.3	ffffff	1	21	5	224	147	0	0
31357	1881	544.3	311.1	ffffff	1	21	5	223	147	0	0
31373	1882	544.3	311	ffffff	1	21	5	222	147	0	0
31390	1883	544.4	310.9	ffffff	1	21	5	221	147	0	0
31408	1884	544.4	310.8	ffffff	1	21	5	221	147	0	0
31425	1885	544.5	310.7	ffffff	1	20	6	220	147	0	0
31443	1886	544.5	310.7	ffffff	1	20	6	217	148	0	0
31458	1887	544.5	310.6	ffffff	1	20	6	215	148	0	0
31474	1888	544.6	310.5	ffffff	1	20	6	211	148	0	0
31492	1889	544.6	310.5	ffffff	1	20	6	209	148	0	0
31509	1890	544.6	310.4	ffffff	1	20	6	206	148	0	0
31525	1891	544.6	310.4	ffffff	1	20	6	204	148	0	0
31542	1892	544.6	310.4	ffffff	1	20	6	201	148	0	0
31558	1893	544.7	310.3	ffffff	1	20	6	199	148	0	0
31575	1894	544.7	310.3	ffffff	1	20	6	196	148	0	0
31591	1895	544.7	310.3	ffffff	1	20	6	193	149	0	0
31610	1896	544.7	310.2	ffffff	1	20	6	191	149	0	0
31625	1897	544.7	310.2	ffffff	1	21	6	188	149	0	0
31641	1898	544.7	310.2	ffffff	1	21	6	186	149	0	0
31659	1899	544.7	310.2	ffffff	1	21	6	183	149	0	0
31675	1900	544.7	310.2	ffffff	1	21	6	181	149	0	0
31693	1901	544.8	310.1	ffffff	1	21	6	178	149	0	0
31709	1902	544.8	310.1	ffffff	1	21	6	176	149	0	0
31728	1903	544.7	310.1	ffffff	1	20	7	241	150	0	0
31742	1904	544.8	310.1	ffffff	1	20	7	239	150	0	0
31759	1905	544.8	310.1	ffffff	1	20	7	236	150	0	0
31774	1906	544.8	310.1	ffffff	1	20	7	234	150	0	0
31791	1907	544.8	310.1	ffffff	1	20	7	231	150	0	0
31811	1908	544.8	310.1	ffffff	1	20	7	228	150	0	0
31824	1909	544.8	310.1	ffffff	1	20	7	226	150	0	0
31841	1910	544.8	310.1	ffffff	1	20	7	223	150	0	0
31858	1911	544.8	310	ffffff	1	20	7	221	151	0	0
31874	1912	544.8	310	ffffff	1	20	7	218	151	0	0
31892	1913	544.8	310	ffffff	1	20	7	216	151	0	0
31908	1914	544.8	310	ffffff	1	20	7	214	151	0	0
31925	1915	544.8	310	ffffff	1	20	7	212	151	0	0
31942	1916	544.8	310	ffffff	1	20	7	209	151	0	0
31958	1917	544.8	310	ffffff	1	20	7	207	151	0	0
31975	1918	544.8	310	ffffff	1	21	7	205	151	0	0
31991	1919	544.8	310	ffffff	1	21	7	202	152	0	0
32008	1920	544.8	310	ffffff	1	21	7	201	152	0	0
32025	1921	544.8	310	ffffff	1	21	7	198	152	0	0
32042	1922	544.8	310	ffffff	1	21	7	197	152	0	0
32058	1923	544.8	310	ffffff	1	21	7	194	152	0	0
32075	1924	544.8	310	ffffff	1	21	7	192	152	0	0
32091	1925	544.8	310	ffffff	1	21	7	191	152	0	0
32107	1926	544.8	310	ffffff	1	20	8	244	152	0	0
32124	1927	544.8	310	ffffff	1	20	8	241	153	0	0
32140	1928	544.8	310	ffffff	1	20	8	239	153	0	0
32158	1929	544.8	310	ffffff	1	20	8	237	153	0	0
32173	1930	544.8	310	ffffff	1	20	8	235	153	0	0
32190	1931	544.8	310	ffffff	1	20	8	232	153	0	0
32206	1932	544.8	310	ffffff	1	20	8	231	153	0	0
32224	1933	544.8	310	ffffff	1	20	8	228	153	0	0
32240	1934	544.8	310	ffffff	1	20	8	226	153	0	0
32257	1935	544.8	310	ffffff	1	20	8	224	154	0	0
32274	1936	544.8	310	ffffff	1	20	8	222	154	0	0
32290	1937	544.8	310	ffffff	1	20	8	219	154	0	0
32307	1938	544.8	310	ffffff	1	20	8	218	154	0	0
32324	1939	544.8	310	ffffff	1	20	8	216	154	0	0
32340	1940	544.8	310	ffffff	1	20	8	214	154	0	0
32357	1941	544.8	310	ffffff	1	20	8	212	154	0	0
32373	1942	544.8	310	ffffff	1	20	8	210	154	0	0
32391	1943	544.8	310	ffffff	1	21	8	208	155	0	0
32407	1944	544.8	310	ffffff	1	21	8	204	155	0	0
32424	1945	544.8	310	ffffff	1	21	8	200	155	0	0
32443	1946	544.8	310	ffffff	1	21	5	196	155	0	0
32457	1947	544.8	310	ffffff	1	21	5	193	155	0	0
32473	1948	544.8	310	ffffff	1	20	6	190	155	0	0
32492	1949	544.8	310	ffffff	1	20	6	186	155	0	0
32507	1950	544.8	310	ffffff	1	20	6	182	155	0	0
32524	1951	544.8	310	ffffff	1	20	6	178	156	0	0
32541	1952	539.7	312.1	ffffff	1	20	6	178	156	0	0
32557	1953	535.3	313.9	ffffff	1	20	6	180	156	0	0
32575	1954	531.2	315.7	ffffff	1	20	6	180	156	0	0
32591	1955	527.6	317.1	ffffff	1	20	5	182	156	0	0
32607	1956	524.4	318.5	ffffff	1	20	5	183	156	0	0
32623	1957	526.4	317.6	ffffff	1	20	5	179	156	0	0
32640	1958	528.3	316.9	ffffff	1	20	5	175	156	0	0
32658	1959	530	316.2	ffffff	1	20	5	172	156	0	0
32675	1960	531.4	315.5	ffffff	1	20	5	168	156	0	0
32691	1961	532.8	315	ffffff	1	20	5	164	156	0	0
32708	1962	534	314.5	ffffff	1	20	5	160	156	0	0
32723	1963	535	314.1	ffffff	1	20	5	157	156	0	0
32741	1964	536	313.6	ffffff	1	21	5	153	156	0	0
32757	1965	536.9	313.3	ffffff	1	21	5	149	156	0	0
32774	1966	537.7	313	ffffff	1	20	6	190	156	0	0
32790	1967	538.4	312.7	ffffff	1	20	6	187	157	0	0
32808	1968	539.1	312.4	ffffff	1	20	6	185	157	0	0
32824	1969	539.6	312.2	ffffff	1	20	6	183	157	0	0
32841	1970	540.2	311.9	ffffff	1	20	6	181	157	0	0
32856	1971	540.6	311.8	ffffff	1	20	6	179	157	0	0
32874	1972	541	311.6	ffffff	1	20	6	177	157	0	0
32892	1973	541.4	311.4	ffffff	1	20	6	174	157	0	0
32908	1974	541.8	311.3	ffffff	1	20	6	173	157	0	0
32924	1975	542.1	311.1	ffffff	1	20	6	171	157	0	0
32940	1976	542.3	311	ffffff	1	20	6	169	157	0	0
32957	1977	537.5	308.8	ffffff	1	20	6	167	158	0	0
32974	1978	533.3	306.9	ffffff	1	20	6	166	158	0	0
32991	1979	529.3	305	ffffff	1	20	6	163	158	0	0
33011	1980	527.9	305.6	ffffff	1	20	5	163	158	0	0
33024	1981	524.8	304	ffffff	1	20	5	161	158	0	0
33041	1982	526.7	304.6	ffffff	1	20	5	159	158	0	0
33057	1983	528.6	305.2	ffffff	1	20	5	157	158	0	0
33073	1984	530.2	305.6	ffffff	1	20	5	156	158	0	0
33091	1985	531.7	306.1	ffffff	1	20	5	154	158	0	0
33109	1986	533	306.5	ffffff	1	20	5	152	158	0	0
33124	1987	534.2	306.8	ffffff	1	19	6	165	158	0	0
33141	1988	535.2	307.1	ffffff	1	20	6	164	158	0	0
33158	1989	536.2	307.4	ffffff	1	20	6	163	158	0	0
33174	1990	537.1	307.7	ffffff	1	20	6	161	159	0	0
33191	1991	537.8	307.9	ffffff	1	20	6	160	159	0	0
33207	1992	538.5	308.1	ffffff	1	20	6	159	159	0	0
33224	1993	539.2	308.3	ffffff	1	20	6	158	159	0	0
33241	1994	539.7	308.5	ffffff	1	20	6	157	159	0	0
33257	1995	540.2	308.6	ffffff	1	20	6	156	159	0	0
33275	1996	540.7	308.8	ffffff	1	20	6	155	159	0	0
33292	1997	536.1	306.8	ffffff	1	20	6	152	159	0	0
33307	1998	532	305.1	ffffff	1	20	6	149	159	0	0
33324	1999	528.3	303.5	ffffff	1	20	6	146	159	0	0
33341	2000	527	304.1	ffffff	1	20	5	145	159	0	0
33357	2001	523.9	302.7	ffffff	1	20	5	143	160	0	0
33374	2002	525.2	301.4	ffffff	1	20	5	140	160	0	0
33390	2003	526.3	300.2	ffffff	1	20	5	136	160	0	0
33408	2004	527.3	299	ffffff	1	20	5	133	160	0	0
33424	2005	528.2	298.1	ffffff	1	20	5	130	160	0	0
33442	2006	529	297.2	ffffff	1	20	5	127	160	0	0
33457	2007	527.7	295.6	ffffff	1	19	6	200	160	0	0
33474	2008	526.5	294.1	ffffff	1	20	6	196	160	0	0
33491	2009	525.4	292.8	ffffff	1	20	6	192	160	0	0
33506	2010	524.5	291.6	ffffff	1	20	6	188	160	0	0
33523	2011	523.6	290.5	ffffff	1	20	6	184	160	0	0
33541	2012	522.7	289.5	ffffff	1	20	6	180	160	0	0
33558	2013	522	288.6	ffffff	1	20	6	176	160	0	0
33575	2014	521.3	287.8	ffffff	1	20	6	173	160	0	0
33590	2015	520.8	287.1	ffffff	1	20	6	169	161	0	0
33606	2016	520.3	286.5	ffffff	1	20	6	165	161	0	0
33623	2017	521.9	291	ffffff	1	20	6	167	161	0	0
33641	2018	523.4	295.1	ffffff	1	20	5	168	161	0	0
33657	2019	524.6	298.6	ffffff	1	20	5	170	161	0	0
33674	2020	525.8	301.8	ffffff	1	20	5	173	161	0	0
33691	2021	526.8	304.7	ffffff	1	20	5	174	161	0	0
33707	2022	525.8	302.4	ffffff	1	20	5	171	161	0	0
33725	2023	524.6	300.1	ffffff	1	20	5	167	161	0	0
33741	2024	523.7	298.1	ffffff	1	20	5	163	161	0	0
33757	2025	522.9	296.4	ffffff	1	20	5	159	161	0	0
33774	2026	522.2	294.9	ffffff	1	20	5	156	161	0	0
33790	2027	521.5	293.5	ffffff	1	20	5	151	161	0	0
33807	2028	520.9	292.2	ffffff	1	20	5	147	161	0	0
33824	2029	520.4	291.1	ffffff	1	20	5	144	161	0	0
33841	2030	519.9	289.9	ffffff	1	20	5	140	161	0	0
33857	2031	519.5	289.1	ffffff	1	20	5	136	161	0	0
33874	2032	519.1	288.2	ffffff	1	19	6	225	162	0	0
33892	2033	518.7	287.5	ffffff	1	20	6	224	162	0	0
33907	2034	518.4	286.8	ffffff	1	20	6	222	162	0	0
33924	2035	518.1	286.2	ffffff	1	20	6	221	162	0	0
33941	2036	517.8	285.6	ffffff	1	20	6	220	162	0	0
33957	2037	519.7	286	ffffff	1	20	6	217	162	0	0
33974	2038	521.3	286.3	ffffff	1	20	6	214	162	0	0
33991	2039	520.7	288.8	ffffff	1	20	5	213	162	0	0
34007	2040	522.2	288.8	ffffff	1	20	5	210	162	0	0
34023	2041	523.6	288.9	ffffff	1	20	5	207	162	0	0
34041	2042	520.6	288.9	ffffff	1	20	5	209	162	0	0
34058	2043	518.1	288.9	ffffff	1	20	5	210	162	0	0
34074	2044	515.8	289	ffffff	1	20	5	211	162	0	0
34091	2045	513.6	289	ffffff	1	20	5	213	162	0	0
34106	2046	511.8	289	ffffff	1	20	5	215	162	0	0
34124	2047	510.1	289.1	ffffff	1	20	5	217	162	0	0
34141	2048	508.5	289.1	ffffff	1	20	5	218	162	0	0
34157	2049	507.2	289.1	ffffff	1	20	5	220	162	0	0
34174	2050	505.9	289.1	ffffff	1	20	5	221	162	0	0
34190	2051	504.8	289.1	ffffff	1	20	5	221	162	0	0
34207	2052	508	293.4	ffffff	1	20	5	220	162	0	0
34223	2053	510.8	297.1	ffffff	1	21	5	217	162	0	0
34241	2054	513.4	300.5	ffffff	1	21	5	214	162	0	0
34256	2055	515.6	303.4	ffffff	1	21	5	211	162	0	0
34274	2056	517.8	306.2	ffffff	1	21	5	208	162	0	0
34290	2057	517.5	306.6	ffffff	1	21	5	207	162	0	0
34307	2058	515.2	304.8	ffffff	1	20	6	227	162	0	0
34324	2059	513.2	303.3	ffffff	1	20	6	223	162	0	0
34340	2060	511.3	301.9	ffffff	1	20	6	221	162	0	0
34357	2061	509.7	300.6	ffffff	1	20	6	217	162	0	0
34376	2062	501	293.3	ffffff	1	20	5	214	163	6	0
34392	2063	517.7	308.3	ffffff	1	20	5	216	162	6	0
34408	2064	521.3	302.8	ffffff	1	20	5	218	162	6	0
34426	2065	523.1	305.5	ffffff	1	20	5	220	162	6	0
34441	2066	523.5	314.4	ffffff	1	20	5	222	162	6	0
34458	2067	526.3	312.3	ffffff	1	20	5	224	162	6	0
34475	2068	514.6	315.5	ffffff	1	20	5	221	163	6	0
34491	2069	517.5	302.9	ffffff	1	20	5	217	162	6	0
34508	2070	509.5	302.3	ffffff	1	20	5	214	162	6	0
34525	2071	508.9	308.2	ffffff	1	20	5	211	163	6	0
34541	2072	510.3	306.6	ffffff	1	20	5	208	162	6	0
34557	2073	504.9	302.7	ffffff	1	20	5	205	162	6	0
34574	2074	503.9	300	ffffff	1	20	5	202	162	6	0
34592	2075	507.6	298.8	ffffff	1	20	5	199	162	6	0
34608	2076	505.7	299.1	ffffff	1	20	5	196	162	6	0
34623	2077	503.9	296.3	ffffff	1	20	5	193	162	6	0
34640	2078	505	295.1	ffffff	1	20	5	189	162	6	0
34658	2079	505.8	294.1	ffffff	1	21	5	185	162	6	0
34674	2080	506.7	292.8	ffffff	1	20	6	248	162	6	0
34691	2081	507.6	291.5	ffffff	1	20	6	246	162	6	0
34708	2082	508.4	290.5	ffffff	1	20	6	244	162	6	0
34723	2083	507	290.4	ffffff	1	20	6	241	162	6	0
34742	2084	507.9	292.4	ffffff	1	20	5	240	162	6	0
34758	2085	506.6	292.1	ffffff	1	20	5	237	162	6	0
34774	2086	505.5	291.8	ffffff	1	20	5	233	162	6	0
34791	2087	504.4	291.6	ffffff	1	20	5	229	162	6	0
34808	2088	508.4	293.4	ffffff	1	20	5	231	162	6	0
34823	2089	511.8	295	ffffff	1	20	5	234	162	6	0
34840	2090	515.2	296.5	ffffff	1	20	5	236	162	6	0
34857	2091	518.1	297.8	ffffff	1	20	5	238	162	6	0
34874	2092	520.8	299.1	ffffff	1	20	5	241	162	6	0
34891	2093	523.3	300.2	ffffff	1	20	5	243	162	6	0
34907	2094	525.4	301.2	ffffff	1	20	5	246	162	6	0
34924	2095	527.4	302	ffffff	1	20	5	248	163	6	0
34941	2096	529.1	302.8	ffffff	1	19	6	250	163	6	0
34957	2097	530.6	303.5	ffffff	1	19	6	252	163	6	0
34973	2098	532.1	304.2	ffffff	1	19	6	254	163	6	0
34990	2099	533.3	304.8	ffffff	1	19	6	257	163	6	0
35008	2100	534.5	305.3	ffffff	1	20	6	259	163	6	0
35023	2101	535.5	305.8	ffffff	1	20	6	262	163	6	0
35040	2102	536.5	306.2	ffffff	1	19	7	265	163	6	0
35057	2103	537.3	306.6	ffffff	1	18	8	267	163	6	0
35075	2104	538.1	306.9	ffffff	1	17	9	299	163	6	0
35091	2105	538.7	307.2	ffffff	1	17	9	299	163	6	0
35108	2106	539.3	307.5	ffffff	1	17	9	299	164	6	0
35124	2107	539.9	307.7	ffffff	1	17	9	299	164	6	0
35141	2108	540.4	308	ffffff	1	17	9	299	164	6	0
35157	2109	540.8	308.2	ffffff	1	17	9	300	164	6	0
35173	2110	541.2	308.4	ffffff	1	17	9	300	164	6	0
35193	2111	541.6	308.5	ffffff	1	17	9	300	164	6	0
35208	2112	541.9	308.7	ffffff	1	17	9	300	164	6	0
35225	2113	542.2	308.8	ffffff	1	17	9	302	164	6	0
35240	2114	542.5	308.9	ffffff	1	17	9	301	164	6	0
35258	2115	542.7	309	ffffff	1	17	9	302	165	6	0
35273	2116	542.9	309.1	ffffff	1	17	9	303	165	6	0
35290	2117	543.1	309.2	ffffff	1	17	9	303	165	6	0
35307	2118	543.3	309.3	ffffff	1	17	9	303	165	6	0
35324	2119	543.4	309.4	ffffff	1	17	9	305	165	6	0
35341	2120	543.6	309.4	ffffff	1	18	9	305	165	6	0
35357	2121	543.7	309.5	ffffff	1	18	9	305	165	6	0
35373	2122	543.8	309.5	ffffff	1	18	9	306	165	6	0
35391	2123	543.1	311.6	ffffff	1	18	9	308	165	6	0
35407	2124	542.3	313.6	ffffff	1	18	9	311	166	6	0
35424	2125	541.7	315.4	ffffff	1	18	9	311	166	6	0
35440	2126	541.2	316.9	ffffff	1	18	9	308	166	6	0
35457	2127	540.7	318.3	ffffff	1	18	9	305	166	6	0
35474	2128	540.2	319.5	ffffff	1	18	9	302	166	6	0
35491	2129	539.8	320.7	ffffff	1	18	9	299	166	6	0
35508	2130	539.5	321.7	ffffff	1	18	8	296	166	6	0
35526	2131	539.2	322.6	ffffff	1	17	9	293	166	6	0
35541	2132	538.9	323.4	ffffff	1	17	8	290	166	6	0
35558	2133	539.4	322.1	ffffff	1	17	8	289	166	6	0
35574	2134	540	320.8	ffffff	1	17	8	288	166	5	0
35591	2135	540.5	319.8	ffffff	1	17	8	287	166	4	0
35606	2136	540.9	318.8	ffffff	1	16	9	287	167	4	0
35624	2137	541.3	317.9	ffffff	1	16	9	286	167	4	0
35641	2138	541.7	317.1	ffffff	1	16	9	286	167	4	0
35658	2139	542	316.4	ffffff	1	15	10	285	167	4	0
35673	2140	542.3	315.8	ffffff	1	15	10	285	167	4	0
35691	2141	542.5	315.2	ffffff	1	16	10	284	167	4	0
35708	2142	542.7	314.7	ffffff	1	16	10	284	167	4	0
35724	2143	543	314.2	ffffff	1	16	10	283	167	4	0
35740	2144	543.1	313.8	ffffff	1	16	10	283	167	4	0
35758	2145	543.3	313.4	ffffff	1	16	10	282	168	4	0
35774	2146	543.5	313.1	ffffff	1	16	10	282	168	4	0
35791	2147	543.6	312.8	ffffff	1	16	10	283	168	4	0
35808	2148	543.7	312.5	ffffff	1	16	10	282	168	3	0
35824	2149	543.8	312.2	ffffff	1	16	10	282	168	3	0
35840	2150	543.9	312	ffffff	1	16	10	282	168	2	0
35858	2151	544	311.8	ffffff	1	16	10	281	168	2	0
35874	2152	544.1	311.6	ffffff	1	16	10	281	168	2	0
35890	2153	544.2	311.5	ffffff	1	16	10	282	168	2	0
35908	2154	544.2	311.3	ffffff	1	16	10	282	169	2	0
35924	2155	544.3	311.2	ffffff	1	16	10	282	169	2	0
35940	2156	544.3	311.1	ffffff	1	16	10	281	169	2	0
35958	2157	544.4	311	ffffff	1	16	10	282	169	2	0
35974	2158	544.4	310.9	ffffff	1	16	10	282	169	2	0
35990	2159	544.5	310.8	ffffff	1	16	10	282	169	2	0
36007	2160	544.5	310.7	ffffff	1	16	10	282	169	2	0
36024	2161	544.5	310.6	ffffff	1	16	10	283	169	2	0
36041	2162	544.6	310.6	ffffff	1	15	11	283	170	2	0
36058	2163	544.6	310.5	ffffff	1	16	11	283	170	2	0
36075	2164	544.6	310.5	ffffff	1	16	11	284	170	2	0
36091	2165	544.6	310.4	ffffff	1	16	11	284	170	2	0
36107	2166	544.7	310.4	ffffff	1	16	11	284	170	2	0
36124	2167	544.7	310.3	ffffff	1	16	11	285	170	2	0
36140	2168	544.7	310.3	ffffff	1	16	11	282	170	2	0
36156	2169	544.7	310.3	ffffff	1	16	11	278	170	2	0
36174	2170	544.7	310.2	ffffff	1	16	11	274	171	2	0
36191	2171	544.7	310.2	ffffff	1	16	11	270	171	2	0
36208	2172	544.7	310.2	ffffff	1	16	11	266	171	1	0
36224	2173	544.7	310.2	ffffff	1	16	11	262	171	1	0
36242	2174	544.7	310.2	ffffff	1	16	11	259	171	1	0
36257	2175	544.8	310.1	ffffff	1	16	11	255	171	1	0
36274	2176	544.8	310.1	ffffff	1	16	11	251	171	1	0
36290	2177	544.8	310.1	ffffff	1	16	11	247	171	1	0
36309	2178	544.8	310.1	ffffff	1	16	11	243	172	1	0
36324	2179	544.8	310.1	ffffff	1	16	11	240	172	1	0
36342	2180	544.8	310.1	ffffff	1	16	11	235	172	1	0
36358	2181	544.8	310.1	ffffff	1	16	11	232	172	1	0
36375	2182	544.8	310.1	ffffff	1	16	11	227	172	1	0
36394	2183	544.8	310.1	ffffff	1	16	11	224	172	1	0
36409	2184	544.8	310.1	ffffff	1	16	11	220	172	1	0
36425	2185	544.8	310.1	ffffff	1	16	11	216	172	1	0
36442	2186	544.8	310	ffffff	1	17	11	213	173	1	0
36459	2187	544.8	310	ffffff	1	17	11	209	173	1	0
36473	2188	544.8	310	ffffff	1	17	11	205	173	1	0
36491	2189	544.8	310	ffffff	1	17	11	201	173	1	0
36507	2190	544.8	310	ffffff	1	17	11	197	173	1	0
36524	2191	544.8	310	ffffff	1	17	11	193	173	1	0
36541	2192	544.8	310	ffffff	1	17	11	189	173	1	0
36558	2193	544	312.1	ffffff	1	16	12	297	173	1	0
36575	2194	543.1	314	ffffff	1	16	12	293	173	1	0
36591	2195	542.5	315.7	ffffff	1	16	12	290	174	1	0
36608	2196	541.9	317.1	ffffff	1	16	12	286	174	1	0
36624	2197	541.3	318.5	ffffff	1	16	12	282	174	1	0
36641	2198	540.8	319.7	ffffff	1	16	12	277	174	1	0
36657	2199	540.3	320.9	ffffff	1	16	12	274	174	1	0
36675	2200	539.9	321.8	ffffff	1	16	12	270	174	1	0
36691	2201	539.6	322.7	ffffff	1	16	11	266	174	1	0
36709	2202	539.2	323.5	ffffff	1	16	11	262	174	1	0
36725	2203	539.8	322.2	ffffff	1	16	11	260	174	1	0
36741	2204	540.3	320.9	ffffff	1	16	11	258	174	1	0
36757	2205	540.7	319.9	ffffff	1	16	11	255	174	1	0
36774	2206	541.1	318.9	ffffff	1	16	11	252	175	1	0
36790	2207	541.5	318	ffffff	1	17	11	250	175	1	0
36806	2208	541.8	317.2	ffffff	1	17	11	247	175	1	0
36824	2209	542.1	316.5	ffffff	1	17	11	245	175	1	0
36840	2210	542.4	315.8	ffffff	1	17	11	243	175	1	0
36858	2211	542.7	315.2	ffffff	1	17	11	241	175	1	0
36873	2212	542.9	314.7	ffffff	1	17	11	239	175	1	0
36890	2213	543.1	314.3	ffffff	1	17	11	236	175	1	0
36908	2214	543.2	313.8	ffffff	1	17	11	234	175	0	0
36925	2215	543.4	313.4	ffffff	1	17	11	232	175	0	0
36941	2216	543.5	313.1	ffffff	1	17	11	230	176	0	0
36958	2217	543.7	312.8	ffffff	1	16	12	277	176	0	0
36974	2218	543.8	312.5	ffffff	1	16	8	276	176	0	0
36991	2219	543.9	312.3	ffffff	1	16	8	275	176	0	0
37008	2220	544	312	ffffff	1	16	8	274	176	0	0
37024	2221	544.1	311.8	ffffff	1	16	8	273	176	0	0
37040	2222	544.1	311.6	ffffff	1	16	8	272	176	0	0
37057	2223	543.3	313.6	ffffff	1	16	8	268	176	0	0
37074	2224	542.6	315.3	ffffff	1	16	8	265	177	0	0
37091	2225	542	316.9	ffffff	1	16	7	263	177	0	0
37107	2226	541.4	318.2	ffffff	1	16	7	259	177	0	0
37124	2227	540.9	319.5	ffffff	1	16	7	256	177	0	0
37140	2228	540.4	316.5	ffffff	1	16	7	258	177	0	0
37158	2229	540	313.7	ffffff	1	16	7	259	177	0	0
37174	2230	539.6	311.4	ffffff	1	16	7	261	177	0	0
37190	2231	539.3	309.2	ffffff	1	16	7	262	177	0	0
37207	2232	539	307.1	ffffff	1	17	7	264	177	0	0
37223	2233	538.7	305.4	ffffff	1	17	7	265	177	0	0
37241	2234	538.5	303.8	ffffff	1	17	7	266	178	0	0
37257	2235	538.3	302.3	ffffff	1	17	7	269	178	0	0
37273	2236	538.1	301	ffffff	1	17	7	270	178	0	0
37291	2237	537.9	299.8	ffffff	1	17	7	271	178	0	0
37307	2238	537.7	298.8	ffffff	1	17	7	274	178	0	0
37325	2239	537.5	297.8	ffffff	1	17	7	275	178	0	0
37340	2240	537.4	297	ffffff	1	17	7	277	178	0	0
37357	2241	537.3	296.2	ffffff	1	16	8	279	178	0	0
37375	2242	537.2	295.5	ffffff	1	16	8	280	178	0	0
37391	2243	537.1	294.9	ffffff	1	16	8	282	179	0	0
37407	2244	537	294.3	ffffff	1	16	8	284	179	0	0
37425	2245	534.8	295.9	ffffff	1	16	7	283	179	0	0
37441	2246	535	295.3	ffffff	1	16	7	285	179	0	0
37458	2247	535.1	294.6	ffffff	1	16	7	287	179	0	0
37474	2248	536.1	296.2	ffffff	1	16	7	286	179	0	0
37491	2249	536.9	297.6	ffffff	1	16	7	286	179	0	0
37508	2250	537.7	298.8	ffffff	1	16	7	286	179	0	0
37523	2251	538.4	299.9	ffffff	1	16	7	286	179	0	0
37541	2252	539.1	300.9	ffffff	1	17	7	285	180	0	0
37557	2253	539.6	301.8	ffffff	1	17	7	285	180	0	0
37574	2254	540.2	302.6	ffffff	1	17	7	285	180	0	0
37591	2255	540.6	303.4	ffffff	1	17	7	285	180	0	0
37607	2256	541	304	ffffff	1	17	7	285	180	0	0
37623	2257	541.4	304.6	ffffff	1	17	7	285	180	0	0
37640	2258	541.8	305.2	ffffff	1	17	7	285	180	0	0
37658	2259	542.1	305.7	ffffff	1	17	7	285	180	0	0
37675	2260	542.4	306.1	ffffff	1	17	7	285	181	0	0
37692	2261	542.6	306.5	ffffff	1	17	7	285	181	0	0
37707	2262	542.8	306.8	ffffff	1	17	7	285	181	0	0
37724	2263	543	307.2	ffffff	1	17	7	286	181	0	0
37741	2264	543.2	307.4	ffffff	1	17	7	286	181	0	0
37757	2265	543.4	307.7	ffffff	1	17	7	286	181	0	0
37774	2266	543.5	307.9	ffffff	1	17	7	286	181	0	0
37791	2267	543.6	308.1	ffffff	1	17	7	287	181	0	0
37807	2268	543.8	308.3	ffffff	1	17	7	287	182	0	0
37825	2269	543.9	308.5	ffffff	1	17	7	287	182	0	0
37840	2270	544	308.6	ffffff	1	16	8	287	182	0	0
37857	2271	544	308.8	ffffff	1	16	8	288	182	0	0
37873	2272	544.1	308.9	ffffff	1	16	8	289	182	0	0
37891	2273	544.2	309	ffffff	1	16	8	290	182	0	0
37907	2274	544.3	309.1	ffffff	1	16	8	290	182	0	0
37924	2275	544.3	309.2	ffffff	1	16	8	290	182	0	0
37941	2276	544.4	309.3	ffffff	1	16	8	291	183	0	0
37959	2277	544.4	309.4	ffffff	1	17	8	292	183	0	0
37974	2278	544.5	309.4	ffffff	1	17	8	292	183	0	0
37991	2279	544.5	309.5	ffffff	1	17	8	293	183	0	0
38007	2280	544.5	309.5	ffffff	1	17	8	294	183	0	0
38025	2281	544.6	309.6	ffffff	1	17	8	294	183	0	0
38040	2282	544.6	309.6	ffffff	1	17	8	295	183	0	0
38057	2283	544.6	309.7	ffffff	1	16	9	296	183	0	0
38074	2284	544.6	309.7	ffffff	1	16	9	297	184	0	0
38090	2285	544.7	309.7	ffffff	1	16	9	298	184	0	0
38107	2286	544.7	309.7	ffffff	1	16	9	299	184	0	0
38124	2287	544.7	309.8	ffffff	1	16	9	299	184	0	0
38141	2288	544.7	309.8	ffffff	1	16	9	301	184	0	0
38157	2289	544.7	309.8	ffffff	1	16	9	301	184	0	0
38174	2290	544.7	309.8	ffffff	1	16	9	303	184	0	0
38191	2291	544.7	309.9	ffffff	1	16	9	304	184	0	0
38207	2292	544.7	309.9	ffffff	1	16	9	304	185	0	0
38223	2293	544.8	309.9	ffffff	1	16	9	306	185	0	0
38240	2294	544.8	309.9	ffffff	1	16	9	306	185	0	0
38257	2295	544.8	309.9	ffffff	1	16	9	308	185	0	0
38273	2296	544.8	309.9	ffffff	1	16	9	309	185	0	0
38291	2297	544.8	309.9	ffffff	1	16	9	310	185	0	0
38307	2298	544.8	309.9	ffffff	1	17	9	312	185	0	0
38325	2299	544.8	309.9	ffffff	1	17	9	313	185	0	0
38342	2300	544.8	309.9	ffffff	1	17	9	315	186	0	0
38357	2301	544.8	309.9	ffffff	1	17	9	315	186	0	0
38376	2302	544.8	310	ffffff	1	17	9	317	186	0	0
38390	2303	544.8	310	ffffff	1	16	10	333	186	0	0
38407	2304	544.8	310	ffffff	1	16	10	330	186	0	0
38424	2305	544.8	310	ffffff	1	16	10	326	186	0	0
38440	2306	544.8	310	ffffff	1	16	10	323	186	0	0
38458	2307	544.8	310	ffffff	1	16	10	320	186	0	0
38474	2308	544.8	310	ffffff	1	16	10	316	187	0	0
38490	2309	544.8	310	ffffff	1	16	10	312	187	0	0
38508	2310	544.8	310	ffffff	1	16	10	310	187	0	0
38524	2311	544.8	310	ffffff	1	16	10	306	187	0	0
38541	2312	544.8	310	ffffff	1	16	10	303	187	0	0
38557	2313	544.8	310	ffffff	1	16	10	299	187	0	0
38574	2314	544.8	310	ffffff	1	16	10	296	187	0	0
38590	2315	544.8	310	ffffff	1	16	10	293	187	0	0
38607	2316	544.8	310	ffffff	1	16	10	290	188	0	0
38624	2317	544.8	310	ffffff	1	16	10	286	188	0	0
38640	2318	544.8	310	ffffff	1	16	10	284	188	0	0
38658	2319	544.8	310	ffffff	1	17	10	280	188	0	0
38674	2320	544.8	310	ffffff	1	17	10	277	188	0	0
38690	2321	544.8	310	ffffff	1	17	10	273	188	0	0
38708	2322	544.8	310	ffffff	1	17	10	270	188	0	0
38723	2323	544.8	310	ffffff	1	17	10	267	188	0	0
38741	2324	544.8	310	ffffff	1	17	10	264	189	0	0
38757	2325	544.8	310	ffffff	1	17	10	260	189	0	0
38774	2326	544.8	310	ffffff	1	17	10	258	189	0	0
38790	2327	544.8	310	ffffff	1	17	10	255	189	0	0
38808	2328	544.8	310	ffffff	1	16	11	497	189	0	0
38824	2329	544.8	310	ffffff	1	16	11	493	189	0	0
38840	2330	544.8	310	ffffff	1	16	11	489	189	0	0
38857	2331	544.8	310	ffffff	1	16	11	485	189	0	0
38874	2332	544.8	310	ffffff	1	16	11	481	190	0	0
38890	2333	544.8	310	ffffff	1	16	11	477	190	0	0
38907	2334	544.8	310	ffffff	1	16	11	473	190	0	0
38924	2335	544.8	310	ffffff	1	16	11	469	190	0	0
38941	2336	544.8	310	ffffff	1	16	11	465	190	0	0
38957	2337	544.8	310	ffffff	1	16	11	462	190	0	0
38974	2338	544.8	310	ffffff	1	16	11	458	190	0	0
38990	2339	544.8	310	ffffff	1	16	11	454	190	0	0
39007	2340	544.8	310	ffffff	1	16	11	450	191	0	0
39024	2341	544.8	310	ffffff	1	16	11	446	191	0	0
39041	2342	544.8	310	ffffff	1	16	11	442	191	0	0
39057	2343	544.8	310	ffffff	1	16	11	438	191	0	0
39074	2344	544.8	310	ffffff	1	16	11	434	191	0	0
39091	2345	544.8	310	ffffff	1	17	11	430	191	0	0
39107	2346	544.8	310	ffffff	1	17	11	426	191	0	0
39124	2347	544.8	310	ffffff	1	17	11	422	192	0	0
39140	2348	544.8	310	ffffff	1	17	11	418	192	0	0
39156	2349	544.8	310	ffffff	1	17	11	415	192	0	0
39174	2350	544.8	310	ffffff	1	17	11	410	192	0	0
39191	2351	544.8	310	ffffff	1	17	11	407	192	0	0
39208	2352	544.8	310	ffffff	1	17	11	403	192	0	0
39225	2353	544.8	310	ffffff	1	17	11	399	192	0	0
39240	2354	544.8	310	ffffff	1	17	11	395	192	0	0
39257	2355	544.8	310	ffffff	1	17	11	391	193	0	0
39273	2356	544.8	310	ffffff	1	17	11	387	193	0	0
39291	2357	544.8	310	ffffff	1	17	11	383	193	0	0
39308	2358	544.8	310	ffffff	1	17	11	379	193	0	0
39323	2359	544.8	310	ffffff	1	17	11	375	193	0	0
39340	2360	544.8	310	ffffff	1	17	11	371	193	0	0
39357	2361	544.8	310	ffffff	1	17	11	367	193	0	0
39373	2362	544.8	310	ffffff	1	17	11	363	193	0	0
39390	2363	544.8	310	ffffff	1	17	11	360	194	0	0
39407	2364	544.8	310	ffffff	1	17	11	356	194	0	0
39423	2365	544.8	310	ffffff	1	17	11	352	194	0	0
39441	2366	544.8	310	ffffff	1	18	11	348	194	0	0
39457	2367	544.8	310	ffffff	1	18	11	344	194	0	0
39474	2368	544.8	310	ffffff	1	18	11	340	194	0	0
39490	2369	544.8	310	ffffff	1	18	11	336	194	0	0
39508	2370	544.8	310	ffffff	1	17	12	332	194	0	0
39524	2371	544.8	310	ffffff	1	17	12	328	195	0	0
39540	2372	544	308	ffffff	1	17	12	325	195	0	0
39558	2373	543.2	306.1	ffffff	1	17	12	322	195	0	0
39574	2374	542.5	304.4	ffffff	1	17	12	320	195	0	0
39590	2375	541.9	302.9	ffffff	1	17	12	317	195	0	0
39607	2376	541.3	301.5	ffffff	1	17	12	314	195	0	0
39623	2377	540.8	300.3	ffffff	1	17	12	311	195	0	0
39641	2378	540.4	299.2	ffffff	1	17	12	309	195	0	0
39657	2379	540	298.2	ffffff	1	16	13	347	196	0	0
39674	2380	537.4	299.5	ffffff	1	16	12	347	196	0	0
39691	2381	537.3	298.4	ffffff	1	16	12	343	196	0	0
39707	2382	538	299.6	ffffff	1	16	7	341	196	0	0
39726	2383	538.7	300.7	ffffff	1	16	7	339	196	0	0
39744	2384	539.4	301.6	ffffff	1	16	7	338	196	0	0
39758	2385	539.9	302.4	ffffff	1	16	7	335	196	0	0
39775	2386	540.4	303.1	ffffff	1	16	7	334	196	0	0
39791	2387	540.8	303.8	ffffff	1	17	7	333	196	0	0
39808	2388	541.2	304.5	ffffff	1	17	7	330	197	0	0
39826	2389	541.6	305	ffffff	1	17	7	329	197	0	0
39841	2390	541.9	305.5	ffffff	1	17	7	327	197	0	0
39859	2391	542.2	306	ffffff	1	17	7	326	197	0	0
39874	2392	542.5	306.4	ffffff	1	17	7	324	197	0	0
39891	2393	542.7	306.7	ffffff	1	17	7	322	197	0	0
39907	2394	542.9	307.1	ffffff	1	17	7	321	197	0	0
39925	2395	543.1	307.4	ffffff	1	17	7	320	197	0	0
39942	2396	543.3	307.6	ffffff	1	17	7	318	198	0	0
39958	2397	543.4	307.9	ffffff	1	17	7	316	198	0	0
39975	2398	543.6	308.1	ffffff	1	17	7	315	198	0	0
39992	2399	543.7	308.3	ffffff	1	17	7	313	198	0	0
40008	2400	543.8	308.4	ffffff	1	17	7	313	198	0	0
40024	2401	543.9	308.6	ffffff	1	17	7	311	198	0	0
40041	2402	544	308.7	ffffff	1	17	7	310	198	0	0
40057	2403	544.1	308.9	ffffff	1	17	7	308	198	0	0
40074	2404	544.2	309	ffffff	1	17	7	307	199	0	0
40090	2405	544.2	309.1	ffffff	1	17	7	307	199	0	0
40109	2406	544.3	309.2	ffffff	1	17	7	305	199	0	0
40124	2407	544.3	309.2	ffffff	1	17	7	304	199	0	0
40141	2408	544.4	309.3	ffffff	1	18	7	302	199	0	0
40160	2409	544.4	309.4	ffffff	1	18	7	302	199	0	0
40174	2410	544.5	309.5	ffffff	1	18	7	301	199	0	0
40191	2411	544.5	309.5	ffffff	1	18	7	300	199	0	0
40207	2412	544.5	309.6	ffffff	1	18	7	299	200	0	0
40225	2413	544.6	309.6	ffffff	1	18	7	298	200	0	0
40241	2414	544.6	309.6	ffffff	1	18	7	297	200	0	0
40257	2415	544.6	309.7	ffffff	1	18	7	296	200	0	0
40274	2416	544.6	309.7	ffffff	1	18	7	296	200	0	0
40290	2417	544.7	309.7	ffffff	1	18	7	295	200	0	0
40306	2418	544.7	309.8	ffffff	1	18	7	294	200	0	0
40324	2419	544.7	309.8	ffffff	1	18	7	294	200	0	0
40340	2420	544.7	309.8	ffffff	1	18	7	293	201	0	0
40358	2421	544.7	309.8	ffffff	1	18	7	292	201	0	0
40374	2422	544.7	309.8	ffffff	1	17	8	292	201	0	0
40391	2423	544.7	309.9	ffffff	1	17	8	291	201	0	0
40407	2424	544.7	309.9	ffffff	1	17	8	290	201	0	0
40424	2425	544.8	309.9	ffffff	1	17	8	291	201	0	0
40440	2426	544.8	309.9	ffffff	1	17	8	290	201	0	0
40458	2427	544.8	309.9	ffffff	1	17	8	289	202	0	0
40475	2428	544.8	309.9	ffffff	1	17	8	289	202	0	0
40493	2429	544.8	309.9	ffffff	1	18	8	289	202	0	0
40507	2430	544.8	309.9	ffffff	1	18	8	288	202	0	0
40524	2431	544.8	309.9	ffffff	1	18	8	289	202	0	0
40540	2432	544.8	309.9	ffffff	1	18	8	288	202	0	0
40557	2433	544.8	310	ffffff	1	18	8	288	202	0	0
40574	2434	544.8	310	ffffff	1	18	8	288	202	0	0
40592	2435	544.8	310	ffffff	1	18	8	288	203	0	0
40608	2436	544.8	310	ffffff	1	18	8	287	203	0	0
40624	2437	543.9	312	ffffff	1	18	8	290	203	0	0
40641	2438	543.2	313.9	ffffff	1	18	8	292	203	0	0
40657	2439	542.5	315.6	ffffff	1	18	8	293	203	0	0
40674	2440	541.8	317.1	ffffff	1	18	8	296	203	0	0
40692	2441	541.3	318.5	ffffff	1	18	8	298	203	0	0
40709	2442	538.7	320.6	ffffff	1	18	7	300	203	0	0
40724	2443	534.4	321.6	ffffff	1	18	7	301	203	0	0
40741	2444	530.4	322.5	ffffff	1	18	7	303	203	0	0
40758	2445	526.8	323.3	ffffff	1	18	7	304	203	0	0
40773	2446	523.6	324.1	ffffff	1	18	7	305	203	0	0
40790	2447	520.7	324.7	ffffff	1	18	7	306	203	0	0
40807	2448	523.1	323.3	ffffff	1	18	7	305	203	0	0
40823	2449	525.3	321.9	ffffff	1	18	7	306	203	0	0
40840	2450	527.3	320.7	ffffff	1	18	7	306	203	0	0
40857	2451	529	319.7	ffffff	1	19	7	306	204	0	0
40874	2452	530.6	318.7	ffffff	1	19	7	306	204	0	0
40891	2453	532	317.8	ffffff	1	19	7	305	204	0	0
40908	2454	533.3	317.1	ffffff	1	19	7	306	204	0	0
40923	2455	534.4	316.3	ffffff	1	18	8	324	204	0	0
40940	2456	535.5	315.7	ffffff	1	18	8	324	204	0	0
40957	2457	536.4	315.1	ffffff	1	18	8	324	204	0	0
40973	2458	537.3	314.6	ffffff	1	18	8	322	204	0	0
40990	2459	538	314.2	ffffff	1	18	8	318	204	0	0
41006	2460	538.7	313.8	ffffff	1	18	8	316	204	0	0
41023	2461	539.3	313.4	ffffff	1	18	8	313	204	0	0
41040	2462	539.9	313	ffffff	1	18	8	312	204	0	0
41056	2463	540.4	312.7	ffffff	1	18	8	309	205	0	0
41073	2464	540.8	312.5	ffffff	1	18	8	307	205	0	0
41090	2465	541.2	312.2	ffffff	1	18	8	304	205	0	0
41107	2466	541.6	312	ffffff	1	18	8	302	205	0	0
41123	2467	541.9	311.8	ffffff	1	18	8	299	205	0	0
41140	2468	542.2	311.6	ffffff	1	18	8	296	205	0	0
41157	2469	542.5	311.5	ffffff	1	18	8	295	205	0	0
41173	2470	542.7	311.3	ffffff	1	18	8	293	205	0	0
41190	2471	542.9	311.2	ffffff	1	18	8	290	205	0	0
41206	2472	543.1	311.1	ffffff	1	18	8	288	206	0	0
41223	2473	543.3	311	ffffff	1	18	8	287	206	0	0
41240	2474	543.4	310.9	ffffff	1	19	8	284	206	0	0
41256	2475	543.6	310.8	ffffff	1	19	8	282	206	0	0
41273	2476	543.7	310.7	ffffff	1	19	8	279	206	0	0
41290	2477	543.8	310.6	ffffff	1	19	8	278	206	0	0
41307	2478	543.9	310.6	ffffff	1	19	8	276	206	0	0
41323	2479	544	310.5	ffffff	1	19	8	274	206	0	0
41340	2480	544.1	310.5	ffffff	1	19	8	273	207	0	0
41357	2481	544.2	310.4	ffffff	1	19	8	270	207	0	0
41373	2482	544.2	310.4	ffffff	1	19	8	268	207	0	0
41390	2483	543.4	308.3	ffffff	1	19	8	269	207	0	0
41407	2484	542.7	306.4	ffffff	1	19	8	269	207	0	0
41423	2485	542.1	304.6	ffffff	1	19	8	270	207	0	0
41440	2486	541.5	303.1	ffffff	1	19	8	271	207	0	0
41457	2487	538.9	303.8	ffffff	1	19	7	270	207	0	0
41473	2488	539.5	304.4	ffffff	1	19	7	268	208	0	0
41490	2489	540	305	ffffff	1	19	7	267	208	0	0
41506	2490	540.5	305.5	ffffff	1	19	7	265	208	0	0
41524	2491	540.9	305.9	ffffff	1	19	7	264	208	0	0
41540	2492	541.3	306.3	ffffff	1	19	7	262	208	0	0
41557	2493	541.7	306.7	ffffff	1	18	8	261	208	0	0
41573	2494	542	307	ffffff	1	18	8	260	208	0	0
41590	2495	542.3	307.3	ffffff	1	18	8	258	208	0	0
41607	2496	542.5	307.6	ffffff	1	18	8	257	208	0	0
41623	2497	542.8	307.8	ffffff	1	18	8	255	209	0	0
41640	2498	543	308.1	ffffff	1	19	8	254	209	0	0
41656	2499	543.1	308.3	ffffff	1	19	8	253	209	0	0
41673	2500	543.3	308.4	ffffff	1	19	8	251	209	0	0
41690	2501	543.5	308.6	ffffff	1	19	8	250	209	0	0
41706	2502	543.6	308.7	ffffff	1	19	8	249	209	0	0
41723	2503	543.7	308.9	ffffff	1	19	8	248	209	0	0
41740	2504	543.8	309	ffffff	1	19	8	247	209	0	0
41756	2505	543.9	309.1	ffffff	1	19	8	246	210	0	0
41773	2506	544	309.2	ffffff	1	19	8	244	210	0	0
41790	2507	544.1	309.2	ffffff	1	19	8	244	210	0	0
41806	2508	544.2	309.3	ffffff	1	19	8	243	210	0	0
41823	2509	544.2	309.4	ffffff	1	19	8	243	210	0	0
41840	2510	544.3	309.5	ffffff	1	19	8	242	210	0	0
41856	2511	544.4	309.5	ffffff	1	19	8	240	210	0	0
41873	2512	544.4	309.6	ffffff	1	19	8	240	210	0	0
41891	2513	544.4	309.6	ffffff	1	19	8	239	211	0	0
41907	2514	544.5	309.6	ffffff	1	19	8	239	211	0	0
41924	2515	544.5	309.7	ffffff	1	19	8	239	211	0	0
41940	2516	544.5	309.7	ffffff	1	19	8	238	211	0	0
41957	2517	544.6	309.7	ffffff	1	18	9	282	211	0	0
41974	2518	544.6	309.8	ffffff	1	18	9	278	211	0	0
41991	2519	544.6	309.8	ffffff	1	19	9	274	211	0	0
42008	2520	544.6	309.8	ffffff	1	19	9	270	211	0	0
42024	2521	544.7	309.8	ffffff	1	19	9	267	212	0	0
42042	2522	544.7	309.8	ffffff	1	19	9	263	212	0	0
42057	2523	544.7	309.9	ffffff	1	19	9	259	212	0	0
42074	2524	544.7	309.9	ffffff	1	19	9	255	212	0	0
42090	2525	544.7	309.9	ffffff	1	19	9	251	212	0	0
42107	2526	544.7	309.9	ffffff	1	19	9	247	212	0	0
42124	2527	544.7	309.9	ffffff	1	19	9	245	212	0	0
42140	2528	544.7	309.9	ffffff	1	19	9	240	213	0	0
42157	2529	544.8	309.9	ffffff	1	19	9	237	213	0	0
42176	2530	544.7	309.9	ffffff	1	19	9	233	213	0	0
42192	2531	544.8	309.9	ffffff	1	19	9	229	213	0	0
42208	2532	544.8	309.9	ffffff	1	19	9	225	213	0	0
42224	2533	544.8	310	ffffff	1	19	9	221	213	0	0
42241	2534	544.8	310	ffffff	1	19	9	217	213	0	0
42257	2535	544.8	310	ffffff	1	19	9	214	213	0	0
42275	2536	544.8	310	ffffff	1	19	9	210	214	0	0
42291	2537	544.8	310	ffffff	1	19	9	206	214	0	0
42306	2538	544.8	310	ffffff	1	19	9	202	214	0	0
42324	2539	544.8	310	ffffff	1	20	9	198	214	0	0
42340	2540	544.8	310	ffffff	1	19	10	258	214	0	0
42359	2541	544.8	310	ffffff	1	19	10	254	214	0	0
42375	2542	544.8	310	ffffff	1	19	10	250	214	0	0
42390	2543	544.8	310	ffffff	1	19	10	247	214	0	0
42408	2544	544.8	310	ffffff	1	19	10	243	215	0	0
42424	2545	544.8	310	ffffff	1	19	10	239	215	0	0
42441	2546	544.8	310	ffffff	1	19	10	235	215	0	0
42456	2547	544.8	310	ffffff	1	19	10	231	215	0	0
42475	2548	544.8	310	ffffff	1	19	10	227	215	0	0
42490	2549	544.8	310	ffffff	1	19	10	223	215	0	0
42507	2550	544.8	310	ffffff	1	19	5	220	215	0	0
42523	2551	544.8	310	ffffff	1	19	5	216	215	0	0
42540	2552	544.8	310	ffffff	1	19	5	213	216	0	0
42557	2553	544.8	310	ffffff	1	19	5	209	216	0	0
42574	2554	544.8	310	ffffff	1	19	5	205	216	0	0
42591	2555	544.8	310	ffffff	1	19	5	201	216	0	0
42607	2556	544.8	310	ffffff	1	19	5	197	216	0	0
42626	2557	543.9	307.7	ffffff	1	19	5	193	216	0	0
42640	2558	543.2	306.2	ffffff	1	19	5	191	216	0	0
42659	2559	542.4	304.3	ffffff	1	19	5	187	216	0	0
42674	2560	541.9	302.9	ffffff	1	18	6	321	217	0	0
42691	2561	541.3	301.5	ffffff	1	18	6	318	217	0	0
42708	2562	540.8	300.3	ffffff	1	18	6	314	217	0	0
42724	2563	540.3	299.2	ffffff	1	18	6	311	217	0	0
42744	2564	537.7	300.3	ffffff	1	18	5	311	217	0	0
42758	2565	537.6	299.3	ffffff	1	19	5	308	217	0	0
42774	2566	537.4	298.3	ffffff	1	19	5	305	217	0	0
42790	2567	538.2	299.5	ffffff	1	19	5	305	217	0	0
42808	2568	538.9	300.5	ffffff	1	19	5	304	218	0	0
42824	2569	539.4	301.5	ffffff	1	19	5	304	218	0	0
42840	2570	540	302.3	ffffff	1	19	5	304	218	0	0
42856	2571	540.5	303.1	ffffff	1	19	5	303	218	0	0
42874	2572	540.9	303.8	ffffff	1	19	5	303	218	0	0
42890	2573	541.3	304.4	ffffff	1	19	5	302	218	0	0
42907	2574	541.7	305	ffffff	1	19	5	302	218	0	0
42924	2575	542	305.5	ffffff	1	19	5	302	218	0	0
42941	2576	542.3	305.9	ffffff	1	19	5	302	219	0	0
42958	2577	542.5	306.3	ffffff	1	19	5	301	219	0	0
42973	2578	542.7	306.7	ffffff	1	19	5	301	219	0	0
42990	2579	542.9	307	ffffff	1	19	5	301	219	0	0
43007	2580	543.1	307.3	ffffff	1	19	5	301	219	0	0
43024	2581	543.3	307.6	ffffff	1	19	5	301	219	0	0
43040	2582	542.6	309.9	ffffff	1	19	5	303	219	0	0
43058	2583	542	312	ffffff	1	19	5	305	219	0	0
43073	2584	541.4	313.8	ffffff	1	19	5	307	219	0	0
43091	2585	540.9	315.6	ffffff	1	19	5	309	220	0	0
43109	2586	540.4	317.1	ffffff	1	20	5	311	220	0	0
43124	2587	540	318.5	ffffff	1	20	5	309	220	0	0
43141	2588	539.6	319.7	ffffff	1	20	5	305	220	0	0
43157	2589	539.3	320.8	ffffff	1	20	5	302	220	0	0
43174	2590	539	321.8	ffffff	1	20	5	299	220	0	0
43190	2591	538.7	322.7	ffffff	1	20	5	297	220	0	0
43207	2592	538.5	323.5	ffffff	1	20	5	294	220	0	0
43224	2593	538.2	324.2	ffffff	1	20	4	291	220	0	0
43241	2594	538	324.8	ffffff	1	20	4	288	220	0	0
43257	2595	537.8	325.4	ffffff	1	20	4	285	220	0	0
43274	2596	537.7	326	ffffff	1	20	4	282	221	0	0
43291	2597	537.5	322.3	ffffff	1	19	5	284	221	0	0
43307	2598	537.4	319.1	ffffff	1	19	5	286	221	0	0
43323	2599	537.3	316.2	ffffff	1	19	5	287	221	0	0
43340	2600	537.2	313.4	ffffff	1	19	5	289	221	0	0
43357	2601	537.1	310.9	ffffff	1	19	5	291	221	0	0
43373	2602	537	308.9	ffffff	1	19	5	293	221	0	0
43391	2603	536.9	306.8	ffffff	1	19	5	295	221	0	0
43407	2604	536.9	305.1	ffffff	1	19	5	297	221	0	0
43425	2605	536.8	303.5	ffffff	1	19	5	298	221	0	0
43441	2606	536.7	302	ffffff	1	19	5	300	221	0	0
43457	2607	536.7	300.8	ffffff	1	20	5	303	222	0	0
43475	2608	536.6	299.6	ffffff	1	20	5	304	222	0	0
43491	2609	536.6	298.6	ffffff	1	20	5	305	222	0	0
43507	2610	536.6	297.7	ffffff	1	20	5	303	222	0	0
43524	2611	536.5	296.8	ffffff	1	20	5	301	222	0	0
43540	2612	537.3	298.1	ffffff	1	20	5	302	222	0	0
43557	2613	538.1	299.3	ffffff	1	20	5	302	222	0	0
43574	2614	538.7	300.3	ffffff	1	20	5	303	222	0	0
43591	2615	536.4	301.3	ffffff	1	20	4	302	222	0	0
43608	2616	537.2	302.2	ffffff	1	20	4	303	223	0	0
43624	2617	538	303	ffffff	1	20	4	304	223	0	0
43640	2618	538.6	303.7	ffffff	1	20	4	305	223	0	0
43657	2619	539.3	304.3	ffffff	1	20	4	305	223	0	0
43674	2620	539.8	304.9	ffffff	1	20	4	306	223	0	0
43690	2621	540.3	305.4	ffffff	1	20	4	304	223	0	0
43709	2622	540.8	305.9	ffffff	1	20	4	300	223	0	0
43724	2623	541.2	306.3	ffffff	1	20	4	295	223	0	0
43741	2624	541.5	306.6	ffffff	1	20	4	292	223	0	0
43759	2625	541.9	307	ffffff	1	20	4	288	224	0	0
43774	2626	542.2	307.3	ffffff	1	20	4	284	224	0	0
43791	2627	542.4	307.6	ffffff	1	20	4	280	224	0	0
43807	2628	542.7	307.8	ffffff	1	20	4	276	224	0	0
43824	2629	542.9	308	ffffff	1	20	4	272	224	0	0
43841	2630	543.1	308.2	ffffff	1	19	5	268	224	0	0
43858	2631	543.3	308.4	ffffff	1	19	5	264	224	0	0
43874	2632	543.4	308.5	ffffff	1	19	5	260	224	0	0
43891	2633	543.6	308.7	ffffff	1	19	5	256	225	0	0
43907	2634	543.7	308.8	ffffff	1	20	5	253	225	0	0
43924	2635	543.8	308.9	ffffff	1	20	5	249	225	0	0
43941	2636	543.9	309.1	ffffff	1	20	5	245	225	0	0
43958	2637	544	309.1	ffffff	1	20	5	241	225	0	0
43974	2638	544.1	309.2	ffffff	1	20	5	237	225	0	0
43991	2639	544.2	309.3	ffffff	1	20	5	233	225	0	0
44007	2640	544.2	309.4	ffffff	1	20	5	230	225	0	0
44024	2641	544.3	309.4	ffffff	1	20	5	226	226	0	0
44040	2642	544.3	309.5	ffffff	1	20	5	222	226	0	0
44057	2643	544.4	309.5	ffffff	1	20	5	218	226	0	0
44074	2644	544.4	309.6	ffffff	1	20	5	214	226	0	0
44092	2645	544.5	309.6	ffffff	1	20	5	209	226	0	0
44109	2646	544.5	309.7	ffffff	1	20	5	205	226	0	0
44125	2647	544.5	309.7	ffffff	1	20	5	201	226	0	0
44142	2648	544.6	309.7	ffffff	1	20	5	197	227	0	0
44157	2649	544.6	309.8	ffffff	1	20	5	194	227	0	0
44175	2650	544.6	309.8	ffffff	1	19	6	293	227	0	0
44193	2651	544.6	309.8	ffffff	1	19	6	292	227	0	0
44207	2652	544.7	309.8	ffffff	1	19	6	292	227	0	0
44226	2653	544.7	309.8	ffffff	1	19	6	291	227	0	0
44241	2654	544.7	309.9	ffffff	1	20	6	292	227	0	0
44258	2655	544.7	309.9	ffffff	1	20	6	291	227	0	0
44274	2656	544.7	309.9	ffffff	1	20	6	291	228	0	0
44294	2657	544.7	309.9	ffffff	1	20	6	292	228	0	0
44307	2658	544.7	309.9	ffffff	1	20	6	291	228	0	0
44324	2659	544.7	309.9	ffffff	1	20	6	291	228	0	0
44340	2660	544.8	309.9	ffffff	1	20	6	291	228	0	0
44360	2661	544.8	309.9	ffffff	1	20	6	291	228	0	0
44373	2662	544.8	309.9	ffffff	1	20	6	291	228	0	0
44390	2663	544.8	309.9	ffffff	1	20	6	291	228	0	0
44407	2664	544.8	310	ffffff	1	20	6	292	229	0	0
44424	2665	544.8	310	ffffff	1	20	6	292	229	0	0
44440	2666	544.8	310	ffffff	1	20	6	292	229	0	0
44457	2667	544.8	310	ffffff	1	20	6	292	229	0	0
44474	2668	544.8	310	ffffff	1	20	6	293	229	0	0
44491	2669	544.8	310	ffffff	1	20	6	293	229	0	0
44507	2670	544.8	310	ffffff	1	20	6	293	229	0	0
44525	2671	544.8	310	ffffff	1	20	6	294	229	0	0
44540	2672	544.8	310	ffffff	1	20	6	294	230	0	0
44557	2673	544.8	310	ffffff	1	19	7	355	230	0	0
44574	2674	544.8	310	ffffff	1	20	7	356	230	0	0
44590	2675	544.8	310	ffffff	1	20	7	358	230	0	0
44608	2676	544.8	310	ffffff	1	20	7	359	230	0	0
44625	2677	544.8	310	ffffff	1	20	7	361	230	0	0
44640	2678	544.8	310	ffffff	1	20	7	362	230	0	0
44657	2679	544.8	310	ffffff	1	20	7	364	231	0	0
44674	2680	544.8	310	ffffff	1	20	7	366	231	0	0
44690	2681	544.8	310	ffffff	1	20	7	368	231	0	0
44707	2682	544.8	310	ffffff	1	20	7	368	231	0	0
44725	2683	544.8	310	ffffff	1	20	7	370	231	0	0
44741	2684	544	312	ffffff	1	20	7	370	231	0	0
44757	2685	543.2	313.9	ffffff	1	20	7	369	231	0	0
44774	2686	542.5	315.6	ffffff	1	20	7	368	231	0	0
44791	2687	541.9	317.1	ffffff	1	20	7	368	231	0	0
44807	2688	541.3	318.4	ffffff	1	20	7	367	232	0	0
44824	2689	540.8	319.7	ffffff	1	20	7	367	232	0	0
44841	2690	540.4	320.8	ffffff	1	20	7	366	232	0	0
44858	2691	539.9	321.8	ffffff	1	21	7	365	232	0	0
44874	2692	539.6	322.7	ffffff	1	21	7	365	232	0	0
44891	2693	539.2	323.5	ffffff	1	21	7	365	232	0	0
44907	2694	538.9	324.2	ffffff	1	21	7	364	232	0	0
44924	2695	538.7	324.9	ffffff	1	21	7	364	232	0	0
44940	2696	538.4	325.5	ffffff	1	21	7	364	232	0	0
44960	2697	538.2	326	ffffff	1	21	7	364	232	0	0
44974	2698	538	326.5	ffffff	1	21	7	364	232	0	0
44991	2699	537.8	326.9	ffffff	1	20	8	393	233	0	0
45007	2700	537.7	327.3	ffffff	1	20	8	393	233	0	0
45025	2701	537.5	327.6	ffffff	1	20	8	393	233	0	0
45041	2702	537.4	327.9	ffffff	1	20	7	393	233	0	0
45057	2703	537.3	328.2	ffffff	1	20	7	393	233	0	0
45074	2704	538	326.4	ffffff	1	20	7	394	233	0	0
45091	2705	538.7	324.7	ffffff	1	20	7	396	233	0	0
45107	2706	539.4	323.2	ffffff	1	20	7	399	233	0	0
45124	2707	539.9	321.9	ffffff	1	20	7	401	233	0	0
45140	2708	540.4	320.7	ffffff	1	20	7	402	233	0	0
45158	2709	540.8	319.6	ffffff	1	20	7	372	233	0	0
45174	2710	541.2	318.7	ffffff	1	20	7	372	233	0	0
45191	2711	541.6	317.8	ffffff	1	20	7	371	234	0	0
45208	2712	541.9	317	ffffff	1	21	7	371	234	0	0
45224	2713	542.2	316.3	ffffff	1	21	7	370	234	0	0
45240	2714	542.5	315.7	ffffff	1	21	7	370	234	0	0
45257	2715	542.7	315.1	ffffff	1	21	7	370	234	0	0
45274	2716	542.9	314.6	ffffff	1	21	7	370	234	0	0
45291	2717	543.1	314.1	ffffff	1	21	7	370	234	0	0
45307	2718	543.3	313.7	ffffff	1	21	7	369	234	0	0
45324	2719	543.4	313.4	ffffff	1	21	7	369	234	0	0
45340	2720	543.6	313	ffffff	1	21	7	369	235	0	0
45357	2721	543.7	312.7	ffffff	1	21	7	369	235	0	0
45374	2722	543.8	312.5	ffffff	1	21	7	369	235	0	0
45390	2723	543.9	312.2	ffffff	1	21	5	370	235	0	0
45407	2724	544	312	ffffff	1	20	6	366	235	0	0
45423	2725	544.1	311.8	ffffff	1	20	6	363	235	0	0
45441	2726	544.2	311.6	ffffff	1	21	6	358	235	0	0
45457	2727	544.2	311.5	ffffff	1	21	6	355	235	0	0
45474	2728	544.3	311.3	ffffff	1	21	6	351	236	0	0
45490	2729	544.3	311.2	ffffff	1	21	6	347	236	0	0
45507	2730	544.4	311.1	ffffff	1	21	6	343	236	0	0
45525	2731	544.4	310.9	ffffff	1	21	6	339	236	0	0
45541	2732	544.5	310.9	ffffff	1	21	6	335	236	0	0
45559	2733	544.5	310.8	ffffff	1	21	6	331	236	0	0
45574	2734	544.5	310.7	ffffff	1	21	6	327	236	0	0
45591	2735	544.6	310.6	ffffff	1	21	6	324	236	0	0
45608	2736	544.6	310.6	ffffff	1	21	6	319	237	0	0
45624	2737	544.6	310.5	ffffff	1	21	6	317	237	0	0
45641	2738	544.6	310.5	ffffff	1	21	6	313	237	0	0
45657	2739	544.7	310.4	ffffff	1	21	6	309	237	0	0
45675	2740	544.7	310.4	ffffff	1	21	6	305	237	0	0
45691	2741	544.7	310.3	ffffff	1	21	6	301	237	0	0
45707	2742	544.7	310.3	ffffff	1	21	6	297	237	0	0
45725	2743	544.7	310.3	ffffff	1	21	6	293	238	0	0
45740	2744	544.7	310.2	ffffff	1	21	6	289	238	0	0
45757	2745	544.7	310.2	ffffff	1	22	6	285	238	0	0
45775	2746	544.7	310.2	ffffff	1	21	7	375	238	0	0
45791	2747	544.8	310.2	ffffff	1	21	7	377	238	0	0
45807	2748	544.8	310.2	ffffff	1	21	7	377	238	0	0
45823	2749	544.8	310.1	ffffff	1	21	7	377	238	0	0
45841	2750	544.8	310.1	ffffff	1	21	7	378	238	0	0
45857	2751	544.8	310.1	ffffff	1	21	7	379	239	0	0
45874	2752	544.8	310.1	ffffff	1	21	7	379	239	0	0
45890	2753	544.8	310.1	ffffff	1	21	7	381	239	0	0
45908	2754	544.8	310.1	ffffff	1	21	7	381	239	0	0
45924	2755	544.8	310.1	ffffff	1	21	7	382	239	0	0
45940	2756	544.8	310.1	ffffff	1	21	7	382	239	0	0
45957	2757	544.8	310.1	ffffff	1	21	7	383	239	0	0
45974	2758	544.8	310.1	ffffff	1	21	7	384	239	0	0
45990	2759	544.8	310	ffffff	1	21	7	385	240	0	0
46007	2760	544.8	310	ffffff	1	21	7	385	240	0	0
46024	2761	544.8	310	ffffff	1	21	7	387	240	0	0
46041	2762	544.8	310	ffffff	1	22	7	388	240	0	0
46058	2763	544.8	310	ffffff	1	22	7	389	240	0	0
46074	2764	544.8	310	ffffff	1	22	7	390	240	0	0
46091	2765	544.8	310	ffffff	1	22	7	390	240	0	0
46107	2766	544.8	310	ffffff	1	22	7	392	240	0	0
46125	2767	544.8	310	ffffff	1	22	7	393	241	0	0
46140	2768	544.8	310	ffffff	1	22	7	394	241	0	0
46157	2769	544.8	310	ffffff	1	22	7	395	241	0	0
46177	2770	544.8	310	ffffff	1	22	7	395	241	0	0
46193	2771	544.8	310	ffffff	1	22	7	397	241	0	0
46208	2772	544.8	310	ffffff	1	22	7	398	241	0	0
46226	2773	544.8	310	ffffff	1	22	7	320	241	0	0
46241	2774	544.8	310	ffffff	1	22	7	319	242	0	0
46257	2775	544.8	310	ffffff	1	22	7	318	242	0	0
46274	2776	544.8	310	ffffff	1	22	7	318	242	0	0
46291	2777	544.8	310	ffffff	1	22	7	318	242	0	0
46309	2778	544.8	310	ffffff	1	22	7	317	242	0	0
46325	2779	544.8	310	ffffff	1	22	7	317	242	0	0
46341	2780	544.8	310	ffffff	1	22	7	316	242	0	0
46357	2781	544.8	310	ffffff	1	22	7	316	242	0	0
46375	2782	544.8	310	ffffff	1	22	7	316	243	0	0
46391	2783	544.8	310	ffffff	1	22	8	316	243	0	0
46409	2784	544.8	310	ffffff	1	22	8	315	243	0	0
46424	2785	544.8	310	ffffff	1	22	8	315	243	0	0
46440	2786	544.8	310	ffffff	1	22	8	315	243	0	0
46457	2787	544.8	310	ffffff	1	22	8	314	243	0	0
46475	2788	544.8	310	ffffff	1	22	8	314	243	0	0
46490	2789	544.8	310	ffffff	1	22	8	315	243	0	0
46508	2790	544.8	310	ffffff	1	22	8	314	244	0	0
46523	2791	544.8	310	ffffff	1	22	8	314	244	0	0
46540	2792	544.8	310	ffffff	1	22	8	314	244	0	0
46557	2793	544.8	310	ffffff	1	22	8	314	244	0	0
46574	2794	544.8	310	ffffff	1	22	8	314	244	0	0
46593	2795	544.8	310	ffffff	1	22	8	315	244	0	0
46608	2796	544.8	310	ffffff	1	22	8	315	244	0	0
46624	2797	544.8	310	ffffff	1	22	8	314	245	0	0
46640	2798	544	312	ffffff	1	22	8	313	245	0	0
46658	2799	543.2	313.9	ffffff	1	22	8	310	245	0	0
46674	2800	542.5	315.6	ffffff	1	23	8	308	245	0	0
46691	2801	541.9	317.1	ffffff	1	23	8	306	245	0	0
46707	2802	541.3	318.5	ffffff	1	23	8	304	245	0	0
46724	2803	540.8	319.7	ffffff	1	23	8	301	245	0	0
46741	2804	540.3	320.8	ffffff	1	23	7	299	245	0	0
46757	2805	540	321.8	ffffff	1	23	7	298	245	0	0
46774	2806	539.6	322.7	ffffff	1	23	7	295	245	0	0
46791	2807	539.2	323.5	ffffff	1	23	7	293	246	0	0
46809	2808	539.8	322.1	ffffff	1	23	7	293	246	0	0
46825	2809	540.3	320.9	ffffff	1	23	7	294	246	0	0
46841	2810	540.7	319.8	ffffff	1	23	7	295	246	0	0
46857	2811	541.2	318.9	ffffff	1	23	7	295	246	0	0
46874	2812	541.5	318	ffffff	1	23	7	296	246	0	0
46891	2813	541.9	317.2	ffffff	1	23	7	296	246	0	0
46908	2814	542.2	316.4	ffffff	1	23	7	297	246	0	0
46924	2815	542.4	315.8	ffffff	1	23	7	297	246	0	0
46941	2816	542.7	315.2	ffffff	1	23	7	298	247	0	0
46958	2817	542.9	314.7	ffffff	1	23	7	299	247	0	0
46974	2818	543.1	314.2	ffffff	1	23	7	300	247	0	0
46990	2819	543.2	313.8	ffffff	1	23	7	301	247	0	0
47008	2820	543.4	313.4	ffffff	1	23	7	302	247	0	0
47024	2821	543.5	313.1	ffffff	1	23	7	302	247	0	0
47042	2822	543.7	312.8	ffffff	1	22	8	303	247	0	0
47057	2823	543.8	312.5	ffffff	1	23	8	304	247	0	0
47074	2824	543.9	312.3	ffffff	1	23	8	305	247	0	0
47091	2825	544	312	ffffff	1	23	8	307	248	0	0
47107	2826	544.1	311.8	ffffff	1	23	8	307	248	0	0
47125	2827	544.1	311.6	ffffff	1	23	8	308	248	0	0
47140	2828	544.2	311.5	ffffff	1	23	8	309	248	0	0
47157	2829	544.3	311.3	ffffff	1	23	8	310	248	0	0
47174	2830	544.3	311.2	ffffff	1	23	8	312	248	0	0
47191	2831	544.4	311.1	ffffff	1	23	8	312	248	0	0
47208	2832	544.4	311	ffffff	1	23	8	313	248	0	0
47224	2833	544.5	310.9	ffffff	1	23	8	315	249	0	0
47240	2834	544.5	310.8	ffffff	1	23	8	316	249	0	0
47257	2835	544.5	310.7	ffffff	1	23	8	317	249	0	0
47273	2836	544.6	310.6	ffffff	1	23	8	318	249	0	0
47291	2837	544.6	310.6	ffffff	1	23	8	319	249	0	0
47307	2838	544.6	310.5	ffffff	1	23	8	321	249	0	0
47324	2839	544.6	310.5	ffffff	1	23	8	322	249	0	0
47341	2840	544.7	310.4	ffffff	1	23	8	321	250	0	0
47358	2841	544.7	310.4	ffffff	1	23	8	317	250	0	0
47374	2842	544.7	310.3	ffffff	1	24	8	314	250	0	0
47391	2843	544.7	310.3	ffffff	1	24	8	310	250	0	0
47408	2844	544.7	310.3	ffffff	1	24	8	306	250	0	0
47425	2845	544.7	310.2	ffffff	1	23	9	302	250	0	0
47441	2846	544.7	310.2	ffffff	1	23	9	298	250	0	0
47458	2847	544.7	310.2	ffffff	1	23	9	294	250	0	0
47475	2848	544.7	310.2	ffffff	1	23	9	290	251	0	0
47491	2849	544.8	310.2	ffffff	1	23	9	286	251	0	0
47508	2850	544.8	310.1	ffffff	1	23	9	282	251	0	0
47525	2851	544.8	310.1	ffffff	1	23	9	278	251	0	0
47541	2852	544.8	310.1	ffffff	1	23	9	275	251	0	0
47557	2853	544.8	310.1	ffffff	1	24	9	271	251	0	0
47574	2854	544.8	310.1	ffffff	1	24	9	267	251	0	0
47592	2855	544.8	310.1	ffffff	1	24	9	263	251	0	0
47607	2856	544.8	310.1	ffffff	1	24	9	259	252	0	0
47624	2857	544.8	310.1	ffffff	1	24	9	256	252	0	0
47641	2858	544.8	310.1	ffffff	1	24	9	251	252	0	0
47658	2859	544.8	310.1	ffffff	1	24	9	247	252	0	0
47675	2860	544.8	310.1	ffffff	1	24	9	244	252	0	0
47692	2861	544.8	310	ffffff	1	24	9	240	252	0	0
47707	2862	544.8	310	ffffff	1	24	9	237	252	0	0
47724	2863	544.8	310	ffffff	1	24	9	233	253	0	0
47740	2864	544.8	310	ffffff	1	24	9	229	253	0	0
47757	2865	544.8	310	ffffff	1	24	9	225	253	0	0
47774	2866	544.8	310	ffffff	1	24	9	221	253	0	0
47790	2867	544.8	310	ffffff	1	24	9	217	253	0	0
47807	2868	544.8	310	ffffff	1	24	9	213	253	0	0
47824	2869	544.8	310	ffffff	1	24	9	209	253	0	0
47840	2870	544.8	310	ffffff	1	24	9	205	253	0	0
47856	2871	544.8	310	ffffff	1	24	9	202	254	0	0
47875	2872	544.8	310	ffffff	1	24	9	197	254	0	0
47890	2873	544.8	310	ffffff	1	24	9	194	254	0	0
47907	2874	544.8	310	ffffff	1	24	9	190	254	0	0
47925	2875	544.8	310	ffffff	1	25	9	186	254	0	0
47941	2876	544.8	310	ffffff	1	25	9	182	254	0	0
47957	2877	544.8	310	ffffff	1	25	9	178	254	0	0
47974	2878	543.9	312.1	ffffff	1	25	9	176	254	0	0
47991	2879	543.2	314	ffffff	1	25	9	173	255	0	0
48008	2880	542.5	315.7	ffffff	1	25	2	171	255	0	0
48024	2881	541.9	317.2	ffffff	1	25	2	169	255	0	0
48040	2882	541.3	318.5	ffffff	1	24	3	293	255	0	0
48057	2883	541.7	317.6	ffffff	1	24	3	292	255	0	0
48075	2884	542	316.8	ffffff	1	24	3	293	255	0	0
48090	2885	542.3	316.2	ffffff	1	24	3	294	255	0	0
48107	2886	542.5	315.6	ffffff	1	24	3	293	255	0	0
48124	2887	542.8	315	ffffff	1	24	3	294	255	0	0
48140	2888	543	314.5	ffffff	1	24	3	294	256	0	0
48158	2889	543.1	314	ffffff	1	24	3	295	256	0	0
48174	2890	543.3	313.6	ffffff	1	24	3	296	256	0	0
48190	2891	543.5	313.3	ffffff	1	24	3	296	256	0	0
48208	2892	543.6	312.9	ffffff	1	24	3	297	256	0	0
48224	2893	543.7	312.7	ffffff	1	24	3	298	256	0	0
48241	2894	543.8	312.4	ffffff	1	24	3	298	256	0	0
48259	2895	543.9	312.1	ffffff	1	25	3	298	256	0	0
48274	2896	544	311.9	ffffff	1	25	3	299	257	0	0
48291	2897	544.1	311.7	ffffff	1	25	3	299	257	0	0
48306	2898	544.2	311.6	ffffff	1	25	3	301	257	0	0
48323	2899	544.2	311.4	ffffff	1	25	3	302	257	0	0
48341	2900	544.3	311.3	ffffff	1	25	3	302	257	0	0
48358	2901	544.3	311.1	ffffff	1	25	3	303	257	0	0
48374	2902	544.4	311	ffffff	1	25	3	303	257	0	0
48391	2903	541.5	310.9	ffffff	1	25	3	303	257	0	0
48407	2904	539	310.8	ffffff	1	25	3	302	258	0	0
48424	2905	536.6	310.7	ffffff	1	25	3	301	258	0	0
48440	2906	534.6	310.7	ffffff	1	25	3	301	258	0	0
48457	2907	532.6	310.6	ffffff	1	25	3	300	258	0	0
48473	2908	530.9	310.5	ffffff	1	25	3	299	258	0	0
48493	2909	529.3	310.5	ffffff	1	25	3	299	258	0	0
48508	2910	528	310.4	ffffff	1	25	3	298	258	0	0
48524	2911	526.7	310.4	ffffff	1	25	3	297	258	0	0
48542	2912	525.6	310.4	ffffff	1	25	3	297	258	0	0
48558	2913	524.5	310.3	ffffff	1	25	2	296	258	0	0
48574	2914	523.6	310.3	ffffff	1	26	2	295	258	0	0
48590	2915	522.8	310.3	ffffff	1	26	2	295	258	0	0
48607	2916	522.1	310.2	ffffff	1	26	2	294	258	0	0
48624	2917	521.4	310.2	ffffff	1	26	2	293	258	0	0
48641	2918	520.9	310.2	ffffff	1	26	2	292	258	0	0
48658	2919	520.3	310.2	ffffff	1	26	2	292	258	0	0
48674	2920	519.8	310.2	ffffff	1	26	2	291	258	0	0
48692	2921	519.4	310.1	ffffff	1	26	2	290	258	0	0
48709	2922	519	310.1	ffffff	1	25	3	289	258	0	0
48724	2923	518.7	310.1	ffffff	1	25	3	289	258	0	0
48740	2924	518.3	310.1	ffffff	1	25	3	288	258	0	0
48757	2925	518.1	310.1	ffffff	1	25	3	287	258	0	0
48774	2926	517.8	310.1	ffffff	1	25	3	287	258	0	0
48791	2927	517.6	310.1	ffffff	1	25	3	286	258	0	0
48808	2928	517.4	310.1	ffffff	1	25	3	285	258	0	0
48823	2929	517.2	310.1	ffffff	1	25	3	285	258	0	0
48841	2930	507.6	311.1	ffffff	1	25	3	284	259	6	0
48857	2931	525.5	312.1	ffffff	1	25	3	283	258	6	0
48876	2932	515.1	318.2	ffffff	1	25	3	282	259	6	0
48892	2933	510.3	305.6	ffffff	1	25	3	282	259	6	0
48909	2934	509.4	308.9	ffffff	1	25	2	280	259	6	0
48924	2935	519.4	316	ffffff	1	25	2	280	258	6	0
48942	2936	517.5	316	ffffff	1	25	2	280	258	6	0
48958	2937	518.3	304.9	ffffff	1	26	2	279	258	6	0
48974	2938	512.4	313.3	ffffff	1	26	2	278	259	6	0
48991	2939	515	305.7	ffffff	1	25	3	343	258	6	0
49008	2940	514.7	306.4	ffffff	1	25	3	342	258	6	0
49024	2941	514.3	307.2	ffffff	1	25	3	342	259	6	0
49042	2942	517.1	312.5	ffffff	1	26	3	341	258	6	0
49060	2943	515.6	307.9	ffffff	1	26	3	341	258	6	0
49076	2944	514.4	309.3	ffffff	1	26	3	340	259	6	0
49092	2945	516.1	309	ffffff	1	26	3	340	258	6	0
49108	2946	515.8	310.5	ffffff	1	27	3	339	258	6	0
49125	2947	515.8	310	ffffff	1	27	3	339	258	6	0
49141	2948	515.7	310	ffffff	1	27	3	338	258	6	0
49158	2949	515.7	310	ffffff	1	27	3	337	258	6	0
49176	2950	515.7	310	ffffff	1	27	3	337	258	6	0
49192	2951	515.7	310	ffffff	1	27	3	336	258	6	0
49207	2952	515.6	310	ffffff	1	27	3	336	258	6	0
49223	2953	515.6	310	ffffff	1	27	3	335	258	6	0
49240	2954	515.6	310	ffffff	1	27	3	334	258	6	0
49260	2955	515.6	310	ffffff	1	27	3	334	258	6	0
49275	2956	515.6	310	ffffff	1	27	3	333	258	6	0
49291	2957	515.6	310	ffffff	1	27	3	333	258	6	0
49308	2958	515.6	310	ffffff	1	27	3	332	258	6	0
49323	2959	515.6	310	ffffff	1	27	3	331	258	6	0
49340	2960	515.6	310	ffffff	1	27	3	331	258	6	0
49357	2961	515.6	310	ffffff	1	27	3	330	258	6	0
49375	2962	515.6	310	ffffff	1	27	3	330	258	6	0
49391	2963	515.5	310	ffffff	1	27	3	329	258	6	0
49407	2964	515.5	310	ffffff	1	27	3	328	258	6	0
49424	2965	515.5	310	ffffff	1	28	3	328	258	6	0
49442	2966	515.5	310	ffffff	1	28	3	327	258	6	0
49458	2967	515.5	310	ffffff	1	28	3	327	258	6	0
49474	2968	515.5	310	ffffff	1	28	3	326	258	6	0
49492	2969	515.5	310	ffffff	1	28	3	325	258	6	0
49508	2970	515.5	310	ffffff	1	28	3	325	258	6	0
49524	2971	515.5	310	ffffff	1	28	3	324	258	6	0
49540	2972	515.5	310	ffffff	1	28	3	324	258	6	0
49557	2973	515.5	310	ffffff	1	28	3	323	258	6	0
49574	2974	515.5	310	ffffff	1	28	3	322	258	6	0
49590	2975	515.5	310	ffffff	1	28	3	322	258	6	0
49607	2976	515.5	310	ffffff	1	28	3	321	258	6	0
49626	2977	515.5	310	ffffff	1	28	3	321	258	6	0
49641	2978	515.5	310	ffffff	1	28	3	320	258	6	0
49657	2979	515.5	310	ffffff	1	28	3	319	258	6	0
49674	2980	515.5	310	ffffff	1	28	3	319	258	6	0
49691	2981	515.5	310	ffffff	1	27	4	318	258	6	0
49708	2982	515.5	310	ffffff	1	26	5	318	258	6	0
49726	2983	515.5	310	ffffff	1	26	5	317	258	6	0
49742	2984	515.5	310	ffffff	1	27	5	316	258	6	0
49757	2985	515.5	310	ffffff	1	27	5	316	258	6	0
49774	2986	515.5	310	ffffff	1	27	5	315	258	6	0
49791	2987	515.5	310	ffffff	1	27	5	315	258	6	0
49807	2988	515.5	310	ffffff	1	26	6	314	258	6	0
49825	2989	515.5	310	ffffff	1	25	7	313	258	6	0
49841	2990	515.5	310	ffffff	1	25	7	313	258	6	0
49858	2991	515.5	310	ffffff	1	25	7	312	258	6	0
49874	2992	515.5	310	ffffff	1	25	7	312	258	6	0
49891	2993	515.5	310	ffffff	1	25	7	311	258	6	0
49908	2994	515.5	310	ffffff	1	25	7	310	258	6	0
49925	2995	515.5	310	ffffff	1	25	7	310	258	6	0
49941	2996	515.5	310	ffffff	1	25	7	309	258	6	0
49957	2997	515.5	310	ffffff	1	25	7	309	258	5	0
49974	2998	515.5	310	ffffff	1	25	7	308	258	4	0
49991	2999	515.5	310	ffffff	1	25	7	307	258	4	0
50008	3000	515.5	310	ffffff	1	25	7	307	258	4	0
50024	3001	515.5	310	ffffff	1	25	7	306	258	4	0
50040	3002	515.5	310	ffffff	1	25	7	306	258	4	0
50057	3003	515.5	310	ffffff	1	25	7	305	258	4	0
50074	3004	515.5	310	ffffff	1	25	7	304	258	4	0
50091	3005	515.5	310	ffffff	1	25	7	304	258	4	0
50108	3006	515.5	310	ffffff	1	25	7	303	258	4	0
50124	3007	515.5	310	ffffff	1	25	7	303	258	4	0
50141	3008	515.5	310	ffffff	1	26	7	302	258	4	0
50159	3009	515.5	310	ffffff	1	26	7	301	258	4	0
50174	3010	515.5	310	ffffff	1	25	8	301	258	4	0
50191	3011	515.5	310	ffffff	1	25	8	300	258	4	0
50208	3012	515.5	310	ffffff	1	25	8	299	258	4	0
50226	3013	515.5	310	ffffff	1	25	8	299	258	4	0
50241	3014	515.5	310	ffffff	1	25	8	298	258	4	0
50258	3015	515.5	310	ffffff	1	25	8	298	258	4	0
50275	3016	515.5	310	ffffff	1	25	8	297	258	4	0
50291	3017	515.5	310	ffffff	1	26	8	297	258	4	0
50308	3018	515.5	310	ffffff	1	26	8	296	258	4	0
50325	3019	515.5	310	ffffff	1	26	8	295	258	4	0
50341	3020	515.5	310	ffffff	1	26	8	295	258	4	0
50358	3021	515.5	310	ffffff	1	25	9	334	258	4	0
50374	3022	515.5	310	ffffff	1	25	9	334	258	4	0
50391	3023	515.5	310	ffffff	1	25	9	333	258	3	0
50407	3024	515.5	310	ffffff	1	25	9	332	258	3	0
50424	3025	515.5	310	ffffff	1	25	9	332	258	2	0
50441	3026	515.5	310	ffffff	1	25	9	331	258	2	0
50458	3027	515.5	310	ffffff	1	25	9	330	258	2	0
50475	3028	515.5	310	ffffff	1	25	9	330	258	2	0
50492	3029	515.5	310	ffffff	1	25	9	328	258	2	0
50507	3030	515.5	310	ffffff	1	25	9	327	258	2	0
50525	3031	515.5	310	ffffff	1	25	9	327	258	2	0
50542	3032	515.5	310	ffffff	1	25	9	327	258	2	0
50558	3033	515.5	310	ffffff	1	25	9	325	258	2	0
50575	3034	515.5	310	ffffff	1	25	9	325	258	2	0
50592	3035	515.5	310	ffffff	1	25	9	324	258	2	0
50608	3036	515.5	310	ffffff	1	26	9	323	258	2	0
50626	3037	515.5	310	ffffff	1	26	9	323	258	2	0
50641	3038	515.5	310	ffffff	1	26	9	322	258	2	0
50658	3039	515.5	310	ffffff	1	26	9	321	258	2	0
50674	3040	515.5	310	ffffff	1	26	9	321	258	2	0
50693	3041	515.5	310	ffffff	1	26	9	320	258	2	0
50707	3042	515.5	310	ffffff	1	26	9	319	258	2	0
50724	3043	515.5	310	ffffff	1	26	9	319	258	2	0
50740	3044	515.5	310	ffffff	1	26	9	318	258	1	0
50757	3045	515.5	310	ffffff	1	26	9	318	258	1	0
50774	3046	515.5	310	ffffff	1	26	9	317	258	1	0
50790	3047	515.5	310	ffffff	1	26	9	316	258	1	0
50808	3048	515.5	310	ffffff	1	26	9	315	258	1	0
50824	3049	515.5	310	ffffff	1	26	9	315	258	1	0
50841	3050	515.5	310	ffffff	1	26	9	314	258	1	0
50856	3051	515.5	310	ffffff	1	26	9	314	258	1	0
50874	3052	515.5	310	ffffff	1	26	9	313	258	1	0
50891	3053	515.5	310	ffffff	1	26	9	312	258	1	0
50907	3054	515.5	310	ffffff	1	26	9	312	258	1	0
50925	3055	515.5	310	ffffff	1	27	9	310	258	1	0
50941	3056	515.5	310	ffffff	1	27	9	309	258	1	0
50958	3057	515.5	310	ffffff	1	27	9	309	258	1	0
50975	3058	515.5	310	ffffff	1	27	9	309	258	1	0
50991	3059	515.5	310	ffffff	1	27	9	307	258	1	0
51008	3060	515.5	310	ffffff	1	27	9	307	258	1	0
51025	3061	515.5	310	ffffff	1	27	9	306	258	1	0
51041	3062	515.5	310	ffffff	1	27	9	305	258	0	0
51057	3063	515.5	310	ffffff	1	27	9	305	258	0	0
51074	3064	515.5	310	ffffff	1	26	10	330	258	0	0
51090	3065	515.5	310	ffffff	1	26	10	330	258	0	0
51108	3066	515.5	310	ffffff	1	26	10	329	258	0	0
51123	3067	515.5	310	ffffff	1	26	10	329	258	0	0
51141	3068	515.5	310	ffffff	1	26	10	328	258	0	0
51158	3069	515.5	310	ffffff	1	26	10	328	258	0	0
51174	3070	515.5	310	ffffff	1	26	10	327	258	0	0
51191	3071	515.5	310	ffffff	1	26	10	326	258	0	0
51208	3072	515.5	310	ffffff	1	26	10	325	258	0	0
51225	3073	515.5	310	ffffff	1	26	10	325	258	0	0
51241	3074	515.5	310	ffffff	1	26	10	324	258	0	0
51257	3075	515.5	310	ffffff	1	26	10	324	258	0	0
51275	3076	515.5	310	ffffff	1	26	10	323	258	0	0
51292	3077	515.5	310	ffffff	1	26	10	323	258	0	0
51306	3078	515.5	310	ffffff	1	26	10	322	258	0	0
51324	3079	515.5	310	ffffff	1	27	10	322	258	0	0
51340	3080	515.5	310	ffffff	1	27	10	320	258	0	0
51358	3081	515.5	310	ffffff	1	27	10	320	258	0	0
51373	3082	515.5	310	ffffff	1	27	10	320	258	0	0
51390	3083	515.5	310	ffffff	1	27	10	319	258	0	0
51408	3084	515.5	310	ffffff	1	27	10	318	258	0	0
51425	3085	515.5	310	ffffff	1	27	10	318	258	0	0
51441	3086	515.5	310	ffffff	1	27	10	317	258	0	0
51457	3087	515.5	310	ffffff	1	27	10	317	258	0	0
51474	3088	515.5	310	ffffff	1	27	10	315	258	0	0
51491	3089	515.5	310	ffffff	1	27	10	315	258	0	0
51508	3090	515.5	310	ffffff	1	27	10	315	258	0	0
51525	3091	515.5	310	ffffff	1	27	10	313	258	0	0
51540	3092	515.5	310	ffffff	1	27	10	313	258	0	0
51560	3093	515.5	310	ffffff	1	28	10	312	258	0	0
51573	3094	515.5	310	ffffff	1	28	10	312	258	0	0
51590	3095	515.5	310	ffffff	1	28	10	311	258	0	0
51607	3096	515.5	310	ffffff	1	28	10	311	258	0	0
51624	3097	515.5	310	ffffff	1	28	10	310	258	0	0
51641	3098	515.5	310	ffffff	1	28	10	310	258	0	0
51657	3099	515.5	310	ffffff	1	28	10	308	258	0	0
51674	3100	515.5	310	ffffff	1	28	10	308	258	0	0
51690	3101	515.5	310	ffffff	1	28	10	307	258	0	0
51707	3102	515.5	310	ffffff	1	28	10	307	258	0	0
51724	3103	515.5	310	ffffff	1	28	10	306	258	0	0
51741	3104	515.5	310	ffffff	1	28	10	306	258	0	0
51758	3105	515.5	310	ffffff	1	28	10	305	258	0	0
51774	3106	515.5	310	ffffff	1	27	11	343	258	0	0
51791	3107	515.5	310	ffffff	1	27	11	342	258	0	0
51807	3108	515.5	310	ffffff	1	28	11	341	258	0	0
51824	3109	515.5	310	ffffff	1	28	11	339	258	0	0
51840	3110	515.5	310	ffffff	1	28	11	338	258	0	0
51859	3111	515.5	310	ffffff	1	28	11	337	258	0	0
51874	3112	515.5	310	ffffff	1	28	11	335	258	0	0
51891	3113	515.5	310	ffffff	1	28	11	334	258	0	0
51907	3114	515.5	310	ffffff	1	28	11	333	258	0	0
51924	3115	515.5	310	ffffff	1	28	11	331	258	0	0
51942	3116	515.5	310	ffffff	1	28	11	330	258	0	0
51957	3117	515.5	310	ffffff	1	28	11	328	258	0	0
51974	3118	515.5	310	ffffff	1	28	11	327	258	0	0
51991	3119	515.5	310	ffffff	1	28	11	326	258	0	0
52008	3120	515.5	310	ffffff	1	28	11	324	258	0	0
52024	3121	515.5	310	ffffff	1	28	11	323	258	0	0
52041	3122	515.5	310	ffffff	1	28	11	322	258	0	0
52058	3123	515.5	310	ffffff	1	28	11	320	258	0	0
52074	3124	515.5	310	ffffff	1	28	11	319	258	0	0
52092	3125	515.5	310	ffffff	1	28	11	317	258	0	0
52108	3126	515.5	310	ffffff	1	28	11	316	258	0	0
52125	3127	515.5	310	ffffff	1	29	11	315	258	0	0
52141	3128	515.5	310	ffffff	1	29	11	313	258	0	0
52157	3129	515.5	310	ffffff	1	29	11	312	258	0	0
52174	3130	515.5	310	ffffff	1	29	11	311	258	0	0
52191	3131	515.5	310	ffffff	1	29	11	309	258	0	0
52208	3132	515.5	310	ffffff	1	29	11	308	258	0	0
52224	3133	515.5	310	ffffff	1	29	11	307	258	0	0
52243	3134	515.5	310	ffffff	1	29	11	305	258	0	0
52257	3135	515.5	310	ffffff	1	29	11	304	258	0	0
52275	3136	515.5	310	ffffff	1	29	11	302	258	0	0
52291	3137	515.5	310	ffffff	1	29	11	301	258	0	0
52308	3138	515.5	310	ffffff	1	29	11	300	258	0	0
52324	3139	515.5	310	ffffff	1	29	11	298	258	0	0
52340	3140	515.5	310	ffffff	1	29	11	297	258	0	0
52358	3141	515.5	310	ffffff	1	29	11	296	258	0	0
52374	3142	515.5	310	ffffff	1	29	11	294	258	0	0
52391	3143	515.5	310	ffffff	1	29	11	293	258	0	0
52408	3144	515.5	310	ffffff	1	29	11	292	258	0	0
52424	3145	515.5	310	ffffff	1	29	11	290	258	0	0
52441	3146	515.5	310	ffffff	1	29	11	289	258	0	0
52458	3147	515.5	310	ffffff	1	29	11	287	258	0	0
52476	3148	515.5	310	ffffff	1	29	11	286	258	0	0
52492	3149	515.5	310	ffffff	1	29	11	287	258	0	0
52509	3150	515.5	310	ffffff	1	30	11	287	258	0	0
52525	3151	515.5	310	ffffff	1	30	11	287	258	0	0
52540	3152	515.5	310	ffffff	1	30	11	287	258	0	0
52559	3153	515.5	310	ffffff	1	30	11	288	258	0	0
52574	3154	515.5	310	ffffff	1	30	11	287	258	0	0
52592	3155	515.5	310	ffffff	1	30	11	287	258	0	0
52607	3156	515.5	310	ffffff	1	30	11	287	258	0	0
52625	3157	515.5	310	ffffff	1	30	11	287	258	0	0
52642	3158	515.5	310	ffffff	1	30	11	286	258	0	0
52658	3159	515.5	310	ffffff	1	30	11	286	258	0	0
52675	3160	515.5	310	ffffff	1	30	11	285	258	0	0
52692	3161	515.5	310	ffffff	1	30	11	285	258	0	0
52707	3162	515.5	310	ffffff	1	30	11	284	258	0	0
52725	3163	515.5	310	ffffff	1	30	11	283	258	0	0
52741	3164	515.5	310	ffffff	1	31	11	282	258	0	0
52758	3165	515.5	310	ffffff	1	31	11	282	258	0	0
52773	3166	515.5	310	ffffff	1	31	11	281	258	0	0
52790	3167	515.5	310	ffffff	1	31	11	280	258	0	0
52808	3168	515.5	310	ffffff	1	31	11	279	258	0	0
52825	3169	515.5	310	ffffff	1	31	11	279	258	0	0
52842	3170	515.5	310	ffffff	1	31	11	280	258	0	0
52858	3171	515.5	310	ffffff	1	31	11	280	258	0	0
52875	3172	515.5	310	ffffff	1	31	11	280	258	0	0
52891	3173	515.5	310	ffffff	1	31	11	280	258	0	0
52907	3174	515.5	310	ffffff	1	31	11	280	258	0	0
52924	3175	515.5	310	ffffff	1	31	11	280	258	0	0
52941	3176	515.5	310	ffffff	1	31	11	280	258	0	0
52956	3177	515.5	310	ffffff	1	31	11	280	258	0	0
52973	3178	515.5	310	ffffff	1	31	11	279	258	0	0
52990	3179	515.5	310	ffffff	1	31	11	279	258	0	0
53007	3180	515.5	310	ffffff	1	31	11	278	258	0	0
53023	3181	515.5	310	ffffff	1	31	11	277	258	0	0
53041	3182	515.5	310	ffffff	1	31	11	277	258	0	0
53058	3183	515.5	310	ffffff	1	31	11	276	258	0	0
53073	3184	515.5	310	ffffff	1	31	11	275	258	0	0
53091	3185	515.5	310	ffffff	1	31	11	274	258	0	0
53108	3186	515.5	310	ffffff	1	31	11	273	258	0	0
53124	3187	515.5	310	ffffff	1	31	11	272	258	0	0
53141	3188	515.5	310	ffffff	1	32	11	271	258	0	0
53158	3189	515.5	310	ffffff	1	32	11	270	258	0	0
53175	3190	515.5	310	ffffff	1	32	11	271	258	0	0
53193	3191	515.5	310	ffffff	1	32	11	272	258	0	0
53208	3192	515.5	310	ffffff	1	32	11	272	258	0	0
53224	3193	515.5	310	ffffff	1	32	11	272	258	0	0
53241	3194	515.5	310	ffffff	1	32	11	272	258	0	0
53258	3195	515.5	310	ffffff	1	32	11	272	258	0	0
53276	3196	515.5	310	ffffff	1	32	11	272	258	0	0
53292	3197	515.5	310	ffffff	1	32	11	272	258	0	0
53307	3198	515.5	310	ffffff	1	32	11	271	258	0	0
53323	3199	515.5	310	ffffff	1	32	11	271	258	0	0
53341	3200	515.5	310	ffffff	1	32	11	270	258	0	0
53358	3201	515.5	310	ffffff	1	32	11	270	258	0	0
53374	3202	515.5	310	ffffff	1	32	11	269	258	0	0
53392	3203	515.5	310	ffffff	1	32	11	268	258	0	0
53408	3204	515.5	310	ffffff	1	32	11	268	258	0	0
53424	3205	515.5	310	ffffff	1	32	11	267	258	0	0
53440	3206	515.5	310	ffffff	1	32	11	266	258	0	0
53458	3207	515.5	310	ffffff	1	32	11	265	258	0	0
53476	3208	515.5	310	ffffff	1	32	11	264	258	0	0
53491	3209	515.5	310	ffffff	1	33	11	263	258	0	0
53508	3210	515.5	310	ffffff	1	33	11	262	258	0	0
53525	3211	515.5	310	ffffff	1	32	12	283	258	0	0
53542	3212	515.5	310	ffffff	1	32	12	283	258	0	0
53558	3213	515.5	310	ffffff	1	32	12	282	258	0	0
53573	3214	515.5	310	ffffff	1	32	12	281	258	0	0
53591	3215	515.5	310	ffffff	1	32	12	281	258	0	0
53607	3216	515.5	310	ffffff	1	32	12	280	258	0	0
53624	3217	515.5	310	ffffff	1	32	12	280	258	0	0
53640	3218	515.5	310	ffffff	1	32	12	278	258	0	0
53658	3219	515.5	310	ffffff	1	32	12	278	258	0	0
53675	3220	515.5	310	ffffff	1	32	12	277	258	0	0
53690	3221	515.5	310	ffffff	1	32	12	277	258	0	0
53708	3222	515.5	310	ffffff	1	34	12	275	258	0	0
53726	3223	515.5	310	ffffff	1	34	12	275	258	0	0
53741	3224	515.5	310	ffffff	1	34	12	274	258	0	0
53758	3225	515.5	310	ffffff	1	34	12	274	258	0	0
53775	3226	515.5	310	ffffff	1	34	12	273	258	0	0
53791	3227	515.5	310	ffffff	1	34	12	273	258	0	0
53809	3228	515.5	310	ffffff	1	34	12	272	258	0	0
53824	3229	515.5	310	ffffff	1	34	12	271	258	0	0
53841	3230	515.5	310	ffffff	1	34	12	270	258	0	0
53858	3231	515.5	310	ffffff	1	34	12	270	258	0	0
53876	3232	515.5	310	ffffff	1	33	13	285	258	0	0
53891	3233	515.5	310	ffffff	1	33	13	285	258	0	0
53907	3234	515.5	310	ffffff	1	33	13	284	258	0	0
53923	3235	515.5	310	ffffff	1	33	13	282	258	0	0
53940	3236	515.5	310	ffffff	1	34	13	282	258	0	0
53957	3237	515.5	310	ffffff	1	34	13	281	258	0	0
53975	3238	515.5	310	ffffff	1	34	13	280	258	0	0
53990	3239	515.5	310	ffffff	1	34	13	280	258	0	0
54008	3240	515.5	310	ffffff	1	34	13	279	258	0	0
54027	3241	515.5	310	ffffff	1	34	13	278	258	0	0
54040	3242	515.5	310	ffffff	1	34	13	278	258	0	0
54057	3243	515.5	310	ffffff	1	34	13	277	258	0	0
54075	3244	515.5	310	ffffff	1	34	13	277	258	0	0
54090	3245	515.5	310	ffffff	1	34	13	276	258	0	0
54107	3246	515.5	310	ffffff	1	34	13	275	258	0	0
54126	3247	515.5	310	ffffff	1	34	13	275	258	0	0
54140	3248	515.5	310	ffffff	1	34	13	274	258	0	0
54157	3249	515.5	310	ffffff	1	34	13	273	258	0	0
54175	3250	515.5	310	ffffff	1	34	13	273	258	0	0
54190	3251	515.5	310	ffffff	1	34	13	272	258	0	0
54208	3252	515.5	310	ffffff	1	34	13	271	258	0	0
54225	3253	515.5	310	ffffff	1	34	13	271	258	0	0
54240	3254	515.5	310	ffffff	1	33	14	286	258	0	0
54258	3255	515.5	310	ffffff	1	33	14	285	258	0	0
54274	3256	515.5	310	ffffff	1	33	14	284	258	0	0
54291	3257	515.5	310	ffffff	1	33	14	283	258	0	0
54307	3258	515.5	310	ffffff	1	33	14	282	258	0	0
54323	3259	515.5	310	ffffff	1	34	14	282	258	0	0
54341	3260	515.5	310	ffffff	1	34	14	281	258	0	0
54359	3261	515.5	310	ffffff	1	34	14	281	258	0	0
54374	3262	515.5	310	ffffff	1	34	14	280	258	0	0
54391	3263	515.5	310	ffffff	1	34	14	279	258	0	0
54407	3264	515.5	310	ffffff	1	34	14	278	258	0	0
54426	3265	515.5	310	ffffff	1	34	14	278	258	0	0
54441	3266	515.5	310	ffffff	1	34	14	277	258	0	0
54457	3267	515.5	310	ffffff	1	34	14	276	258	0	0
54476	3268	515.5	310	ffffff	1	34	14	276	258	0	0
54491	3269	515.5	310	ffffff	1	34	14	275	258	0	0
54507	3270	515.5	310	ffffff	1	34	14	274	258	0	0
54524	3271	515.5	310	ffffff	1	34	14	274	258	0	0
54541	3272	515.5	310	ffffff	1	34	14	273	258	0	0
54559	3273	515.5	310	ffffff	1	34	14	272	258	0	0
54575	3274	515.5	310	ffffff	1	34	14	272	258	0	0
54591	3275	515.5	310	ffffff	1	34	14	271	258	0	0
54607	3276	515.5	310	ffffff	1	33	15	281	258	0	0
54624	3277	515.5	310	ffffff	1	33	15	281	258	0	0
54640	3278	515.5	310	ffffff	1	33	15	280	258	0	0
54657	3279	515.5	310	ffffff	1	33	15	279	258	0	0
54674	3280	515.5	310	ffffff	1	34	15	279	258	0	0
54690	3281	515.5	310	ffffff	1	34	15	278	258	0	0
54708	3282	515.5	310	ffffff	1	34	15	277	258	0	0
54724	3283	515.5	310	ffffff	1	34	15	277	258	0	0
54741	3284	515.5	310	ffffff	1	34	15	276	258	0	0
54758	3285	515.5	310	ffffff	1	34	15	276	258	0	0
54774	3286	515.5	310	ffffff	1	34	15	275	258	0	0
54791	3287	515.5	310	ffffff	1	34	15	274	258	0	0
54807	3288	515.5	310	ffffff	1	34	15	274	258	0	0
54825	3289	515.5	310	ffffff	1	34	15	273	258	0	0
54841	3290	515.5	310	ffffff	1	34	15	273	258	0	0
54858	3291	515.5	310	ffffff	1	34	15	272	258	0	0
54873	3292	515.5	310	ffffff	1	34	15	271	258	0	0
54893	3293	515.5	310	ffffff	1	35	15	271	258	0	0
54908	3294	515.5	310	ffffff	1	35	15	270	258	0	0
54924	3295	515.5	310	ffffff	1	35	15	270	258	0	0
54942	3296	515.5	310	ffffff	1	35	15	269	258	0	0
54958	3297	515.5	310	ffffff	1	34	16	309	258	0	0
54975	3298	515.5	310	ffffff	1	34	16	308	258	0	0
54990	3299	515.5	310	ffffff	1	34	16	307	258	0	0
55008	3300	515.5	310	ffffff	1	34	16	307	258	0	0
55024	3301	515.5	310	ffffff	1	34	16	306	258	0	0
55040	3302	515.5	310	ffffff	1	34	16	306	258	0	0
55057	3303	515.5	310	ffffff	1	34	16	304	258	0	0
55073	3304	515.5	310	ffffff	1	34	16	304	258	0	0
55090	3305	515.5	310	ffffff	1	34	16	304	258	0	0
55107	3306	515.5	310	ffffff	1	34	16	303	258	0	0
55123	3307	515.5	310	ffffff	1	34	16	302	258	0	0
55140	3308	515.5	310	ffffff	1	34	16	302	258	0	0
55156	3309	515.5	310	ffffff	1	34	16	301	258	0	0
55173	3310	515.5	310	ffffff	1	34	16	301	258	0	0
55190	3311	515.5	310	ffffff	1	34	16	299	258	0	0
55207	3312	515.5	310	ffffff	1	34	16	299	258	0	0
55223	3313	515.5	310	ffffff	1	35	16	299	258	0	0
55240	3314	515.5	310	ffffff	1	35	16	298	258	0	0
55256	3315	515.5	310	ffffff	1	35	16	297	258	0	0
55274	3316	515.5	310	ffffff	1	35	16	297	258	0	0
55290	3317	515.5	310	ffffff	1	35	16	296	258	0	0
55307	3318	515.5	310	ffffff	1	35	16	296	258	0	0
55324	3319	515.5	310	ffffff	1	35	16	294	258	0	0
55340	3320	515.5	310	ffffff	1	35	16	294	258	0	0
55357	3321	515.5	310	ffffff	1	34	17	302	258	0	0
55374	3322	515.5	310	ffffff	1	34	17	301	258	0	0
55390	3323	515.5	310	ffffff	1	34	17	300	258	0	0
55408	3324	515.5	310	ffffff	1	34	17	299	258	0	0
55424	3325	515.5	310	ffffff	1	34	17	299	258	0	0
55440	3326	515.5	310	ffffff	1	34	17	298	258	0	0
55456	3327	515.5	310	ffffff	1	34	17	298	258	0	0
55473	3328	515.5	310	ffffff	1	34	17	297	258	0	0
55490	3329	515.5	310	ffffff	1	34	17	297	258	0	0
55506	3330	515.5	310	ffffff	1	35	17	296	258	0	0
55523	3331	515.5	310	ffffff	1	35	17	295	258	0	0
55540	3332	515.5	310	ffffff	1	35	17	295	258	0	0
55557	3333	515.5	310	ffffff	1	35	17	294	258	0	0
55573	3334	515.5	310	ffffff	1	35	17	293	258	0	0
55590	3335	515.5	310	ffffff	1	35	17	292	258	0	0
55607	3336	515.5	310	ffffff	1	35	17	292	258	0	0
55624	3337	515.5	310	ffffff	1	35	17	291	258	0	0
55640	3338	515.5	310	ffffff	1	35	17	290	258	0	0
55656	3339	515.5	310	ffffff	1	35	17	290	258	0	0
55673	3340	515.5	310	ffffff	1	35	17	289	258	0	0
55690	3341	515.5	310	ffffff	1	35	17	288	258	0	0
55706	3342	515.5	310	ffffff	1	35	17	287	258	0	0
55723	3343	515.5	310	ffffff	1	35	17	287	258	0	0
55740	3344	515.5	310	ffffff	1	34	18	286	258	0	0
55757	3345	515.5	310	ffffff	1	34	18	285	258	0	0
55774	3346	515.5	310	ffffff	1	34	18	285	258	0	0
55791	3347	515.5	310	ffffff	1	34	18	285	258	0	0
55806	3348	515.5	310	ffffff	1	34	18	283	258	0	0
55823	3349	515.5	310	ffffff	1	34	18	283	258	0	0
55840	3350	515.5	310	ffffff	1	34	18	282	258	0	0
55857	3351	515.5	310	ffffff	1	35	18	282	258	0	0
55874	3352	515.5	310	ffffff	1	35	18	281	258	0	0
55890	3353	515.5	310	ffffff	1	35	18	280	258	0	0
55907	3354	515.5	310	ffffff	1	35	18	280	258	0	0
55923	3355	515.5	310	ffffff	1	35	18	279	258	0	0
55940	3356	515.5	310	ffffff	1	35	18	278	258	0	0
55957	3357	515.5	310	ffffff	1	35	18	278	258	0	0
55973	3358	515.5	310	ffffff	1	35	18	277	258	0	0
55991	3359	515.5	310	ffffff	1	35	18	276	258	0	0
56006	3360	515.5	310	ffffff	1	35	18	275	258	0	0
56023	3361	515.5	310	ffffff	1	35	18	275	258	0	0
56040	3362	515.5	310	ffffff	1	34	19	283	258	0	0
56057	3363	515.5	310	ffffff	1	35	19	283	258	0	0
56073	3364	515.5	310	ffffff	1	35	19	282	258	0	0
56090	3365	515.5	310	ffffff	1	35	19	281	258	0	0
56107	3366	515.5	310	ffffff	1	35	19	281	258	0	0
56123	3367	515.5	310	ffffff	1	35	19	280	258	0	0
56140	3368	515.5	310	ffffff	1	35	19	280	258	0	0
56157	3369	515.5	310	ffffff	1	35	19	279	258	0	0
56173	3370	515.5	310	ffffff	1	35	19	279	258	0	0
56190	3371	515.5	310	ffffff	1	35	19	278	258	0	0
56207	3372	515.5	310	ffffff	1	35	19	278	258	0	0
56224	3373	515.5	310	ffffff	1	35	19	276	258	0	0
56240	3374	515.5	310	ffffff	1	35	19	276	258	0	0
56257	3375	515.5	310	ffffff	1	35	19	276	258	0	0
56273	3376	515.5	310	ffffff	1	35	19	275	258	0	0
56290	3377	515.5	310	ffffff	1	35	19	274	258	0	0
56307	3378	515.5	310	ffffff	1	35	19	274	258	0	0
56324	3379	515.5	310	ffffff	1	35	19	273	258	0	0
56340	3380	515.5	310	ffffff	1	35	19	273	258	0	0
56357	3381	515.5	310	ffffff	1	35	19	271	258	0	0
56374	3382	515.5	310	ffffff	1	35	19	271	258	0	0
56391	3383	515.5	310	ffffff	1	35	20	278	258	0	0
56407	3384	515.5	310	ffffff	1	35	20	278	258	0	0
56423	3385	515.5	310	ffffff	1	35	20	276	258	0	0
56440	3386	515.5	310	ffffff	1	35	20	275	258	0	0
56456	3387	515.5	310	ffffff	1	35	20	275	258	0	0
56473	3388	515.5	310	ffffff	1	35	20	274	258	0	0
56490	3389	515.5	310	ffffff	1	35	20	273	258	0	0
56507	3390	515.5	310	ffffff	1	35	20	273	258	0	0
56524	3391	515.5	310	ffffff	1	35	20	272	258	0	0
56540	3392	515.5	310	ffffff	1	35	20	271	258	0	0
56557	3393	515.5	310	ffffff	1	35	20	271	258	0	0
56574	3394	515.5	310	ffffff	1	35	20	270	258	0	0
56590	3395	515.5	310	ffffff	1	35	20	269	258	0	0
56607	3396	515.5	310	ffffff	1	35	20	269	258	0	0
56623	3397	515.5	310	ffffff	1	35	20	268	258	0	0
56640	3398	515.5	310	ffffff	1	35	20	267	258	0	0
56657	3399	515.5	310	ffffff	1	35	20	267	258	0	0
56673	3400	515.5	310	ffffff	1	36	20	266	258	0	0
56690	3401	515.5	310	ffffff	1	36	20	265	258	0	0
56707	3402	515.5	310	ffffff	1	36	20	265	258	0	0
56723	3403	515.5	310	ffffff	1	36	20	264	258	0	0
56740	3404	515.5	310	ffffff	1	36	20	262	258	0	0
56759	3405	515.5	310	ffffff	1	35	21	261	258	0	0
56774	3406	515.5	310	ffffff	1	35	21	259	258	0	0
56790	3407	515.5	310	ffffff	1	35	21	258	258	0	0
56807	3408	515.5	310	ffffff	1	35	21	257	258	0	0
56823	3409	515.5	310	ffffff	1	35	21	256	258	0	0
56840	3410	515.5	310	ffffff	1	35	21	254	258	0	0
56857	3411	515.5	310	ffffff	1	35	21	253	258	0	0
56873	3412	515.5	310	ffffff	1	35	21	252	258	0	0
56890	3413	515.5	310	ffffff	1	35	21	250	258	0	0
56907	3414	515.5	310	ffffff	1	35	21	248	258	0	0
56924	3415	515.5	310	ffffff	1	35	21	247	258	0	0
56940	3416	515.5	310	ffffff	1	35	21	246	258	0	0
56957	3417	515.5	310	ffffff	1	35	21	244	258	0	0
56973	3418	515.5	310	ffffff	1	35	21	243	258	0	0
56990	3419	515.5	310	ffffff	1	35	21	242	258	0	0
57007	3420	515.5	310	ffffff	1	35	21	240	258	0	0
57023	3421	515.5	310	ffffff	1	36	21	239	258	0	0
57040	3422	515.5	310	ffffff	1	36	21	237	258	0	0
57057	3423	515.5	310	ffffff	1	36	21	238	258	0	0
57073	3424	515.5	310	ffffff	1	36	21	239	258	0	0
57090	3425	515.5	310	ffffff	1	36	21	239	258	0	0
57107	3426	515.5	310	ffffff	1	36	21	239	258	0	0
57124	3427	515.5	310	ffffff	1	36	21	239	258	0	0
57140	3428	515.5	310	ffffff	1	36	21	239	258	0	0
57157	3429	515.5	310	ffffff	1	36	21	239	258	0	0
57173	3430	515.5	310	ffffff	1	36	21	239	258	0	0
57190	3431	515.5	310	ffffff	1	36	21	239	258	0	0
57207	3432	515.5	310	ffffff	1	36	21	238	258	0	0
57223	3433	515.5	310	ffffff	1	36	21	237	258	0	0
57240	3434	515.5	310	ffffff	1	36	21	237	258	0	0
57257	3435	515.5	310	ffffff	1	36	21	237	258	0	0
57273	3436	515.5	310	ffffff	1	36	21	235	258	0	0
57290	3437	515.5	310	ffffff	1	36	21	235	258	0	0
57307	3438	515.5	310	ffffff	1	37	21	234	258	0	0
57323	3439	515.5	310	ffffff	1	37	21	234	258	0	0
57340	3440	515.5	310	ffffff	1	37	21	232	258	0	0
57357	3441	515.5	310	ffffff	1	37	21	232	258	0	0
57373	3442	515.5	310	ffffff	1	37	21	230	258	0	0
57390	3443	515.5	310	ffffff	1	37	21	231	258	0	0
57407	3444	515.5	310	ffffff	1	37	21	232	258	0	0
57424	3445	515.5	310	ffffff	1	37	21	232	258	0	0
57440	3446	515.5	310	ffffff	1	37	21	232	258	0	0
57457	3447	515.5	310	ffffff	1	37	21	232	258	0	0
57474	3448	515.5	310	ffffff	1	37	21	232	258	0	0
57490	3449	515.5	310	ffffff	1	37	21	232	258	0	0
57506	3450	515.5	310	ffffff	1	37	21	232	258	0	0
57523	3451	515.5	310	ffffff	1	37	21	232	258	0	0
57540	3452	515.5	310	ffffff	1	37	21	231	258	0	0
57557	3453	515.5	310	ffffff	1	37	21	230	258	0	0
57574	3454	515.5	310	ffffff	1	37	21	230	258	0	0
57590	3455	515.5	310	ffffff	1	37	21	229	258	0	0
57607	3456	515.5	310	ffffff	1	37	21	229	258	0	0
57623	3457	515.5	310	ffffff	1	37	21	227	258	0	0
57640	3458	515.5	310	ffffff	1	37	21	227	258	0	0
57657	3459	515.5	310	ffffff	1	37	21	226	258	0	0
57673	3460	515.5	310	ffffff	1	37	21	225	258	0	0
57690	3461	515.5	310	ffffff	1	38	21	225	258	0	0
57707	3462	515.5	310	ffffff	1	38	21	224	258	0	0
57723	3463	515.5	310	ffffff	1	38	21	222	258	0	0
57740	3464	515.5	310	ffffff	1	38	21	223	258	0	0
57757	3465	515.5	310	ffffff	1	38	21	224	258	0	0
57775	3466	515.5	310	ffffff	1	38	21	224	258	0	0
57790	3467	515.5	310	ffffff	1	38	21	224	258	0	0
57807	3468	515.5	310	ffffff	1	38	21	224	258	0	0
57825	3469	515.5	310	ffffff	1	38	21	224	258	0	0
57840	3470	515.5	310	ffffff	1	38	21	224	258	0	0
57856	3471	515.5	310	ffffff	1	38	21	224	258	0	0
57873	3472	515.5	310	ffffff	1	38	21	223	258	0	0
57890	3473	515.5	310	ffffff	1	38	21	222	258	0	0
57907	3474	515.5	310	ffffff	1	38	21	221	258	0	0
57923	3475	515.5	310	ffffff	1	38	21	221	258	0	0
57940	3476	515.5	310	ffffff	1	38	21	220	258	0	0
57957	3477	515.5	310	ffffff	1	38	21	220	258	0	0
57973	3478	515.5	310	ffffff	1	38	21	218	258	0	0
57991	3479	515.5	310	ffffff	1	38	21	218	258	0	0
58007	3480	515.5	310	ffffff	1	39	21	217	258	0	0
58023	3481	515.5	310	ffffff	1	39	21	217	258	0	0
58040	3482	515.5	310	ffffff	1	39	21	216	258	0	0
58056	3483	515.5	310	ffffff	1	39	21	215	258	0	0
58074	3484	515.5	310	ffffff	1	38	22	215	258	0	0
58091	3485	515.5	310	ffffff	1	38	22	214	258	0	0
58107	3486	515.5	310	ffffff	1	38	22	213	258	0	0
58123	3487	515.5	310	ffffff	1	38	22	212	258	0	0
58140	3488	515.5	310	ffffff	1	38	22	212	258	0	0
58156	3489	515.5	310	ffffff	1	38	22	211	258	0	0
58174	3490	515.5	310	ffffff	1	38	22	210	258	0	0
58190	3491	515.5	310	ffffff	1	40	22	210	258	0	0
58207	3492	515.5	310	ffffff	1	40	22	209	258	0	0
58224	3493	515.5	310	ffffff	1	40	22	208	258	0	0
58240	3494	515.5	310	ffffff	1	40	22	207	258	0	0
58257	3495	515.5	310	ffffff	1	40	22	207	258	0	0
58273	3496	515.5	310	ffffff	1	40	22	206	258	0	0
58290	3497	515.5	310	ffffff	1	40	22	206	258	0	0
58307	3498	515.5	310	ffffff	1	40	22	205	258	0	0
58324	3499	515.5	310	ffffff	1	40	22	205	258	0	0
58340	3500	515.5	310	ffffff	1	40	22	203	258	0	0
58356	3501	515.5	310	ffffff	1	40	22	203	258	0	0
58373	3502	515.5	310	ffffff	1	40	22	202	258	0	0
58390	3503	515.5	310	ffffff	1	40	22	201	258	0	0
58407	3504	515.5	310	ffffff	1	40	22	201	258	0	0
58424	3505	515.5	310	ffffff	1	39	23	200	258	0	0
58440	3506	515.5	310	ffffff	1	39	23	200	258	0	0
58457	3507	515.5	310	ffffff	1	39	23	198	258	0	0
58474	3508	515.5	310	ffffff	1	39	23	198	258	0	0
58490	3509	515.5	310	ffffff	1	39	23	197	258	0	0
58507	3510	515.5	310	ffffff	1	39	23	197	258	0	0
58523	3511	515.5	310	ffffff	1	39	23	195	258	0	0
58540	3512	515.5	310	ffffff	1	40	23	195	258	0	0
58557	3513	515.5	310	ffffff	1	40	23	195	258	0	0
58573	3514	515.5	310	ffffff	1	40	23	193	258	0	0
58590	3515	515.5	310	ffffff	1	40	23	193	258	0	0
58607	3516	515.5	310	ffffff	1	40	23	192	258	0	0
58623	3517	515.5	310	ffffff	1	40	23	192	258	0	0
58640	3518	515.5	310	ffffff	1	40	23	190	258	0	0
58657	3519	515.5	310	ffffff	1	40	23	190	258	0	0
58674	3520	515.5	310	ffffff	1	40	23	189	258	0	0
58690	3521	515.5	310	ffffff	1	40	23	189	258	0	0
58707	3522	515.5	310	ffffff	1	40	23	188	258	0	0
58723	3523	515.5	310	ffffff	1	40	23	187	258	0	0
58741	3524	515.5	310	ffffff	1	39	24	189	258	0	0
58757	3525	515.5	310	ffffff	1	39	24	189	258	0	0
58773	3526	515.5	310	ffffff	1	39	24	188	258	0	0
58790	3527	515.5	310	ffffff	1	39	24	188	258	0	0
58807	3528	515.5	310	ffffff	1	39	24	187	258	0	0
58823	3529	515.5	310	ffffff	1	39	24	187	258	0	0
58840	3530	515.5	310	ffffff	1	39	24	185	258	0	0
58857	3531	515.5	310	ffffff	1	40	24	185	258	0	0
58873	3532	515.5	310	ffffff	1	40	24	184	258	0	0
58890	3533	515.5	310	ffffff	1	40	24	184	258	0	0
58908	3534	515.5	310	ffffff	1	40	24	182	258	0	0
58923	3535	515.5	310	ffffff	1	40	24	182	258	0	0
58940	3536	515.5	310	ffffff	1	40	24	182	258	0	0
58957	3537	515.5	310	ffffff	1	40	24	181	258	0	0
58974	3538	515.5	310	ffffff	1	40	24	180	258	0	0
58990	3539	515.5	310	ffffff	1	40	24	179	258	0	0
59007	3540	515.5	310	ffffff	1	40	24	179	258	0	0
59023	3541	515.5	310	ffffff	1	40	24	178	258	0	0
59040	3542	515.5	310	ffffff	1	40	24	177	258	0	0
59057	3543	515.5	310	ffffff	1	40	24	177	258	0	0
59073	3544	515.5	310	ffffff	1	40	24	176	258	0	0
59090	3545	515.5	310	ffffff	1	40	24	175	258	0	0
59107	3546	515.5	310	ffffff	1	39	25	179	258	0	0
59124	3547	515.5	310	ffffff	1	39	25	178	258	0	0
59140	3548	515.5	310	ffffff	1	39	25	177	258	0	0
59157	3549	515.5	310	ffffff	1	39	25	177	258	0	0
59174	3550	515.5	310	ffffff	1	40	25	176	258	0	0
59191	3551	515.5	310	ffffff	1	40	25	175	258	0	0
59206	3552	515.5	310	ffffff	1	40	25	175	258	0	0
59224	3553	515.5	310	ffffff	1	40	25	174	258	0	0
59240	3554	515.5	310	ffffff	1	40	25	174	258	0	0
59257	3555	515.5	310	ffffff	1	40	25	173	258	0	0
59274	3556	515.5	310	ffffff	1	40	25	172	258	0	0
59291	3557	515.5	310	ffffff	1	40	25	172	258	0	0
59307	3558	515.5	310	ffffff	1	40	24	171	258	0	0
59324	3559	515.5	310	ffffff	1	40	24	170	258	0	0
59341	3560	515.5	310	ffffff	1	40	24	170	258	0	0
59357	3561	515.5	310	ffffff	1	40	24	169	258	0	0
59373	3562	515.5	310	ffffff	1	40	24	168	258	0	0
59390	3563	515.5	310	ffffff	1	40	24	168	258	0	0
59407	3564	515.5	310	ffffff	1	40	24	167	258	0	0
59424	3565	515.5	310	ffffff	1	40	24	166	258	0	0
59440	3566	515.5	310	ffffff	1	39	25	167	258	0	0
59457	3567	515.5	310	ffffff	1	39	25	166	258	0	0
59474	3568	515.5	310	ffffff	1	39	25	165	258	0	0
59490	3569	515.5	310	ffffff	1	39	25	165	258	0	0
59507	3570	515.5	310	ffffff	1	39	25	164	258	0	0
59523	3571	515.5	310	ffffff	1	39	25	163	258	0	0
59540	3572	515.5	310	ffffff	1	39	25	163	258	0	0
59557	3573	515.5	310	ffffff	1	40	25	161	258	0	0
59574	3574	515.5	310	ffffff	1	40	25	161	258	0	0
59590	3575	515.5	310	ffffff	1	40	25	161	258	0	0
59607	3576	515.5	310	ffffff	1	40	25	160	258	0	0
59623	3577	515.5	310	ffffff	1	40	25	160	258	0	0
59640	3578	515.5	310	ffffff	1	40	25	158	258	0	0
59657	3579	515.5	310	ffffff	1	40	25	157	258	0	0
59673	3580	515.5	310	ffffff	1	40	25	157	258	0	0
59690	3581	515.5	310	ffffff	1	40	25	156	258	0	0
59707	3582	515.5	310	ffffff	1	41	25	155	258	0	0
59724	3583	515.5	310	ffffff	1	41	25	155	258	0	0
59740	3584	515.5	310	ffffff	1	41	25	154	258	0	0
59757	3585	515.5	310	ffffff	1	41	25	153	258	0	0
59774	3586	515.5	310	ffffff	1	40	26	162	258	0	0
59790	3587	515.5	310	ffffff	1	40	26	161	258	0	0
59807	3588	515.5	310	ffffff	1	40	26	161	258	0	0
59823	3589	515.5	310	ffffff	1	40	26	160	258	0	0
59840	3590	515.5	310	ffffff	1	40	26	159	258	0	0
59857	3591	515.5	310	ffffff	1	40	26	159	258	0	0
59873	3592	515.5	310	ffffff	1	40	26	158	258	0	0
59890	3593	515.5	310	ffffff	1	40	26	158	258	0	0
59907	3594	515.5	310	ffffff	1	40	26	157	258	0	0
59924	3595	515.5	310	ffffff	1	40	26	155	258	0	0
59940	3596	515.5	310	ffffff	1	40	26	155	258	0	0
59957	3597	515.5	310	ffffff	1	40	26	154	258	0	0
59973	3598	515.5	310	ffffff	1	40	26	153	258	0	0
59990	3599	515.5	310	ffffff	1	40	25	153	258	0	0
60007	3600	515.5	310	ffffff	1	40	25	152	258	0	0
60024	3601	515.5	310	ffffff	1	41	25	152	258	0	0
60040	3602	515.5	310	ffffff	1	41	25	151	258	0	0
60057	3603	515.5	310	ffffff	1	41	25	149	258	0	0
60073	3604	515.5	310	ffffff	1	41	25	149	258	0	0
60090	3605	515.5	310	ffffff	1	41	25	149	258	0	0
60107	3606	515.5	310	ffffff	1	41	25	147	258	0	0
60124	3607	515.5	310	ffffff	1	40	26	155	258	0	0
60141	3608	515.5	310	ffffff	1	40	26	154	258	0	0
60157	3609	515.5	310	ffffff	1	40	26	154	258	0	0
60173	3610	515.5	310	ffffff	1	40	26	153	258	0	0
60190	3611	515.5	310	ffffff	1	40	26	152	258	0	0
60207	3612	515.5	310	ffffff	1	40	26	152	258	0	0
60223	3613	515.5	310	ffffff	1	40	26	151	258	0	0
60240	3614	515.5	310	ffffff	1	40	26	150	258	0	0
60257	3615	515.5	310	ffffff	1	40	26	150	258	0	0
60274	3616	515.5	310	ffffff	1	40	26	149	258	0	0
60290	3617	515.5	310	ffffff	1	40	26	148	258	0	0
60307	3618	515.5	310	ffffff	1	40	25	147	258	0	0
60324	3619	515.5	310	ffffff	1	40	25	147	258	0	0
60340	3620	515.5	310	ffffff	1	41	25	146	258	0	0
60357	3621	515.5	310	ffffff	1	41	25	145	258	0	0
60374	3622	515.5	310	ffffff	1	41	25	145	258	0	0
60390	3623	515.5	310	ffffff	1	41	25	144	258	0	0
60407	3624	515.5	310	ffffff	1	41	25	143	258	0	0
60424	3625	515.5	310	ffffff	1	41	25	143	258	0	0
60440	3626	515.5	310	ffffff	1	41	25	142	258	0	0
60457	3627	515.5	310	ffffff	1	41	25	141	258	0	0
60473	3628	515.5	310	ffffff	1	41	25	140	258	0	0
60490	3629	515.5	310	ffffff	1	41	25	140	258	0	0
60507	3630	515.5	310	ffffff	1	40	26	146	258	0	0
60524	3631	515.5	310	ffffff	1	40	26	145	258	0	0
60541	3632	515.5	310	ffffff	1	40	26	145	258	0	0
60557	3633	515.5	310	ffffff	1	40	26	144	258	0	0
60575	3634	515.5	310	ffffff	1	40	26	143	258	0	0
60590	3635	515.5	310	ffffff	1	40	26	142	258	0	0
60608	3636	515.5	310	ffffff	1	40	26	142	258	0	0
60623	3637	515.5	310	ffffff	1	40	26	141	258	0	0
60641	3638	515.5	310	ffffff	1	40	26	140	258	0	0
60658	3639	515.5	310	ffffff	1	40	25	140	258	0	0
60674	3640	515.5	310	ffffff	1	40	25	139	258	0	0
60691	3641	515.5	310	ffffff	1	40	25	138	258	0	0
60708	3642	515.5	310	ffffff	1	40	25	138	258	0	0
60725	3643	515.5	310	ffffff	1	41	25	137	258	0	0
60741	3644	515.5	310	ffffff	1	41	25	137	258	0	0
60759	3645	515.5	310	ffffff	1	41	25	136	258	0	0
60775	3646	515.5	310	ffffff	1	41	25	135	258	0	0
60791	3647	515.5	310	ffffff	1	41	25	135	258	0	0
60807	3648	515.5	310	ffffff	1	41	25	133	258	0	0
60824	3649	515.5	310	ffffff	1	41	25	133	258	0	0
60841	3650	515.5	310	ffffff	1	41	25	132	258	0	0
60858	3651	515.5	310	ffffff	1	40	26	134	258	0	0
60875	3652	515.5	310	ffffff	1	40	26	133	258	0	0
60891	3653	515.5	310	ffffff	1	40	26	133	258	0	0
60909	3654	515.5	310	ffffff	1	40	26	132	258	0	0
60924	3655	515.5	310	ffffff	1	40	26	131	258	0	0
60941	3656	515.5	310	ffffff	1	40	26	131	258	0	0
60958	3657	515.5	310	ffffff	1	41	26	130	258	0	0
60974	3658	515.5	310	ffffff	1	41	26	129	258	0	0
60992	3659	515.5	310	ffffff	1	41	25	129	258	0	0
61008	3660	515.5	310	ffffff	1	41	25	128	258	0	0
61024	3661	515.5	310	ffffff	1	41	25	127	258	0	0
61041	3662	515.5	310	ffffff	1	41	25	127	258	0	0
61058	3663	515.5	310	ffffff	1	41	25	126	258	0	0
61075	3664	515.5	310	ffffff	1	41	25	125	258	0	0
61091	3665	515.5	310	ffffff	1	41	25	125	258	0	0
61108	3666	515.5	310	ffffff	1	41	25	124	258	0	0
61125	3667	515.5	310	ffffff	1	41	25	123	258	0	0
61141	3668	515.5	310	ffffff	1	41	25	123	258	0	0
61158	3669	515.5	310	ffffff	1	41	25	122	258	0	0
61174	3670	515.5	310	ffffff	1	41	25	121	258	0	0
61191	3671	515.5	310	ffffff	1	41	25	121	258	0	0
61208	3672	515.5	310	ffffff	1	40	26	128		0	0
61225	3673	515.5	310	ffffff	1	40	26	128		0	0
61241	3674	515.5	310	ffffff	1	40	26	128		0	0
61257	3675	515.5	310	ffffff	1	40	26	128		0	0
61274	3676	515.5	310	ffffff	1	40	26	128		0	0
61291	3677	515.5	310	ffffff	1	40	26	128		0	0
61307	3678	515.5	310	ffffff	1	40	26	128		0	0
61324	3679	515.5	310	ffffff	1	40	26	128		0	0
61341	3680	515.5	310	ffffff	1	40	26	128		0	0
61357	3681	515.5	310	ffffff	1	40	26	128		0	0
61374	3682	515.5	310	ffffff	1	40	26	128		0	0
61391	3683	515.5	310	ffffff	1	40	26	128		0	0
61407	3684	515.5	310	ffffff	1	40	26	128		0	0
61424	3685	515.5	310	ffffff	1	40	26	128		0	0
61440	3686	515.5	310	ffffff	1	40	26	128		0	0
61457	3687	515.5	310	ffffff	1	40	26	128		0	0
61474	3688	515.5	310	ffffff	1	40	26	128		0	0
61490	3689	515.5	310	ffffff	1	40	26	128		0	0
61508	3690	515.5	310	ffffff	1	40	26	128		0	0
61524	3691	515.5	310	ffffff	1	40	26	128		0	0
61541	3692	515.5	310	ffffff	1	40	26	128		0	0
61557	3693	515.5	310	ffffff	1	40	26	128		0	0
61574	3694	515.5	310	ffffff	1	40	26	128		0	0
61591	3695	515.5	310	ffffff	1	40	26	128		0	0
61608	3696	515.5	310	ffffff	1	40	26	128		0	0
61624	3697	515.5	310	ffffff	1	40	26	128		0	0
61641	3698	515.5	310	ffffff	1	40	26	128		0	0
61658	3699	515.5	310	ffffff	1	40	26	128		0	0
61674	3700	515.5	310	ffffff	1	40	26	128		0	0
61691	3701	515.5	310	ffffff	1	40	26	128		0	0
61708	3702	515.5	310	ffffff	1	40	26	128		0	0
61724	3703	515.5	310	ffffff	1	40	26	128		0	0
61741	3704	515.5	310	ffffff	1	40	26	128		0	0
61758	3705	515.5	310	ffffff	1	40	26	128		0	0
61774	3706	515.5	310	ffffff	1	40	26	128		0	0
61791	3707	515.5	310	ffffff	1	40	26	128		0	0
61806	3708	515.5	310	ffffff	1	40	26	128		0	0
61824	3709	515.5	310	ffffff	1	40	26	128		0	0
61840	3710	515.5	310	ffffff	1	40	26	128		0	0
61857	3711	515.5	310	ffffff	1	40	26	128		0	0
61874	3712	515.5	310	ffffff	1	40	26	128		0	0
61891	3713	515.5	310	ffffff	1	40	26	128		0	0
61908	3714	515.5	310	ffffff	1	40	26	128		0	0
61924	3715	515.5	310	ffffff	1	40	26	128		0	0
61941	3716	515.5	310	ffffff	1	40	26	128		0	0
61957	3717	515.5	310	ffffff	1	40	26	128		0	0
61974	3718	515.5	310	ffffff	1	40	26	128		0	0
61991	3719	515.5	310	ffffff	1	40	26	128		0	0
62007	3720	515.5	310	ffffff	1	40	26	128		0	0
62024	3721	515.5	310	ffffff	1	40	26	128		0	0
62040	3722	515.5	310	ffffff	1	40	26	128		0	0
62057	3723	515.5	310	ffffff	1	40	26	128		0	0
62074	3724	515.5	310	ffffff	1	40	26	128		0	0
62090	3725	515.5	310	ffffff	1	40	26	128		0	0
62108	3726	515.5	310	ffffff	1	40	26	128		0	0
62124	3727	515.5	310	ffffff	1	40	26	128		0	0
62141	3728	515.5	310	ffffff	1	40	26	128		0	0
62158	3729	515.5	310	ffffff	1	40	26	128		0	0
62174	3730	515.5	310	ffffff	1	40	26	128		0	0
62193	3731	515.5	310	ffffff	1	40	26	128		0	0
62208	3732	515.5	310	ffffff	1	40	26	128	258	0	0
62224	3733	515.5	310	ffffff	1	40	26	127	258	0	0
62242	3734	515.5	310	ffffff	1	40	26	126	258	0	0
62257	3735	515.5	310	ffffff	1	40	26	126	258	0	0
62274	3736	515.5	310	ffffff	1	40	26	125	258	0	0
62291	3737	515.5	310	ffffff	1	40	26	124	258	0	0
62308	3738	515.5	310	ffffff	0.3	40	26	124	258	0	0
62323	3739	515.5	310	ffffff	0.3	41	26	123	258	0	0
62341	3740	515.5	310	ffffff	0.3	41	26	122	258	0	0
62357	3741	515.5	310	ffffff	0.3	41	26	122	258	0	0
62374	3742	515.5	310	ffffff	0.3	41	25	121	258	0	0
62391	3743	515.5	310	ffffff	0.3	41	25	120	258	0	0
62408	3744	515.5	310	ffffff	1	41	25	120	258	0	0
62425	3745	515.5	310	ffffff	1	41	25	119	258	0	0
62441	3746	515.5	310	ffffff	1	41	25	118	258	0	0
62457	3747	515.5	310	ffffff	1	40	26	124	258	0	0
62474	3748	515.5	310	ffffff	1	40	26	124	258	0	0
62491	3749	515.5	310	ffffff	1	40	26	123	258	0	0
62508	3750	515.5	310	ffffff	0.3	40	26	122	258	0	0
62524	3751	515.5	310	ffffff	0.3	40	26	122	258	0	0
62541	3752	515.5	310	ffffff	0.3	40	26	121	258	0	0
62558	3753	515.5	310	ffffff	0.3	40	26	120	258	0	0
62574	3754	515.5	310	ffffff	0.3	40	26	120	258	0	0
62590	3755	515.5	310	ffffff	0.3	40	26	119	258	0	0
62608	3756	515.5	310	ffffff	1	40	26	118	258	0	0
62625	3757	515.5	310	ffffff	1	40	26	118	258	0	0
62641	3758	515.5	310	ffffff	1	40	26	117	258	0	0
62657	3759	515.5	310	ffffff	1	40	26	116	258	0	0
62674	3760	515.5	310	ffffff	1	41	26	116	258	0	0
62690	3761	515.5	310	ffffff	1	41	26	115	258	0	0
62709	3762	515.5	310	ffffff	0.3	41	25	114	258	0	0
62725	3763	515.5	310	ffffff	0.3	41	25	114	258	0	0
62741	3764	515.5	310	ffffff	0.3	40	26	114	258	0	0
62757	3765	515.5	310	ffffff	0.3	40	26	114	258	0	0
62776	3766	515.5	310	ffffff	0.3	40	26	113	258	0	0
62792	3767	515.5	310	ffffff	0.3	40	26	113	258	0	0
62809	3768	515.5	310	ffffff	0.3	40	26	112	258	0	0
62824	3769	515.5	310	ffffff	1	40	26	112	258	0	0
62841	3770	515.5	310	ffffff	1	40	26	110	258	0	0
62857	3771	515.5	310	ffffff	1	40	26	110	258	0	0
62874	3772	515.5	310	ffffff	1	40	26	109	258	0	0
62891	3773	515.5	310	ffffff	1	41	26	109	258	0	0
62909	3774	515.5	310	ffffff	1	41	26	108	258	0	0
62924	3775	515.5	310	ffffff	0.3	41	26	107	258	0	0
62941	3776	515.5	310	ffffff	0.3	41	26	107	258	0	0
62958	3777	515.5	310	ffffff	0.3	41	26	105	258	0	0
62975	3778	515.5	310	ffffff	0.3	41	26	105	258	0	0
62991	3779	515.5	310	ffffff	0.3	40	27	111	258	0	0
63009	3780	515.5	310	ffffff	0.3	40	27	110	258	0	0
63025	3781	515.5	310	ffffff	1	40	27	110	258	0	0
63042	3782	515.5	310	ffffff	1	40	27	109	258	0	0
63059	3783	515.5	310	ffffff	1	40	27	108	258	0	0
63073	3784	515.5	310	ffffff	1	40	27	108	258	0	0
63091	3785	515.5	310	ffffff	1	40	26	107	258	0	0
63108	3786	515.5	310	ffffff	1	40	26	106	258	0	0
63124	3787	515.5	310	ffffff	1	41	26	106	258	0	0
63140	3788	515.5	310	ffffff	1	41	26	105	258	0	0
63158	3789	515.5	310	ffffff	0.3	41	26	105	258	0	0
63175	3790	515.5	310	ffffff	0.3	41	26	104	258	0	0
63191	3791	515.5	310	ffffff	0.3	41	26	103	258	0	0
63208	3792	515.5	310	ffffff	0.3	41	26	103	258	0	0
63225	3793	515.5	310	ffffff	1	41	26	101	258	0	0
63242	3794	515.5	310	ffffff	1	41	26	101	258	0	0
63257	3795	515.5	310	ffffff	1	41	26	101	258	0	0
63274	3796	515.5	310	ffffff	1	41	26	100	258	0	0
63292	3797	515.5	310	ffffff	1	40	27	100	258	0	0
63308	3798	515.5	310	ffffff	1	40	27	100	258	0	0
63325	3799	515.5	310	ffffff	1	40	26	99	258	0	0
63342	3800	515.5	310	ffffff	1	40	26	99	258	0	0
63357	3801	515.5	310	ffffff	1	40	26	97	258	0	0
63375	3802	515.5	310	ffffff	1	40	26	97	258	0	0
63390	3803	515.5	310	ffffff	1	40	26	97	258	0	0
63408	3804	515.5	310	ffffff	1	40	26	96	258	0	0
63425	3805	515.5	310	ffffff	1	40	26	95	258	0	0
63441	3806	515.5	310	ffffff	1	40	26	95	258	0	0
63457	3807	515.5	310	ffffff	1	40	26	94	258	0	0
63475	3808	515.5	310	ffffff	1	40	26	94	258	0	0
63490	3809	515.5	310	ffffff	1	40	26	92	258	0	0
63507	3810	515.5	310	ffffff	1	41	26	92	258	0	0
63525	3811	515.5	310	ffffff	1	41	26	92	258	0	0
63541	3812	515.5	310	ffffff	1	41	26	91	258	0	0
63559	3813	515.5	310	ffffff	1	41	26	90	258	0	0
63574	3814	515.5	310	ffffff	1	40	27	93	258	0	0
63591	3815	515.5	310	ffffff	1	40	27	92	258	0	0
63608	3816	515.5	310	ffffff	1	40	27	91	258	0	0
63625	3817	515.5	310	ffffff	1	40	26	91	258	0	0
63641	3818	515.5	310	ffffff	1	40	26	90	258	0	0
63658	3819	515.5	310	ffffff	1	40	26	90	258	0	0
63673	3820	515.5	310	ffffff	1	41	26	89	258	0	0
63691	3821	515.5	310	ffffff	1	41	26	88	258	0	0
63707	3822	515.5	310	ffffff	1	41	26	88	258	0	0
63725	3823	515.5	310	ffffff	1	41	26	87	258	0	0
63741	3824	515.5	310	ffffff	1	41	26	86	258	0	0
63758	3825	515.5	310	ffffff	1	41	26	86	258	0	0
63775	3826	515.5	310	ffffff	1	41	26	85	258	0	0
63792	3827	515.5	310	ffffff	1	41	26	84	258	0	0
63807	3828	515.5	310	ffffff	1	41	26	83	258	0	0
63825	3829	515.5	310	ffffff	1	41	26	83	258	0	0
63841	3830	515.5	310	ffffff	1	41	26	82	258	0	0
63859	3831	515.5	310	ffffff	1	41	26	81	258	0	0
63876	3832	515.5	310	ffffff	1	41	26	81	258	0	0
63892	3833	515.5	310	ffffff	1	41	26	80	258	0	0
63908	3834	515.5	310	ffffff	1	41	26	79	258	0	0
63926	3835	515.5	310	ffffff	1	41	26	79	258	0	0
63941	3836	515.5	310	ffffff	1	41	26	78	258	0	0
63958	3837	515.5	310	ffffff	1	41	26	77	258	0	0
63975	3838	515.5	310	ffffff	1	41	26	76	258	0	0
63990	3839	515.5	310	ffffff	1	41	26	76	258	0	0
64007	3840	515.5	310	ffffff	1	41	26	75	258	0	0
64024	3841	515.5	310	ffffff	1	41	26	74	258	0	0
64040	3842	515.5	310	ffffff	1	41	26	74	258	0	0
64057	3843	515.5	310	ffffff	1	41	26	73	258	0	0
64074	3844	515.5	310	ffffff	1	42	26	72	258	0	0
64090	3845	515.5	310	ffffff	1	42	26	72	258	0	0
64107	3846	515.5	310	ffffff	1	42	26	71	258	0	0
64124	3847	515.5	310	ffffff	1	41	27	76	258	0	0
64141	3848	515.5	310	ffffff	1	41	27	75	258	0	0
64157	3849	515.5	310	ffffff	1	41	27	75	258	0	0
64174	3850	515.5	310	ffffff	1	41	26	75	258	0	0
64190	3851	515.5	310	ffffff	1	41	26	74	258	0	0
64207	3852	515.5	310	ffffff	1	41	26	73	258	0	0
64224	3853	515.5	310	ffffff	1	41	26	72	258	0	0
64240	3854	515.5	310	ffffff	1	41	26	72	258	0	0
64258	3855	515.5	310	ffffff	1	41	26	71	258	0	0
64274	3856	515.5	310	ffffff	1	41	26	70	258	0	0
64290	3857	515.5	310	ffffff	1	41	26	70	258	0	0
64307	3858	515.5	310	ffffff	1	41	26	69	258	0	0
64324	3859	515.5	310	ffffff	1	41	26	68	258	0	0
64340	3860	515.5	310	ffffff	1	41	26	67	258	0	0
64357	3861	515.5	310	ffffff	1	41	26	67	258	0	0
64373	3862	515.5	310	ffffff	1	41	26	66	258	0	0
64390	3863	515.5	310	ffffff	1	41	26	65	258	0	0
64407	3864	515.5	310	ffffff	1	41	27	81	258	0	0
64424	3865	515.5	310	ffffff	1	41	27	80	258	0	0
64441	3866	515.5	310	ffffff	1	41	26	79	258	0	0
64457	3867	515.5	310	ffffff	1	41	26	79	258	0	0
64474	3868	515.5	310	ffffff	1	41	26	78	258	0	0
64490	3869	515.5	310	ffffff	1	41	26	77	258	0	0
64507	3870	515.5	310	ffffff	1	41	26	77	258	0	0
64524	3871	515.5	310	ffffff	1	41	26	76	258	0	0
64540	3872	515.5	310	ffffff	1	41	26	76	258	0	0
64557	3873	515.5	310	ffffff	1	41	26	74	258	0	0
64573	3874	515.5	310	ffffff	1	41	26	74	258	0	0
64590	3875	515.5	310	ffffff	1	41	26	74	258	0	0
64607	3876	515.5	310	ffffff	1	41	26	73	258	0	0
64624	3877	515.5	310	ffffff	1	41	26	72	258	0	0
64640	3878	515.5	310	ffffff	1	41	26	72	258	0	0
64658	3879	515.5	310	ffffff	1	41	26	71	258	0	0
64673	3880	515.5	310	ffffff	1	41	26	71	258	0	0
64690	3881	515.5	310	ffffff	1	41	27	76	258	0	0
64707	3882	515.5	310	ffffff	1	41	27	75	258	0	0
64723	3883	515.5	310	ffffff	1	41	27	75	258	0	0
64740	3884	515.5	310	ffffff	1	41	26	74	258	0	0
64757	3885	515.5	310	ffffff	1	41	26	73	258	0	0
64773	3886	515.5	310	ffffff	1	41	26	73	258	0	0
64790	3887	515.5	310	ffffff	1	41	26	72	258	0	0
64807	3888	515.5	310	ffffff	1	41	26	71	258	0	0
64824	3889	515.5	310	ffffff	1	41	26	70	258	0	0
64840	3890	515.5	310	ffffff	1	41	26	70	258	0	0
64857	3891	515.5	310	ffffff	1	41	26	69	258	0	0
64874	3892	515.5	310	ffffff	1	41	26	68	258	0	0
64890	3893	515.5	310	ffffff	1	41	26	68	258	0	0
64907	3894	515.5	310	ffffff	1	41	26	67	258	0	0
64924	3895	515.5	310	ffffff	1	41	26	66	258	0	0
64940	3896	515.5	310	ffffff	1	41	26	66	258	0	0
64957	3897	515.5	310	ffffff	1	41	26	65	258	0	0
64973	3898	515.5	310	ffffff	1	40	27	66	258	0	0
64990	3899	515.5	310	ffffff	1	40	27	66	258	0	0
65007	3900	515.5	310	ffffff	1	40	26	65	258	0	0
65024	3901	515.5	310	ffffff	1	40	26	64	258	0	0
65040	3902	515.5	310	ffffff	1	41	26	64	258	0	0
65057	3903	515.5	310	ffffff	1	41	26	63	258	0	0
65073	3904	515.5	310	ffffff	1	41	26	62	258	0	0
65091	3905	515.5	310	ffffff	1	41	26	62	258	0	0
65107	3906	515.5	310	ffffff	1	41	26	62	258	0	0
65123	3907	515.5	310	ffffff	1	41	26	61	258	0	0
65141	3908	515.5	310	ffffff	1	41	26	60	258	0	0
65157	3909	515.5	310	ffffff	1	41	26	59	258	0	0
65174	3910	515.5	310	ffffff	1	41	26	58	258	0	0
65190	3911	515.5	310	ffffff	1	41	26	58	258	0	0
65207	3912	515.5	310	ffffff	1	41	26	57	258	0	0
65224	3913	515.5	310	ffffff	1	41	26	56	258	0	0
65241	3914	515.5	310	ffffff	1	40	27	56	258	0	0
65258	3915	515.5	310	ffffff	1	41	27	55	258	0	0
65274	3916	515.5	310	ffffff	1	41	26	55	258	0	0
65290	3917	515.5	310	ffffff	1	41	26	54	258	0	0
65307	3918	515.5	310	ffffff	1	41	26	53	258	0	0
65323	3919	515.5	310	ffffff	1	41	26	53	258	0	0
65340	3920	515.5	310	ffffff	1	41	26	52	258	0	0
65357	3921	515.5	310	ffffff	1	41	26	52	258	0	0
65374	3922	515.5	310	ffffff	1	41	26	51	258	0	0
65391	3923	515.5	310	ffffff	1	41	26	51	258	0	0
65407	3924	515.5	310	ffffff	1	41	26	50	258	0	0
65423	3925	515.5	310	ffffff	1	41	26	49	258	0	0
65440	3926	515.5	310	ffffff	1	41	26	49	258	0	0
65457	3927	515.5	310	ffffff	1	41	26	48	258	0	0
65474	3928	515.5	310	ffffff	1	41	26	48	258	0	0
65491	3929	515.5	310	ffffff	1	41	27	53	258	0	0
65507	3930	515.5	310	ffffff	1	41	27	52	258	0	0
65524	3931	515.5	310	ffffff	1	41	27	51	258	0	0
65540	3932	515.5	310	ffffff	1	41	27	51	258	0	0
65557	3933	515.5	310	ffffff	1	41	27	50	258	0	0
65574	3934	515.5	310	ffffff	1	41	27	49	258	0	0
65590	3935	515.5	310	ffffff	1	41	26	49	258	0	0
65607	3936	515.5	310	ffffff	1	42	26	48	258	0	0
65624	3937	515.5	310	ffffff	1	42	26	47	258	0	0
65641	3938	515.5	310	ffffff	1	42	26	46	258	0	0
65657	3939	515.5	310	ffffff	1	42	26	46	258	0	0
65673	3940	515.5	310	ffffff	1	42	26	45	258	0	0
65690	3941	515.5	310	ffffff	1	42	26	44	258	0	0
65707	3942	515.5	310	ffffff	1	42	26	44	258	0	0
65723	3943	515.5	310	ffffff	1	42	26	43	258	0	0
65740	3944	515.5	310	ffffff	1	42	26	42	258	0	0
65757	3945	515.5	310	ffffff	1	42	26	41	258	0	0
65774	3946	515.5	310	ffffff	1	42	26	41	258	0	0
65790	3947	515.5	310	ffffff	1	41	27	63	258	0	0
65807	3948	515.5	310	ffffff	1	41	27	62	258	0	0
65823	3949	515.5	310	ffffff	1	41	27	62	258	0	0
65841	3950	515.5	310	ffffff	1	41	26	61	258	0	0
65857	3951	515.5	310	ffffff	1	41	26	60	258	0	0
65874	3952	515.5	310	ffffff	1	41	26	60	258	0	0
65890	3953	515.5	310	ffffff	1	42	26	59	258	0	0
65907	3954	515.5	310	ffffff	1	42	26	59	258	0	0
65924	3955	515.5	310	ffffff	1	42	26	58	258	0	0
65940	3956	515.5	310	ffffff	1	42	26	57	258	0	0
65957	3957	515.5	310	ffffff	1	42	26	57	258	0	0
65973	3958	515.5	310	ffffff	1	42	26	56	258	0	0
65990	3959	515.5	310	ffffff	1	42	26	55	258	0	0
66007	3960	515.5	310	ffffff	1	42	26	55	258	0	0
66024	3961	515.5	310	ffffff	1	42	26	54	258	0	0
66040	3962	515.5	310	ffffff	1	42	26	53	258	0	0
66057	3963	515.5	310	ffffff	1	43	26	53	258	0	0
66073	3964	515.5	310	ffffff	1	43	26	52	258	0	0
66090	3965	515.5	310	ffffff	1	42	27	65	258	0	0
66107	3966	515.5	310	ffffff	1	42	26	65	258	0	0
66124	3967	515.5	310	ffffff	1	42	26	64	258	0	0
66140	3968	515.5	310	ffffff	1	42	26	63	258	0	0
66157	3969	515.5	310	ffffff	1	42	26	62	258	0	0
66174	3970	515.5	310	ffffff	1	42	26	62	258	0	0
66190	3971	515.5	310	ffffff	1	42	26	61	258	0	0
66207	3972	515.5	310	ffffff	1	42	26	61	258	0	0
66224	3973	515.5	310	ffffff	1	42	26	60	258	0	0
66240	3974	515.5	310	ffffff	1	42	26	59	258	0	0
66259	3975	515.5	310	ffffff	1	42	26	58	258	0	0
66273	3976	515.5	310	ffffff	1	42	26	57	258	0	0
66290	3977	515.5	310	ffffff	1	42	26	57	258	0	0
66307	3978	515.5	310	ffffff	1	42	26	56	258	0	0
66324	3979	515.5	310	ffffff	1	42	26	56	258	0	0
66341	3980	515.5	310	ffffff	1	42	26	54	258	0	0
66357	3981	515.5	310	ffffff	1	42	26	53	258	0	0
66374	3982	515.5	310	ffffff	1	42	26	53	258	0	0
66390	3983	515.5	310	ffffff	1	42	25	52	258	0	0
66407	3984	515.5	310	ffffff	1	42	25	52	258	0	0
66424	3985	515.5	310	ffffff	1	42	25	51	258	0	0
66441	3986	515.5	310	ffffff	1	42	25	51	258	0	0
66457	3987	515.5	310	ffffff	1	43	25	50	258	0	0
66474	3988	515.5	310	ffffff	1	43	25	49	258	0	0
66493	3989	515.5	310	ffffff	1	43	25	48	258	0	0
66507	3990	515.5	310	ffffff	1	43	25	47	258	0	0
66524	3991	515.5	310	ffffff	1	43	25	47	258	0	0
66540	3992	515.5	310	ffffff	1	43	25	46	258	0	0
66557	3993	515.5	310	ffffff	1	43	25	46	258	0	0
66574	3994	515.5	310	ffffff	1	43	25	45	258	0	0
66590	3995	515.5	310	ffffff	1	43	25	44	258	0	0
66607	3996	515.5	310	ffffff	1	43	25	43	258	0	0
66624	3997	515.5	310	ffffff	1	43	25	42	258	0	0
66640	3998	515.5	310	ffffff	1	43	25	42	258	0	0
66657	3999	515.5	310	ffffff	1	43	25	41	258	0	0
66674	4000	515.5	310	ffffff	1	43	25	41	258	0	0
66690	4001	515.5	310	ffffff	1	44	25	40	258	0	0
66707	4002	515.5	310	ffffff	1	44	24	40	258	0	0
66724	4003	515.5	310	ffffff	1	44	24	38	258	0	0
66740	4004	515.5	310	ffffff	1	44	24	37	258	0	0
66757	4005	515.5	310	ffffff	1	44	24	37	258	0	0
66773	4006	515.5	310	ffffff	1	44	24	36	258	0	0
66790	4007	515.5	310	ffffff	1	44	24	36	258	0	0
66807	4008	515.5	310	ffffff	1	44	24	35	258	0	0
66824	4009	515.5	310	ffffff	1	44	24	35	258	0	0
66840	4010	515.5	310	ffffff	1	44	24	33	258	0	0
66859	4011	515.5	310	ffffff	1	44	24	32	258	0	0
66875	4012	515.5	310	ffffff	1	44	24	32	258	0	0
66890	4013	515.5	310	ffffff	1	44	24	31	258	0	0
66909	4014	515.5	310	ffffff	1	44	24	31	258	0	0
66924	4015	515.5	310	ffffff	1	44	24	30	258	0	0
66940	4016	515.5	310	ffffff	1	44	25	30	258	0	0
66958	4017	515.5	310	ffffff	1	44	24	28	258	0	0
66974	4018	515.5	310	ffffff	1	44	24	27	258	0	0
66990	4019	515.5	310	ffffff	1	44	24	27	258	0	0
67007	4020	515.5	310	ffffff	1	44	24	26	258	0	0
67023	4021	515.5	310	ffffff	1	44	24	26	258	0	0
67040	4022	515.5	310	ffffff	1	44	24	25	258	0	0
67057	4023	515.5	310	ffffff	1	44	24	25	258	0	0
67073	4024	515.5	310	ffffff	1	44	24	23	258	0	0
67090	4025	515.5	310	ffffff	1	44	24	23	258	0	0
67108	4026	515.5	310	ff0000	1	44	24	22	258	0	0
67125	4027	515.5	310	ff0000	1	44	24	21	258	0	0
67141	4028	515.5	310	ff0000	1	44	24	20	258	0	0
67157	4029	515.5	310	ff0000	1	44	24	20	258	0	0
67174	4030	515.5	310	ff0000	1	44	24	20	258	0	0
67190	4031	515.5	310	ff0000	1	44	24	18	258	0	0
67207	4032	515.5	310	ff0000	0.3	45	24	18	258	0	0
67224	4033	515.5	310	ff0000	0.3	45	24	17	258	0	0
67241	4034	515.5	310	ff0000	0.3	44	25	16	258	0	0
67257	4035	515.5	310	ff0000	0.3	44	25	15	258	0	0
67274	4036	515.5	310	ff0000	0.3	44	25	15	258	0	0
67291	4037	515.5	310	ff0000	0.3	44	25	15	258	0	0
67307	4038	515.5	310	ffffff	1	44	25	13	258	0	0
67323	4039	515.5	310	ffffff	1	44	25	13	258	0	0
67340	4040	515.5	310	ffffff	1	44	25	12	258	0	0
67357	4041	515.5	310	ffffff	1	44	25	11	258	0	0
67373	4042	515.5	310	ffffff	1	44	25	10	258	0	0
67390	4043	515.5	310	ffffff	1	44	25	10	258	0	0
67407	4044	515.5	310	ffffff	0.3	44	25	10	258	0	0
67423	4045	515.5	310	ffffff	0.3	44	25	8	258	0	0
67440	4046	515.5	310	ffffff	0.3	44	25	8	258	0	0
67457	4047	515.5	310	ffffff	0.3	44	25	7	258	0	0
67474	4048	515.5	310	ffffff	0.3	44	25	6	258	0	0
67490	4049	515.5	310	ffffff	0.3	45	25	5	258	0	0
67507	4050	515.5	310	ffffff	0.3	45	25	5	258	0	0
67524	4051	515.5	310	ffffff	1	44	26	5	258	0	0
67541	4052	515.5	310	ffffff	1	44	26	5	258	0	0
67557	4053	515.5	310	ffffff	1	44	26	5	258	0	0
67574	4054	515.5	310	ffffff	1	44	26	5	258	0	0
67590	4055	515.5	310	ffffff	1	44	26	5	258	0	0
67608	4056	515.5	310	ffffff	1	44	26	5	258	0	0
67624	4057	515.5	310	ffffff	1	44	26	5	258	0	0
67641	4058	515.5	310	ffffff	0.3	44	26	4	258	0	0
67657	4059	515.5	310	ffffff	0.3	44	26	4	258	0	0
67674	4060	515.5	310	ffffff	0.3	44	26	4	258	0	0
67690	4061	515.5	310	ffffff	0.3	44	26	4	258	0	0
67707	4062	515.5	310	ffffff	0.3	44	26	4	258	0	0
67724	4063	515.5	310	ffffff	0.3	44	26	4	258	0	0
67740	4064	515.5	310	ffffff	1	44	26	4	258	0	0
67757	4065	515.5	310	ffffff	1	44	26	4	258	0	0
67774	4066	515.5	310	ffffff	1	44	26	4	258	0	0
67790	4067	515.5	310	ffffff	1	44	26	4	258	0	0
67807	4068	515.5	310	ffffff	1	45	27	4	258	0	0
67824	4069	515.5	310	ffffff	1	45	26	4	258	0	0
67841	4070	515.5	310	ffffff	0.3	46	26	4	258	0	0
67857	4071	515.5	310	ffffff	0.3	46	26	4	258	0	0
67875	4072	515.5	310	ffffff	0.3	46	26	4	258	0	0
67891	4073	515.5	310	ffffff	0.3	46	26	4	258	0	0
67907	4074	515.5	310	ffffff	0.3	46	26	4	258	0	0
67923	4075	515.5	310	ffffff	0.3	46	26	4	258	0	0
67940	4076	515.5	310	ffffff	1	46	26	4	258	0	0
67957	4077	515.5	310	ffffff	1	46	26	4	258	0	0
67973	4078	515.5	310	ffffff	1	46	26	4	258	0	0
67990	4079	515.5	310	ffffff	1	46	26	4	258	0	0
68007	4080	515.5	310	ffffff	1	46	26	4	258	0	0
68024	4081	515.5	310	ffffff	1	46	26	4	258	0	0
68040	4082	515.5	310	ffffff	0.3	46	26	4	258	0	0
68057	4083	515.5	310	ffffff	0.3	46	26	4	258	0	0
68073	4084	515.5	310	ffffff	0.3	46	26	4	258	0	0
68090	4085	515.5	310	ffffff	0.3	45	27	4	258	0	0
68107	4086	515.5	310	ff0000	1	45	27	4	258	0	0
68124	4087	515.5	310	ff0000	1	45	27	4	258	0	0
68140	4088	515.5	310	ff0000	1	46	26	4	258	0	0
68158	4089	515.5	310	ff0000	1	46	26	4	258	0	0
68174	4090	515.5	310	ff0000	1	46	26	4	258	0	0
68190	4091	515.5	310	ff0000	1	46	26	4	258	0	0
68208	4092	515.5	310	ff0000	0.3	46	26	4	258	0	0
68224	4093	515.5	310	ff0000	0.3	46	26	4	258	0	0
68240	4094	515.5	310	ff0000	0.3	46	26	4	258	0	0
68258	4095	515.5	310	ff0000	0.3	46	26	4	258	0	0
68274	4096	515.5	310	ff0000	0.3	46	26	4	258	0	0
68290	4097	515.5	310	ff0000	0.3	46	26	4	258	0	0
68307	4098	515.5	310	ffffff	1	46	26	4	258	0	0
68324	4099	515.5	310	ffffff	1	46	26	4	258	0	0
68340	4100	515.5	310	ffffff	1	46	26	4	258	0	0
68359	4101	515.5	310	ffffff	1	46	26	4	258	0	0
68374	4102	515.5	310	ffffff	1	45	27	4	258	0	0
68391	4103	515.5	310	ffffff	1	45	27	4	258	0	0
68408	4104	515.5	310	ffffff	0.3	45	26	4	258	0	0
68424	4105	515.5	310	ffffff	0.3	46	26	4	258	0	0
68440	4106	515.5	310	ffffff	0.3	46	26	4	258	0	0
68457	4107	515.5	310	ffffff	0.3	46	26	4	258	0	0
68475	4108	515.5	310	ffffff	0.3	46	26	4	258	0	0
68490	4109	515.5	310	ffffff	0.3	46	26	4	258	0	0
68507	4110	515.5	310	ffffff	0.3	46	26	4	258	0	0
68525	4111	515.5	310	ffffff	1	46	26	4	258	0	0
68541	4112	515.5	310	ffffff	1	46	26	4	258	0	0
68558	4113	515.5	310	ffffff	1	46	26	4	258	0	0
68574	4114	515.5	310	ffffff	1	46	26	4	258	0	0
68592	4115	515.5	310	ffffff	1	46	26	4	258	0	0
68608	4116	515.5	310	ffffff	1	46	26	4	258	0	0
68625	4117	515.5	310	ffffff	0.3	46	26	4	258	0	0
68641	4118	515.5	310	ffffff	0.3	46	26	4	258	0	0
68659	4119	515.5	310	ffffff	0.3	45	27	4	258	0	0
68674	4120	515.5	310	ffffff	0.3	45	27	4	258	0	0
68692	4121	515.5	310	ffffff	0.3	45	26	4	258	0	0
68708	4122	515.5	310	ffffff	0.3	45	26	4	258	0	0
68725	4123	515.5	310	ffffff	1	45	26	4	258	0	0
68741	4124	515.5	310	ffffff	1	45	26	4	258	0	0
68759	4125	515.5	310	ffffff	1	45	26	4	258	0	0
68776	4126	515.5	310	ffffff	1	46	26	4	258	0	0
68792	4127	515.5	310	ffffff	1	46	26	4	258	0	0
68808	4128	515.5	310	ffffff	1	46	26	4	258	0	0
68824	4129	515.5	310	ffffff	1	46	26	4	258	0	0
68841	4130	515.5	310	ffffff	0.3	46	26	4	258	0	0
68859	4131	515.5	310	ffffff	0.3	46	26	4	258	0	0
68875	4132	515.5	310	ffffff	0.3	46	26	4	258	0	0
68891	4133	515.5	310	ffffff	0.3	46	26	4	258	0	0
68908	4134	515.5	310	ffffff	0.3	46	26	4	258	0	0
68924	4135	515.5	310	ffffff	0.3	46	26	4	258	0	0
68943	4136	515.5	310	ffffff	1	45	27	4	258	0	0
68960	4137	515.5	310	ffffff	1	45	27	4	258	0	0
68975	4138	515.5	310	ffffff	1	46	26	4	258	0	0
68992	4139	515.5	310	ffffff	1	46	26	4	258	0	0
69007	4140	515.5	310	ffffff	1	46	26	4	258	0	0
69024	4141	515.5	310	ffffff	1	46	26	4	258	0	0
69040	4142	515.5	310	ffffff	1	46	26	4	258	0	0
69057	4143	515.5	310	ffffff	0.3	46	26	4	258	0	0
69075	4144	515.5	310	ffffff	0.3	46	26	4	258	0	0
69091	4145	515.5	310	ffffff	0.3	46	26	4	258	0	0
69107	4146	515.5	310	ffffff	1	46	26	4	258	0	0
69125	4147	515.5	310	ffffff	1	46	26	4	258	0	0
69141	4148	515.5	310	ffffff	1	46	26	4	258	0	0
69158	4149	515.5	310	ffffff	1	46	26	4	258	0	0
69175	4150	515.5	310	ffffff	1	46	26	4	258	0	0
69191	4151	515.5	310	ff0000	1	46	26	4	258	0	0
69209	4152	515.5	310	ff0000	1	47	26	4	258	0	0
69225	4153	515.5	310	ff0000	1	47	26	4	258	0	0
69243	4154	515.5	310	ff0000	1	47	26	4	258	0	0
69258	4155	515.5	310	ff0000	1	47	26	4	258	0	0
69274	4156	515.5	310	ff0000	1	47	25	4	258	0	0
69292	4157	515.5	310	ff0000	0.3	47	25	4	258	0	0
69309	4158	515.5	310	ff0000	0.3	47	25	4	258	0	0
69324	4159	515.5	310	ff0000	0.3	47	25	4	258	0	0
69341	4160	515.5	310	ff0000	0.3	47	25	4	258	0	0
69359	4161	515.5	310	ff0000	0.3	47	25	4	258	0	0
69374	4162	515.5	310	ff0000	0.3	47	25	4	258	0	0
69390	4163	515.5	310	ff0000	0.3	47	25	4	258	0	0
69407	4164	515.5	310	ffffff	1	47	25	4	258	0	0
69424	4165	515.5	310	ffffff	1	47	25	4	258	0	0
69440	4166	515.5	310	ffffff	1	47	25	4	258	0	0
69458	4167	515.5	310	ffffff	1	48	25	4	258	0	0
69475	4168	515.5	310	ffffff	1	48	25	4	258	0	0
69492	4169	515.5	310	ffffff	1	48	25	4	258	0	0
69507	4170	515.5	310	ffffff	1	47	26	4	258	0	0
69526	4171	515.5	310	ffffff	0.3	47	26	4	258	0	0
69541	4172	515.5	310	ffffff	0.3	47	26	4	258	0	0
69559	4173	515.5	310	ffffff	0.3	47	25	4	258	0	0
69576	4174	515.5	310	ffffff	0.3	47	25	4	258	0	0
69592	4175	515.5	310	ffffff	0.3	47	25	4	258	0	0
69608	4176	515.5	310	ffffff	0.3	47	25	4	258	0	0
69625	4177	515.5	310	ffffff	1	47	25	4	258	0	0
69641	4178	515.5	310	ffffff	1	47	25	4	258	0	0
69658	4179	515.5	310	ffffff	1	47	25	4	258	0	0
69674	4180	515.5	310	ffffff	1	47	25	4	258	0	0
69692	4181	515.5	310	ffffff	1	47	25	4	258	0	0
69708	4182	515.5	310	ffffff	1	47	25	4	258	0	0
69725	4183	515.5	310	ffffff	0.3	48	25	4	258	0	0
69741	4184	515.5	310	ffffff	0.3	48	25	4	258	0	0
69758	4185	515.5	310	ffffff	0.3	48	25	4	258	0	0
69774	4186	515.5	310	ffffff	0.3	48	25	4	258	0	0
69792	4187	515.5	310	ffffff	0.3	47	26	4	258	0	0
69808	4188	515.5	310	ffffff	0.3	47	26	4	258	0	0
69824	4189	515.5	310	ffffff	0.3	47	26	4	258	0	0
69841	4190	515.5	310	ffffff	1	47	25	4	258	0	0
69857	4191	515.5	310	ffffff	1	47	25	4	258	0	0
69874	4192	515.5	310	ffffff	1	47	25	4	258	0	0
69892	4193	515.5	310	ffffff	1	47	25	4	258	0	0
69908	4194	515.5	310	ffffff	1	47	25	4	258	0	0
69925	4195	515.5	310	ffffff	1	47	25	4	258	0	0
69941	4196	515.5	310	ffffff	0.3	47	25	4	258	0	0
69958	4197	515.5	310	ffffff	0.3	47	25	4	258	0	0
69974	4198	515.5	310	ffffff	0.3	47	25	4	258	0	0
69992	4199	515.5	310	ffffff	0.3	47	25	4	258	0	0
70008	4200	515.5	310	ffffff	0.3	48	25	4	258	0	0
70024	4201	515.5	310	ffffff	0.3	48	25	4	258	0	0
70042	4202	515.5	310	ffffff	0.3	48	25	4	258	0	0
70058	4203	515.5	310	ffffff	1	48	25	4	258	0	0
70074	4204	515.5	310	ffffff	1	47	26	4	258	0	0
70092	4205	515.5	310	ffffff	1	47	26	4	258	0	0
70108	4206	515.5	310	ffffff	1	47	26	4	258	0	0
70125	4207	515.5	310	ffffff	1	47	26	4	258	0	0
70141	4208	515.5	310	ffffff	1	47	26	4	258	0	0
70158	4209	515.5	310	ffffff	0.3	47	26	4	258	0	0
70174	4210	515.5	310	ffffff	0.3	47	26	4	258	0	0
70190	4211	515.5	310	ffffff	0.3	47	26	4	258	0	0
70207	4212	515.5	310	ff0000	1	47	26	4	258	0	0
70225	4213	515.5	310	ff0000	1	47	26	4	258	0	0
70241	4214	515.5	310	ff0000	1	47	26	4	258	0	0
70258	4215	515.5	310	ff0000	1	47	26	4	258	0	0
70274	4216	515.5	310	ff0000	1	47	26	4	258	0	0
70292	4217	515.5	310	ff0000	1	47	26	4	258	0	0
70308	4218	515.5	310	ff0000	0.3	48	26	4	258	0	0
70325	4219	515.5	310	ff0000	0.3	48	26	4	258	0	0
70343	4220	515.5	310	ff0000	0.3	48	26	4	258	0	0
70360	4221	515.5	310	ff0000	0.3	47	27	4	258	0	0
70375	4222	515.5	310	ff0000	0.3	47	27	4	258	0	0
70392	4223	515.5	310	ff0000	0.3	48	26	4	258	0	0
70408	4224	515.5	310	ffffff	0.3	48	26	4	258	0	0
70425	4225	515.5	310	ffffff	1	48	26	4	258	0	0
70443	4226	515.5	310	ffffff	1	48	26	4	258	0	0
70458	4227	515.5	310	ffffff	1	48	26	4	258	0	0
70475	4228	515.5	310	ffffff	1	48	26	4	258	0	0
70491	4229	515.5	310	ffffff	1	48	26	4	258	0	0
70508	4230	515.5	310	ffffff	1	48	26	4	258	0	0
70524	4231	515.5	310	ffffff	0.3	48	26	4	258	0	0
70541	4232	515.5	310	ffffff	0.3	48	26	4	258	0	0
70558	4233	515.5	310	ffffff	0.3	48	26	4	258	0	0
70575	4234	515.5	310	ffffff	0.3	48	26	4	258	0	0
70591	4235	515.5	310	ffffff	0.3	48	26	4	258	0	0
70612	4236	515.5	310	ffffff	0.3	48	26	4	258	0	0
70624	4237	515.5	310	ffffff	0.3	48	26	4	258	0	0
70641	4238	515.5	310	ffffff	1	47	27	4	258	0	0
70659	4239	515.5	310	ffffff	1	48	27	4	258	0	0
70674	4240	515.5	310	ffffff	1	48	27	4	258	0	0
70691	4241	515.5	310	ffffff	1	48	26	4	258	0	0
70707	4242	515.5	310	ffffff	1	48	26	4	258	0	0
70725	4243	515.5	310	ffffff	1	48	26	4	258	0	0
70740	4244	515.5	310	ffffff	1	48	26	4	258	0	0
70758	4245	515.5	310	ffffff	0.3	48	26	4	258	0	0
70775	4246	515.5	310	ffffff	0.3	48	26	4	258	0	0
70791	4247	515.5	310	ffffff	0.3	48	26	4	258	0	0
70808	4248	515.5	310	ffffff	0.3	48	26	4	258	0	0
70825	4249	515.5	310	ffffff	0.3	48	26	4	258	0	0
70841	4250	515.5	310	ffffff	0.3	48	26	4	258	0	0
70858	4251	515.5	310	ffffff	1	48	26	4	258	0	0
70874	4252	515.5	310	ffffff	1	48	26	4	258	0	0
70891	4253	515.5	310	ffffff	1	48	26	4	258	0	0
70907	4254	515.5	310	ffffff	1	48	26	4	258	0	0
70924	4255	515.5	310	ffffff	1	47	27	4	258	0	0
70942	4256	515.5	310	ffffff	1	48	27	4	258	0	0
70960	4257	515.5	310	ffffff	0.3	48	26	4	258	0	0
70975	4258	515.5	310	ffffff	0.3	48	26	4	258	0	0
70990	4259	515.5	310	ffffff	0.3	48	26	4	258	0	0
71008	4260	515.5	310	ffffff	0.3	48	26	4	258	0	0
71024	4261	515.5	310	ffffff	0.3	48	26	4	258	0	0
71041	4262	515.5	310	ffffff	0.3	48	26	4	258	0	0
71057	4263	515.5	310	ffffff	0.3	48	26	4	258	0	0
71074	4264	515.5	310	ffffff	1	48	26	4	258	0	0
71090	4265	515.5	310	ffffff	1	48	26	4	258	0	0
71108	4266	515.5	310	ffffff	1	48	26	4	258	0	0
71124	4267	515.5	310	ffffff	1	48	26	4	258	0	0
71141	4268	515.5	310	ffffff	1	48	26	4	258	0	0
71158	4269	515.5	310	ffffff	1	48	26	4	258	0	0
71174	4270	515.5	310	ffffff	0.3	48	26	4	258	0	0
71191	4271	515.5	310	ffffff	0.3	48	26	4	258	0	0
71208	4272	515.5	310	ff0000	1	47	27	4	258	0	0
71225	4273	515.5	310	ff0000	1	47	27	4	258	0	0
71242	4274	515.5	310	ff0000	1	47	27	4	258	0	0
71259	4275	515.5	310	ff0000	1	47	27	4	258	0	0
71277	4276	515.5	310	ff0000	1	47	26	4	258	0	0
71292	4277	515.5	310	ff0000	1	48	26	4	258	0	0
71308	4278	515.5	310	ff0000	0.3	48	26	4	258	0	0
71325	4279	515.5	310	ff0000	0.3	48	26	4	258	0	0
71341	4280	515.5	310	ff0000	0.3	48	26	4	258	0	0
71358	4281	515.5	310	ff0000	0.3	48	26	4	258	0	0
71375	4282	515.5	310	ff0000	0.3	48	26	4	258	0	0
71392	4283	515.5	310	ff0000	0.3	48	26	4	258	0	0
71408	4284	515.5	310	ff0000	0.3	48	26	4	258	0	0
71425	4285	515.5	310	ffffff	1	48	26	4	258	0	0
71441	4286	515.5	310	ffffff	1	48	26	4	258	0	0
71458	4287	515.5	310	ffffff	1	48	26	4	258	0	0
71475	4288	515.5	310	ffffff	1	48	26	4	258	0	0
71491	4289	515.5	310	ffffff	1	48	27	4	258	0	0
71508	4290	515.5	310	ffffff	1	48	27	4	258	0	0
71525	4291	515.5	310	ffffff	1	48	27	4	258	0	0
71541	4292	515.5	310	ffffff	0.3	48	26	4	258	0	0
71558	4293	515.5	310	ffffff	0.3	48	26	4	258	0	0
71574	4294	515.5	310	ffffff	0.3	48	26	4	258	0	0
71592	4295	515.5	310	ffffff	0.3	48	26	4	258	0	0
71607	4296	515.5	310	ffffff	0.3	48	26	4	258	0	0
71625	4297	515.5	310	ffffff	0.3	48	26	4	258	0	0
71641	4298	515.5	310	ffffff	0.3	48	26	4	258	0	0
71658	4299	515.5	310	ffffff	1	48	26	4	258	0	0
71674	4300	515.5	310	ffffff	1	48	26	4	258	0	0
71692	4301	515.5	310	ffffff	1	48	26	4	258	0	0
71708	4302	515.5	310	ffffff	1	48	26	4	258	0	0
71724	4303	515.5	310	ffffff	1	50	26	4	258	0	0
71741	4304	515.5	310	ffffff	1	50	26	4	258	0	0
71757	4305	515.5	310	ffffff	1	50	26	4	258	0	0
71774	4306	515.5	310	ffffff	0.3	49	27	4	258	0	0
71790	4307	515.5	310	ffffff	0.3	49	27	4	258	0	0
71807	4308	515.5	310	ffffff	0.3	49	27	4	258	0	0
71824	4309	515.5	310	ffffff	0.3	49	26	4	258	0	0
71842	4310	515.5	310	ffffff	0.3	49	26	4	258	0	0
71858	4311	515.5	310	ffffff	0.3	49	26	4	258	0	0
71875	4312	515.5	310	ffffff	1	49	26	4	258	0	0
71891	4313	515.5	310	ffffff	1	49	26	4	258	0	0
71908	4314	515.5	310	ffffff	1	49	26	4	258	0	0
71925	4315	515.5	310	ffffff	1	49	26	4	258	0	0
71942	4316	515.5	310	ffffff	1	49	26	4	258	0	0
71958	4317	515.5	310	ffffff	1	49	26	4	258	0	0
71975	4318	515.5	310	ffffff	0.3	50	26	4	258	0	0
71991	4319	515.5	310	ffffff	0.3	50	26	4	258	0	0
72007	4320	515.5	310	ffffff	0.3	50	26	4	258	0	0
72024	4321	515.5	310	ffffff	0.3	50	26	4	258	0	0
72042	4322	515.5	310	ffffff	0.3	50	26	4	258	0	0
72057	4323	515.5	310	ffffff	0.3	49	27	4	258	0	0
72075	4324	515.5	310	ffffff	0.3	49	27	4	258	0	0
72091	4325	515.5	310	ffffff	1	49	27	4	258	0	0
72108	4326	515.5	310	ffffff	1	49	26	4	258	0	0
72125	4327	515.5	310	ffffff	1	49	26	4	258	0	0
72142	4328	515.5	310	ffffff	1	49	26	4	258	0	0
72158	4329	515.5	310	ffffff	1	49	26	4	258	0	0
72176	4330	515.5	310	ffffff	1	49	26	4	258	0	0
72192	4331	515.5	310	ffffff	0.3	49	26	4	258	0	0
72208	4332	515.5	310	ffffff	0.3	49	26	4	258	0	0
72224	4333	515.5	310	ffffff	1	49	26	4	258	0	0
72241	4334	515.5	310	ffffff	1	50	26	4	258	0	0
72258	4335	515.5	310	ffffff	1	50	26	4	258	0	0
72275	4336	515.5	310	ffffff	1	50	26	4	258	0	0
72291	4337	515.5	310	ffffff	1	50	26	4	258	0	0
72308	4338	515.5	310	ffffff	1	50	26	4	258	0	0
72324	4339	515.5	310	ffffff	1	50	26	4	258	0	0
72342	4340	515.5	310	ffffff	1	49	27	4	258	0	0
72358	4341	515.5	310	ffffff	1	49	27	4	258	0	0
72373	4342	515.5	310	ffffff	1	49	27	4	258	0	0
72391	4343	515.5	310	ffffff	1	49	27	4	258	0	0
72408	4344	515.5	310	ffffff	1	49	26	4	258	0	0
72425	4345	515.5	310	ffffff	1	49	26	4	258	0	0
72443	4346	515.5	310	ffffff	1	49	26	4	258	0	0
72458	4347	515.5	310	ffffff	1	49	26	4	258	0	0
72476	4348	515.5	310	ffffff	1	49	26	4	258	0	0
72492	4349	515.5	310	ff0000	1	49	26	4	258	0	0
72508	4350	515.5	310	ff0000	1	49	26	4	258	0	0
72524	4351	515.5	310	ff0000	1	50	26	4	258	0	0
72541	4352	515.5	310	ff0000	1	50	26	4	258	0	0
72558	4353	515.5	310	ff0000	1	50	26	4	258	0	0
72575	4354	515.5	310	ff0000	1	50	26	4	258	0	0
72590	4355	515.5	310	ff0000	1	50	26	4	258	0	0
72607	4356	515.5	310	ff0000	0.3	50	26	4	258	0	0
72624	4357	515.5	310	ff0000	0.3	49	27	4	258	0	0
72641	4358	515.5	310	ff0000	0.3	49	27	4	258	0	0
72658	4359	515.5	310	ff0000	0.3	49	26	4	258	0	0
72675	4360	515.5	310	ff0000	0.3	49	26	4	258	0	0
72691	4361	515.5	310	ffffff	0.3	49	26	4	258	0	0
72708	4362	515.5	310	ffffff	1	49	26	4	258	0	0
72725	4363	515.5	310	ffffff	1	49	26	4	258	0	0
72741	4364	515.5	310	ffffff	1	49	26	4	258	0	0
72759	4365	515.5	310	ffffff	1	49	26	4	258	0	0
72775	4366	515.5	310	ffffff	1	49	26	4	258	0	0
72791	4367	515.5	310	ffffff	1	49	26	4	258	0	0
72808	4368	515.5	310	ffffff	1	49	26	4	258	0	0
72825	4369	515.5	310	ffffff	0.3	50	26	4	258	0	0
72842	4370	515.5	310	ffffff	0.3	50	26	4	258	0	0
72859	4371	515.5	310	ffffff	0.3	50	26	4	258	0	0
72875	4372	515.5	310	ffffff	0.3	50	26	4	258	0	0
72892	4373	515.5	310	ffffff	0.3	50	26	4	258	0	0
72909	4374	515.5	310	ffffff	0.3	49	27	4	258	0	0
72925	4375	515.5	310	ffffff	0.3	49	27	4	258	0	0
72941	4376	515.5	310	ffffff	1	49	27	4	258	0	0
72959	4377	515.5	310	ffffff	1	49	26	4	258	0	0
72976	4378	515.5	310	ffffff	1	50	26	4	258	0	0
72993	4379	515.5	310	ffffff	1	50	26	4	258	0	0
73008	4380	515.5	310	ffffff	1	50	26	4	258	0	0
73024	4381	515.5	310	ffffff	1	50	26	4	258	0	0
73040	4382	515.5	310	ffffff	0.3	50	26	4	258	0	0
73058	4383	515.5	310	ffffff	0.3	50	26	4	258	0	0
73075	4384	515.5	310	ffffff	0.3	50	26	4	258	0	0
73092	4385	515.5	310	ffffff	0.3	50	26	4	258	0	0
73107	4386	515.5	310	ffffff	0.3	50	26	4	258	0	0
73124	4387	515.5	310	ffffff	0.3	50	26	4	258	0	0
73141	4388	515.5	310	ffffff	1	50	26	4	258	0	0
73158	4389	515.5	310	ffffff	1	50	26	4	258	0	0
73174	4390	515.5	310	ffffff	1	50	26	4	258	0	0
73191	4391	515.5	310	ffffff	1	49	27	4	258	0	0
73209	4392	515.5	310	ffffff	1	49	27	4	258	0	0
73225	4393	515.5	310	ffffff	1	49	27	4	258	0	0
73241	4394	515.5	310	ffffff	0.3	49	27	4	258	0	0
73258	4395	515.5	310	ffffff	0.3	49	27	4	258	0	0
73275	4396	515.5	310	ffffff	0.3	49	26	4	258	0	0
73291	4397	515.5	310	ffffff	0.3	50	26	4	258	0	0
73308	4398	515.5	310	ffffff	0.3	50	26	4	258	0	0
73325	4399	515.5	310	ffffff	0.3	50	26	4	258	0	0
73342	4400	515.5	310	ffffff	1	50	26	4	258	0	0
73359	4401	515.5	310	ffffff	1	50	26	4	258	0	0
73374	4402	515.5	310	ffffff	1	50	26	4	258	0	0
73391	4403	515.5	310	ffffff	1	50	26	4	258	0	0
73408	4404	515.5	310	ffffff	1	50	26	4	258	0	0
73424	4405	515.5	310	ffffff	1	50	26	4	258	0	0
73441	4406	515.5	310	ffffff	1	50	26	4	258	0	0
73459	4407	515.5	310	ffffff	0.3	50	26	4	258	0	0
73474	4408	515.5	310	ffffff	0.3	49	27	4	258	0	0
73491	4409	515.5	310	ffffff	0.3	49	27	4	258	0	0
73509	4410	515.5	310	ffffff	1	49	27	4	258	0	0
73525	4411	515.5	310	ffffff	1	49	26	4	258	0	0
73542	4412	515.5	310	ffffff	1	49	26	4	258	0	0
73559	4413			ffffff	1	49	25		258	0	0
73576	4414			ffffff	1	49	25		258	0	0
73592	4415			ffffff	1	49	25		258	0	0
73608	4416			ffffff	1	49	25		258	0	0
73624	4417			ffffff	1	49	25		258	0	0
73641	4418			ffffff	1	49	25		258	0	0
73657	4419			ffffff	1	49	25		258	0	0
73675	4420			ffffff	1	49	25		258	0	0
73691	4421			ffffff	1	49	25		258	0	0
73708	4422			ffffff	1	49	25		258	0	0
73723	4423			ffffff	1	49	25		258	0	0
73740	4424			ffffff	1	49	25		258	0	0
73757	4425			ffffff	1	49	25		258	0	0
73775	4426			ffffff	1	49	25		258	0	0
73791	4427			ffffff	1	49	25		258	0	0
73808	4428			ffffff	1	49	25		258	0	0
73825	4429			ffffff	1	49	25		258	0	0
73842	4430			ffffff	1	49	25		258	0	0
73858	4431			ffffff	1	49	25		258	0	0
73875	4432			ffffff	1	49	25		258	0	0
73891	4433			ffffff	1	49	25		258	0	0
73908	4434			ffffff	1	49	25		258	0	0
73924	4435			ffffff	1	49	25		258	0	0
73942	4436			ffffff	1	49	25		258	0	0
73958	4437			ffffff	1	49	25		258	0	0
73975	4438			ffffff	1	49	25		258	0	0
73991	4439			ffffff	1	49	25		258	0	0
74008	4440			ffffff	1	49	25		258	0	0
74025	4441			ffffff	1	49	25		258	0	0
74041	4442			ffffff	1	49	25		258	0	0
74058	4443			ffffff	1	49	25		258	0	0
74075	4444			ffffff	1	49	25		258	0	0
74091	4445			ffffff	1	49	25		258	0	0
74107	4446			ffffff	1	49	25		258	0	0
74125	4447			ffffff	1	49	25		258	0	0
74141	4448			ffffff	1	49	25		258	0	0
74158	4449			ffffff	1	49	25		258	0	0
74175	4450			ffffff	1	49	25		258	0	0
74190	4451			ffffff	1	49	25		258	0	0
74209	4452			ffffff	1	49	25		258	0	0
74224	4453			ffffff	1	49	25		258	0	0
74243	4454			ffffff	1	49	25		258	0	0
74257	4455			ffffff	1	49	25		258	0	0
74275	4456			ffffff	1	49	25		258	0	0
74290	4457			ffffff	1	49	25		258	0	0
74307	4458			ffffff	1	49	25		258	0	0
74324	4459			ffffff	1	49	25		258	0	0
74340	4460			ffffff	1	49	25		258	0	0
74358	4461			ffffff	1	49	25		258	0	0
74376	4462			ffffff	1	49	25		258	0	0
74391	4463			ffffff	1	49	25		258	0	0
74408	4464			ffffff	1	49	25		258	0	0
74424	4465			ffffff	1	49	25		258	0	0
74440	4466			ffffff	1	49	25		258	0	0
74459	4467			ffffff	1	49	25		258	0	0
74474	4468			ffffff	1	49	25		258	0	0
74490	4469			ffffff	1	49	25		258	0	0
74507	4470			ffffff	1	49	25		258	0	0
74524	4471			ffffff	1	49	25		258	0	0
74541	4472			ffffff	1	49	25		258	0	0
74558	4473			ffffff	1	49	25		258	0	0
74577	4474			ffffff	1	49	25		258	0	0
74592	4475			ffffff	1	49	25		258	0	0
74607	4476			ffffff	1	49	25		258	0	0
74624	4477			ffffff	1	49	25		258	0	0
74640	4478			ffffff	1	49	25		258	0	0
74657	4479			ffffff	1	49	25		258	0	0
74674	4480			ffffff	1	49	25		258	0	0
74691	4481			ffffff	1	49	25		258	0	0
74708	4482			ffffff	1	49	25		258	0	0
74724	4483			ffffff	1	49	25		258	0	0
74741	4484			ffffff	1	49	25		258	0	0
74757	4485			ffffff	1	49	25		258	0	0
74774	4486			ffffff	1	49	25		258	0	0
74791	4487			ffffff	1	49	25		258	0	0
74807	4488			ffffff	1	49	25		258	0	0
74823	4489			ffffff	1	49	25		258	0	0
74840	4490			ffffff	1	49	25		258	0	0
74857	4491			ffffff	1	49	25		258	0	0
74875	4492			ffffff	1	49	25		258	0	0
74891	4493			ffffff	1	49	25		258	0	0
74908	4494			ffffff	1	49	25		258	0	0
74925	4495			ffffff	1	49	25		258	0	0
74942	4496			ffffff	1	49	25		258	0	0
74957	4497			ffffff	1	49	25		258	0	0
74974	4498			ffffff	1	49	25		258	0	0
74990	4499			ffffff	1	49	25		258	0	0
75007	4500			ffffff	1	49	25		258	0	0
75024	4501			ffffff	1	49	25		258	0	0
75041	4502			ffffff	1	49	25		258	0	0
75058	4503			ffffff	1	49	25		258	0	0
75075	4504			ffffff	1	49	25		258	0	0
75092	4505			ffffff	1	49	25		258	0	0
75108	4506			ffffff	1	49	25		258	0	0
75125	4507			ffffff	1	49	25		258	0	0
75141	4508			ffffff	1	49	25		258	0	0
75158	4509			ffffff	1	49	25		258	0	0
75176	4510			ffffff	1	49	25		258	0	0
75191	4511			ffffff	1	49	25		258	0	0
75207	4512			ffffff	1	49	25		258	0	0
75224	4513			ffffff	1	49	25		258	0	0
75241	4514			ffffff	1	49	25		258	0	0
75257	4515			ffffff	1	49	25		258	0	0
75276	4516			ffffff	1	49	25		258	0	0
75290	4517			ffffff	1	49	25		258	0	0
75307	4518			ffffff	1	49	25		258	0	0
75323	4519			ffffff	1	49	25		258	0	0
75341	4520			ffffff	1	49	25		258	0	0
75357	4521			ffffff	1	49	25		258	0	0
75374	4522			ffffff	1	49	25		258	0	0
75391	4523			ffffff	1	49	25		258	0	0
75408	4524			ffffff	1	49	25		258	0	0
75425	4525			ffffff	1	49	25		258	0	0
75441	4526			ffffff	1	49	25		258	0	0
75458	4527			ffffff	1	49	25		258	0	0
75474	4528			ffffff	1	49	25		258	0	0
75491	4529			ffffff	1	49	25		258	0	0
75509	4530			ffffff	1	49	25		258	0	0
75524	4531			ffffff	1	49	25		258	0	0
75541	4532			ffffff	1	49	25		258	0	0
75557	4533			ffffff	1	49	25		258	0	0
75574	4534			ffffff	1	49	25		258	0	0
75592	4535			ffffff	1	49	25		258	0	0
75608	4536			ffffff	1	49	25		258	0	0
75624	4537			ffffff	1	49	25		258	0	0
75641	4538			ffffff	1	49	25		258	0	0
75657	4539			ffffff	1	49	25		258	0	0
75673	4540			ffffff	1	49	25		258	0	0
75691	4541			ffffff	1	49	25		258	0	0
75725	4542	875	608	ffffff	1	0	0			0	0
75731	4543	515.5	310	ffffff	1	0	0			0	0
75741	4544	515.5	310	ffffff	1	0	0			0	0
75757	4545	515.5	310	ffffff	1	0	0			0	0
75776	4546	515.5	310	ffffff	1	0	0			0	0
75790	4547	515.5	310	ffffff	1	0	0			0	0
75806	4548	515.5	310	ffffff	1	0	0			0	0
75824	4549	515.5	310	ffffff	1	0	0			0	0
75840	4550	515.5	310	ffffff	1	0	0			0	0
75857	4551	515.5	310	ffffff	1	0	0			0	0
75874	4552	515.5	310	ffffff	1	0	0			0	0
75890	4553	515.5	310	ffffff	1	0	0			0	0
75907	4554	515.5	310	ffffff	1	0	0			0	0
75924	4555	515.5	310	ffffff	1	0	0			0	0
75940	4556	515.5	310	ffffff	1	0	0			0	0
75958	4557	515.5	310	ffffff	1	0	0			0	0
75974	4558	515.5	310	ffffff	1	0	0			0	0
75990	4559	515.5	310	ffffff	1	0	0			0	0
76007	4560	515.5	310	ffffff	1	0	0			0	0
76024	4561	515.5	310	ffffff	1	0	0			0	0
76040	4562	515.5	310	ffffff	1	0	0			0	0
76056	4563	515.5	310	ffffff	1	0	0			0	0
76074	4564	515.5	310	ffffff	1	0	0			0	0
76089	4565	515.5	310	ffffff	1	0	0			0	0
76106	4566	515.5	310	ffffff	1	0	0			0	0
76123	4567	515.5	310	ffffff	1	0	0			0	0
76140	4568	515.5	310	ffffff	1	0	0			0	0
76156	4569	515.5	310	ffffff	1	0	0			0	0
76173	4570	515.5	310	ffffff	1	0	0			0	0
76190	4571	515.5	310	ffffff	1	0	0			0	0
76206	4572	515.5	310	ffffff	1	0	0			0	0
76223	4573	515.5	310	ffffff	1	0	0			0	0
76240	4574	515.5	310	ffffff	1	0	0			0	0
76256	4575	515.5	310	ffffff	1	0	0			0	0
76273	4576	515.5	310	ffffff	1	0	0			0	0
76291	4577	515.5	310	ffffff	1	0	0			0	0
76306	4578	515.5	310	ffffff	1	0	0			0	0
76323	4579	515.5	310	ffffff	1	0	0			0	0
76340	4580	515.5	310	ffffff	1	0	0			0	0
76356	4581	515.5	310	ffffff	1	0	0			0	0
76373	4582	515.5	310	ffffff	1	0	0			0	0
76390	4583	515.5	310	ffffff	1	0	0			0	0
76406	4584	515.5	310	ffffff	1	0	0			0	0
76423	4585	515.5	310	ffffff	1	0	0			0	0
76440	4586	515.5	310	ffffff	1	0	0			0	0
76456	4587	515.5	310	ffffff	1	0	0			0	0
76473	4588	515.5	310	ffffff	1	0	0			0	0
76489	4589	515.5	310	ffffff	1	0	0			0	0
76506	4590	515.5	310	ffffff	1	0	0			0	0
76523	4591	515.5	310	ffffff	1	0	0			0	0
76540	4592	515.5	310	ffffff	1	0	0			0	0
76556	4593	515.5	310	ffffff	1	0	0			0	0
76573	4594	515.5	310	ffffff	1	0	0			0	0
76590	4595	515.5	310	ffffff	1	0	0			0	0
76606	4596	515.5	310	ffffff	1	0	0			0	0
76623	4597	515.5	310	ffffff	1	0	0			0	0
76640	4598	515.5	310	ffffff	1	0	0			0	0
76656	4599	515.5	310	ffffff	1	0	0			0	0
76674	4600	515.5	310	ffffff	1	0	0			0	0
76690	4601	515.5	310	ffffff	1	0	0			0	0
76706	4602	515.5	310	ffffff	1	0	0			0	0
76723	4603	515.5	310	ffffff	1	0	0			0	0
76740	4604	515.5	310	ffffff	1	0	0			0	0
76756	4605	515.5	310	ffffff	1	0	0			0	0
76773	4606	515.5	310	ffffff	1	0	0			0	0
76790	4607	515.5	310	ffffff	1	0	0			0	0
76806	4608	515.5	310	ffffff	1	0	0			0	0
76823	4609	515.5	310	ffffff	1	0	0			0	0
76840	4610	515.5	310	ffffff	1	0	0			0	0
76856	4611	515.5	310	ffffff	1	0	0			0	0
76873	4612	515.5	310	ffffff	1	0	0			0	0
76890	4613	515.5	310	ffffff	1	0	0			0	0
76907	4614	515.5	310	ffffff	1	0	0			0	0
76923	4615	515.5	310	ffffff	1	0	0			0	0
76940	4616	515.5	310	ffffff	1	0	0			0	0
76956	4617	515.5	310	ffffff	1	0	0			0	0
76973	4618	515.5	310	ffffff	1	0	0			0	0
76990	4619	515.5	310	ffffff	1	0	0			0	0
77007	4620	515.5	310	ffffff	1	0	0			0	0
77023	4621	515.5	310	ffffff	1	0	0			0	0
77040	4622	515.5	310	ffffff	1	0	0			0	0
77056	4623	515.5	310	ffffff	1	0	0			0	0
77073	4624	515.5	310	ffffff	1	0	0			0	0
77089	4625	515.5	310	ffffff	1	0	0			0	0
77106	4626	515.5	310	ffffff	1	0	0			0	0
77123	4627	515.5	310	ffffff	1	0	0			0	0
77140	4628	515.5	310	ffffff	1	0	0			0	0
77156	4629	515.5	310	ffffff	1	0	0			0	0
77173	4630	515.5	310	ffffff	1	0	0			0	0
77189	4631	515.5	310	ffffff	1	0	0			0	0
77206	4632	515.5	310	ffffff	1	0	0			0	0
77223	4633	515.5	310	ffffff	1	0	0			0	0
77240	4634	515.5	310	ffffff	1	0	0			0	0
77256	4635	515.5	310	ffffff	1	0	0			0	0
77273	4636	515.5	310	ffffff	1	0	0			0	0
77290	4637	515.5	310	ffffff	1	0	0			0	0
77306	4638	515.5	310	ffffff	1	0	0			0	0
77323	4639	515.5	310	ffffff	1	0	0			0	0
77340	4640	515.5	310	ffffff	1	0	0			0	0
77356	4641	515.5	310	ffffff	1	0	0			0	0
77373	4642	515.5	310	ffffff	1	0	0			0	0
77390	4643	515.5	310	ffffff	1	0	0			0	0
77406	4644	515.5	310	ffffff	1	0	0			0	0
77423	4645	515.5	310	ffffff	1	0	0			0	0
77440	4646	515.5	310	ffffff	1	0	0			0	0
77456	4647	515.5	310	ffffff	1	0	0			0	0
77473	4648	515.5	310	ffffff	1	0	0			0	0
77489	4649	515.5	310	ffffff	1	0	0			0	0
77506	4650	515.5	310	ffffff	1	0	0			0	0
77523	4651	515.5	310	ffffff	1	0	0			0	0
77540	4652	515.5	310	ffffff	1	0	0			0	0
77556	4653	515.5	310	ffffff	1	0	0			0	0
77573	4654	515.5	310	ffffff	1	0	0			0	0
77590	4655	515.5	310	ffffff	1	0	0			0	0
77606	4656	515.5	310	ffffff	1	0	0			0	0
77623	4657	515.5	310	ffffff	1	0	0			0	0
77640	4658	515.5	310	ffffff	1	0	0			0	0
77656	4659	515.5	310	ffffff	1	0	0			0	0
77673	4660	515.5	310	ffffff	1	0	0			0	0
77690	4661	515.5	310	ffffff	1	0	0			0	0
77706	4662	515.5	310	ffffff	1	0	0			0	0
77723	4663	515.5	310	ffffff	1	0	0			0	0
77740	4664	515.5	310	ffffff	1	0	0			0	0
77756	4665	515.5	310	ffffff	1	0	0			0	0
77773	4666	515.5	310	ffffff	1	0	0			0	0
77790	4667	515.5	310	ffffff	1	0	0			0	0
77807	4668	515.5	310	ffffff	1	0	0			0	0
77824	4669	515.5	310	ffffff	1	0	0			0	0
77840	4670	515.5	310	ffffff	1	0	0			0	0
77856	4671	515.5	310	ffffff	1	0	0			0	0
77873	4672	515.5	310	ffffff	1	0	0			0	0
77890	4673	515.5	310	ffffff	1	0	0			0	0
77906	4674	515.5	310	ffffff	1	0	0			0	0
77923	4675	515.5	310	ffffff	1	0	0			0	0
77939	4676	515.5	310	ffffff	1	0	0			0	0
77957	4677	515.5	310	ffffff	1	0	0			0	0
77973	4678	515.5	310	ffffff	1	0	0			0	0
77990	4679	515.5	310	ffffff	1	0	0			0	0
78007	4680	515.5	310	ffffff	1	0	0			0	0
78023	4681	515.5	310	ffffff	1	0	0			0	0
78040	4682	515.5	310	ffffff	1	0	0			0	0
78056	4683	515.5	310	ffffff	1	0	0			0	0
78073	4684	515.5	310	ffffff	1	0	0			0	0
78090	4685	515.5	310	ffffff	1	0	0			0	0
78106	4686	515.5	310	ffffff	1	0	0			0	0
78123	4687	515.5	310	ffffff	1	0	0			0	0
78140	4688	515.5	310	ffffff	1	0	0			0	0
78156	4689	515.5	310	ffffff	1	0	0			0	0
78173	4690	515.5	310	ffffff	1	0	0			0	0
78190	4691	515.5	310	ffffff	1	0	0			0	0
78206	4692	515.5	310	ffffff	1	0	0			0	0
78223	4693	515.5	310	ffffff	1	0	0			0	0
78240	4694	515.5	310	ffffff	1	0	0			0	0
78256	4695	515.5	310	ffffff	1	0	0			0	0
78273	4696	515.5	310	ffffff	1	0	0			0	0
78290	4697	515.5	310	ffffff	1	0	0			0	0
78306	4698	515.5	310	ffffff	1	0	0			0	0
78323	4699	515.5	310	ffffff	1	0	0			0	0
78340	4700	515.5	310	ffffff	1	0	0			0	0
78356	4701	515.5	310	ffffff	1	0	0			0	0
78373	4702	515.5	310	ffffff	1	0	0			0	0
78390	4703	515.5	310	ffffff	1	0	0			0	0
78406	4704	515.5	310	ffffff	1	0	0			0	0
78423	4705	515.5	310	ffffff	1	0	0			0	0
78440	4706	515.5	310	ffffff	1	0	0			0	0
78456	4707	515.5	310	ffffff	1	0	0			0	0
78473	4708	515.5	310	ffffff	1	0	0			0	0
78490	4709	515.5	310	ffffff	1	0	0			0	0
78506	4710	515.5	310	ffffff	1	0	0			0	0
78523	4711	515.5	310	ffffff	1	0	0			0	0
78540	4712	515.5	310	ffffff	1	0	0			0	0
78556	4713	515.5	310	ffffff	1	0	0			0	0
78573	4714	515.5	310	ffffff	1	0	0			0	0
78590	4715	515.5	310	ffffff	1	0	0			0	0
78606	4716	515.5	310	ffffff	1	0	0			0	0
78623	4717	515.5	310	ffffff	1	0	0			0	0
78640	4718	515.5	310	ffffff	1	0	0			0	0
78656	4719	515.5	310	ffffff	1	0	0			0	0
78673	4720	515.5	310	ffffff	1	0	0			0	0
78690	4721	515.5	310	ffffff	1	0	0			0	0
78706	4722	515.5	310	ffffff	1	0	0			0	0
78723	4723	515.5	310	ffffff	1	0	0			0	0
78740	4724	515.5	310	ffffff	1	0	0			0	0
78757	4725	515.5	310	ffffff	1	0	0			0	0
78773	4726	515.5	310	ffffff	1	0	0			0	0
78790	4727	515.5	310	ffffff	1	0	0			0	0
78806	4728	515.5	310	ffffff	1	0	0			0	0
78823	4729	515.5	310	ffffff	1	0	0			0	0
78840	4730	515.5	310	ffffff	1	0	0			0	0
78856	4731	515.5	310	ffffff	1	0	0			0	0
78873	4732	515.5	310	ffffff	1	0	0			0	0
78890	4733	515.5	310	ffffff	1	0	0			0	0
78907	4734	515.5	310	ffffff	1	0	0			0	0
78923	4735	515.5	310	ffffff	1	0	0			0	0
78940	4736	515.5	310	ffffff	1	0	0			0	0
78956	4737	515.5	310	ffffff	1	0	0			0	0
78973	4738	515.5	310	ffffff	1	0	0			0	0
78990	4739	515.5	310	ffffff	1	0	0			0	0
79006	4740	515.5	310	ffffff	1	0	0			0	0
79024	4741	515.5	310	ffffff	1	0	0			0	0
79040	4742	515.5	310	ffffff	1	0	0			0	0
79056	4743	515.5	310	ffffff	1	0	0			0	0
79073	4744	515.5	310	ffffff	1	0	0			0	0
79089	4745	515.5	310	ffffff	1	0	0			0	0
79106	4746	515.5	310	ffffff	1	0	0			0	0
79123	4747	515.5	310	ffffff	1	0	0			0	0
79140	4748	515.5	310	ffffff	1	0	0			0	0
79156	4749	515.5	310	ffffff	1	0	0			0	0
79173	4750	515.5	310	ffffff	1	0	0			0	0
79190	4751	515.5	310	ffffff	1	0	0			0	0
79206	4752	515.5	310	ffffff	1	0	0			0	0
79224	4753	515.5	310	ffffff	1	0	0			0	0
79240	4754	515.5	310	ffffff	1	0	0			0	0
79256	4755	515.5	310	ffffff	1	0	0			0	0
79274	4756	515.5	310	ffffff	1	0	0			0	0
79290	4757	515.5	310	ffffff	1	0	0			0	0
79306	4758	515.5	310	ffffff	1	0	0			0	0
79323	4759	515.5	310	ffffff	1	0	0			0	0
79340	4760	515.5	310	ffffff	1	0	0			0	0
79356	4761	515.5	310	ffffff	1	0	0			0	0
79373	4762	515.5	310	ffffff	1	0	0			0	0
79390	4763	515.5	310	ffffff	1	0	0			0	0
79406	4764	515.5	310	ffffff	1	0	0			0	0
79423	4765	515.5	310	ffffff	1	0	0			0	0
79440	4766	515.5	310	ffffff	1	0	0			0	0
79456	4767	515.5	310	ffffff	1	0	0			0	0
79473	4768	515.5	310	ffffff	1	0	0			0	0
79490	4769	515.5	310	ffffff	1	0	0			0	0
79506	4770	515.5	310	ffffff	1	0	0			0	0
79524	4771	515.5	310	ffffff	1	0	0			0	0
79540	4772	515.5	310	ffffff	1	0	0			0	0
79559	4773	515.5	310	ffffff	1	0	0			0	0
79574	4774	515.5	310	ffffff	1	0	0			0	0
79591	4775	515.5	310	ffffff	1	0	0			0	0
79607	4776	515.5	310	ffffff	1	0	0			0	0
79623	4777	515.5	310	ffffff	1	0	0			0	0
79641	4778	515.5	310	ffffff	1	0	0			0	0
79658	4779	515.5	310	ffffff	1	0	0			0	0
79673	4780	515.5	310	ffffff	1	0	0			0	0
79690	4781	515.5	310	ffffff	1	0	0			0	0
79707	4782	515.5	310	ffffff	1	0	0			0	0
79723	4783	515.5	310	ffffff	1	0	0			0	0
79740	4784	515.5	310	ffffff	1	0	0			0	0
79757	4785	515.5	310	ffffff	1	0	0			0	0
79773	4786	515.5	310	ffffff	1	0	0			0	0
79791	4787	515.5	310	ffffff	1	0	0			0	0
79807	4788	515.5	310	ffffff	1	0	0			0	0
79824	4789	515.5	310	ffffff	1	0	0			0	0
79841	4790	515.5	310	ffffff	1	0	0			0	0
79857	4791	515.5	310	ffffff	1	0	0			0	0
79874	4792	515.5	310	ffffff	1	0	0			0	0
79891	4793	515.5	310	ffffff	1	0	0			0	0
79907	4794	515.5	310	ffffff	1	0	0			0	0
79924	4795	515.5	310	ffffff	1	0	0			0	0
79941	4796	515.5	310	ffffff	1	0	0			0	0
79958	4797	515.5	310	ffffff	1	0	0			0	0
79975	4798	515.5	310	ffffff	1	0	0			0	0
79991	4799	515.5	310	ffffff	1	0	0			0	0
80007	4800	515.5	310	ffffff	1	0	0			0	0
80024	4801	515.5	310	ffffff	1	0	0			0	0
80040	4802	515.5	310	ffffff	1	0	0			0	0
80058	4803	515.5	310	ffffff	1	0	0			0	0
80074	4804	515.5	310	ffffff	1	0	0			0	0
80091	4805	515.5	310	ffffff	1	0	0			0	0
80108	4806	515.5	310	ffffff	1	0	0			0	0
80123	4807	515.5	310	ffffff	1	0	0			0	0
80140	4808	515.5	310	ffffff	1	0	0			0	0
80157	4809	515.5	310	ffffff	1	0	0			0	0
80173	4810	515.5	310	ffffff	1	0	0			0	0
80190	4811	515.5	310	ffffff	1	0	0			0	0
80207	4812	515.5	310	ffffff	1	0	0			0	0
80224	4813	515.5	310	ffffff	1	0	0			0	0
80240	4814	515.5	310	ffffff	1	0	0			0	0
80256	4815	515.5	310	ffffff	1	0	0			0	0
80274	4816	515.5	310	ffffff	1	0	0			0	0
80289	4817	515.5	310	ffffff	1	0	0			0	0
80307	4818	515.5	310	ffffff	1	0	0			0	0
80324	4819	515.5	310	ffffff	1	0	0			0	0
80340	4820	515.5	310	ffffff	1	0	0			0	0
80357	4821	515.5	310	ffffff	1	0	0			0	0
80374	4822	515.5	310	ffffff	1	0	0			0	0
80391	4823	515.5	310	ffffff	1	0	0			0	0
80407	4824	515.5	310	ffffff	1	0	0			0	0
80423	4825	515.5	310	ffffff	1	0	0			0	0
80440	4826	515.5	310	ffffff	1	0	0			0	0
80457	4827	515.5	310	ffffff	1	0	0			0	0
80473	4828	515.5	310	ffffff	1	0	0			0	0
80490	4829	515.5	310	ffffff	1	0	0			0	0
80507	4830	515.5	310	ffffff	1	0	0			0	0
80524	4831	515.5	310	ffffff	1	0	0			0	0
80541	4832	515.5	310	ffffff	1	0	0			0	0
80557	4833	515.5	310	ffffff	1	0	0			0	0
80574	4834	515.5	310	ffffff	1	0	0			0	0
80590	4835	515.5	310	ffffff	1	0	0			0	0
80606	4836	515.5	310	ffffff	1	0	0			0	0
80624	4837	515.5	310	ffffff	1	0	0			0	0
80643	4838	515.5	310	ffffff	1	0	0			0	0
80658	4839	515.5	310	ffffff	1	0	0			0	0
80674	4840	515.5	310	ffffff	1	0	0			0	0
80691	4841	515.5	310	ffffff	1	0	0			0	0
80707	4842	515.5	310	ffffff	1	0	0			0	0
80724	4843	515.5	310	ffffff	1	0	0			0	0
80741	4844	515.5	310	ffffff	1	0	0			0	0
80757	4845	515.5	310	ffffff	1	0	0			0	0
80774	4846	515.5	310	ffffff	1	0	0			0	0
80790	4847	515.5	310	ffffff	1	0	0			0	0
80807	4848	515.5	310	ffffff	1	0	0			0	0
80824	4849	515.5	310	ffffff	1	0	0			0	0
80841	4850	515.5	310	ffffff	1	0	0			0	0
80857	4851	515.5	310	ffffff	1	0	0			0	0
80874	4852	515.5	310	ffffff	1	0	0			0	0
80891	4853	515.5	310	ffffff	1	0	0			0	0
80907	4854	515.5	310	ffffff	1	0	0			0	0
80925	4855	515.5	310	ffffff	1	0	0			0	0
80940	4856	515.5	310	ffffff	1	0	0			0	0
80959	4857	515.5	310	ffffff	1	0	0			0	0
80974	4858	515.5	310	ffffff	1	0	0			0	0
80991	4859	515.5	310	ffffff	1	0	0			0	0
81007	4860	515.5	310	ffffff	1	0	0			0	0
81025	4861	515.5	310	ffffff	1	0	0			0	0
81040	4862	515.5	310	ffffff	1	0	0			0	0
81057	4863	515.5	310	ffffff	1	0	0			0	0
81074	4864	515.5	310	ffffff	1	0	0			0	0
81091	4865	515.5	310	ffffff	1	0	0			0	0
81107	4866	515.5	310	ffffff	1	0	0			0	0
81124	4867	515.5	310	ffffff	1	0	0			0	0
81141	4868	515.5	310	ffffff	1	0	0			0	0
81157	4869	515.5	310	ffffff	1	0	0			0	0
81174	4870	515.5	310	ffffff	1	0	0			0	0
81191	4871	515.5	310	ffffff	1	0	0			0	0
81206	4872	515.5	310	ffffff	1	0	0			0	0
81224	4873	515.5	310	ffffff	1	0	0			0	0
81240	4874	515.5	310	ffffff	1	0	0			0	0
81258	4875	515.5	310	ffffff	1	0	0			0	0
81273	4876	515.5	310	ffffff	1	0	0			0	0
81290	4877	515.5	310	ffffff	1	0	0			0	0
81307	4878	515.5	310	ffffff	1	0	0			0	0
81324	4879	515.5	310	ffffff	1	0	0			0	0
81340	4880	515.5	310	ffffff	1	0	0			0	0
81357	4881	515.5	310	ffffff	1	0	0			0	0
81373	4882	515.5	310	ffffff	1	0	0			0	0
81391	4883	515.5	310	ffffff	1	0	0			0	0
81407	4884	515.5	310	ffffff	1	0	0			0	0
81424	4885	515.5	310	ffffff	1	0	0			0	0
81440	4886	515.5	310	ffffff	1	0	0			0	0
81457	4887	515.5	310	ffffff	1	0	0			0	0
81474	4888	515.5	310	ffffff	1	0	0			0	0
81490	4889	515.5	310	ffffff	1	0	0			0	0
81507	4890	515.5	310	ffffff	1	0	0			0	0
81524	4891	515.5	310	ffffff	1	0	0			0	0
81542	4892	515.5	310	ffffff	1	0	0			0	0
81557	4893	515.5	310	ffffff	1	0	0			0	0
81574	4894	515.5	310	ffffff	1	0	0			0	0
81591	4895	515.5	310	ffffff	1	0	0			0	0
81607	4896	515.5	310	ffffff	1	0	0			0	0
81624	4897	515.5	310	ffffff	1	0	0			0	0
81641	4898	515.5	310	ffffff	1	0	0			0	0
81657	4899	515.5	310	ffffff	1	0	0			0	0
81674	4900	515.5	310	ffffff	1	0	0			0	0
81691	4901	515.5	310	ffffff	1	0	0			0	0
81707	4902	515.5	310	ffffff	1	0	0			0	0
81724	4903	515.5	310	ffffff	1	0	0			0	0
81740	4904	515.5	310	ffffff	1	0	0			0	0
81757	4905	515.5	310	ffffff	1	0	0			0	0
81774	4906	515.5	310	ffffff	1	0	0			0	0
81790	4907	515.5	310	ffffff	1	0	0			0	0
81807	4908	515.5	310	ffffff	1	0	0			0	0
81824	4909	515.5	310	ffffff	1	0	0			0	0
81841	4910	515.5	310	ffffff	1	0	0			0	0
81857	4911	515.5	310	ffffff	1	0	0			0	0
81874	4912	515.5	310	ffffff	1	0	0			0	0
81890	4913	515.5	310	ffffff	1	0	0			0	0
81907	4914	515.5	310	ffffff	1	0	0			0	0
81924	4915	515.5	310	ffffff	1	0	0			0	0
81941	4916	515.5	310	ffffff	1	0	0			0	0
81958	4917	515.5	310	ffffff	1	0	0			0	0
81974	4918	515.5	310	ffffff	1	0	0			0	0
81991	4919	515.5	310	ffffff	1	0	0			0	0
82006	4920	515.5	310	ffffff	1	0	0			0	0
82023	4921	515.5	310	ffffff	1	0	0			0	0
82041	4922	515.5	310	ffffff	1	0	0			0	0
82056	4923	515.5	310	ffffff	1	0	0			0	0
82074	4924	515.5	310	ffffff	1	0	0			0	0
82090	4925	515.5	310	ffffff	1	0	0			0	0
82107	4926	515.5	310	ffffff	1	0	0			0	0
82124	4927	515.5	310	ffffff	1	0	0			0	0
82140	4928	515.5	310	ffffff	1	0	0			0	0
82157	4929	515.5	310	ffffff	1	0	0			0	0
82174	4930	515.5	310	ffffff	1	0	0			0	0
82190	4931	515.5	310	ffffff	1	0	0			0	0
82207	4932	515.5	310	ffffff	1	0	0			0	0
82224	4933	515.5	310	ffffff	1	0	0			0	0
82241	4934	515.5	310	ffffff	1	0	0			0	0
82257	4935	515.5	310	ffffff	1	0	0			0	0
82274	4936	515.5	310	ffffff	1	0	0			0	0
82290	4937	515.5	310	ffffff	1	0	0			0	0
82307	4938	515.5	310	ffffff	1	0	0			0	0
82324	4939	515.5	310	ffffff	1	0	0			0	0
82340	4940	515.5	310	ffffff	1	0	0			0	0
82358	4941	515.5	310	ffffff	1	0	0			0	0
82373	4942	515.5	310	ffffff	1	0	0			0	0
82390	4943	515.5	310	ffffff	1	0	0			0	0
82407	4944	515.5	310	ffffff	1	0	0			0	0
82425	4945	515.5	310	ffffff	1	0	0			0	0
82440	4946	515.5	310	ffffff	1	0	0			0	0
82458	4947	515.5	310	ffffff	1	0	0			0	0
82475	4948	515.5	310	ffffff	1	0	0			0	0
82490	4949	515.5	310	ffffff	1	0	0			0	0
82507	4950	515.5	310	ffffff	1	0	0			0	0
82523	4951	515.5	310	ffffff	1	0	0			0	0
82539	4952	515.5	310	ffffff	1	0	0			0	0
82556	4953	515.5	310	ffffff	1	0	0			0	0
82573	4954	515.5	310	ffffff	1	0	0			0	0
82589	4955	515.5	310	ffffff	1	0	0			0	0
82606	4956	515.5	310	ffffff	1	0	0			0	0
82624	4957	515.5	310	ffffff	1	0	0			0	0
82640	4958	515.5	310	ffffff	1	0	0			0	0
82657	4959	515.5	310	ffffff	1	0	0			0	0
82674	4960	515.5	310	ffffff	1	0	0			0	0
82690	4961	515.5	310	ffffff	1	0	0			0	0
82709	4962	515.5	310	ffffff	1	0	0			0	0
82723	4963	515.5	310	ffffff	1	0	0			0	0
82740	4964	515.5	310	ffffff	1	0	0			0	0
82756	4965	515.5	310	ffffff	1	0	0			0	0
82773	4966	515.5	310	ffffff	1	0	0			0	0
82791	4967	515.5	310	ffffff	1	0	0			0	0
82807	4968	515.5	310	ffffff	1	0	0			0	0
82823	4969	515.5	310	ffffff	1	0	0			0	0
82840	4970	515.5	310	ffffff	1	0	0			0	0
82858	4971	515.5	310	ffffff	1	0	0			0	0
82873	4972	515.5	310	ffffff	1	0	0			0	0
82890	4973	515.5	310	ffffff	1	0	0			0	0
82907	4974	515.5	310	ffffff	1	0	0			0	0
82923	4975	515.5	310	ffffff	1	0	0			0	0
82940	4976	515.5	310	ffffff	1	0	0			0	0
82956	4977	515.5	310	ffffff	1	0	0			0	0
82973	4978	515.5	310	ffffff	1	0	0			0	0
82990	4979	515.5	310	ffffff	1	0	0			0	0
83006	4980	515.5	310	ffffff	1	0	0			0	0
83023	4981	515.5	310	ffffff	1	0	0			0	0
83040	4982	515.5	310	ffffff	1	0	0			0	0
83056	4983	515.5	310	ffffff	1	0	0			0	0
83073	4984	515.5	310	ffffff	1	0	0			0	0
83090	4985	515.5	310	ffffff	1	0	0			0	0
83107	4986	515.5	310	ffffff	1	0	0			0	0
83123	4987	515.5	310	ffffff	1	0	0			0	0
83140	4988	515.5	310	ffffff	1	0	0			0	0
83156	4989	515.5	310	ffffff	1	0	0			0	0
83173	4990	515.5	310	ffffff	1	0	0			0	0
83190	4991	515.5	310	ffffff	1	0	0			0	0
83206	4992	515.5	310	ffffff	1	0	0			0	0
83223	4993	515.5	310	ffffff	1	0	0			0	0
83240	4994	515.5	310	ffffff	1	0	0			0	0
83256	4995	515.5	310	ffffff	1	0	0			0	0
83273	4996	515.5	310	ffffff	1	0	0			0	0
83290	4997	515.5	310	ffffff	1	0	0			0	0
83306	4998	515.5	310	ffffff	1	0	0			0	0
83323	4999	515.5	310	ffffff	1	0	0			0	0
83340	5000	515.5	310	ffffff	1	0	0			0	0
83356	5001	515.5	310	ffffff	1	0	0			0	0
83373	5002	515.5	310	ffffff	1	0	0			0	0
83390	5003	515.5	310	ffffff	1	0	0			0	0
83406	5004	515.5	310	ffffff	1	0	0			0	0
83423	5005	515.5	310	ffffff	1	0	0			0	0
83440	5006	515.5	310	ffffff	1	0	0			0	0
83456	5007	515.5	310	ffffff	1	0	0			0	0
83473	5008	515.5	310	ffffff	1	0	0			0	0
83490	5009	515.5	310	ffffff	1	0	0			0	0
83507	5010	515.5	310	ffffff	1	0	0			0	0
83523	5011	515.5	310	ffffff	1	0	0			0	0
83540	5012	515.5	310	ffffff	1	0	0			0	0
83556	5013	515.5	310	ffffff	1	0	0			0	0
83573	5014	515.5	310	ffffff	1	0	0			0	0
83590	5015	515.5	310	ffffff	1	0	0			0	0
83606	5016	515.5	310	ffffff	1	0	0			0	0
83623	5017	515.5	310	ffffff	1	0	0			0	0
83640	5018	515.5	310	ffffff	1	0	0			0	0
83656	5019	515.5	310	ffffff	1	0	0			0	0
83673	5020	515.5	310	ffffff	1	0	0			0	0
83690	5021	515.5	310	ffffff	1	0	0			0	0
83706	5022	515.5	310	ffffff	1	0	0			0	0
83723	5023	515.5	310	ffffff	1	0	0			0	0
83740	5024	515.5	310	ffffff	1	0	0			0	0
83756	5025	515.5	310	ffffff	1	0	0			0	0
83773	5026	515.5	310	ffffff	1	0	0			0	0
83790	5027	515.5	310	ffffff	1	0	0			0	0
83807	5028	515.5	310	ffffff	1	0	0			0	0
83823	5029	515.5	310	ffffff	1	0	0			0	0
