t	frame	heroX	heroY	tint	alpha	enemies	gems	nearest	meters	meteors	boss
9	1	515.5	310	ffffff	1	0	0			0	0
24	2	515.5	310	ffffff	1	0	0			0	0
40	3	515.5	310	ffffff	1	0	0			0	0
57	4	515.5	310	ffffff	1	0	0			0	0
73	5	515.5	310	ffffff	1	0	0			0	0
90	6	515.5	310	ffffff	1	0	0			0	0
107	7	515.5	310	ffffff	1	0	0			0	0
123	8	515.5	310	ffffff	1	0	0			0	0
140	9	515.5	310	ffffff	1	0	0			0	0
156	10	515.5	310	ffffff	1	0	0			0	0
173	11	515.5	310	ffffff	1	0	0			0	0
190	12	515.5	310	ffffff	1	0	0			0	0
206	13	515.5	310	ffffff	1	0	0			0	0
223	14	515.5	310	ffffff	1	0	0			0	0
240	15	515.5	310	ffffff	1	0	0			0	0
256	16	515.5	310	ffffff	1	0	0			0	0
273	17	515.5	310	ffffff	1	0	0			0	0
289	18	515.5	310	ffffff	1	0	0			0	0
306	19	515.5	310	ffffff	1	0	0			0	0
323	20	515.5	310	ffffff	1	0	0			0	0
340	21	515.5	310	ffffff	1	0	0			0	0
356	22	515.5	310	ffffff	1	0	0			0	0
373	23	515.5	310	ffffff	1	0	0			0	0
390	24	515.5	310	ffffff	1	0	0			0	0
406	25	515.5	310	ffffff	1	0	0			0	0
423	26	515.5	310	ffffff	1	0	0			0	0
439	27	515.5	310	ffffff	1	0	0			0	0
456	28	515.5	310	ffffff	1	0	0			0	0
473	29	515.5	310	ffffff	1	0	0			0	0
490	30	515.5	310	ffffff	1	0	0			0	0
506	31	515.5	310	ffffff	1	0	0			0	0
523	32	515.5	310	ffffff	1	0	0			0	0
539	33	515.5	310	ffffff	1	0	0			0	0
556	34	515.5	310	ffffff	1	0	0			0	0
573	35	515.5	310	ffffff	1	0	0			0	0
590	36	515.5	310	ffffff	1	0	0			0	0
606	37	515.5	310	ffffff	1	0	0			0	0
623	38	515.5	310	ffffff	1	0	0			0	0
639	39	515.5	310	ffffff	1	0	0			0	0
656	40	515.5	310	ffffff	1	0	0			0	0
673	41	515.5	310	ffffff	1	0	0			0	0
690	42	515.5	310	ffffff	1	0	0			0	0
706	43	515.5	310	ffffff	1	0	0			0	0
723	44	515.5	310	ffffff	1	0	0			0	0
739	45	515.5	310	ffffff	1	0	0			0	0
756	46	515.5	310	ffffff	1	0	0			0	0
773	47	515.5	310	ffffff	1	0	0			0	0
790	48	515.5	310	ffffff	1	0	0			0	0
806	49	515.5	310	ffffff	1	0	0			0	0
823	50	515.5	310	ffffff	1	0	0			0	0
840	51	515.5	310	ffffff	1	0	0			0	0
856	52	515.5	310	ffffff	1	0	0			0	0
873	53	515.5	310	ffffff	1	0	0			0	0
889	54	515.5	310	ffffff	1	0	0			0	0
906	55	515.5	310	ffffff	1	0	0			0	0
923	56	515.5	310	ffffff	1	0	0			0	0
940	57	515.5	310	ffffff	1	0	0			0	0
956	58	515.5	310	ffffff	1	0	0			0	0
973	59	515.5	310	ffffff	1	0	0			0	0
989	60	515.5	310	ffffff	1	0	0			0	0
1006	61	515.5	310	ffffff	1	0	0			0	0
1023	62	515.5	310	ffffff	1	0	0			0	0
1040	63	515.5	310	ffffff	1	0	0			0	0
1056	64	515.5	310	ffffff	1	0	0			0	0
1073	65	515.5	310	ffffff	1	0	0			0	0
1090	66	515.5	310	ffffff	1	0	0			0	0
1106	67	515.5	310	ffffff	1	0	0			0	0
1123	68	515.5	310	ffffff	1	0	0			0	0
1140	69	515.5	310	ffffff	1	0	0			0	0
1156	70	515.5	310	ffffff	1	0	0			0	0
1173	71	515.5	310	ffffff	1	0	0			0	0
1190	72	515.5	310	ffffff	1	0	0			0	0
1206	73	515.5	310	ffffff	1	0	0			0	0
1223	74	515.5	310	ffffff	1	0	0			0	0
1239	75	515.5	310	ffffff	1	0	0			0	0
1256	76	515.5	310	ffffff	1	0	0			0	0
1273	77	515.5	310	ffffff	1	0	0			0	0
1290	78	515.5	310	ffffff	1	0	0			0	0
1306	79	515.5	310	ffffff	1	0	0			0	0
1323	80	515.5	310	ffffff	1	0	0			0	0
1340	81	515.5	310	ffffff	1	0	0			0	0
1356	82	515.5	310	ffffff	1	0	0			0	0
1373	83	515.5	310	ffffff	1	0	0			0	0
1390	84	515.5	310	ffffff	1	0	0			0	0
1406	85	515.5	310	ffffff	1	0	0			0	0
1423	86	515.5	310	ffffff	1	0	0			0	0
1440	87	515.5	310	ffffff	1	0	0			0	0
1456	88	515.5	310	ffffff	1	0	0			0	0
1473	89	515.5	310	ffffff	1	0	0			0	0
1490	90	515.5	310	ffffff	1	0	0			0	0
1506	91	515.5	310	ffffff	1	0	0			0	0
1523	92	515.5	310	ffffff	1	0	0			0	0
1539	93	515.5	310	ffffff	1	0	0			0	0
1556	94	515.5	310	ffffff	1	0	0			0	0
1573	95	515.5	310	ffffff	1	0	0			0	0
1590	96	515.5	310	ffffff	1	0	0			0	0
1606	97	515.5	310	ffffff	1	0	0			0	0
1623	98	515.5	310	ffffff	1	0	0			0	0
1640	99	515.5	310	ffffff	1	0	0			0	0
1656	100	515.5	310	ffffff	1	0	0			0	0
1673	101	515.5	310	ffffff	1	0	0			0	0
1690	102	515.5	310	ffffff	1	0	0			0	0
1706	103	515.5	310	ffffff	1	0	0			0	0
1723	104	515.5	310	ffffff	1	0	0			0	0
1740	105	515.5	310	ffffff	1	0	0			0	0
1756	106	515.5	310	ffffff	1	0	0			0	0
1773	107	515.5	310	ffffff	1	0	0			0	0
1789	108	515.5	310	ffffff	1	0	0			0	0
1806	109	515.5	310	ffffff	1	0	0			0	0
1823	110	515.5	310	ffffff	1	0	0			0	0
1839	111	515.5	310	ffffff	1	0	0			0	0
1856	112	515.5	310	ffffff	1	0	0			0	0
1873	113	515.5	310	ffffff	1	0	0			0	0
1890	114	515.5	310	ffffff	1	0	0			0	0
1906	115	515.5	310	ffffff	1	0	0			0	0
1923	116	515.5	310	ffffff	1	0	0			0	0
1940	117	515.5	310	ffffff	1	0	0			0	0
1956	118	515.5	310	ffffff	1	0	0			0	0
1973	119	515.5	310	ffffff	1	0	0			0	0
1990	120	515.5	310	ffffff	1	0	0			0	0
2006	121	515.5	310	ffffff	1	0	0			0	0
2023	122	515.5	310	ffffff	1	0	0			0	0
2040	123	515.5	310	ffffff	1	0	0			0	0
2057	124	515.5	310	ffffff	1	0	0			0	0
2074	125	515.5	310	ffffff	1	0	0			0	0
2092	126	515.5	310	ffffff	1	0	0			0	0
2106	127	515.5	310	ffffff	1	0	0			0	0
2124	128	515.5	310	ffffff	1	0	0			0	0
2140	129	515.5	310	ffffff	1	0	0			0	0
2157	130	515.5	310	ffffff	1	0	0			0	0
2173	131	515.5	310	ffffff	1	0	0			0	0
2190	132	515.5	310	ffffff	1	0	0			0	0
2207	133	515.5	310	ffffff	1	0	0			0	0
2224	134	515.5	310	ffffff	1	0	0			0	0
2240	135	515.5	310	ffffff	1	0	0			0	0
2257	136	515.5	310	ffffff	1	0	0			0	0
2274	137	515.5	310	ffffff	1	0	0			0	0
2290	138	515.5	310	ffffff	1	0	0			0	0
2307	139	515.5	310	ffffff	1	0	0			0	0
2324	140	515.5	310	ffffff	1	0	0			0	0
2340	141	515.5	310	ffffff	1	0	0			0	0
2357	142	515.5	310	ffffff	1	0	0			0	0
2373	143	515.5	310	ffffff	1	0	0			0	0
2391	144	515.5	310	ffffff	1	0	0			0	0
2407	145	515.5	310	ffffff	1	0	0			0	0
2424	146	515.5	310	ffffff	1	0	0			0	0
2441	147	515.5	310	ffffff	1	0	0			0	0
2457	148	515.5	310	ffffff	1	0	0			0	0
2474	149	515.5	310	ffffff	1	0	0			0	0
2491	150	515.5	310	ffffff	1	0	0			0	0
2508	151	515.5	310	ffffff	1	0	0			0	0
2531	152	515.5	310	ffffff	1	0	0			0	0
2546	153	515.5	310	ffffff	1	0	0			0	0
2558	154	515.5	310	ffffff	1	0	0			0	0
2573	155	515.5	310	ffffff	1	0	0			0	0
2591	156	515.5	310	ffffff	1	0	0			0	0
2607	157	515.5	310	ffffff	1	0	0			0	0
2624	158	515.5	310	ffffff	1	0	0			0	0
2640	159	515.5	310	ffffff	1	0	0			0	0
2658	160	515.5	310	ffffff	1	0	0			0	0
2677	161	515.5	310	ffffff	1	0	0			0	0
2692	162	515.5	310	ffffff	1	0	0			0	0
2708	163	515.5	310	ffffff	1	0	0			0	0
2724	164	515.5	310	ffffff	1	0	0			0	0
2740	165	515.5	310	ffffff	1	0	0			0	0
2760	166	515.5	310	ffffff	1	5	0	447		0	0
2775	167	515.5	310	ffffff	1	5	0	447		0	0
2791	168	515.5	310	ffffff	1	5	0	445		0	0
2808	169	515.5	310	ffffff	1	5	0	445		0	0
2824	170	515.5	310	ffffff	1	5	0	444		0	0
2841	171	515.5	310	ffffff	1	5	0	444		0	0
2858	172	515.5	310	ffffff	1	5	0	443		0	0
2874	173	515.5	310	ffffff	1	5	0	442		0	0
2951	174	515.5	310	ffffff	1	5	0	442		0	0
3032	175	515.5	310	ffffff	1	5	0	439		0	0
3048	176	515.5	310	ffffff	1	5	0	435		0	0
3051	177	515.5	310	ffffff	1	5	0	435		0	0
3057	178	515.5	310	ffffff	1	5	0	434		0	0
3074	179	515.5	310	ffffff	1	5	0	433		0	0
3091	180	515.5	310	ffffff	1	5	0	433		0	0
3107	181	515.5	310	ffffff	1	5	0	432		0	0
3124	182	515.5	310	ffffff	1	6	0	432		0	0
3141	183	515.5	310	ffffff	1	6	0	430		0	0
3157	184	515.5	310	ffffff	1	6	0	430		0	0
3174	185	515.5	310	ffffff	1	6	0	429		0	0
3191	186	515.5	310	ffffff	1	6	0	428		0	0
3207	187	515.5	310	ffffff	1	6	0	428		0	0
3224	188	515.5	310	ffffff	1	6	0	427		0	0
3240	189	515.5	310	ffffff	1	6	0	427		0	0
3257	190	515.5	310	ffffff	1	6	0	425		0	0
3274	191	515.5	310	ffffff	1	6	0	424		0	0
3292	192	515.5	310	ffffff	1	6	0	424		0	0
3307	193	515.5	310	ffffff	1	6	0	423		0	0
3324	194	515.5	310	ffffff	1	6	0	423		0	0
3341	195	518.1	310	ffffff	1	6	0	424		0	0
3357	196	520.3	310	ffffff	1	6	0	425		0	0
3374	197	522.5	310	ffffff	1	6	0	425		0	0
3391	198	524.3	310	ffffff	1	6	0	426		0	0
3407	199	526	310	ffffff	1	6	0	427		0	0
3424	200	527.4	310	ffffff	1	6	0	428		0	0
3441	201	528.8	310	ffffff	1	6	0	430		0	0
3457	202	530	310	ffffff	1	6	0	430		0	0
3474	203	531.1	310	ffffff	1	6	0	432		0	0
3491	204	532.1	310	ffffff	1	6	0	433		0	0
3507	205	533	310	ffffff	1	6	0	434		0	0
3524	206	533.8	310	ffffff	1	6	0	435		0	0
3541	207	534.5	310	ffffff	1	6	0	436		0	0
3557	208	535.2	310	ffffff	1	6	0	437		0	0
3574	209	535.8	310	ffffff	1	6	0	438		0	0
3594	210	536.3	310	ffffff	1	6	0	440		0	0
3608	211	536.8	310	ffffff	1	6	0	440		0	0
3624	212	537.2	310	ffffff	1	7	0	381		0	0
3641	213	537.6	310	ffffff	1	7	0	381		0	0
3658	214	537.9	310	ffffff	1	7	0	382		0	0
3674	215	538.2	310	ffffff	1	7	0	382		0	0
3690	216	538.5	310	ffffff	1	7	0	382		0	0
3707	217	538.7	310	ffffff	1	7	0	382		0	0
3724	218	539	310	ffffff	1	7	0	383		0	0
3742	219	539.2	310	ffffff	1	7	0	383		0	0
3759	220	539.4	310	ffffff	1	7	0	384		0	0
3774	221	539.5	310	ffffff	1	7	0	384		0	0
3790	222	539.7	310	ffffff	1	7	0	385		0	0
3807	223	539.8	310	ffffff	1	7	0	385		0	0
3824	224	539.9	310	ffffff	1	7	0	386		0	0
3841	225	540	310	ffffff	1	7	0	387		0	0
3857	226	540.1	310	ffffff	1	7	0	387		0	0
3874	227	540.2	310	ffffff	1	7	0	388		0	0
3892	228	540.3	310	ffffff	1	7	0	388		0	0
3908	229	540.4	310	ffffff	1	7	0	388		0	0
3924	230	540.4	310	ffffff	1	7	0	389		0	0
3940	231	540.5	310	ffffff	1	7	0	390		0	0
3957	232	540.5	310	ffffff	1	7	0	391		0	0
3974	233	540.6	310	ffffff	1	7	0	391		0	0
3990	234	540.6	310	ffffff	1	7	0	392		0	0
4007	235	540.7	310	ffffff	1	7	0	393		0	0
4025	236	540.7	310	ffffff	1	7	0	393		0	0
4042	237	540.7	310	ffffff	1	7	0	394		0	0
4057	238	540.8	310	ffffff	1	7	0	394		0	0
4074	239	540.8	310	ffffff	1	7	0	392		0	0
4091	240	540.8	310	ffffff	1	8	0	387		0	0
4107	241	540.8	310	ffffff	1	8	0	385		0	0
4124	242	540.1	311.8	ffffff	1	8	0	381		0	0
4140	243	539.4	313.4	ffffff	1	8	0	378		0	0
4157	244	538.8	314.9	ffffff	1	8	0	375		0	0
4174	245	538.3	316.2	ffffff	1	8	0	372		0	0
4192	246	537.8	317.4	ffffff	1	8	0	369		0	0
4207	247	537.4	318.5	ffffff	1	8	0	366		0	0
4224	248	537	319.4	ffffff	1	8	0	363		0	0
4240	249	536.7	320.3	ffffff	1	8	0	360		0	0
4257	250	536.4	321.1	ffffff	1	8	0	357		0	0
4274	251	536.1	321.8	ffffff	1	8	0	353		0	0
4291	252	535.8	322.4	ffffff	1	8	0	350		0	0
4308	253	535.6	323	ffffff	1	8	0	347		0	0
4326	254	535.4	323.5	ffffff	1	8	0	345		0	0
4342	255	535.2	323.9	ffffff	1	8	0	344		0	0
4358	256	535	324.3	ffffff	1	8	0	343		0	0
4375	257	534.9	324.7	ffffff	1	8	0	341		0	0
4392	258	534.7	325	ffffff	1	8	0	340		0	0
4412	259	534.6	325.3	ffffff	1	8	0	339		0	0
4425	260	534.5	325.6	ffffff	1	8	0	336		0	0
4440	261	534.4	325.8	ffffff	1	8	0	335		0	0
4457	262	534.3	326.1	ffffff	1	8	0	333		0	0
4474	263	534.2	326.3	ffffff	1	8	0	331		0	0
4491	264	534.2	326.4	ffffff	1	8	0	328		0	0
4508	265	534.1	326.6	ffffff	1	8	0	325		0	0
4524	266	534.1	326.7	ffffff	1	8	0	323		0	0
4541	267	534	326.9	ffffff	1	8	0	319		0	0
4559	268	534	327	ffffff	1	9	0	316		0	0
4574	269	533.9	327.1	ffffff	1	9	0	314		0	0
4590	270	533.9	327.2	ffffff	1	9	0	311		0	0
4609	271	533.8	327.3	ffffff	1	8	1	307		0	0
4626	272	533.8	327.3	ffffff	1	8	1	305		0	0
4641	273	533.8	327.4	ffffff	1	8	1	302		0	0
4665	274	533.8	327.5	ffffff	1	8	1	299	88	0	0
4679	275	533.7	327.5	ffffff	1	8	1	296	88	0	0
4691	276	533.7	327.6	ffffff	1	8	1	293	88	0	0
4708	277	534.5	325.8	ffffff	1	8	1	289	88	0	0
4724	278	535.1	324.2	ffffff	1	8	1	286	88	0	0
4744	279	535.7	322.8	ffffff	1	8	1	283	88	0	0
4759	280	536.2	321.5	ffffff	1	8	1	280	88	0	0
4775	281	536.7	320.4	ffffff	1	8	1	276	88	0	0
4791	282	537.1	319.4	ffffff	1	8	1	273	89	0	0
4808	283	537.5	318.4	ffffff	1	8	1	269	89	0	0
4824	284	537.9	317.6	ffffff	1	8	1	265	89	0	0
4840	285	538.2	316.8	ffffff	1	8	1	262	89	0	0
4857	286	538.5	316.1	ffffff	1	8	1	259	89	0	0
4874	287	536.2	315.5	ffffff	1	8	1	260	89	0	0
4891	288	536.7	315	ffffff	1	8	1	258	89	0	0
4908	289	537.1	314.5	ffffff	1	8	1	257	89	0	0
4924	290	537.5	314	ffffff	1	8	1	255	89	0	0
4940	291	537.8	313.6	ffffff	1	8	1	253	89	0	0
4957	292	538.1	313.3	ffffff	1	8	1	251	89	0	0
4974	293	538.4	312.9	ffffff	1	8	1	249	89	0	0
4990	294	538.7	312.6	ffffff	1	8	1	247	89	0	0
5007	295	536.4	312.4	ffffff	1	8	1	247	89	0	0
5026	296	534.3	312.1	ffffff	1	9	1	247	89	0	0
5041	297	532.4	311.9	ffffff	1	9	1	248	89	0	0
5057	298	530.7	311.7	ffffff	1	9	1	248	89	0	0
5074	299	529.2	311.6	ffffff	1	9	1	248	89	0	0
5090	300	527.8	311.4	ffffff	1	9	1	247	89	0	0
5108	301	526.6	311.3	ffffff	1	9	1	248	90	0	0
5125	302	525.5	311.1	ffffff	1	9	1	248	90	0	0
5141	303	524.5	311	ffffff	1	9	1	248	90	0	0
5158	304	523.6	310.9	ffffff	1	8	2	257	90	0	0
5174	305	522.8	310.8	ffffff	1	8	2	257	90	0	0
5191	306	522	310.7	ffffff	1	8	2	256	90	0	0
5207	307	521.4	310.7	ffffff	1	8	2	256	90	0	0
5224	308	520.8	310.6	ffffff	1	8	2	255	90	0	0
5240	309	520.3	310.5	ffffff	1	8	2	254	90	0	0
5257	310	519.8	310.5	ffffff	1	8	2	253	90	0	0
5274	311	519.4	310.4	ffffff	1	8	2	252	90	0	0
5290	312	519	310.4	ffffff	1	8	2	252	90	0	0
5307	313	518.6	310.4	ffffff	1	8	2	251	90	0	0
5324	314	518.3	310.3	ffffff	1	8	2	250	90	0	0
5340	315	518	310.3	ffffff	1	8	2	250	90	0	0
5357	316	517.8	310.3	ffffff	1	8	2	249	90	0	0
5374	317	517.6	310.2	ffffff	1	8	2	249	90	0	0
5390	318	517.3	310.2	ffffff	1	8	2	248	90	0	0
5407	319	517.2	310.2	ffffff	1	8	2	247	90	0	0
5424	320	517	310.2	ffffff	1	8	2	246	90	0	0
5440	321	516.8	310.2	ffffff	1	8	2	245	90	0	0
5457	322	516.7	310.1	ffffff	1	8	2	244	90	0	0
5474	323	516.6	310.1	ffffff	1	8	2	245	90	0	0
5491	324	516.5	310.1	ffffff	1	9	2	246	90	0	0
5507	325	516.4	310.1	ffffff	1	9	2	248	90	0	0
5524	326	516.3	310.1	ffffff	1	9	2	248	90	0	0
5540	327	516.2	310.1	ffffff	1	9	2	249	90	0	0
5557	328	516.1	310.1	ffffff	1	9	2	250	90	0	0
5574	329	516.1	310.1	ffffff	1	9	2	250	90	0	0
5590	330	516	310.1	ffffff	1	9	2	251	90	0	0
5607	331	516	310.1	ffffff	1	9	2	251	90	0	0
5624	332	515.9	310	ffffff	1	9	2	251	90	0	0
5643	333	515.9	300.6	ffffff	1	9	2	252	90	6	0
5659	334	523.2	315	ffffff	1	9	2	252	90	6	0
5676	335	520	302.9	ffffff	1	9	2	252	89	6	0
5691	336	508.2	311.9	ffffff	1	9	2	252	90	6	0
5708	337	509.5	306.4	ffffff	1	9	2	251	90	6	0
5725	338	518.8	315.9	ffffff	1	9	2	252	90	6	0
5741	339	518.8	315.3	ffffff	1	9	2	251	90	6	0
5758	340	510.1	310.2	ffffff	1	9	2	251	90	6	0
5774	341	517.3	305.3	ffffff	1	9	2	251	90	6	0
5791	342	512.2	312.8	ffffff	1	9	2	251	90	6	0
5808	343	517.7	306.7	ffffff	1	9	2	250	90	6	0
5824	344	512.6	308.7	ffffff	1	9	2	251	90	6	0
5841	345	516	307.3	ffffff	1	9	2	250	90	6	0
5857	346	513.5	310.9	ffffff	1	8	3	431	90	6	0
5874	347	514	310.6	ffffff	1	8	3	429	90	6	0
5890	348	515.3	308.9	ffffff	1	8	3	429	90	6	0
5907	349	516.1	309.9	ffffff	1	8	3	428	90	6	0
5924	350	515.6	310	ffffff	1	8	3	428	90	6	0
5940	351	515.6	310	ffffff	1	8	3	427	90	6	0
5957	352	515.6	310	ffffff	1	9	3	383	90	6	0
5974	353	515.5	310	ffffff	1	9	3	383	90	6	0
5990	354	515.5	310	ffffff	1	9	3	382	90	6	0
6008	355	515.5	310	ffffff	1	9	3	381	90	6	0
6024	356	515.5	310	ffffff	1	9	3	381	90	6	0
6040	357	515.5	310	ffffff	1	9	3	381	90	6	0
6058	358	515.5	310	ffffff	1	9	3	379	90	6	0
6074	359	515.5	310	ffffff	1	9	3	379	90	6	0
6090	360	515.5	310	ffffff	1	9	3	378	90	6	0
6107	361	515.5	310	ffffff	1	9	3	378	90	6	0
6124	362	515.5	310	ffffff	1	9	3	377	90	6	0
6140	363	515.5	310	ffffff	1	9	3	377	90	6	0
6157	364	515.5	310	ffffff	1	9	3	376	90	6	0
6174	365	515.5	310	ffffff	1	9	3	376	90	6	0
6190	366	515.5	310	ffffff	1	9	3	375	90	6	0
6207	367	515.5	310	ffffff	1	9	3	374	90	6	0
6224	368	515.5	310	ffffff	1	9	3	373	90	6	0
6240	369	515.5	310	ffffff	1	9	3	372	90	6	0
6257	370	515.5	310	ffffff	1	9	3	372	90	6	0
6274	371	515.5	310	ffffff	1	9	3	371	90	6	0
6290	372	515.5	310	ffffff	1	9	3	371	90	6	0
6307	373	515.5	310	ffffff	1	9	3	370	90	6	0
6324	374	515.5	310	ffffff	1	9	3	370	90	6	0
6340	375	515.5	310	ffffff	1	9	3	368	90	6	0
6357	376	515.5	310	ffffff	1	9	3	368	90	6	0
6374	377	515.5	310	ffffff	1	9	3	367	90	6	0
6390	378	515.5	310	ffffff	1	9	3	367	90	6	0
6407	379	515.5	310	ffffff	1	9	3	366	90	6	0
6424	380	515.5	310	ffffff	1	9	4	366	90	6	0
6441	381	515.5	310	ffffff	1	9	4	365	90	6	0
6457	382	515.5	310	ffffff	1	9	4	365	90	6	0
6474	383	515.5	310	ffffff	1	8	5	364	90	6	0
6491	384	515.5	310	ffffff	1	8	5	363	90	6	0
6508	385	515.5	310	ffffff	1	8	5	362	90	6	0
6524	386	515.5	310	ffffff	1	8	5	361	90	6	0
6540	387	515.5	310	ffffff	1	8	5	361	90	6	0
6557	388	515.5	310	ffffff	1	8	5	360	90	6	0
6574	389	515.5	310	ffffff	1	8	5	360	90	6	0
6590	390	515.5	310	ffffff	1	8	5	359	90	6	0
6607	391	515.5	310	ffffff	1	8	5	359	90	6	0
6624	392	515.5	310	ffffff	1	8	5	358	90	6	0
6641	393	515.5	310	ffffff	1	8	5	358	90	6	0
6658	394	515.5	310	ffffff	1	8	5	357	90	6	0
6675	395	515.5	310	ffffff	1	8	5	356	90	6	0
6691	396	515.5	310	ffffff	1	8	5	355	90	6	0
6707	397	515.5	310	ffffff	1	8	5	355	90	6	0
6724	398	515.5	310	ffffff	1	8	5	354	90	6	0
6741	399	515.5	310	ffffff	1	8	5	354	90	6	0
6757	400	515.5	310	ffffff	1	8	5	353	90	6	0
6774	401	515.5	310	ffffff	1	8	5	352	90	6	0
6791	402	515.5	310	ffffff	1	8	5	352	90	6	0
6807	403	515.5	310	ffffff	1	8	5	351	90	6	0
6824	404	515.5	310	ffffff	1	8	5	350	90	6	0
6841	405	515.5	310	ffffff	1	8	5	349	90	6	0
6857	406	515.5	310	ffffff	1	8	5	349	90	6	0
6874	407	515.5	310	ffffff	1	8	5	348	90	6	0
6891	408	515.5	310	ffffff	1	9	5	348	90	6	0
6908	409	515.5	310	ffffff	1	9	5	347	90	6	0
6924	410	515.5	310	ffffff	1	9	5	347	90	6	0
6941	411	515.5	310	ffffff	1	7	7	346	90	6	0
6958	412	515.5	310	ffffff	1	7	7	345	90	6	0
6975	413	515.5	310	ffffff	1	7	7	344	90	4	0
6991	414	515.5	310	ffffff	1	7	7	344	90	2	0
7007	415	515.5	310	ffffff	1	7	7	343	90	2	0
7024	416	515.5	310	ffffff	1	7	7	343	90	2	0
7040	417	515.5	310	ffffff	1	7	7	342	90	2	0
7058	418	515.5	310	ffffff	1	7	7	341	90	2	0
7074	419	515.5	310	ffffff	1	7	7	341	90	2	0
7091	420	515.5	310	ffffff	1	7	7	340	90	2	0
7107	421	515.5	310	ffffff	1	7	7	339	90	2	0
7124	422	515.5	310	ffffff	1	7	7	339	90	2	0
7141	423	515.5	310	ffffff	1	7	7	338	90	2	0
7158	424	515.5	310	ffffff	1	7	7	337	90	2	0
7174	425	515.5	310	ffffff	1	7	7	337	90	2	0
7191	426	515.5	310	ffffff	1	7	7	336	90	2	0
7207	427	515.5	310	ffffff	1	7	7	336	90	2	0
7224	428	515.5	310	ffffff	1	7	7	335	90	2	0
7241	429	515.5	310	ffffff	1	7	7	334	90	2	0
7257	430	515.5	310	ffffff	1	7	7	334	90	2	0
7274	431	515.5	310	ffffff	1	7	7	334	90	2	0
7291	432	515.5	310	ffffff	1	7	7	332	90	2	0
7307	433	515.5	310	ffffff	1	7	7	332	90	2	0
7324	434	515.5	310	ffffff	1	7	7	331	90	2	0
7340	435	515.5	310	ffffff	1	7	7	330	90	2	0
7357	436	515.5	310	ffffff	1	8	7	330	90	2	0
7374	437	515.5	310	ffffff	1	8	7	329	90	2	0
7390	438	515.5	310	ffffff	1	8	7	329	90	2	0
7407	439	515.5	310	ffffff	1	8	7	328	90	2	0
7424	440	515.5	310	ffffff	1	8	7	327	90	2	0
7441	441	515.5	310	ffffff	1	8	7	326	90	2	0
7457	442	515.5	310	ffffff	1	8	7	326	90	2	0
7474	443	515.5	310	ffffff	1	8	7	325	90	2	0
7491	444	515.5	310	ffffff	1	8	7	325	90	2	0
7508	445	515.5	310	ffffff	1	8	7	324	90	2	0
7523	446	515.5	310	ffffff	1	8	7	324	90	2	0
7541	447	515.5	310	ffffff	1	8	7	323	90	2	0
7557	448	515.5	310	ffffff	1	8	7	323	90	2	0
7574	449	515.5	310	ffffff	1	8	7	321	90	2	0
7591	450	515.5	310	ffffff	1	8	7	321	90	1	0
7608	451	515.5	310	ffffff	1	8	7	321	90	1	0
7624	452	515.5	310	ffffff	1	8	7	319	90	1	0
7641	453	515.5	310	ffffff	1	8	7	319	90	1	0
7658	454	515.5	310	ffffff	1	8	7	318	90	1	0
7675	455	515.5	310	ffffff	1	8	7	318	90	1	0
7691	456	515.5	310	ffffff	1	8	7	317	90	1	0
7708	457	515.5	310	ffffff	1	8	7	316	90	1	0
7724	458	515.5	310	ffffff	1	8	7	316	90	1	0
7741	459	515.5	310	ffffff	1	8	7	316	90	1	0
7757	460	515.5	310	ffffff	1	8	7	314	90	1	0
7775	461	515.5	310	ffffff	1	8	7	314	90	1	0
7791	462	515.5	310	ffffff	1	8	7	313	90	1	0
7807	463	515.5	310	ffffff	1	8	7	313	90	1	0
7824	464	515.5	310	ffffff	1	9	7	312	90	0	0
7840	465	515.5	310	ffffff	1	9	7	312	90	0	0
7857	466	515.5	310	ffffff	1	9	7	311	90	0	0
7874	467	515.5	310	ffffff	1	9	7	310	90	0	0
7891	468	515.5	310	ffffff	1	9	7	310	90	0	0
7908	469	515.5	310	ffffff	1	9	7	308	90	0	0
7924	470	515.5	310	ffffff	1	9	7	308	90	0	0
7941	471	515.5	310	ffffff	1	8	8	308	90	0	0
7958	472	515.5	310	ffffff	1	8	8	307	90	0	0
7974	473	515.5	310	ffffff	1	8	8	306	90	0	0
7991	474	515.5	310	ffffff	1	8	8	306	90	0	0
8007	475	515.5	310	ffffff	1	8	8	305	90	0	0
8024	476	515.5	310	ffffff	1	8	8	305	90	0	0
8040	477	515.5	310	ffffff	1	8	8	303	90	0	0
8058	478	515.5	310	ffffff	1	8	8	303	90	0	0
8074	479	515.5	310	ffffff	1	8	8	303	90	0	0
8090	480	515.5	310	ffffff	1	8	8	302	90	0	0
8107	481	515.5	310	ffffff	1	8	8	301	90	0	0
8124	482	515.5	310	ffffff	1	8	8	301	90	0	0
8141	483	515.5	310	ffffff	1	8	8	300	90	0	0
8157	484	515.5	310	ffffff	1	8	8	299	90	0	0
8174	485	515.5	310	ffffff	1	8	8	299	90	0	0
8191	486	515.5	310	ffffff	1	8	8	298	90	0	0
8207	487	515.5	310	ffffff	1	8	8	298	90	0	0
8224	488	515.5	310	ffffff	1	8	8	297	90	0	0
8241	489	515.5	310	ffffff	1	8	8	296	90	0	0
8257	490	515.5	310	ffffff	1	8	8	295	90	0	0
8274	491	515.5	310	ffffff	1	8	8	295	90	0	0
8290	492	515.5	310	ffffff	1	9	8	294	90	0	0
8307	493	515.5	310	ffffff	1	9	8	294	90	0	0
8324	494	515.5	310	ffffff	1	9	8	293	90	0	0
8341	495	515.5	310	ffffff	1	9	8	293	90	0	0
8358	496	515.5	310	ffffff	1	9	8	292	90	0	0
8374	497	515.5	310	ffffff	1	9	8	291	90	0	0
8391	498	515.5	310	ffffff	1	9	8	290	90	0	0
8407	499	515.5	310	ffffff	1	9	8	292	90	0	0
8424	500	515.5	310	ffffff	1	9	8	293	90	0	0
8441	501	515.5	310	ffffff	1	9	8	294	90	0	0
8458	502	515.5	310	ffffff	1	9	8	295	90	0	0
8474	503	515.5	310	ffffff	1	9	8	296	90	0	0
8491	504	515.5	310	ffffff	1	9	8	296	90	0	0
8507	505	515.5	310	ffffff	1	9	8	298	90	0	0
8523	506	515.5	310	ffffff	1	9	8	298	90	0	0
8541	507	515.5	310	ffffff	1	9	8	298	90	0	0
8558	508	515.5	310	ffffff	1	9	8	298	90	0	0
8574	509	515.5	310	ffffff	1	9	8	299	90	0	0
8590	510	515.5	310	ffffff	1	9	8	299	90	0	0
8607	511	515.5	310	ffffff	1	9	8	299	90	0	0
8624	512	515.5	310	ffffff	1	9	8	299	90	0	0
8641	513	515.5	310	ffffff	1	9	8	299	90	0	0
8658	514	515.5	310	ffffff	1	9	8	299	90	0	0
8674	515	515.5	310	ffffff	1	9	8	299	90	0	0
8691	516	515.5	310	ffffff	1	9	8	298	90	0	0
8707	517	515.5	310	ffffff	1	9	8	298	90	0	0
8724	518	515.5	310	ffffff	1	9	8	298	90	0	0
8741	519	515.5	310	ffffff	1	9	8	298	90	0	0
8758	520	515.5	310	ffffff	1	9	9	309	90	0	0
8774	521	515.5	310	ffffff	1	9	9	308	90	0	0
8791	522	515.5	310	ffffff	1	9	9	306	90	0	0
8807	523	515.5	310	ffffff	1	9	9	306	90	0	0
8824	524	515.5	310	ffffff	1	9	9	305	90	0	0
8840	525	515.5	310	ffffff	1	9	9	305	90	0	0
8857	526	515.5	310	ffffff	1	9	9	304	90	0	0
8874	527	515.5	310	ffffff	1	9	9	303	90	0	0
8890	528	515.5	310	ffffff	1	9	9	302	90	0	0
8907	529	515.5	310	ffffff	1	9	9	302	90	0	0
8923	530	515.5	310	ffffff	1	9	9	301	90	0	0
8940	531	515.5	310	ffffff	1	9	9	300	90	0	0
8957	532	515.5	310	ffffff	1	9	9	300	90	0	0
8973	533	515.5	310	ffffff	1	9	9	299	90	0	0
8990	534	515.5	310	ffffff	1	9	9	299	90	0	0
9007	535	515.5	310	ffffff	1	9	9	298	90	0	0
9023	536	515.5	310	ffffff	1	9	9	297	90	0	0
9040	537	515.5	310	ffffff	1	9	9	297	90	0	0
9057	538	515.5	310	ffffff	1	9	9	296	90	0	0
9073	539	515.5	310	ffffff	1	9	9	295	90	0	0
9090	540	515.5	310	ffffff	1	9	9	295	90	0	0
9107	541	515.5	310	ffffff	1	9	9	293	90	0	0
9124	542	515.5	310	ffffff	1	9	9	292	90	0	0
9140	543	515.5	310	ffffff	1	9	9	292	90	0	0
9157	544	515.5	310	ffffff	1	9	9	292	90	0	0
9173	545	515.5	310	ffffff	1	9	9	290	90	0	0
9190	546	515.5	310	ffffff	1	9	9	290	90	0	0
9207	547	515.5	310	ffffff	1	9	9	289	90	0	0
9224	548	515.5	310	ffffff	1	10	9	288	90	0	0
9240	549	515.5	310	ffffff	1	10	9	288	90	0	0
9257	550	515.5	310	ffffff	1	10	9	287	90	0	0
9274	551	515.5	310	ffffff	1	10	9	286	90	0	0
9290	552	515.5	310	ffffff	1	10	9	286	90	0	0
9307	553	515.5	310	ffffff	1	10	9	285	90	0	0
9324	554	515.5	310	ffffff	1	10	9	285	90	0	0
9340	555	515.5	310	ffffff	1	10	9	284	90	0	0
9358	556	515.5	310	ffffff	1	10	9	283	90	0	0
9374	557	515.5	310	ffffff	1	10	9	283	90	0	0
9390	558	515.5	310	ffffff	1	10	9	282	90	0	0
9407	559	515.5	310	ffffff	1	10	9	281	90	0	0
9424	560	515.5	310	ffffff	1	10	9	281	90	0	0
9440	561	515.5	310	ffffff	1	10	9	279	90	0	0
9457	562	515.5	310	ffffff	1	10	9	279	90	0	0
9474	563	515.5	310	ffffff	1	10	9	281	90	0	0
9490	564	515.5	310	ffffff	1	10	9	282	90	0	0
9507	565	515.5	310	ffffff	1	10	9	283	90	0	0
9524	566	515.5	310	ffffff	1	10	9	283	90	0	0
9540	567	515.5	310	ffffff	1	10	9	284	90	0	0
9557	568	515.5	310	ffffff	1	10	9	285	90	0	0
9574	569	515.5	310	ffffff	1	10	9	285	90	0	0
9590	570	515.5	310	ffffff	1	10	9	285	90	0	0
9607	571	515.5	310	ffffff	1	10	9	286	90	0	0
9624	572	515.5	310	ffffff	1	10	9	286	90	0	0
9640	573	515.5	310	ffffff	1	10	9	286	90	0	0
9658	574	515.5	310	ffffff	1	10	9	286	90	0	0
9674	575	515.5	310	ffffff	1	10	9	286	90	0	0
9691	576	515.5	310	ffffff	1	11	9	286	90	0	0
9707	577	515.5	310	ffffff	1	11	9	286	90	0	0
9724	578	515.5	310	ffffff	1	11	9	286	90	0	0
9740	579	515.5	310	ffffff	1	11	9	286	90	0	0
9757	580	515.5	310	ffffff	1	11	9	286	90	0	0
9774	581	515.5	310	ffffff	1	11	9	285	90	0	0
9790	582	515.5	310	ffffff	1	11	9	285	90	0	0
9807	583	515.5	310	ffffff	1	11	9	285	90	0	0
9823	584	515.5	310	ffffff	1	11	9	285	90	0	0
9841	585	515.5	310	ffffff	1	10	10	305	90	0	0
9857	586	515.5	310	ffffff	1	10	10	303	90	0	0
9873	587	515.5	310	ffffff	1	10	10	303	90	0	0
9890	588	515.5	310	ffffff	1	10	10	302	90	0	0
9907	589	515.5	310	ffffff	1	10	10	302	90	0	0
9923	590	515.5	310	ffffff	1	10	10	301	90	0	0
9940	591	515.5	310	ffffff	1	10	10	300	90	0	0
9957	592	515.5	310	ffffff	1	10	10	300	90	0	0
9973	593	515.5	310	ffffff	1	10	10	300	90	0	0
9990	594	515.5	310	ffffff	1	10	10	298	90	0	0
10007	595	515.5	310	ffffff	1	10	10	298	90	0	0
10023	596	515.5	310	ffffff	1	10	10	297	90	0	0
10040	597	515.5	310	ffffff	1	10	10	297	90	0	0
10057	598	515.5	310	ffffff	1	10	10	296	90	0	0
10074	599	515.5	310	ffffff	1	10	10	295	90	0	0
10090	600	515.5	310	ffffff	1	10	10	295	90	0	0
10107	601	515.5	310	ffffff	1	10	10	294	90	0	0
10123	602	515.5	310	ffffff	1	10	10	293	90	0	0
10140	603	515.5	310	ffffff	1	10	10	293	90	0	0
10157	604	515.5	310	ffffff	1	11	10	292	90	0	0
10174	605	515.5	310	ffffff	1	11	10	292	90	0	0
10190	606	515.5	310	ffffff	1	11	10	290	90	0	0
10207	607	515.5	310	ffffff	1	11	10	292	90	0	0
10223	608	515.5	310	ffffff	1	11	10	293	90	0	0
10240	609	515.5	310	ffffff	1	11	10	295	90	0	0
10257	610	515.5	310	ffffff	1	11	10	293	90	0	0
10273	611	515.5	310	ffffff	1	11	10	293	90	0	0
10290	612	515.5	310	ffffff	1	11	10	292	90	0	0
10307	613	515.5	310	ffffff	1	11	10	292	90	0	0
10324	614	515.5	310	ffffff	1	11	10	291	90	0	0
10340	615	515.5	310	ffffff	1	11	10	291	90	0	0
10357	616	515.5	310	ffffff	1	11	10	290	90	0	0
10374	617	515.5	310	ffffff	1	11	10	288	90	0	0
10390	618	515.5	310	ffffff	1	11	10	288	90	0	0
10407	619	515.5	310	ffffff	1	11	10	287	90	0	0
10423	620	515.5	310	ffffff	1	11	10	287	90	0	0
10440	621	515.5	310	ffffff	1	11	10	286	90	0	0
10457	622	515.5	310	ffffff	1	11	10	286	90	0	0
10474	623	515.5	310	ffffff	1	11	10	284	90	0	0
10490	624	515.5	310	ffffff	1	11	10	284	90	0	0
10507	625	515.5	310	ffffff	1	11	10	283	90	0	0
10524	626	515.5	310	ffffff	1	11	10	283	90	0	0
10540	627	515.5	310	ffffff	1	11	10	282	90	0	0
10557	628	515.5	310	ffffff	1	10	11	281	90	0	0
10574	629	515.5	310	ffffff	1	10	11	281	90	0	0
10590	630	515.5	310	ffffff	1	10	11	280	90	0	0
10607	631	515.5	310	ffffff	1	10	11	279	90	0	0
10624	632	515.5	310	ffffff	1	11	11	278	90	0	0
10641	633	515.5	310	ffffff	1	11	11	278	90	0	0
10657	634	515.5	310	ffffff	1	11	11	276	90	0	0
10674	635	515.5	310	ffffff	1	11	11	276	90	0	0
10691	636	515.5	310	ffffff	1	11	11	276	90	0	0
10707	637	515.5	310	ffffff	1	11	11	275	90	0	0
10724	638	515.5	310	ffffff	1	11	11	274	90	0	0
10741	639	515.5	310	ffffff	1	11	11	273	90	0	0
10757	640	515.5	310	ffffff	1	11	11	273	90	0	0
10774	641	515.5	310	ffffff	1	11	11	272	90	0	0
10791	642	515.5	310	ffffff	1	11	11	271	90	0	0
10807	643	515.5	310	ffffff	1	11	11	271	90	0	0
10825	644	515.5	310	ffffff	1	11	11	270	90	0	0
10841	645	515.5	310	ffffff	1	11	11	269	90	0	0
10857	646	515.5	310	ffffff	1	11	11	269	90	0	0
10874	647	515.5	310	ffffff	1	11	11	269	90	0	0
10890	648	515.5	310	ffffff	1	11	11	267	90	0	0
10907	649	515.5	310	ffffff	1	11	11	266	90	0	0
10924	650	515.5	310	ffffff	1	11	11	266	90	0	0
10941	651	515.5	310	ffffff	1	11	11	265	90	0	0
10957	652	515.5	310	ffffff	1	11	11	264	90	0	0
10974	653	515.5	310	ffffff	1	11	11	264	90	0	0
10990	654	515.5	310	ffffff	1	11	11	263	90	0	0
11007	655	515.5	310	ffffff	1	11	11	262	90	0	0
11024	656	515.5	310	ffffff	1	11	11	261	90	0	0
11041	657	515.5	310	ffffff	1	11	11	261	90	0	0
11058	658	515.5	310	ffffff	1	11	11	261	90	0	0
11074	659	515.5	310	ffffff	1	11	11	259	90	0	0
11091	660	515.5	310	ffffff	1	11	11	259	90	0	0
11107	661	515.5	310	ffffff	1	11	11	258	90	0	0
11124	662	515.5	310	ffffff	1	12	11	258	90	0	0
11141	663	515.5	310	ffffff	1	12	11	256	90	0	0
11158	664	515.5	310	ffffff	1	12	11	256	90	0	0
11175	665	515.5	310	ffffff	1	12	11	255	90	0	0
11191	666	515.5	310	ffffff	1	12	11	254	90	0	0
11208	667	515.5	310	ffffff	1	12	11	256	90	0	0
11225	668	515.5	310	ffffff	1	12	11	257	90	0	0
11241	669	515.5	310	ffffff	1	12	11	258	90	0	0
11258	670	515.5	310	ffffff	1	12	11	259	90	0	0
11274	671	515.5	310	ffffff	1	12	11	259	90	0	0
11292	672	515.5	310	ffffff	1	12	11	261	90	0	0
11308	673	515.5	310	ffffff	1	12	11	261	90	0	0
11324	674	515.5	310	ffffff	1	12	11	261	90	0	0
11341	675	515.5	310	ffffff	1	12	11	261	90	0	0
11357	676	515.5	310	ffffff	1	12	11	262	90	0	0
11375	677	515.5	310	ffffff	1	12	11	262	90	0	0
11391	678	515.5	310	ffffff	1	12	11	262	90	0	0
11407	679	515.5	310	ffffff	1	12	11	262	90	0	0
11424	680	515.5	310	ffffff	1	12	11	262	90	0	0
11440	681	515.5	310	ffffff	1	12	11	262	90	0	0
11457	682	515.5	310	ffffff	1	12	11	262	90	0	0
11474	683	515.5	310	ffffff	1	12	11	262	90	0	0
11490	684	515.5	310	ffffff	1	12	11	261	90	0	0
11507	685	515.5	310	ffffff	1	12	11	261	90	0	0
11523	686	515.5	310	ffffff	1	12	11	261	90	0	0
11540	687	515.5	310	ffffff	1	12	11	261	90	0	0
11557	688	515.5	310	ffffff	1	12	11	261	90	0	0
11574	689	515.5	310	ffffff	1	11	12	293	90	0	0
11591	690	515.5	310	ffffff	1	12	12	293	90	0	0
11607	691	515.5	310	ffffff	1	12	12	292	90	0	0
11623	692	515.5	310	ffffff	1	12	12	291	90	0	0
11640	693	515.5	310	ffffff	1	12	12	290	90	0	0
11657	694	515.5	310	ffffff	1	12	12	290	90	0	0
11674	695	515.5	310	ffffff	1	12	12	289	90	0	0
11690	696	515.5	310	ffffff	1	12	12	289	90	0	0
11707	697	515.5	310	ffffff	1	12	12	288	90	0	0
11723	698	515.5	310	ffffff	1	12	12	288	90	0	0
11740	699	515.5	310	ffffff	1	12	12	287	90	0	0
11757	700	515.5	310	ffffff	1	12	12	286	90	0	0
11774	701	515.5	310	ffffff	1	12	12	285	90	0	0
11790	702	515.5	310	ffffff	1	12	12	284	90	0	0
11807	703	515.5	310	ffffff	1	12	12	284	90	0	0
11823	704	515.5	310	ffffff	1	12	12	283	90	0	0
11840	705	515.5	310	ffffff	1	12	12	283	90	0	0
11857	706	515.5	310	ffffff	1	12	12	282	90	0	0
11873	707	515.5	310	ffffff	1	12	12	282	90	0	0
11890	708	515.5	310	ffffff	1	12	12	281	90	0	0
11907	709	515.5	310	ffffff	1	12	12	281	90	0	0
11924	710	515.5	310	ffffff	1	12	12	279	90	0	0
11940	711	515.5	310	ffffff	1	12	12	279	90	0	0
11958	712	515.5	310	ffffff	1	12	12	281	90	0	0
11974	713	515.5	310	ffffff	1	12	12	282	90	0	0
11990	714	515.5	310	ffffff	1	12	12	283	90	0	0
12008	715	515.5	310	ffffff	1	12	12	283	90	0	0
12023	716	515.5	310	ffffff	1	12	12	284	90	0	0
12040	717	515.5	310	ffffff	1	12	12	285	90	0	0
12057	718	515.5	310	ffffff	1	13	12	285	90	0	0
12073	719	515.5	310	ffffff	1	13	12	287	90	0	0
12090	720	515.5	310	ffffff	1	13	12	287	90	0	0
12106	721	515.5	310	ffffff	1	13	12	287	90	0	0
12123	722	515.5	310	ffffff	1	13	12	288	90	0	0
12140	723	515.5	310	ffffff	1	13	12	288	90	0	0
12156	724	515.5	310	ffffff	1	13	12	288	90	0	0
12173	725	515.5	310	ffffff	1	13	12	288	90	0	0
12190	726	515.5	310	ffffff	1	13	12	288	90	0	0
12206	727	515.5	310	ffffff	1	13	12	288	90	0	0
12223	728	515.5	310	ffffff	1	13	12	288	90	0	0
12240	729	515.5	310	ffffff	1	13	12	287	90	0	0
12256	730	515.5	310	ffffff	1	13	12	287	90	0	0
12273	731	515.5	310	ffffff	1	13	12	286	90	0	0
12290	732	515.5	310	ffffff	1	13	12	286	90	0	0
12307	733	515.5	310	ffffff	1	13	12	285	90	0	0
12323	734	515.5	310	ffffff	1	12	13	284	90	0	0
12340	735	515.5	310	ffffff	1	12	13	284	90	0	0
12357	736	515.5	310	ffffff	1	12	13	284	90	0	0
12374	737	515.5	310	ffffff	1	12	13	282	90	0	0
12390	738	515.5	310	ffffff	1	12	13	282	90	0	0
12406	739	515.5	310	ffffff	1	12	13	281	90	0	0
12423	740	515.5	310	ffffff	1	12	13	281	90	0	0
12440	741	515.5	310	ffffff	1	12	13	280	90	0	0
12456	742	515.5	310	ffffff	1	12	13	280	90	0	0
12473	743	515.5	310	ffffff	1	12	13	279	90	0	0
12490	744	515.5	310	ffffff	1	12	13	278	90	0	0
12506	745	515.5	310	ffffff	1	12	13	278	90	0	0
12523	746	515.5	310	ffffff	1	13	13	276	90	0	0
12540	747	515.5	310	ffffff	1	13	13	276	90	0	0
12556	748	515.5	310	ffffff	1	13	13	276	90	0	0
12573	749	515.5	310	ffffff	1	13	13	275	90	0	0
12589	750	515.5	310	ffffff	1	13	13	274	90	0	0
12606	751	515.5	310	ffffff	1	13	13	274	90	0	0
12623	752	515.5	310	ffffff	1	13	13	273	90	0	0
12640	753	515.5	310	ffffff	1	13	13	273	90	0	0
12656	754	515.5	310	ffffff	1	13	13	272	90	0	0
12674	755	515.5	310	ffffff	1	13	13	272	90	0	0
12690	756	515.5	310	ffffff	1	13	13	271	90	0	0
12706	757	515.5	310	ffffff	1	13	13	271	90	0	0
12723	758	515.5	310	ffffff	1	13	13	270	90	0	0
12740	759	515.5	310	ffffff	1	13	13	269	90	0	0
12756	760	515.5	310	ffffff	1	13	13	268	90	0	0
12773	761	515.5	310	ffffff	1	13	13	268	90	0	0
12789	762	515.5	310	ffffff	1	13	13	267	90	0	0
12806	763	515.5	310	ffffff	1	13	13	267	90	0	0
12823	764	515.5	310	ffffff	1	13	13	266	90	0	0
12840	765	515.5	310	ffffff	1	13	13	266	90	0	0
12857	766	515.5	310	ffffff	1	13	13	265	90	0	0
12873	767	515.5	310	ffffff	1	13	13	265	90	0	0
12890	768	515.5	310	ffffff	1	13	13	263	90	0	0
12906	769	515.5	310	ffffff	1	13	13	263	90	0	0
12923	770	515.5	310	ffffff	1	13	13	263	90	0	0
12940	771	515.5	310	ffffff	1	13	13	262	90	0	0
12956	772	515.5	310	ffffff	1	13	13	261	90	0	0
12973	773	515.5	310	ffffff	1	13	13	261	90	0	0
12990	774	515.5	310	ffffff	1	14	13	260	90	0	0
13007	775	515.5	310	ffffff	1	13	14	283	90	0	0
13023	776	515.5	310	ffffff	1	13	14	283	90	0	0
13040	777	515.5	310	ffffff	1	13	14	282	90	0	0
13056	778	515.5	310	ffffff	1	13	14	282	90	0	0
13073	779	515.5	310	ffffff	1	13	14	281	90	0	0
13090	780	515.5	310	ffffff	1	13	14	281	90	0	0
13106	781	515.5	310	ffffff	1	13	14	280	90	0	0
13123	782	515.5	310	ffffff	1	13	14	279	90	0	0
13140	783	515.5	310	ffffff	1	13	14	278	90	0	0
13156	784	515.5	310	ffffff	1	13	14	278	90	0	0
13173	785	515.5	310	ffffff	1	13	14	277	90	0	0
13189	786	515.5	310	ffffff	1	13	14	276	90	0	0
13206	787	515.5	310	ffffff	1	13	14	276	90	0	0
13223	788	515.5	310	ffffff	1	13	14	276	90	0	0
13240	789	515.5	310	ffffff	1	13	14	274	90	0	0
13257	790	515.5	310	ffffff	1	13	14	274	90	0	0
13273	791	515.5	310	ffffff	1	13	14	273	90	0	0
13290	792	515.5	310	ffffff	1	13	14	273	90	0	0
13307	793	515.5	310	ffffff	1	13	14	272	90	0	0
13324	794	515.5	310	ffffff	1	13	14	271	90	0	0
13341	795	515.5	310	ffffff	1	13	14	271	90	0	0
13357	796	515.5	310	ffffff	1	13	14	270	90	0	0
13374	797	515.5	310	ffffff	1	13	14	271	90	0	0
13391	798	515.5	310	ffffff	1	13	14	273	90	0	0
13407	799	515.5	310	ffffff	1	13	14	273	90	0	0
13424	800	515.5	310	ffffff	1	13	14	274	90	0	0
13440	801	515.5	310	ffffff	1	13	14	276	90	0	0
13458	802	515.5	310	ffffff	1	14	14	276	90	0	0
13473	803	515.5	310	ffffff	1	14	14	276	90	0	0
13490	804	515.5	310	ffffff	1	14	14	277	90	0	0
13508	805	515.5	310	ffffff	1	14	14	278	90	0	0
13525	806	515.5	310	ffffff	1	14	14	278	90	0	0
13540	807	515.5	310	ffffff	1	14	14	278	90	0	0
13557	808	515.5	310	ffffff	1	14	14	278	90	0	0
13573	809	515.5	310	ffffff	1	14	14	278	90	0	0
13590	810	515.5	310	ffffff	1	14	14	278	90	0	0
13607	811	515.5	310	ffffff	1	14	14	278	90	0	0
13626	812	515.5	310	ffffff	1	14	14	278	90	0	0
13641	813	515.5	310	ffffff	1	14	14	278	90	0	0
13657	814	515.5	310	ffffff	1	14	14	278	90	0	0
13673	815	515.5	310	ffffff	1	14	14	278	90	0	0
13690	816	515.5	310	ffffff	1	14	14	277	90	0	0
13707	817	515.5	310	ffffff	1	14	14	277	90	0	0
13724	818	515.5	310	ffffff	1	14	14	277	90	0	0
13740	819	515.5	310	ffffff	1	13	15	304	90	0	0
13756	820	515.5	310	ffffff	1	13	15	303	90	0	0
13773	821	515.5	310	ffffff	1	13	15	303	90	0	0
13790	822	515.5	310	ffffff	1	13	15	302	90	0	0
13807	823	515.5	310	ffffff	1	13	15	301	90	0	0
13823	824	515.5	310	ffffff	1	13	15	301	90	0	0
13840	825	515.5	310	ffffff	1	13	15	300	90	0	0
13856	826	515.5	310	ffffff	1	13	15	299	90	0	0
13873	827	515.5	310	ffffff	1	13	15	298	90	0	0
13889	828	515.5	310	ffffff	1	13	15	298	90	0	0
13906	829	515.5	310	ffffff	1	13	15	297	90	0	0
13923	830	515.5	310	ffffff	1	14	15	296	90	0	0
13940	831	515.5	310	ffffff	1	14	15	296	90	0	0
13957	832	515.5	310	ffffff	1	14	15	295	90	0	0
13973	833	515.5	310	ffffff	1	14	15	294	90	0	0
13990	834	515.5	310	ffffff	1	14	15	294	90	0	0
14007	835	515.5	310	ffffff	1	14	15	293	90	0	0
14023	836	515.5	310	ffffff	1	14	15	292	90	0	0
14040	837	515.5	310	ffffff	1	14	15	292	90	0	0
14057	838	515.5	310	ffffff	1	14	15	291	90	0	0
14073	839	515.5	310	ffffff	1	14	15	290	90	0	0
14090	840	515.5	310	ffffff	1	14	15	290	90	0	0
14107	841	515.5	310	ffffff	1	14	15	289	90	0	0
14123	842	515.5	310	ffffff	1	14	15	288	90	0	0
14140	843	515.5	310	ffffff	1	14	15	289	90	0	0
14157	844	515.5	310	ffffff	1	14	15	291	90	0	0
14174	845	515.5	310	ffffff	1	14	15	292	90	0	0
14190	846	515.5	310	ffffff	1	14	15	292	90	0	0
14206	847	515.5	310	ffffff	1	14	15	293	90	0	0
14223	848	515.5	310	ffffff	1	14	15	294	90	0	0
14240	849	515.5	310	ffffff	1	14	15	294	90	0	0
14257	850	515.5	310	ffffff	1	14	15	295	90	0	0
14273	851	515.5	310	ffffff	1	14	15	295	90	0	0
14290	852	515.5	310	ffffff	1	14	15	295	90	0	0
14307	853	515.5	310	ffffff	1	14	15	295	90	0	0
14323	854	515.5	310	ffffff	1	14	15	295	90	0	0
14340	855	515.5	310	ffffff	1	14	15	296	90	0	0
14356	856	515.5	310	ffffff	1	14	15	296	90	0	0
14373	857	515.5	310	ffffff	1	14	15	295	90	0	0
14390	858	515.5	310	ffffff	1	15	15	294	90	0	0
14406	859	515.5	310	ffffff	1	15	15	294	90	0	0
14424	860	515.5	310	ffffff	1	15	15	293	90	0	0
14440	861	515.5	310	ffffff	1	15	15	292	90	0	0
14456	862	515.5	310	ffffff	1	15	15	291	90	0	0
14474	863	515.5	310	ffffff	1	15	15	290	90	0	0
14490	864	515.5	310	ffffff	1	14	16	290	90	0	0
14507	865	515.5	310	ffffff	1	14	16	289	90	0	0
14523	866	515.5	310	ffffff	1	14	16	288	90	0	0
14540	867	515.5	310	ffffff	1	14	16	288	90	0	0
14557	868	515.5	310	ffffff	1	14	16	287	90	0	0
14573	869	515.5	310	ffffff	1	14	16	286	90	0	0
14590	870	515.5	310	ffffff	1	14	16	286	90	0	0
14607	871	515.5	310	ffffff	1	14	16	285	90	0	0
14623	872	515.5	310	ffffff	1	14	16	285	90	0	0
14640	873	515.5	310	ffffff	1	14	16	284	90	0	0
14656	874	515.5	310	ffffff	1	14	16	283	90	0	0
14673	875	515.5	310	ffffff	1	14	16	283	90	0	0
14690	876	515.5	310	ffffff	1	14	16	281	90	0	0
14706	877	515.5	310	ffffff	1	14	16	281	90	0	0
14723	878	515.5	310	ffffff	1	14	16	281	90	0	0
14740	879	515.5	310	ffffff	1	14	16	279	90	0	0
14756	880	515.5	310	ffffff	1	14	16	279	90	0	0
14773	881	515.5	310	ffffff	1	14	16	278	90	0	0
14790	882	515.5	310	ffffff	1	14	16	277	90	0	0
14807	883	515.5	310	ffffff	1	14	16	277	90	0	0
14823	884	515.5	310	ffffff	1	14	16	276	90	0	0
14840	885	515.5	310	ffffff	1	14	16	275	90	0	0
14856	886	515.5	310	ffffff	1	15	16	275	90	0	0
14873	887	515.5	310	ffffff	1	15	16	274	90	0	0
14890	888	515.5	310	ffffff	1	15	16	274	90	0	0
14906	889	515.5	310	ffffff	1	15	16	273	90	0	0
14923	890	515.5	310	ffffff	1	15	16	272	90	0	0
14940	891	515.5	310	ffffff	1	15	16	272	90	0	0
14956	892	515.5	310	ffffff	1	15	16	271	90	0	0
14973	893	515.5	310	ffffff	1	15	16	269	90	0	0
14990	894	515.5	310	ffffff	1	15	16	269	90	0	0
15006	895	515.5	310	ffffff	1	15	16	268	90	0	0
15023	896	515.5	310	ffffff	1	15	16	268	90	0	0
15040	897	515.5	310	ffffff	1	15	16	267	90	0	0
15057	898	515.5	310	ffffff	1	15	16	266	90	0	0
15074	899	515.5	310	ffffff	1	15	16	266	90	0	0
15090	900	515.5	310	ffffff	1	15	16	265	90	0	0
15107	901	515.5	310	ffffff	1	15	16	264	90	0	0
15123	902	515.5	310	ffffff	1	15	16	264	90	0	0
15140	903	515.5	310	ffffff	1	15	16	265	90	0	0
15156	904	515.5	310	ffffff	1	15	16	266	90	0	0
15173	905	515.5	310	ffffff	1	15	16	267	90	0	0
15190	906	515.5	310	ffffff	1	15	16	268	90	0	0
15206	907	515.5	310	ffffff	1	15	16	268	90	0	0
15223	908	515.5	310	ffffff	1	15	16	269	90	0	0
15240	909	515.5	310	ffffff	1	15	16	268	90	0	0
15256	910	515.5	310	ffffff	1	15	16	268	90	0	0
15273	911	515.5	310	ffffff	1	15	16	268	90	0	0
15290	912	515.5	310	ffffff	1	15	16	266	90	0	0
15306	913	515.5	310	ffffff	1	15	16	266	90	0	0
15324	914	515.5	310	ffffff	1	16	16	265	90	0	0
15340	915	515.5	310	ffffff	1	16	16	265	90	0	0
15356	916	515.5	310	ffffff	1	16	16	264	90	0	0
15374	917	515.5	310	ffffff	1	16	16	263	90	0	0
15390	918	515.5	310	ffffff	1	16	16	263	90	0	0
15406	919	515.5	310	ffffff	1	16	16	262	90	0	0
15423	920	515.5	310	ffffff	1	16	16	261	90	0	0
15440	921	515.5	310	ffffff	1	16	16	261	90	0	0
15457	922	515.5	310	ffffff	1	16	16	260	90	0	0
15473	923	515.5	310	ffffff	1	16	16	259	90	0	0
15490	924	515.5	310	ffffff	1	16	16	259	90	0	0
15507	925	515.5	310	ffffff	1	16	16	258	90	0	0
15523	926	515.5	310	ffffff	1	15	17	258	90	0	0
15540	927	515.5	310	ffffff	1	15	17	257	90	0	0
15557	928	515.5	310	ffffff	1	15	17	256	90	0	0
15573	929	515.5	310	ffffff	1	15	17	255	90	0	0
15590	930	515.5	310	ffffff	1	15	17	255	90	0	0
15606	931	515.5	310	ffffff	1	15	17	254	90	0	0
15623	932	515.5	310	ffffff	1	15	17	254	90	0	0
15640	933	515.5	310	ffffff	1	15	17	252	90	0	0
15657	934	515.5	310	ffffff	1	15	17	252	90	0	0
15673	935	515.5	310	ffffff	1	15	17	251	90	0	0
15689	936	515.5	310	ffffff	1	15	17	250	90	0	0
15707	937	515.5	310	ffffff	1	15	17	250	90	0	0
15723	938	515.5	310	ffffff	1	15	17	249	90	0	0
15740	939	515.5	310	ffffff	1	15	17	248	90	0	0
15756	940	515.5	310	ffffff	1	15	17	248	90	0	0
15773	941	515.5	310	ffffff	1	15	17	247	90	0	0
15790	942	515.5	310	ffffff	1	16	17	247	90	0	0
15806	943	515.5	310	ffffff	1	16	17	246	90	0	0
15823	944	515.5	310	ffffff	1	16	17	245	90	0	0
15840	945	515.5	310	ffffff	1	16	17	247	90	0	0
15857	946	515.5	310	ffffff	1	16	17	248	90	0	0
15873	947	515.5	310	ffffff	1	16	17	249	90	0	0
15889	948	515.5	310	ffffff	1	16	17	249	90	0	0
15907	949	515.5	310	ffffff	1	16	17	250	90	0	0
15923	950	515.5	310	ffffff	1	16	17	250	90	0	0
15940	951	515.5	310	ffffff	1	16	17	250	90	0	0
15956	952	515.5	310	ffffff	1	16	17	249	90	0	0
15973	953	515.5	310	ffffff	1	16	17	249	90	0	0
15989	954	515.5	310	ffffff	1	16	17	248	90	0	0
16006	955	515.5	310	ffffff	1	16	17	247	90	0	0
16023	956	515.5	310	ffffff	1	16	17	247	90	0	0
16040	957	515.5	310	ffffff	1	16	17	246	90	0	0
16056	958	515.5	310	ffffff	1	16	17	246	90	0	0
16073	959	515.5	310	ffffff	1	16	17	245	90	0	0
16089	960	515.5	310	ffffff	1	16	17	244	90	0	0
16106	961	515.5	310	ffffff	1	16	17	244	90	0	0
16123	962	515.5	310	ffffff	1	16	17	243	90	0	0
16139	963	515.5	310	ffffff	1	16	17	243	90	0	0
16157	964	515.5	310	ffffff	1	16	17	242	90	0	0
16173	965	515.5	310	ffffff	1	16	17	241	90	0	0
16190	966	515.5	310	ffffff	1	16	17	241	90	0	0
16207	967	515.5	310	ffffff	1	15	18	240	90	0	0
16223	968	515.5	310	ffffff	1	15	18	240	90	0	0
16240	969	515.5	310	ffffff	1	15	18	239	90	0	0
16256	970	515.5	310	ffffff	1	16	18	238	90	0	0
16273	971	515.5	310	ffffff	1	16	18	237	90	0	0
16290	972	515.5	310	ffffff	1	16	18	236	90	0	0
16306	973	515.5	310	ffffff	1	16	18	236	90	0	0
16323	974	515.5	310	ffffff	1	16	18	235	90	0	0
16340	975	515.5	310	ffffff	1	16	18	234	90	0	0
16356	976	515.5	310	ffffff	1	16	18	234	90	0	0
16373	977	515.5	310	ffffff	1	16	18	233	90	0	0
16390	978	515.5	310	ffffff	1	16	18	233	90	0	0
16407	979	515.5	310	ffffff	1	16	18	233	90	0	0
16423	980	515.5	310	ffffff	1	16	18	231	90	0	0
16440	981	515.5	310	ffffff	1	16	18	231	90	0	0
16457	982	515.5	310	ffffff	1	16	18	230	90	0	0
16473	983	515.5	310	ffffff	1	16	18	230	90	0	0
16490	984	515.5	310	ffffff	1	16	18	229	90	0	0
16506	985	515.5	310	ffffff	1	16	18	228	90	0	0
16523	986	515.5	310	ffffff	1	16	18	228	90	0	0
16541	987	515.5	310	ffffff	1	16	18	228	90	0	0
16557	988	515.5	310	ffffff	1	16	18	229	90	0	0
16573	989	515.5	310	ffffff	1	16	18	230	90	0	0
16590	990	515.5	310	ffffff	1	16	18	232	90	0	0
16606	991	515.5	310	ffffff	1	16	18	233	90	0	0
16623	992	515.5	310	ffffff	1	16	18	233	90	0	0
16640	993	515.5	310	ffffff	1	16	18	234	90	0	0
16657	994	515.5	310	ffffff	1	16	18	235	90	0	0
16673	995	515.5	310	ffffff	1	16	18	235	90	0	0
16690	996	515.5	310	ffffff	1	16	18	235	90	0	0
16707	997	515.5	310	ffffff	1	16	18	236	90	0	0
16723	998	515.5	310	ffffff	1	17	18	236	90	0	0
16740	999	515.5	310	ffffff	1	17	18	236	90	0	0
16756	1000	515.5	310	ffffff	1	17	18	236	90	0	0
16773	1001	515.5	310	ffffff	1	17	18	236	90	0	0
16790	1002	515.5	310	ffffff	1	17	18	236	90	0	0
16807	1003	515.5	310	ffffff	1	17	18	236	90	0	0
16823	1004	515.5	310	ffffff	1	17	18	236	90	0	0
16840	1005	515.5	310	ffffff	1	17	18	236	90	0	0
16857	1006	515.5	310	ffffff	1	17	18	236	90	0	0
16873	1007	515.5	310	ffffff	1	17	18	236	90	0	0
16890	1008	515.5	310	ffffff	1	17	18	236	90	0	0
16907	1009	515.5	310	ffffff	1	16	19	270	90	0	0
16923	1010	515.5	310	ffffff	1	16	19	269	90	0	0
16940	1011	515.5	310	ffffff	1	16	19	268	90	0	0
16956	1012	515.5	310	ffffff	1	16	19	268	90	0	0
16973	1013	515.5	310	ffffff	1	16	19	267	90	0	0
16990	1014	515.5	310	ffffff	1	16	19	266	90	0	0
17006	1015	515.5	310	ffffff	1	16	19	266	90	0	0
17023	1016	515.5	310	ffffff	1	16	19	265	90	0	0
17040	1017	515.5	310	ffffff	1	16	19	264	90	0	0
17056	1018	515.5	310	ffffff	1	16	19	264	90	0	0
17073	1019	515.5	310	ffffff	1	16	19	263	90	0	0
17090	1020	515.5	310	ffffff	1	16	19	262	90	0	0
17106	1021	515.5	310	ffffff	1	16	19	261	90	0	0
17123	1022	515.5	310	ffffff	1	16	19	260	90	0	0
17140	1023	515.5	310	ffffff	1	16	19	260	90	0	0
17156	1024	515.5	310	ffffff	1	16	19	259	90	0	0
17173	1025	515.5	310	ffffff	1	16	19	258	90	0	0
17190	1026	515.5	310	ffffff	1	17	19	258	90	0	0
17206	1027	515.5	310	ffffff	1	17	19	257	90	0	0
17223	1028	515.5	310	ffffff	1	17	19	256	90	0	0
17240	1029	515.5	310	ffffff	1	17	19	256	90	0	0
17257	1030	515.5	310	ffffff	1	17	19	255	90	0	0
17273	1031	515.5	310	ffffff	1	17	19	255	90	0	0
17290	1032	515.5	310	ffffff	1	17	19	254	90	0	0
17306	1033	515.5	310	ffffff	1	17	19	255	90	0	0
17323	1034	515.5	310	ffffff	1	17	19	256	90	0	0
17340	1035	515.5	310	ffffff	1	17	19	257	90	0	0
17357	1036	515.5	310	ffffff	1	17	19	258	90	0	0
17373	1037	515.5	310	ffffff	1	17	19	259	90	0	0
17390	1038	515.5	310	ffffff	1	17	19	259	90	0	0
17406	1039	515.5	310	ffffff	1	17	19	258	90	0	0
17423	1040	515.5	310	ffffff	1	17	19	257	90	0	0
17440	1041	515.5	310	ffffff	1	17	19	257	90	0	0
17457	1042	515.5	310	ffffff	1	17	19	256	90	0	0
17473	1043	515.5	310	ffffff	1	17	19	256	90	0	0
17490	1044	515.5	310	ffffff	1	17	19	254	90	0	0
17506	1045	515.5	310	ffffff	1	17	19	254	90	0	0
17523	1046	515.5	310	ffffff	1	17	19	253	90	0	0
17540	1047	515.5	310	ffffff	1	17	19	252	90	0	0
17556	1048	515.5	310	ffffff	1	17	19	252	90	0	0
17573	1049	515.5	310	ffffff	1	17	19	251	90	0	0
17591	1050	515.5	310	ffffff	1	17	19	251	90	0	0
17607	1051	515.5	310	ffffff	1	17	19	249	90	0	0
17623	1052	515.5	310	ffffff	1	17	19	249	90	0	0
17641	1053	515.5	310	ffffff	1	17	19	249	90	0	0
17657	1054	515.5	310	ffffff	1	17	20	247	90	0	0
17674	1055	515.5	310	ffffff	1	17	20	247	90	0	0
17690	1056	515.5	310	ffffff	1	17	20	246	90	0	0
17707	1057	515.5	310	ffffff	1	17	20	245	90	0	0
17724	1058	515.5	310	ffffff	1	17	20	245	90	0	0
17740	1059	515.5	310	ffffff	1	17	20	244	90	0	0
17757	1060	515.5	310	ffffff	1	17	20	244	90	0	0
17773	1061	515.5	310	ffffff	1	17	20	242	90	0	0
17791	1062	515.5	310	ffffff	1	17	20	242	90	0	0
17807	1063	515.5	310	ffffff	1	17	20	241	90	0	0
17824	1064	515.5	310	ffffff	1	17	20	240	90	0	0
17840	1065	515.5	310	ffffff	1	17	20	240	90	0	0
17857	1066	515.5	310	ffffff	1	17	20	239	90	0	0
17874	1067	515.5	310	ffffff	1	17	20	239	90	0	0
17891	1068	515.5	310	ffffff	1	17	20	238	90	0	0
17907	1069	515.5	310	ffffff	1	17	20	236	90	0	0
17923	1070	515.5	310	ffffff	1	17	20	236	90	0	0
17941	1071	515.5	310	ffffff	1	17	20	235	90	0	0
17959	1072	515.5	310	ffffff	1	17	20	236	90	0	0
17973	1073	515.5	310	ffffff	1	17	20	238	90	0	0
17994	1074	515.5	310	ffffff	1	17	20	239	90	0	0
18007	1075	515.5	310	ffffff	1	17	20	240	90	0	0
18024	1076	515.5	310	ffffff	1	17	20	240	90	0	0
18043	1077	515.5	310	ffffff	1	17	20	240	90	0	0
18061	1078	515.5	310	ffffff	1	17	20	240	90	0	0
18073	1079	515.5	310	ffffff	1	17	20	239	90	0	0
18090	1080	515.5	310	ffffff	1	17	20	238	90	0	0
18107	1081	515.5	310	ffffff	1	17	20	238	90	0	0
18123	1082	515.5	310	ffffff	1	18	20	237	90	0	0
18140	1083	515.5	310	ffffff	1	18	20	236	90	0	0
18156	1084	515.5	310	ffffff	1	18	20	236	90	0	0
18173	1085	515.5	310	ffffff	1	18	20	235	90	0	0
18190	1086	515.5	310	ffffff	1	18	20	235	90	0	0
18207	1087	515.5	310	ffffff	1	18	20	233	90	0	0
18224	1088	515.5	310	ffffff	1	18	20	233	90	0	0
18240	1089	515.5	310	ffffff	1	18	20	232	90	0	0
18256	1090	515.5	310	ffffff	1	18	20	231	90	0	0
18273	1091	515.5	310	ffffff	1	18	20	231	90	0	0
18290	1092	515.5	310	ffffff	1	18	20	230	90	0	0
18306	1093	515.5	310	ffffff	1	18	20	230	90	0	0
18323	1094	515.5	310	ffffff	1	18	20	228	90	0	0
18341	1095	515.5	310	ffffff	1	17	21	228	90	0	0
18357	1096	515.5	310	ffffff	1	17	21	227	90	0	0
18373	1097	515.5	310	ffffff	1	17	21	227	90	0	0
18390	1098	515.5	310	ffffff	1	17	21	226	90	0	0
18406	1099	515.5	310	ffffff	1	17	21	226	90	0	0
18423	1100	515.5	310	ffffff	1	17	21	224	90	0	0
18440	1101	515.5	310	ffffff	1	17	21	224	90	0	0
18456	1102	515.5	310	ffffff	1	17	21	223	90	0	0
18473	1103	515.5	310	ffffff	1	17	21	223	90	0	0
18490	1104	515.5	310	ffffff	1	17	21	222	90	0	0
18506	1105	515.5	310	ffffff	1	17	21	221	90	0	0
18523	1106	515.5	310	ffffff	1	17	21	221	90	0	0
18540	1107	515.5	310	ffffff	1	17	21	219	90	0	0
18556	1108	515.5	310	ffffff	1	17	21	219	90	0	0
18573	1109	515.5	310	ffffff	1	17	21	218	90	0	0
18590	1110	515.5	310	ffffff	1	17	21	218	90	0	0
18607	1111	515.5	310	ffffff	1	17	21	217	90	0	0
18623	1112	515.5	310	ffffff	1	18	21	216	90	0	0
18640	1113	515.5	310	ffffff	1	18	21	216	90	0	0
18657	1114	515.5	310	ffffff	1	18	21	215	90	0	0
18673	1115	515.5	310	ffffff	1	18	21	216	90	0	0
18690	1116	515.5	310	ffffff	1	18	21	218	90	0	0
18707	1117	515.5	310	ffffff	1	18	21	219	90	0	0
18723	1118	515.5	310	ffffff	1	18	21	219	90	0	0
18740	1119	515.5	310	ffffff	1	18	21	220	90	0	0
18756	1120	515.5	310	ffffff	1	18	21	218	90	0	0
18773	1121	515.5	310	ffffff	1	18	21	218	90	0	0
18790	1122	515.5	310	ffffff	1	18	21	217	90	0	0
18806	1123	515.5	310	ffffff	1	18	21	217	90	0	0
18823	1124	515.5	310	ffffff	1	18	21	216	90	0	0
18840	1125	515.5	310	ffffff	1	18	21	215	90	0	0
18857	1126	515.5	310	ffffff	1	18	21	215	90	0	0
18873	1127	515.5	310	ffffff	1	18	21	214	90	0	0
18890	1128	515.5	310	ffffff	1	18	21	213	90	0	0
18907	1129	515.5	310	ffffff	1	18	21	213	90	0	0
18923	1130	515.5	310	ffffff	1	18	21	212	90	0	0
18940	1131	515.5	310	ffffff	1	18	21	212	90	0	0
18957	1132	515.5	310	ffffff	1	18	21	211	90	0	0
18973	1133	515.5	310	ffffff	1	18	21	210	90	0	0
18992	1134	515.5	310	ffffff	1	18	21	210	90	0	0
19007	1135	515.5	310	ffffff	1	17	22	209	90	0	0
19024	1136	515.5	310	ffffff	1	17	22	209	90	0	0
19040	1137	515.5	310	ffffff	1	17	22	208	90	0	0
19057	1138	515.5	310	ffffff	1	17	22	207	90	0	0
19073	1139	515.5	310	ffffff	1	17	22	207	90	0	0
19090	1140	515.5	310	ffffff	1	18	22	206	90	0	0
19107	1141	515.5	310	ffffff	1	18	22	205	90	0	0
19123	1142	515.5	310	ffffff	1	18	22	205	90	0	0
19140	1143	515.5	310	ffffff	1	18	22	204	90	0	0
19156	1144	515.5	310	ffffff	1	18	22	204	90	0	0
19173	1145	515.5	310	ffffff	1	18	22	203	90	0	0
19190	1146	515.5	310	ffffff	1	18	22	202	90	0	0
19206	1147	515.5	310	ffffff	1	18	22	202	90	0	0
19223	1148	515.5	310	ffffff	1	18	22	201	90	0	0
19240	1149	515.5	310	ffffff	1	18	22	200	90	0	0
19257	1150	515.5	310	ffffff	1	18	22	200	90	0	0
19273	1151	515.5	310	ffffff	1	18	22	199	90	0	0
19290	1152	515.5	310	ffffff	1	18	22	199	90	0	0
19306	1153	515.5	310	ffffff	1	18	22	198	90	0	0
19324	1154	515.5	310	ffffff	1	18	22	197	90	0	0
19340	1155	515.5	310	ffffff	1	18	22	199	90	0	0
19357	1156	515.5	310	ffffff	1	18	22	200	90	0	0
19373	1157	515.5	310	ffffff	1	18	22	201	90	0	0
19390	1158	515.5	310	ffffff	1	18	22	202	90	0	0
19407	1159	515.5	310	ffffff	1	18	22	202	90	0	0
19423	1160	515.5	310	ffffff	1	18	22	201	90	0	0
19440	1161	515.5	310	ffffff	1	18	22	201	90	0	0
19457	1162	515.5	310	ffffff	1	18	22	200	90	0	0
19473	1163	515.5	310	ffffff	1	18	22	199	90	0	0
19490	1164	515.5	310	ffffff	1	18	22	198	90	0	0
19507	1165	515.5	310	ffffff	1	18	22	198	90	0	0
19523	1166	515.5	310	ffffff	1	18	22	197	90	0	0
19540	1167	515.5	310	ffffff	1	18	22	197	90	0	0
19557	1168	515.5	310	ffffff	1	19	22	196	90	0	0
19573	1169	515.5	310	ffffff	1	19	22	196	90	0	0
19590	1170	515.5	310	ffffff	1	19	22	195	90	0	0
19606	1171	515.5	310	ffffff	1	19	22	194	90	0	0
19623	1172	515.5	310	ffffff	1	19	22	193	90	0	0
19640	1173	515.5	310	ffffff	1	19	22	193	90	0	0
19657	1174	515.5	310	ffffff	1	19	22	192	90	0	0
19673	1175	515.5	310	ffffff	1	19	22	192	90	0	0
19690	1176	515.5	310	ffffff	1	19	22	191	90	0	0
19706	1177	515.5	310	ffffff	1	18	23	191	90	0	0
19724	1178	515.5	310	ffffff	1	18	23	189	90	0	0
19740	1179	515.5	310	ffffff	1	18	23	189	90	0	0
19756	1180	515.5	310	ffffff	1	18	23	188	90	0	0
19774	1181	515.5	310	ffffff	1	18	23	188	90	0	0
19790	1182	515.5	310	ffffff	1	18	23	188	90	0	0
19807	1183	517.3	308.2	ffffff	1	18	23	189	90	0	0
19824	1184	519	306.5	ffffff	1	18	23	192	90	0	0
19841	1185	520.5	305	ffffff	1	18	23	194	90	0	0
19858	1186	521.7	303.8	ffffff	1	18	23	196	90	0	0
19875	1187	522.9	302.6	ffffff	1	18	22	199	90	0	0
19893	1188	524.7	303.3	ffffff	1	18	22	199	90	0	0
19908	1189	526.4	304	ffffff	1	18	22	200	90	0	0
19924	1190	527.8	304.6	ffffff	1	18	22	202	90	0	0
19941	1191	529.1	305.1	ffffff	1	18	22	203	90	0	0
19957	1192	530.3	305.6	ffffff	1	18	22	200	90	0	0
19974	1193	531.4	306	ffffff	1	18	22	197	90	0	0
19993	1194	532.4	306.5	ffffff	1	18	22	193	90	0	0
20007	1195	533.2	306.8	ffffff	1	18	22	190	90	0	0
20024	1196	534	307.1	ffffff	1	19	22	187	91	0	0
20041	1197	534.7	307.4	ffffff	1	19	22	183	91	0	0
20057	1198	535.3	307.7	ffffff	1	19	22	180	91	0	0
20075	1199	535.9	307.9	ffffff	1	19	22	177	91	0	0
20091	1200	536.4	308.1	ffffff	1	19	22	173	91	0	0
20107	1201	536.9	308.3	ffffff	1	19	22	170	91	0	0
20125	1202	537.3	308.5	ffffff	1	19	22	167	91	0	0
20140	1203	537.6	308.6	ffffff	1	19	22	164	91	0	0
20157	1204	538	308.8	ffffff	1	19	22	160	91	0	0
20175	1205	538.3	308.9	ffffff	1	19	22	157	91	0	0
20192	1206	538.6	309	ffffff	1	19	22	153	91	0	0
20207	1207	538.8	309.1	ffffff	1	19	22	150	91	0	0
20224	1208	539	309.2	ffffff	1	19	22	147	91	0	0
20241	1209	539.2	309.3	ffffff	1	19	22	143	92	0	0
20257	1210	539.4	309.3	ffffff	1	19	22	140	92	0	0
20275	1211	539.6	309.4	ffffff	1	19	22	137	92	0	0
20291	1212	539.7	309.5	ffffff	1	19	22	133	92	0	0
20308	1213	539.8	309.5	ffffff	1	19	22	131	92	0	0
20324	1214	539.9	309.6	ffffff	1	19	22	128	92	0	0
20340	1215	540.1	309.6	ffffff	1	19	22	125	92	0	0
20357	1216	540.1	309.7	ffffff	1	19	22	121	92	0	0
20375	1217	540.2	309.7	ffffff	1	19	22	118	92	0	0
20391	1218	540.3	309.7	ffffff	1	19	22	114	92	0	0
20407	1219	540.4	309.7	ffffff	1	19	22	112	92	0	0
20423	1220	540.4	309.8	ffffff	1	19	22	109	92	0	0
20441	1221	540.5	309.8	ffffff	1	18	23	106	93	0	0
20458	1222	540.5	309.8	ffffff	1	18	23	102	93	0	0
20475	1223	539.8	311.7	ffffff	1	18	23	101	93	0	0
20491	1224	539.2	313.3	ffffff	1	19	23	100	93	0	0
20508	1225	538.7	314.7	ffffff	1	19	23	99	93	0	0
20524	1226	538.1	316.1	ffffff	1	19	23	98	93	0	0
20540	1227	537.7	317.3	ffffff	1	19	23	98	93	0	0
20557	1228	537.3	318.4	ffffff	1	19	23	96	93	0	0
20574	1229	536.9	319.3	ffffff	1	19	23	96	93	0	0
20592	1230	536.6	320.2	ffffff	1	19	22	95	93	0	0
20608	1231	534.5	319.2	ffffff	1	19	20	94	93	0	0
20625	1232	534.4	320.1	ffffff	1	19	20	95	93	0	0
20641	1233	535.1	319	ffffff	1	19	20	95	93	0	0
20657	1234	535.6	318.2	ffffff	1	19	20	93	93	0	0
20674	1235	536.2	317.3	ffffff	1	19	20	90	93	0	0
20690	1236	536.6	316.6	ffffff	1	19	20	87	93	0	0
20708	1237	537.1	315.9	ffffff	1	19	20	84	93	0	0
20724	1238	537.5	315.4	ffffff	1	19	20	82	93	0	0
20741	1239	537.8	314.8	ffffff	1	19	20	78	94	0	0
20757	1240	538.1	314.3	ffffff	1	19	20	75	94	0	0
20774	1241	538.4	313.9	ffffff	1	19	20	73	94	0	0
20791	1242	538.7	313.5	ffffff	1	19	20	71	94	0	0
20809	1243	538.9	313.1	ffffff	1	19	20	68	94	0	0
20824	1244	534.7	311	ffffff	1	19	20	70	94	0	0
20841	1245	531	309.1	ffffff	1	19	20	72	94	0	0
20858	1246	527.7	307.4	ffffff	1	19	20	74	94	0	0
20875	1247	524.7	305.9	ffffff	1	19	20	76	94	0	0
20890	1248	522	304.5	ffffff	1	19	20	78	94	0	0
20907	1249	518.7	305	ffffff	1	19	20	79	94	0	0
20924	1250	515.9	305.5	ffffff	1	19	20	81	94	0	0
20940	1251	513.3	306	ffffff	1	19	20	82	94	0	0
20958	1252	511	306.4	ffffff	1	19	21	83	94	0	0
20973	1253	508.9	306.7	ffffff	1	19	21	85	94	0	0
20991	1254	511.5	305.2	ffffff	1	19	21	84	94	0	0
21007	1255	513.6	303.9	ffffff	1	19	21	84	94	0	0
21023	1256	515.6	302.7	ffffff	1	19	21	83	94	0	0
21042	1257	517.5	301.6	ffffff	1	19	21	81	94	0	0
21057	1258	519	300.7	ffffff	1	19	21	79	94	0	0
21074	1259	516.8	299.8	ffffff	1	19	21	81	94	0	0
21091	1260	514.9	299	ffffff	1	19	21	84	94	0	0
21107	1261	513.2	298.3	ffffff	1	19	21	85	94	0	0
21124	1262	511.6	297.7	ffffff	1	19	21	87	94	0	0
21140	1263	510.2	297.1	ffffff	1	19	21	89	94	0	0
21158	1264	512.6	296.6	ffffff	1	19	21	88	94	0	0
21174	1265	514.7	296.1	ffffff	1	19	21	87	94	0	0
21191	1266	516.5	295.7	ffffff	1	19	21	86	94	0	0
21208	1267	518.3	295.3	ffffff	1	19	21	85	95	0	0
21224	1268	519.8	295	ffffff	1	19	21	84	95	0	0
21240	1269	521.9	296.5	ffffff	1	19	21	81	95	0	0
21257	1270	523.8	297.9	ffffff	1	19	21	79	95	0	0
21274	1271	525.5	299.1	ffffff	1	19	21	76	95	0	0
21291	1272	527.1	300.2	ffffff	1	19	21	73	95	0	0
21308	1273	528.5	301.2	ffffff	1	19	21	70	95	0	0
21324	1274	525.6	300.3	ffffff	1	19	21	74	95	0	0
21341	1275	522.8	299.5	ffffff	1	19	21	78	95	0	0
21358	1276	520.3	298.7	ffffff	1	19	21	82	95	0	0
21374	1277	518	298.1	ffffff	1	19	21	86	95	0	0
21391	1278	515.9	297.5	ffffff	1	19	21	90	95	0	0
21407	1279	518.5	298.7	ffffff	1	19	21	88	95	0	0
21424	1280	520.7	299.8	ffffff	1	20	21	87	95	0	0
21441	1281	522.7	300.9	ffffff	1	20	21	85	95	0	0
21457	1282	524.6	301.8	ffffff	1	20	21	83	95	0	0
21474	1283	526.2	302.6	ffffff	1	20	21	82	95	0	0
21491	1284	527.7	303.3	ffffff	1	20	21	81	96	0	0
21509	1285	529.2	304.1	ffffff	1	20	21	79	96	0	0
21524	1286	530.2	304.6	ffffff	1	20	21	78	96	0	0
21541	1287	531.3	305.1	ffffff	1	20	21	76	96	0	0
21557	1288	532.3	305.6	ffffff	1	20	21	75	96	0	0
21573	1289	528.2	306.1	ffffff	1	20	21	75	96	0	0
21590	1290	525.1	304.6	ffffff	1	20	21	77	96	0	0
21608	1291	522.2	303.3	ffffff	1	20	21	78	96	0	0
21625	1292	519.8	302.2	ffffff	1	20	21	80	96	0	0
21640	1293	517.6	301.2	ffffff	1	20	21	81	96	0	0
21657	1294	515.6	300.3	ffffff	1	20	21	84	96	0	0
21674	1295	518.2	301.3	ffffff	1	20	21	84	96	0	0
21691	1296	520.5	302.1	ffffff	1	20	21	84	96	0	0
21709	1297	522.6	302.9	ffffff	1	20	21	84	96	0	0
21724	1298	524.4	303.6	ffffff	1	20	21	83	96	0	0
21741	1299	526	304.3	ffffff	1	20	21	81	96	0	0
21757	1300	526.8	306.6	ffffff	1	20	21	78	96	0	0
21773	1301	527.4	308.7	ffffff	1	20	21	75	96	0	0
21791	1302	528.1	310.7	ffffff	1	20	21	72	96	0	0
21808	1303	528.6	312.5	ffffff	1	20	21	68	96	0	0
21826	1304	529.1	314	ffffff	1	20	20	65	96	0	0
21841	1305	525.9	311.8	ffffff	1	20	20	68	97	0	0
21857	1306	523.2	309.9	ffffff	1	20	20	69	97	0	0
21873	1307	520.6	308.1	ffffff	1	20	20	72	97	0	0
21891	1308	518.2	306.4	ffffff	1	21	20	74	97	0	0
21908	1309	516.1	304.9	ffffff	1	21	20	76	97	0	0
21924	1310	517.8	303.7	ffffff	1	21	20	77	97	0	0
21940	1311	519.4	302.5	ffffff	1	21	20	74	97	0	0
21957	1312	520.8	301.5	ffffff	1	21	20	71	97	0	0
21974	1313	522	300.5	ffffff	1	21	20	67	97	0	0
21990	1314	523.2	299.7	ffffff	1	21	20	63	97	0	0
22007	1315	519.7	300.8	ffffff	1	21	20	65	97	0	0
22024	1316	516.8	301.7	ffffff	1	21	20	68	97	0	0
22044	1317	514.1	302.5	ffffff	1	20	21	69		0	0
22061	1318	514.1	302.5	ffffff	1	20	21	69		0	0
22073	1319	514.1	302.5	ffffff	1	20	21	69		0	0
22091	1320	514.1	302.5	ffffff	1	20	21	69		0	0
22107	1321	514.1	302.5	ffffff	1	20	21	69		0	0
22123	1322	514.1	302.5	ffffff	1	20	21	69		0	0
22141	1323	514.1	302.5	ffffff	1	20	21	69		0	0
22157	1324	514.1	302.5	ffffff	1	20	21	69		0	0
22173	1325	514.1	302.5	ffffff	1	20	21	69		0	0
22192	1326	514.1	302.5	ffffff	1	20	21	69		0	0
22207	1327	514.1	302.5	ffffff	1	20	21	69		0	0
22224	1328	514.1	302.5	ffffff	1	20	21	69		0	0
22240	1329	514.1	302.5	ffffff	1	20	21	69		0	0
22257	1330	514.1	302.5	ffffff	1	20	21	69		0	0
22274	1331	514.1	302.5	ffffff	1	20	21	69		0	0
22290	1332	514.1	302.5	ffffff	1	20	21	69		0	0
22307	1333	514.1	302.5	ffffff	1	20	21	69		0	0
22323	1334	514.1	302.5	ffffff	1	20	21	69		0	0
22341	1335	514.1	302.5	ffffff	1	20	21	69		0	0
22357	1336	514.1	302.5	ffffff	1	20	21	69		0	0
22373	1337	514.1	302.5	ffffff	1	20	21	69		0	0
22390	1338	514.1	302.5	ffffff	1	20	21	69		0	0
22407	1339	514.1	302.5	ffffff	1	20	21	69		0	0
22423	1340	514.1	302.5	ffffff	1	20	21	69		0	0
22440	1341	514.1	302.5	ffffff	1	20	21	69		0	0
22457	1342	514.1	302.5	ffffff	1	20	21	69		0	0
22473	1343	514.1	302.5	ffffff	1	20	21	69		0	0
22491	1344	514.1	302.5	ffffff	1	20	21	69		0	0
22507	1345	514.1	302.5	ffffff	1	20	21	69		0	0
22524	1346	514.1	302.5	ffffff	1	20	21	69		0	0
22540	1347	514.1	302.5	ffffff	1	20	21	69		0	0
22557	1348	514.1	302.5	ffffff	1	20	21	69		0	0
22574	1349	514.1	302.5	ffffff	1	20	21	69		0	0
22591	1350	514.1	302.5	ffffff	1	20	21	69		0	0
22607	1351	514.1	302.5	ffffff	1	20	21	69		0	0
22624	1352	514.1	302.5	ffffff	1	20	21	69		0	0
22640	1353	514.1	302.5	ffffff	1	20	21	69		0	0
22658	1354	514.1	302.5	ffffff	1	20	21	69		0	0
22674	1355	514.1	302.5	ffffff	1	20	21	69		0	0
22690	1356	514.1	302.5	ffffff	1	20	21	69		0	0
22707	1357	514.1	302.5	ffffff	1	20	21	69		0	0
22724	1358	514.1	302.5	ffffff	1	20	21	69		0	0
22740	1359	514.1	302.5	ffffff	1	20	21	69		0	0
22757	1360	514.1	302.5	ffffff	1	20	21	69		0	0
22773	1361	514.1	302.5	ffffff	1	20	21	69		0	0
22790	1362	514.1	302.5	ffffff	1	20	21	69		0	0
22807	1363	514.1	302.5	ffffff	1	20	21	69		0	0
22824	1364	514.1	302.5	ffffff	1	20	21	69		0	0
22840	1365	514.1	302.5	ffffff	1	20	21	69		0	0
22857	1366	514.1	302.5	ffffff	1	20	21	69		0	0
22874	1367	514.1	302.5	ffffff	1	20	21	69		0	0
22890	1368	514.1	302.5	ffffff	1	20	21	69		0	0
22907	1369	514.1	302.5	ffffff	1	20	21	69		0	0
22925	1370	514.1	302.5	ffffff	1	20	21	69		0	0
22940	1371	514.1	302.5	ffffff	1	20	21	69		0	0
22957	1372	514.1	302.5	ffffff	1	20	21	69		0	0
22974	1373	514.1	302.5	ffffff	1	20	21	69		0	0
22990	1374	514.1	302.5	ffffff	1	20	21	69		0	0
23008	1375	514.1	302.5	ffffff	1	20	21	69		0	0
23025	1376	514.2	303.3	ffffff	1	20	21	69	97	0	0
23041	1377	514.4	303.9	ffffff	1	20	21	68	97	0	0
23057	1378	514.5	304.5	ffffff	1	20	21	67	97	0	0
23074	1379	514.6	305.1	ffffff	1	20	21	66	97	0	0
23091	1380	514.7	305.6	ffffff	1	20	21	66	97	0	0
23108	1381	514.7	306	ffffff	1	20	21	65	97	0	0
23124	1382	514.8	306.4	ffffff	0.3	20	21	65	97	0	0
23142	1383	514.9	306.8	ffffff	0.3	20	21	64	97	0	0
23158	1384	515	307.1	ffffff	0.3	20	21	64	97	0	0
23175	1385	515	307.4	ffffff	0.3	20	21	62	97	0	0
23191	1386	515.1	307.6	ffffff	0.3	20	21	62	97	0	0
23208	1387	515.1	307.9	ffffff	0.3	20	21	61	97	0	0
23225	1388	515.1	308.1	ffffff	1	20	21	60	97	0	0
23241	1389	515.2	308.3	ffffff	1	20	21	60	97	0	0
23258	1390	515.2	308.5	ffffff	1	20	21	59	97	0	0
23274	1391	515.2	308.6	ffffff	1	20	21	59	97	0	0
23291	1392	515.3	308.8	ffffff	1	20	21	57	97	0	0
23308	1393	515.3	308.9	ffffff	1	20	21	57	97	0	0
23325	1394	515.3	309	ffffff	0.3	21	21	56	97	0	0
23340	1395	515.3	309.1	ffffff	0.3	21	21	56	97	0	0
23358	1396	515.3	309.2	ffffff	0.3	21	21	55	97	0	0
23374	1397	515.4	309.3	ffffff	0.3	20	22	54	97	0	0
23392	1398	515.4	309.3	ffffff	0.3	20	22	54	97	0	0
23407	1399	515.4	309.4	ffffff	0.3	20	22	53	97	0	0
23424	1400	515.4	309.5	ffffff	0.3	20	22	53	97	0	0
23440	1401	515.4	309.5	ffffff	1	20	22	52	97	0	0
23457	1402	515.4	309.6	ffffff	1	20	22	50	97	0	0
23474	1403	515.4	309.6	ffffff	1	20	22	50	97	0	0
23491	1404	515.4	309.6	ffffff	1	20	22	50	97	0	0
23508	1405	515.4	309.7	ffffff	1	20	22	49	97	0	0
23524	1406	515.4	309.7	ffffff	1	20	22	48	97	0	0
23542	1407	515.5	309.7	ffffff	0.3	20	22	47	97	0	0
23558	1408	513.7	311.5	ffffff	0.3	20	22	49	97	0	0
23575	1409	512.1	313.1	ffffff	0.3	20	22	51	97	0	0
23590	1410	510.7	314.6	ffffff	0.3	20	22	54	97	0	0
23607	1411	509.3	316	ffffff	0.3	20	22	56	97	0	0
23624	1412	508.1	317.2	ffffff	0.3	20	22	57	97	0	0
23642	1413	507	318.3	ffffff	1	20	22	60	97	0	0
23657	1414	506.1	319.2	ffffff	1	20	22	62	97	0	0
23674	1415	505.2	320.1	ffffff	1	20	22	64	97	0	0
23690	1416	504.5	320.9	ffffff	1	20	22	66	97	0	0
23707	1417	503.8	321.6	ffffff	1	20	22	70	97	0	0
23724	1418	503.1	322.3	ffffff	1	20	22	73	97	0	0
23742	1419	502.6	322.9	ffffff	1	21	22	78	96	0	0
23759	1420	503.8	324.1	ffffff	0.3	21	22	80	96	0	0
23775	1421	505	325.2	ffffff	0.3	21	22	83	96	0	0
23791	1422	506	326.2	ffffff	0.3	21	22	85	96	0	0
23807	1423	507	327.2	ffffff	0.3	21	22	87	96	0	0
23824	1424	507.8	328	ffffff	0.3	21	22	90	96	0	0
23841	1425	510.4	328	ffffff	0.3	21	22	90	96	0	0
23857	1426	512.7	328	ffffff	0.3	21	22	91	96	0	0
23874	1427	514.8	328	ffffff	1	21	21	91	96	0	0
23893	1428	516.7	328	ffffff	1	21	21	91	96	0	0
23907	1429	518.4	328	ffffff	1	21	21	91	96	0	0
23924	1430	519.9	328	ffffff	1	21	21	92	96	0	0
23942	1431	521.3	328	ffffff	1	21	21	92	96	0	0
23958	1432	522.5	328	ffffff	1	21	21	92	96	0	0
23974	1433	523.6	328	ffffff	0.3	21	21	93	96	0	0
23990	1434	524.6	328	ffffff	0.3	21	21	94	96	0	0
24007	1435	525.5	328	ffffff	0.3	21	21	94	96	0	0
24023	1436	524.5	328.8	ffffff	1	21	21	93	96	0	0
24041	1437	523.5	329.5	ffffff	1	21	21	93	95	0	0
24057	1438	522.7	330.1	ffffff	1	21	21	91	95	0	0
24074	1439	522	330.6	ffffff	1	21	21	91	95	0	0
24090	1440	521.4	331.1	ffffff	1	21	21	91	95	0	0
24108	1441	522.6	330.8	ffffff	1	20	22	87	95	0	0
24124	1442	523.7	330.5	ffffff	1	20	22	85	95	0	0
24142	1443	524.7	330.3	ffffff	1	20	22	82	95	0	0
24157	1444	525.6	330	ffffff	1	21	21	80	95	0	0
24173	1445	526.3	329.8	ffffff	1	21	21	77	95	0	0
24190	1446	523.4	329.7	ffffff	1	21	21	79	95	0	0
24208	1447	520.8	329.5	ffffff	1	21	20	81	95	0	0
24224	1448	518.5	329.3	ffffff	1	21	20	83	95	0	0
24240	1449	516.4	329.2	ffffff	1	21	20	84	95	0	0
24258	1450	514.5	329.1	ffffff	1	21	19	87	95	0	0
24274	1451	517.1	327.2	ffffff	1	21	19	83	95	0	0
24292	1452	519.5	325.4	ffffff	1	21	19	80	95	0	0
24309	1453	521.7	323.9	ffffff	1	21	19	76	95	0	0
24324	1454	523.6	322.5	ffffff	1	21	19	73	95	0	0
24341	1455	525.4	321.3	ffffff	1	21	19	69	95	0	0
24359	1456	521.7	320.1	ffffff	1	21	19	72	95	0	0
24374	1457	518.7	319.1	ffffff	1	21	19	74	95	0	0
24390	1458	515.8	318.2	ffffff	1	21	19	75	95	0	0
24407	1459	513.2	317.4	ffffff	1	21	19	78	95	0	0
24424	1460	510.9	316.7	ffffff	1	21	19	80	95	0	0
24440	1461	511.4	313.5	ffffff	1	21	19	79	95	0	0
24458	1462	511.8	310.5	ffffff	1	21	19	79	95	0	0
24474	1463	512.2	307.9	ffffff	1	21	19	80	95	0	0
24491	1464	512.5	305.6	ffffff	1	22	19	81	95	0	0
24507	1465	512.8	303.5	ffffff	1	22	19	82	95	0	0
24525	1466	514.9	302.3	ffffff	1	22	19	80	95	0	0
24540	1467	516.7	301.3	ffffff	1	22	19	79	95	0	0
24558	1468	518.5	300.3	ffffff	1	22	19	78	95	0	0
24574	1469	519.9	299.5	ffffff	1	22	19	76	95	0	0
24590	1470	521.3	298.8	ffffff	1	22	19	75	95	0	0
24608	1471	518.9	301.7	ffffff	1	22	19	77	95	0	0
24624	1472	516.8	304.3	ffffff	1	22	19	79	95	0	0
24642	1473	514.8	306.8	ffffff	1	22	18	81	95	0	0
24658	1474	513	309	ffffff	1	22	18	84	95	0	0
24673	1475	511.5	310.8	ffffff	1	22	18	86	95	0	0
24690	1476	513.7	308.9	ffffff	1	22	18	83	95	0	0
24707	1477	515.7	307.2	ffffff	1	22	18	81	95	0	0
24724	1478	517.5	305.6	ffffff	1	22	18	79	95	0	0
24741	1479	519.1	304.3	ffffff	1	22	18	77	95	0	0
24757	1480	520.5	303.1	ffffff	1	22	18	76	95	0	0
24773	1481	520	301.2	ffffff	1	22	18	75	95	0	0
24790	1482	519.6	299.5	ffffff	1	22	18	75	95	0	0
24808	1483	519.2	298	ffffff	1	22	18	75	95	0	0
24824	1484	518.8	296.7	ffffff	1	22	18	76	95	0	0
24842	1485	518.5	298	ffffff	1	21	19	99	95	0	0
24860	1486	520.1	297.4	ffffff	1	21	19	95	95	0	0
24874	1487	521.4	296.9	ffffff	1	21	19	92	95	0	0
24890	1488	522.6	296.4	ffffff	1	21	19	89	95	0	0
24907	1489	523.7	295.9	ffffff	1	21	19	87	96	0	0
24925	1490	524.6	295.5	ffffff	1	22	19	85	96	0	0
24941	1491	525.5	295.2	ffffff	1	22	19	81	96	0	0
24959	1492	526.4	294.9	ffffff	1	22	19	78	96	0	0
24974	1493	525.3	296.3	ffffff	1	22	18	77	96	0	0
24992	1494	526.1	295.9	ffffff	1	22	18	74	96	0	0
25008	1495	526.9	295.5	ffffff	1	22	18	70	96	0	0
25024	1496	524	298.7	ffffff	1	22	18	72	96	0	0
25040	1497	521.4	301.6	ffffff	1	22	18	73	96	0	0
25058	1498	518.9	304.3	ffffff	1	22	18	76	96	0	0
25075	1499	516.8	306.7	ffffff	1	22	18	78	96	0	0
25090	1500	514.9	308.8	ffffff	1	22	18	80	96	0	0
25107	1501	514.9	311.4	ffffff	1	22	18	81	96	0	0
25124	1502	515	313.9	ffffff	1	22	18	84	96	0	0
25141	1503	515	316.1	ffffff	1	22	18	85	96	0	0
25157	1504	515.1	317.9	ffffff	1	22	18	86	96	0	0
25175	1505	515.1	319.8	ffffff	1	22	18	86	96	0	0
25191	1506	516.9	320.6	ffffff	1	22	18	83	96	0	0
25207	1507	518.5	321.3	ffffff	1	22	18	79	96	0	0
25225	1508	520	322	ffffff	1	22	18	76	96	0	0
25242	1509	521.4	322.6	ffffff	1	22	18	73	96	0	0
25258	1510	522.6	323.2	ffffff	1	23	18	69	96	0	0
25274	1511	523.7	323.6	ffffff	1	23	18	66	96	0	0
25290	1512	521.1	320.5	ffffff	1	23	18	68	96	0	0
25307	1513	518.8	317.7	ffffff	1	23	18	70	96	0	0
25324	1514	516.6	315.1	ffffff	1	23	18	72	96	0	0
25342	1515	514.6	312.7	ffffff	1	23	18	74	96	0	0
25357	1516	512.9	310.7	ffffff	1	23	18	76	96	0	0
25374	1517	515	312.4	ffffff	1	23	18	72	96	0	0
25390	1518	516.8	313.9	ffffff	1	23	18	70	96	0	0
25407	1519	518.5	315.4	ffffff	1	23	18	66	96	0	0
25424	1520	520	316.6	ffffff	1	23	18	63	96	0	0
25441	1521	521.4	317.8	ffffff	1	23	18	59	96	0	0
25458	1522	519	315.2	ffffff	1	23	18	61	96	0	0
25474	1523	516.8	312.9	ffffff	1	23	18	63	96	0	0
25490	1524	514.8	310.7	ffffff	1	23	18	65	96	0	0
25507	1525	513.1	308.9	ffffff	1	23	18	67	96	0	0
25524	1526	511.5	307.2	ffffff	1	23	18	69	96	0	0
25541	1527	509.4	307.4	ffffff	1	23	18	71	96	0	0
25558	1528	507.5	307.7	ffffff	1	23	18	73	96	0	0
25574	1529	505.7	307.9	ffffff	1	22	19	75	96	0	0
25591	1530	504.2	308.1	ffffff	1	22	19	77	96	0	0
25607	1531	502.8	308.3	ffffff	1	23	19	77	96	0	0
25624	1532	506.6	308.5	ffffff	1	23	19	75	96	0	0
25641	1533	509.3	310.4	ffffff	1	23	19	72	96	0	0
25659	1534	511.8	312.2	ffffff	1	23	19	69	96	0	0
25676	1535	514	313.8	ffffff	1	23	19	65	96	0	0
25690	1536	515.8	315.2	ffffff	1	23	19	62	96	0	0
25708	1537	517.7	316.5	ffffff	1	23	18	59	96	0	0
25724	1538	515	315.9	ffffff	1	23	18	60	96	0	0
25741	1539	512.4	315.3	ffffff	1	23	18	63	96	0	0
25758	1540	510.2	314.7	ffffff	1	23	18	65	96	0	0
25774	1541	508.2	314.3	ffffff	1	23	18	67	95	0	0
25790	1542	506.4	313.8	ffffff	1	23	18	68	95	0	0
25808	1543	504.7	313.4	ffffff	1	23	18	71	95	0	0
25824	1544	503.3	313.1	ffffff	1	23	18	73	95	0	0
25841	1545	501.9	312.8	ffffff	1	23	18	74	95	0	0
25857	1546	500.7	312.5	ffffff	1	23	18	77	95	0	0
25874	1547	499.7	312.3	ffffff	1	23	18	79	95	0	0
25890	1548	503	310.2	ffffff	1	23	18	77	95	0	0
25907	1549	506.1	308.4	ffffff	1	23	18	73	95	0	0
25924	1550	508.9	306.7	ffffff	1	23	18	70	95	0	0
25941	1551	511.4	305.3	ffffff	1	23	18	67	95	0	0
25959	1552	513.6	303.9	ffffff	1	23	18	64	95	0	0
25974	1553	511.9	306.4	ffffff	1	24	18	66	95	0	0
25991	1554	510.5	308.5	ffffff	1	24	18	68	95	0	0
26008	1555	509.2	310.5	ffffff	1	24	18	69	95	0	0
26024	1556	508	312.2	ffffff	1	24	18	72	95	0	0
26041	1557	506.9	313.8	ffffff	1	24	18	74	95	0	0
26057	1558	510.3	313.5	ffffff	1	24	18	72	95	0	0
26074	1559	513.4	313.1	ffffff	1	24	18	70	95	0	0
26091	1560	516.1	312.8	ffffff	1	24	18	69	95	0	0
26107	1561	518.6	312.5	ffffff	1	24	18	68	95	0	0
26124	1562	520.8	312.3	ffffff	1	24	18	66	95	0	0
26140	1563	517.8	312.1	ffffff	1	24	18	67	95	0	0
26157	1564	515.8	313.7	ffffff	1	24	18	69	95	0	0
26175	1565	513.8	315.2	ffffff	1	24	18	71	95	0	0
26191	1566	512.3	316.4	ffffff	1	24	18	72	95	0	0
26207	1567	510.8	317.6	ffffff	1	24	18	74	95	0	0
26224	1568	509.5	318.6	ffffff	1	24	18	72	95	0	0
26241	1569	510.1	315.1	ffffff	1	24	18	72	95	0	0
26257	1570	510.6	312.1	ffffff	1	24	18	69	95	0	0
26275	1571	511.1	309.2	ffffff	1	24	18	65	95	0	0
26291	1572	511.5	306.8	ffffff	1	24	18	62	95	0	0
26308	1573	511.9	307.2	ffffff	1	23	19	61	95	0	0
26324	1574	510.5	309.2	ffffff	1	23	19	63	95	0	0
26342	1575	509.2	311.2	ffffff	1	23	19	65	95	0	0
26358	1576	508	312.8	ffffff	1	24	19	68	95	0	0
26375	1577	506.9	314.4	ffffff	1	24	19	70	95	0	0
26390	1578	506	315.7	ffffff	1	24	19	69	95	0	0
26407	1579	508.8	313.3	ffffff	1	24	19	68	95	0	0
26424	1580	511.3	311.2	ffffff	1	24	19	65	94	0	0
26441	1581	511.7	311.1	ffffff	1	24	18	64	94	0	0
26458	1582	513.8	309.2	ffffff	1	24	18	61	94	0	0
26474	1583	515.8	307.5	ffffff	1	24	18	58	94	0	0
26490	1584	514	309.4	ffffff	1	24	18	59	94	0	0
26507	1585	512.4	311.3	ffffff	1	24	18	62	94	0	0
26523	1586	510.9	313	ffffff	1	24	18	63	94	0	0
26540	1587	509.5	314.5	ffffff	1	24	18	62	94	0	0
26557	1588	508.3	315.9	ffffff	1	24	18	60	94	0	0
26575	1589	506.5	315.3	ffffff	1	24	18	61	94	0	0
26591	1590	504.8	314.8	ffffff	1	24	18	61	94	0	0
26607	1591	503.4	314.3	ffffff	1	24	18	62	94	0	0
26624	1592	502	313.9	ffffff	1	24	18	62	94	0	0
26641	1593	500.8	313.5	ffffff	1	24	18	63	94	0	0
26658	1594	499.7	313.1	ffffff	1	24	18	65	94	0	0
26674	1595	498.8	312.8	ffffff	1	24	18	68	94	0	0
26691	1596	497.9	312.5	ffffff	1	24	18	71	94	0	0
26708	1597	497.1	312.3	ffffff	1	24	18	73	94	0	0
26725	1598	496.4	312.1	ffffff	1	24	18	73	94	0	0
26741	1599	495.7	311.9	ffffff	1	24	18	73	94	0	0
26758	1600	495.9	313.5	ffffff	1	25	18	75	94	0	0
26774	1601	496.1	314.9	ffffff	1	25	18	77	93	0	0
26791	1602	496.2	316.2	ffffff	1	25	18	79	93	0	0
26808	1603	496.3	317.4	ffffff	1	25	18	78	93	0	0
26824	1604	496.4	318.4	ffffff	1	25	18	78	93	0	0
26841	1605	500.3	319.4	ffffff	1	25	18	77	93	0	0
26857	1606	503.6	320.3	ffffff	1	25	18	75	93	0	0
26875	1607	506.6	321.1	ffffff	1	25	18	71	93	0	0
26891	1608	509.3	321.8	ffffff	1	25	18	69	93	0	0
26907	1609	511.7	322.4	ffffff	1	25	18	65	93	0	0
26924	1610	510.3	319.4	ffffff	1	25	18	68	93	0	0
26941	1611	509	316.6	ffffff	1	25	18	71	93	0	0
26958	1612	507.9	314.2	ffffff	1	25	18	73	93	0	0
26974	1613	506.8	311.9	ffffff	1	25	18	73	93	0	0
26990	1614	505.9	310	ffffff	1	25	18	71	93	0	0
27007	1615	506.9	312.6	ffffff	1	25	18	72	93	0	0
27024	1616	507.7	314.8	ffffff	1	25	18	74	93	0	0
27040	1617	508.5	316.9	ffffff	1	25	18	72	93	0	0
27057	1618	509.2	316.2	ffffff	1	24	19	74	93	0	0
27074	1619	509.8	318.1	ffffff	1	24	19	75	92	0	0
27090	1620	512.1	319.1	ffffff	1	25	19	78	92	0	0
27108	1621	514.4	320	ffffff	1	25	19	78	92	0	0
27124	1622	516.2	320.8	ffffff	1	25	19	74	92	0	0
27141	1623	518	321.5	ffffff	1	25	19	71	92	0	0
27158	1624	519.6	322.2	ffffff	1	25	19	67	92	0	0
27176	1625	521.7	321	ffffff	1	25	18	65	92	0	0
27191	1626	523.6	319.9	ffffff	1	25	18	62	92	0	0
27207	1627	525.3	318.9	ffffff	1	25	18	59	92	0	0
27224	1628	526.9	318	ffffff	1	25	18	57	92	0	0
27241	1629	528.3	317.2	ffffff	1	25	18	54	92	0	0
27257	1630	524.4	316.5	ffffff	1	25	18	55	92	0	0
27275	1631	521	315.8	ffffff	1	25	18	57	92	0	0
27291	1632	517.9	315.3	ffffff	1	25	18	58	92	0	0
27307	1633	515.1	314.7	ffffff	1	25	18	60	92	0	0
27324	1634	512.6	314.3	ffffff	1	25	18	61	92	0	0
27340	1635	511.1	315.6	ffffff	1	25	18	60	92	0	0
27358	1636	509.7	316.9	ffffff	1	25	18	60	92	0	0
27374	1637	508.5	318	ffffff	1	25	18	60	92	0	0
27391	1638	507.4	319	ffffff	1	25	18	60	92	0	0
27407	1639	506.4	319.9	ffffff	1	25	18	59	92	0	0
27425	1640	507.4	318.9	ffffff	1	25	18	61	92	0	0
27441	1641	505.7	318	ffffff	1	25	18	64	92	0	0
27457	1642	504.1	317.2	ffffff	1	25	18	68	92	0	0
27474	1643	502.7	316.5	ffffff	1	25	18	72	92	0	0
27490	1644	501.4	315.8	ffffff	1	25	18	71	92	0	0
27508	1645	504.6	317	ffffff	1	26	18	73	92	0	0
27524	1646	507.5	318.1	ffffff	1	26	18	71	92	0	0
27540	1647	510.1	319.1	ffffff	1	26	18	69	92	0	0
27557	1648	512.3	320	ffffff	1	26	18	66	92	0	0
27573	1649	514.5	320.8	ffffff	1	26	18	64	92	0	0
27591	1650	516.5	321.6	ffffff	1	26	18	62	92	0	0
27607	1651	518.1	322.2	ffffff	1	26	18	59	91	0	0
27625	1652	519.7	322.8	ffffff	1	26	18	56	91	0	0
27641	1653	521.1	323.3	ffffff	1	26	18	54	91	0	0
27658	1654	522.3	323.8	ffffff	1	26	18	51	91	0	0
27674	1655	521.7	322.4	ffffff	1	26	18	51	91	0	0
27691	1656	518.5	321.2	ffffff	1	26	18	54	91	0	0
27707	1657	515.8	320.1	ffffff	1	26	18	56	91	0	0
27724	1658	513.1	319.1	ffffff	1	26	18	59	91	0	0
27740	1659	510.8	318.1	ffffff	1	26	18	61	91	0	0
27758	1660	508.7	317.3	ffffff	1	26	18	64	91	0	0
27775	1661	512	316.6	ffffff	1	26	18	60	91	0	0
27790	1662	514.7	316	ffffff	1	26	18	58	91	0	0
27807	1663	517.4	315.4	ffffff	1	26	18	54	91	0	0
27824	1664	519.8	314.8	ffffff	1	25	19	76	91	0	0
27840	1665	521.9	314.3	ffffff	1	25	19	73	91	0	0
27857	1666	521.2	311.3	ffffff	1	26	18	70	91	0	0
27874	1667	520.7	308.6	ffffff	1	26	18	69	91	0	0
27891	1668	520.1	306.2	ffffff	1	26	18	68	91	0	0
27908	1669	519.7	304.1	ffffff	1	26	18	66	91	0	0
27924	1670	519.3	302.1	ffffff	1	26	18	65	91	0	0
27941	1671	517.1	304.7	ffffff	1	26	17	67	91	0	0
27958	1672	515.1	307	ffffff	1	26	17	68	91	0	0
27974	1673	513.3	309.1	ffffff	1	26	17	69	91	0	0
27990	1674	511.8	311	ffffff	1	26	17	66	91	0	0
28006	1675	510.4	312.7	ffffff	1	26	17	63	91	0	0
28023	1676	510.9	315	ffffff	1	26	17	61	91	0	0
28041	1677	511.4	317.1	ffffff	1	26	17	60	91	0	0
28057	1678	511.8	318.9	ffffff	1	26	17	58	91	0	0
28075	1679	512.1	320.6	ffffff	1	26	17	57	91	0	0
28090	1680	512.5	322.1	ffffff	1	26	17	56	91	0	0
28109	1681	515.6	320.7	ffffff	1	26	17	58	91	0	0
28124	1682	517.9	319.8	ffffff	1	26	17	60	91	0	0
28140	1683	520.2	318.8	ffffff	1	26	17	62	91	0	0
28157	1684	522.3	317.9	ffffff	1	26	17	63	91	0	0
28174	1685	524.1	317.1	ffffff	1	26	17	59	91	0	0
28191	1686	523.2	319	ffffff	1	27	17	61	91	0	0
28207	1687	522.5	320.6	ffffff	1	27	17	62	91	0	0
28224	1688	521.8	322.1	ffffff	1	27	17	63	91	0	0
28241	1689	521.2	323.5	ffffff	1	27	17	64	91	0	0
28257	1690	520.6	324.7	ffffff	1	27	17	65	91	0	0
28273	1691	520.1	325.7	ffffff	1	27	17	66	91	0	0
28291	1692	519.6	326.7	ffffff	1	27	17	67	91	0	0
28307	1693	519.2	327.6	ffffff	1	27	17	69	91	0	0
28324	1694	518.8	328.4	ffffff	1	27	17	70	91	0	0
28341	1695	518.5	329.1	ffffff	1	27	17	72	91	0	0
28357	1696	518.2	329.7	ffffff	1	27	17	74	91	0	0
28373	1697	517.9	330.3	ffffff	1	27	17	75	91	0	0
28391	1698	517.7	330.8	ffffff	1	27	17	77	91	0	0
28408	1699	517.5	331.3	ffffff	1	27	17	79	91	0	0
28424	1700	517.3	331.7	ffffff	1	27	17	80	91	0	0
28442	1701	519.7	329.5	ffffff	1	27	17	78	90	0	0
28458	1702	521.8	327.6	ffffff	1	27	17	75	90	0	0
28474	1703	523.8	325.8	ffffff	1	27	17	74	90	0	0
28491	1704	525.4	324.3	ffffff	1	27	17	72	90	0	0
28508	1705	527	322.8	ffffff	1	27	17	70	90	0	0
28524	1706	524.2	323.3	ffffff	1	27	17	72	90	0	0
28540	1707	521.5	323.8	ffffff	1	27	17	74	90	0	0
28557	1708	519.1	324.2	ffffff	1	27	17	76	90	0	0
28575	1709	516.9	324.6	ffffff	1	26	18	78	90	0	0
28591	1710	515	324.9	ffffff	1	26	18	80	90	0	0
28608	1711	513.2	325.3	ffffff	1	26	18	82	90	0	0
28624	1712	515.8	323.8	ffffff	1	27	18	80	90	0	0
28640	1713	518.4	322.4	ffffff	1	27	18	77	90	0	0
28657	1714	520.6	321.2	ffffff	1	27	18	76	90	0	0
28674	1715	522.7	320	ffffff	1	27	18	74	90	0	0
28692	1716	524.5	319	ffffff	1	27	18	73	90	0	0
28708	1717	523.6	318.1	ffffff	1	27	17	72	90	0	0
28724	1718	522.8	314.7	ffffff	1	27	17	69	90	0	0
28740	1719	522.1	311.7	ffffff	1	27	17	65	90	0	0
28758	1720	521.4	309	ffffff	1	27	17	62	90	0	0
28774	1721	520.8	306.5	ffffff	1	27	17	58	90	0	0
28791	1722	518.5	308.7	ffffff	1	27	17	61	90	0	0
28807	1723	516.4	310.6	ffffff	1	27	17	62	90	0	0
28823	1724	514.5	312.3	ffffff	1	27	17	64	90	0	0
28840	1725	512.8	313.9	ffffff	1	27	17	65	90	0	0
28857	1726	511.3	315.3	ffffff	1	27	17	68	90	0	0
28873	1727	509.9	316.5	ffffff	1	27	17	69	90	0	0
28890	1728	508.7	317.7	ffffff	1	27	17	72	90	0	0
28909	1729	507.5	318.8	ffffff	1	27	17	74	90	0	0
28924	1730	506.5	319.7	ffffff	1	27	17	78	90	0	0
28941	1731	505.6	320.5	ffffff	1	27	17	81	90	0	0
28957	1732	504.1	319.4	ffffff	1	28	17	84	90	0	0
28974	1733	502.6	318.5	ffffff	1	28	17	86	90	0	0
28991	1734	501.4	317.6	ffffff	1	28	17	88	90	0	0
29008	1735	500.2	316.9	ffffff	1	28	17	90	90	0	0
29024	1736	499.2	316.2	ffffff	1	28	17	92	90	0	0
29040	1737	499	313.8	ffffff	1	28	17	93	90	0	0
29057	1738	498.9	311.6	ffffff	1	28	17	92	89	0	0
29074	1739	498.7	309.7	ffffff	1	28	17	93	89	0	0
29091	1740	498.6	307.8	ffffff	1	28	17	93	89	0	0
29109	1741	498.5	306.1	ffffff	1	28	17	92	89	0	0
29124	1742	498.4	304.9	ffffff	1	28	17	92	89	0	0
29140	1743	498.3	303.6	ffffff	1	28	17	92	89	0	0
29157	1744	498.2	302.4	ffffff	1	28	17	92	89	0	0
29173	1745	498.1	301.4	ffffff	1	28	17	92	89	0	0
29190	1746	498.1	300.4	ffffff	1	28	17	92	89	0	0
29210	1747	497.2	301.5	ffffff	1	28	17	90	89	0	0
29224	1748	496.5	302.2	ffffff	1	28	17	87	89	0	0
29241	1749	495.9	303	ffffff	1	28	17	83	89	0	0
29259	1750	495.3	303.7	ffffff	1	28	17	79	89	0	0
29274	1751	494.8	304.3	ffffff	1	28	17	76	89	0	0
29291	1752	494.3	304.9	ffffff	1	29	17	73	89	0	0
29308	1753	493.9	305.4	ffffff	1	28	18	70	89	0	0
29324	1754	493.5	305.9	ffffff	1	28	18	67	89	0	0
29340	1755	493.1	306.3	ffffff	1	28	18	64	89	0	0
29357	1756	492.8	306.7	ffffff	1	28	18	60	89	0	0
29374	1757	497.8	307	ffffff	1	28	18	62	88	0	0
29391	1758	502.1	307.3	ffffff	1	28	18	64	88	0	0
29408	1759	506.1	307.6	ffffff	1	28	18	66	88	0	0
29425	1760	509.5	307.8	ffffff	1	28	18	69	88	0	0
29441	1761	510.1	308	ffffff	1	28	17	67	88	0	0
29459	1762	513.1	308.2	ffffff	1	28	17	69	88	0	0
29474	1763	515.9	308.4	ffffff	1	28	17	72	88	0	0
29490	1764	518.4	308.6	ffffff	1	28	17	74	88	0	0
29508	1765	520.7	308.7	ffffff	1	28	17	76	88	0	0
29524	1766	522.7	308.8	ffffff	1	28	17	78	88	0	0
29541	1767	524.5	309	ffffff	1	28	17	78	88	0	0
29557	1768	526.2	309.1	ffffff	1	28	17	76	89	0	0
29575	1769	527.7	309.2	ffffff	1	28	17	74	89	0	0
29591	1770	529	309.2	ffffff	1	28	17	72	89	0	0
29609	1771	530.2	309.3	ffffff	1	28	17	71	89	0	0
29624	1772	531.3	309.4	ffffff	1	28	17	70	89	0	0
29641	1773	527.9	311.2	ffffff	1	28	17	71	89	0	0
29658	1774	524.9	312.9	ffffff	1	29	17	73	89	0	0
29675	1775	522.1	314.4	ffffff	1	29	17	75	89	0	0
29691	1776	519.7	315.8	ffffff	1	29	17	77	89	0	0
29707	1777	517.5	317	ffffff	1	29	17	79	89	0	0
29725	1778	515.4	318.1	ffffff	1	29	16	78	89	0	0
29741	1779	513.6	319.1	ffffff	1	29	16	76	89	0	0
29757	1780	512	320	ffffff	1	29	16	74	89	0	0
29775	1781	510.5	320.8	ffffff	1	29	16	72	89	0	0
29790	1782	509.3	321.5	ffffff	1	29	16	70	89	0	0
29807	1783	511.7	322.2	ffffff	1	29	16	72	89	0	0
29824	1784	513.9	322.8	ffffff	1	29	16	74	88	0	0
29841	1785	515.9	323.3	ffffff	1	29	16	76	88	0	0
29857	1786	517.7	323.8	ffffff	1	29	16	79	88	0	0
29874	1787	519.2	324.2	ffffff	1	29	16	80	88	0	0
29891	1788	520.6	321	ffffff	1	29	16	80	88	0	0
29907	1789	521.9	318.2	ffffff	1	29	16	80	88	0	0
29925	1790	523.1	315.4	ffffff	1	29	16	81		0	0
29941	1791	523.1	315.4	ffffff	1	29	16	81		0	0
29957	1792	523.1	315.4	ffffff	1	29	16	81		0	0
29974	1793	523.1	315.4	ffffff	1	29	16	81		0	0
29990	1794	523.1	315.4	ffffff	1	29	16	81		0	0
30007	1795	523.1	315.4	ffffff	1	29	16	81		0	0
30026	1796	523.1	315.4	ffffff	1	29	16	81		0	0
30041	1797	523.1	315.4	ffffff	1	29	16	81		0	0
30057	1798	523.1	315.4	ffffff	1	29	16	81		0	0
30074	1799	523.1	315.4	ffffff	1	29	16	81		0	0
30091	1800	523.1	315.4	ffffff	1	29	16	81		0	0
30107	1801	523.1	315.4	ffffff	1	29	16	81		0	0
30124	1802	523.1	315.4	ffffff	1	29	16	81		0	0
30140	1803	523.1	315.4	ffffff	1	29	16	81		0	0
30156	1804	523.1	315.4	ffffff	1	29	16	81		0	0
30173	1805	523.1	315.4	ffffff	1	29	16	81		0	0
30190	1806	523.1	315.4	ffffff	1	29	16	81		0	0
30207	1807	523.1	315.4	ffffff	1	29	16	81		0	0
30224	1808	523.1	315.4	ffffff	1	29	16	81		0	0
30240	1809	523.1	315.4	ffffff	1	29	16	81		0	0
30257	1810	523.1	315.4	ffffff	1	29	16	81		0	0
30274	1811	523.1	315.4	ffffff	1	29	16	81		0	0
30290	1812	523.1	315.4	ffffff	1	29	16	81		0	0
30307	1813	523.1	315.4	ffffff	1	29	16	81		0	0
30324	1814	523.1	315.4	ffffff	1	29	16	81		0	0
30340	1815	523.1	315.4	ffffff	1	29	16	81		0	0
30358	1816	523.1	315.4	ffffff	1	29	16	81		0	0
30374	1817	523.1	315.4	ffffff	1	29	16	81		0	0
30390	1818	523.1	315.4	ffffff	1	29	16	81		0	0
30407	1819	523.1	315.4	ffffff	1	29	16	81		0	0
30424	1820	523.1	315.4	ffffff	1	29	16	81		0	0
30441	1821	523.1	315.4	ffffff	1	29	16	81		0	0
30457	1822	523.1	315.4	ffffff	1	29	16	81		0	0
30473	1823	523.1	315.4	ffffff	1	29	16	81		0	0
30490	1824	523.1	315.4	ffffff	1	29	16	81		0	0
30507	1825	523.1	315.4	ffffff	1	29	16	81		0	0
30524	1826	523.1	315.4	ffffff	1	29	16	81		0	0
30541	1827	523.1	315.4	ffffff	1	29	16	81		0	0
30557	1828	523.1	315.4	ffffff	1	29	16	81		0	0
30574	1829	523.1	315.4	ffffff	1	29	16	81		0	0
30590	1830	523.1	315.4	ffffff	1	29	16	81		0	0
30607	1831	523.1	315.4	ffffff	1	29	16	81		0	0
30624	1832	523.1	315.4	ffffff	1	29	16	81		0	0
30640	1833	523.1	315.4	ffffff	1	29	16	81		0	0
30657	1834	523.1	315.4	ffffff	1	29	16	81		0	0
30673	1835	523.1	315.4	ffffff	1	29	16	81		0	0
30691	1836	523.1	315.4	ffffff	1	29	16	81		0	0
30707	1837	523.1	315.4	ffffff	1	29	16	81		0	0
30723	1838	523.1	315.4	ffffff	1	29	16	81		0	0
30740	1839	523.1	315.4	ffffff	1	29	16	81		0	0
30758	1840	523.1	315.4	ffffff	1	29	16	81		0	0
30773	1841	523.1	315.4	ffffff	1	29	16	81		0	0
30791	1842	523.1	315.4	ffffff	1	29	16	81		0	0
30807	1843	523.1	315.4	ffffff	1	29	16	81		0	0
30824	1844	523.1	315.4	ffffff	1	29	16	81		0	0
30841	1845	523.1	315.4	ffffff	1	29	16	81		0	0
30857	1846	523.1	315.4	ffffff	1	29	16	81		0	0
30875	1847	523.1	315.4	ffffff	1	29	16	81		0	0
30891	1848	522.4	314.9	ffffff	1	29	16	81	88	0	0
30907	1849	521.7	314.4	ffffff	1	29	16	80	88	0	0
30926	1850	521.1	313.9	ffffff	1	29	16	79	88	0	0
30941	1851	520.5	313.5	ffffff	1	29	16	78	88	0	0
30958	1852	520	313.2	ffffff	1	29	16	78	88	0	0
30974	1853	519.6	312.9	ffffff	1	28	17	77	88	0	0
30992	1854	519.2	312.6	ffffff	0.3	29	17	76	88	0	0
31007	1855	518.8	312.3	ffffff	0.3	29	17	76	88	0	0
31024	1856	518.5	312.1	ffffff	0.3	29	17	75	88	0	0
31040	1857	518.2	311.9	ffffff	0.3	29	17	74	88	0	0
31057	1858	517.9	311.7	ffffff	0.3	29	17	74	88	0	0
31075	1859	517.7	311.5	ffffff	0.3	29	17	73	88	0	0
31090	1860	517.4	311.4	ffffff	1	29	17	72	88	0	0
31108	1861	517.3	311.2	ffffff	1	29	17	72	88	0	0
31124	1862	517.1	311.1	ffffff	1	29	17	70	88	0	0
31140	1863	516.9	311	ffffff	1	29	17	70	88	0	0
31159	1864	516.8	310.9	ffffff	1	29	16	69	88	0	0
31174	1865	516.6	310.8	ffffff	1	29	16	69	88	0	0
31191	1866	516.5	310.7	ffffff	1	29	16	68	88	0	0
31207	1867	516.4	310.7	ffffff	1	29	16	67	88	0	0
31224	1868	516.3	310.6	ffffff	0.3	29	16	66	88	0	0
31240	1869	516.3	310.5	ffffff	0.3	29	16	66	88	0	0
31257	1870	516.2	310.5	ffffff	0.3	29	16	65	88	0	0
31273	1871	516.1	310.4	ffffff	0.3	29	16	65	88	0	0
31290	1872	516.1	310.4	ffffff	0.3	29	16	64	88	0	0
31307	1873	516	310.4	ffffff	0.3	29	16	64	88	0	0
31323	1874	515.9	310.3	ffffff	0.3	29	16	63	88	0	0
31340	1875	515.9	310.3	ffffff	1	29	16	62	88	0	0
31357	1876	515.9	310.3	ffffff	1	29	16	61	88	0	0
31373	1877	515.8	310.2	ffffff	1	28	17	60	88	0	0
31390	1878	515.8	310.2	ffffff	1	28	17	60	88	0	0
31407	1879	515.8	310.2	ffffff	1	29	17	59	88	0	0
31423	1880	515.7	310.2	ffffff	1	29	17	58	88	0	0
31440	1881	517.5	312	ffffff	0.3	29	17	60	88	0	0
31457	1882	519.1	313.6	ffffff	0.3	29	17	63	88	0	0
31473	1883	520.6	315	ffffff	0.3	29	17	65	88	0	0
31490	1884	521.9	316.3	ffffff	0.3	29	17	67	88	0	0
31507	1885	523	317.5	ffffff	0.3	29	17	69	89	0	0
31524	1886	524.1	318.5	ffffff	0.3	29	17	70	89	0	0
31540	1887	525	319.5	ffffff	1	29	17	73	89	0	0
31557	1888	525.9	320.3	ffffff	1	29	17	74	89	0	0
31573	1889	526.6	321.1	ffffff	1	29	17	77	89	0	0
31590	1890	527.3	321.8	ffffff	1	29	17	79	89	0	0
31607	1891	527.9	318.8	ffffff	1	29	17	79	89	0	0
31623	1892	528.5	316.2	ffffff	1	29	17	79	89	0	0
31640	1893	529	313.7	ffffff	1	29	17	79	89	0	0
31657	1894	529.5	311.5	ffffff	0.3	29	17	80	89	0	0
31673	1895	529.9	309.6	ffffff	0.3	29	17	80	89	0	0
31690	1896	528.4	307.1	ffffff	0.3	29	17	79	89	0	0
31707	1897	527.1	304.8	ffffff	0.3	29	17	77	89	0	0
31724	1898	526	302.8	ffffff	0.3	28	18	75	89	0	0
31740	1899	524.9	301	ffffff	0.3	29	18	75	89	0	0
31757	1900	524	299.3	ffffff	1	29	18	73	89	0	0
31773	1901	523.1	297.8	ffffff	1	29	18	72	89	0	0
31790	1902	522.4	296.5	ffffff	1	29	18	71	89	0	0
31807	1903	521.7	295.3	ffffff	1	29	18	70	89	0	0
31824	1904	521.1	294.2	ffffff	1	29	18	69	89	0	0
31841	1905	520.5	293.3	ffffff	1	29	18	69	89	0	0
31857	1906	522.6	294.9	ffffff	1	29	18	71	89	0	0
31873	1907	524.4	296.4	ffffff	0.3	29	18	72	89	0	0
31890	1908	523.5	297.8	ffffff	0.3	29	17	73	90	0	0
31907	1909	525.3	299	ffffff	0.3	29	17	74	90	0	0
31923	1910	526.8	300.1	ffffff	1	29	17	77	90	0	0
31940	1911	525.7	298.6	ffffff	1	29	17	76	90	0	0
31957	1912	524.7	297.1	ffffff	1	29	17	75	90	0	0
31973	1913	523.8	295.9	ffffff	1	29	17	75	90	0	0
31990	1914	522.9	294.7	ffffff	1	29	17	75	90	0	0
32006	1915	522.2	293.7	ffffff	1	29	17	75	90	0	0
32023	1916	521.5	292.8	ffffff	1	29	17	75	90	0	0
32041	1917	520.9	292	ffffff	1	29	17	75	90	0	0
32057	1918	520.4	291.2	ffffff	1	29	17	75	90	0	0
32074	1919	519.9	290.5	ffffff	1	29	17	74	90	0	0
32091	1920	519.4	289.9	ffffff	1	28	18	133	90	0	0
32107	1921	519.1	289.4	ffffff	1	28	18	131	90	0	0
32124	1922	516.1	291.5	ffffff	1	28	18	128	91	0	0
32140	1923	513.5	293.3	ffffff	1	28	18	128	91	0	0
32157	1924	511.2	295	ffffff	1	29	18	126	91	0	0
32173	1925	509.1	296.5	ffffff	1	29	18	125	91	0	0
32190	1926	507.2	297.8	ffffff	1	29	18	123	91	0	0
32207	1927	509.8	300.9	ffffff	1	29	18	126	91	0	0
32223	1928	512.2	303.6	ffffff	1	29	18	128	91	0	0
32240	1929	514.3	306	ffffff	1	29	18	131	91	0	0
32257	1930	514.4	306.4	ffffff	1	29	17	131	91	0	0
32273	1931	516.4	308.6	ffffff	1	29	17	133	91	0	0
32290	1932	513.7	308.7	ffffff	1	29	17	132	91	0	0
32307	1933	511.3	308.9	ffffff	1	29	17	131	91	0	0
32323	1934	509.2	309	ffffff	1	29	17	130	91	0	0
32340	1935	507.3	309.1	ffffff	1	29	17	130	91	0	0
32356	1936	505.6	309.2	ffffff	1	29	17	129	91	0	0
32373	1937	509.1	309.3	ffffff	1	29	17	130	91	0	0
32391	1938	512.3	309.3	ffffff	1	29	17	130	91	0	0
32407	1939	515.2	309.4	ffffff	1	29	17	131	91	0	0
32424	1940	517.8	309.5	ffffff	1	29	17	132	91	0	0
32440	1941	520.1	309.5	ffffff	1	29	17	132	91	0	0
32457	1942	517.8	307.8	ffffff	1	29	17	130	91	0	0
32473	1943	515.8	306.2	ffffff	1	29	17	128	91	0	0
32490	1944	513.9	304.8	ffffff	1	30	17	124	91	0	0
32507	1945	512.3	303.5	ffffff	1	30	17	122	91	0	0
32524	1946	510.8	302.3	ffffff	1	30	17	120	91	0	0
32540	1947	513.8	303.1	ffffff	1	30	17	121	91	0	0
32557	1948	515.8	305.6	ffffff	1	29	18	137	91	0	0
32574	1949	517.6	307.9	ffffff	1	29	18	135	91	0	0
32591	1950	519.2	309.9	ffffff	1	29	17	134	91	0	0
32607	1951	520.6	311.7	ffffff	1	29	17	132	91	0	0
32623	1952	521.9	313.3	ffffff	1	29	17	131	91	0	0
32640	1953	519.4	314.8	ffffff	1	29	17	132	91	0	0
32657	1954	517.3	316.1	ffffff	1	29	17	135	91	0	0
32673	1955	515.3	317.3	ffffff	1	29	17	136	91	0	0
32690	1956	513.5	318.4	ffffff	1	29	17	139	91	0	0
32707	1957	511.9	319.3	ffffff	1	29	17	141	91	0	0
32724	1958	510.4	320.2	ffffff	1	29	17	142	91	0	0
32740	1959	509.1	321	ffffff	1	29	17	145	90	0	0
32757	1960	508	321.7	ffffff	1	29	17	147	90	0	0
32773	1961	506.9	322.3	ffffff	1	29	17	149	90	0	0
32790	1962	506	322.9	ffffff	1	29	17	151	90	0	0
32806	1963	505.1	323.4	ffffff	1	29	17	153	90	0	0
32823	1964	504.4	323.9	ffffff	1	30	17	156	90	0	0
32840	1965	503.7	324.3	ffffff	1	30	17	158	90	0	0
32856	1966	503.1	324.7	ffffff	1	30	17	159	90	0	0
32874	1967	502.5	325	ffffff	1	30	17	161	90	0	0
32890	1968	502	325.3	ffffff	1	30	17	164	90	0	0
32907	1969	501.5	325.6	ffffff	1	30	17	165	90	0	0
32924	1970	501.1	325.8	ffffff	1	30	17	167	90	0	0
32940	1971	500.8	326	ffffff	1	29	18	183	89	0	0
32957	1972	500.4	326.2	ffffff	1	29	17	180	89	0	0
32973	1973	504.5	324.6	ffffff	1	29	17	183	89	0	0
32990	1974	508.2	323.2	ffffff	1	29	17	184	89	0	0
33007	1975	511.4	321.8	ffffff	1	29	17	187	89	0	0
33024	1976	514.5	320.6	ffffff	1	29	17	189	89	0	0
33041	1977	517.1	319.6	ffffff	1	29	17	191	89	0	0
33057	1978	519.5	318.6	ffffff	1	29	17	190	89	0	0
33074	1979	521.8	317.7	ffffff	1	29	17	188	89	0	0
33090	1980	523.6	317	ffffff	1	29	17	187	89	0	0
33108	1981	525.4	316.3	ffffff	1	29	17	185	89	0	0
33124	1982	526.9	315.6	ffffff	1	29	17	184	89	0	0
33141	1983	528.3	315.1	ffffff	1	29	17	183	89	0	0
33157	1984	529.6	314.6	ffffff	1	29	17	182	89	0	0
33175	1985	530.8	314.1	ffffff	1	29	17	179	89	0	0
33191	1986	531.8	313.7	ffffff	1	29	17	178	89	0	0
33207	1987	532.7	313.3	ffffff	1	29	17	177	89	0	0
33224	1988	533.5	313	ffffff	1	29	17	176	89	0	0
33241	1989	534.3	312.7	ffffff	1	29	17	175	89	0	0
33258	1990	534.9	312.4	ffffff	1	30	17	174	90	0	0
33276	1991	535.6	312.2	ffffff	1	30	17	173	90	0	0
33290	1992	536.1	312	ffffff	1	30	17	172	90	0	0
33307	1993	532.3	310	ffffff	1	30	17	174	90	0	0
33324	1994	528.8	308.2	ffffff	1	29	18	180	90	0	0
33341	1995	525.6	306.5	ffffff	1	29	18	177	90	0	0
33358	1996	522.7	305	ffffff	1	29	18	175	90	0	0
33375	1997	520.1	303.7	ffffff	1	29	18	173	90	0	0
33390	1998	518	302.6	ffffff	1	29	18	170	90	0	0
33407	1999	516	301.5	ffffff	1	29	18	169	90	0	0
33424	2000	514.1	300.6	ffffff	1	29	18	166	90	0	0
33441	2001	512.4	299.7	ffffff	1	29	17	164	90	0	0
33457	2002	511	299	ffffff	1	29	17	162	90	0	0
33475	2003	514	300.1	ffffff	1	29	17	160	90	0	0
33491	2004	516.8	301.1	ffffff	1	29	17	160	90	0	0
33509	2005	519.2	302	ffffff	1	29	17	158	90	0	0
33525	2006	521.3	302.8	ffffff	1	29	17	157	90	0	0
33542	2007	523.3	303.5	ffffff	1	29	17	155	90	0	0
33557	2008	524.3	302.4	ffffff	1	29	17	152	90	0	0
33574	2009	525.3	301.3	ffffff	1	29	17	149	90	0	0
33591	2010	526.1	300.4	ffffff	1	29	17	146	90	0	0
33607	2011	526.8	299.5	ffffff	1	30	17	142	90	0	0
33624	2012	527.5	298.8	ffffff	1	30	17	139	91	0	0
33642	2013	528.1	298.1	ffffff	1	30	17	136	91	0	0
33658	2014	528.7	297.5	ffffff	1	29	18	163	91	0	0
33675	2015	529.1	296.9	ffffff	1	29	18	161	91	0	0
33690	2016	529.6	296.5	ffffff	1	29	18	157	91	0	0
33708	2017	530	296	ffffff	1	29	18	154	91	0	0
33725	2018	530.3	295.6	ffffff	1	29	18	150	91	0	0
33740	2019	530.6	295.2	ffffff	1	29	18	146	91	0	0
33757	2020	530.9	294.9	ffffff	1	29	18	143	91	0	0
33774	2021	531.2	294.6	ffffff	1	29	18	140	91	0	0
33790	2022	531.4	294.3	ffffff	1	29	18	136	91	0	0
33810	2023	529.8	295.9	ffffff	1	29	17	135	92	0	0
33824	2024	528.4	294.8	ffffff	1	29	17	133	92	0	0
33841	2025	527.1	293.7	ffffff	1	29	17	130	92	0	0
33858	2026	525.9	292.8	ffffff	1	29	17	128	92	0	0
33874	2027	524.9	292	ffffff	1	29	17	126	92	0	0
33892	2028	524	291.2	ffffff	1	29	17	123	92	0	0
33907	2029	523.1	290.6	ffffff	1	29	17	121	92	0	0
33924	2030	522.4	290	ffffff	1	29	17	119	92	0	0
33940	2031	521.7	289.4	ffffff	1	29	17	116	92	0	0
33957	2032	521	288.9	ffffff	1	30	17	114	92	0	0
33975	2033	520.5	288.5	ffffff	1	29	18	125	92	0	0
33991	2034	520	288.1	ffffff	1	29	18	123	92	0	0
34008	2035	519.5	287.7	ffffff	1	29	18	121	93	0	0
34024	2036	519.1	287.4	ffffff	1	29	18	119	93	0	0
34041	2037	518.8	287.1	ffffff	1	29	18	117	93	0	0
34058	2038	518.4	286.8	ffffff	1	29	18	114	93	0	0
34074	2039	518.2	286.6	ffffff	1	29	18	113	93	0	0
34091	2040	517.9	286.4	ffffff	1	29	18	110	93	0	0
34108	2041	517.6	286.2	ffffff	1	29	18	108	93	0	0
34123	2042	517.4	286	ffffff	1	29	18	106	93	0	0
34140	2043	517.2	285.9	ffffff	1	29	18	104	93	0	0
34158	2044	517.1	285.7	ffffff	1	29	18	102	93	0	0
34173	2045	516.9	285.6	ffffff	1	29	18	100	93	0	0
34191	2046	516.8	285.5	ffffff	1	29	18	98	93	0	0
34209	2047	516.6	285.4	ffffff	1	29	17	96	93	0	0
34224	2048	516.5	285.3	ffffff	1	29	17	95	94	0	0
34241	2049	516.4	285.2	ffffff	1	29	17	92	94	0	0
34258	2050	516.3	285.2	ffffff	1	29	17	91	94	0	0
34274	2051	516.3	285.1	ffffff	1	29	17	89	94	0	0
34290	2052	516.2	285	ffffff	1	29	17	87	94	0	0
34309	2053	516.1	285	ffffff	1	28	18	151	94	0	0
34324	2054	517.8	285.7	ffffff	1	29	18	147	94	0	0
34341	2055	519.4	286.3	ffffff	1	29	18	144	94	0	0
34357	2056	520.8	286.9	ffffff	1	29	18	141	94	0	0
34375	2057	522.1	287.4	ffffff	1	29	18	138	94	0	0
34391	2058	523.2	287.8	ffffff	1	29	18	135	94	0	0
34407	2059	520.7	291.8	ffffff	1	29	18	136	94	0	0
34425	2060	518.3	295.5	ffffff	1	29	18	139	95	0	0
34441	2061	516.3	298.7	ffffff	1	29	18	140	95	0	0
34457	2062	514.4	301.7	ffffff	1	29	18	143	95	0	0
34474	2063	512.7	304.4	ffffff	1	29	18	145	95	0	0
34490	2064	514.6	303.2	ffffff	1	29	18	141	95	0	0
34508	2065	516.6	302	ffffff	1	29	18	139	95	0	0
34524	2066	518.3	301	ffffff	1	29	18	135	95	0	0
34541	2067	519.8	300.1	ffffff	1	29	17	132	95	0	0
34558	2068	521.2	299.3	ffffff	1	29	17	129	95	0	0
34574	2069	522.4	298.6	ffffff	1	29	17	125	95	0	0
34592	2070	518.9	299.8	ffffff	1	29	17	126	95	0	0
34607	2071	516.2	300.7	ffffff	1	29	17	127	95	0	0
34625	2072	513.6	301.7	ffffff	1	29	17	127	95	0	0
34641	2073	511.2	302.5	ffffff	1	29	17	128	95	0	0
34657	2074	509.1	303.3	ffffff	1	29	17	128	95	0	0
34675	2075	507.2	303.9	ffffff	1	29	17	129	95	0	0
34694	2076	505.3	304.6	ffffff	1	28	18	141	95	0	0
34708	2077	503.9	305.1	ffffff	1	29	18	142	95	0	0
34724	2078	502.5	305.6	ffffff	1	29	18	144	95	0	0
34741	2079	501.3	306	ffffff	1	29	18	145	95	0	0
34757	2080	500.2	306.4	ffffff	1	29	18	146	95	0	0
34774	2081	499.1	306.8	ffffff	1	29	18	146	95	0	0
34791	2082	498.2	307.1	ffffff	1	29	18	142	95	0	0
34807	2083	497.4	307.4	ffffff	1	29	18	139	95	0	0
34824	2084	496.7	307.6	ffffff	1	29	18	135	95	0	0
34841	2085	500.4	309.7	ffffff	1	29	17	138	94	0	0
34859	2086	503.8	311.6	ffffff	1	29	17	139	94	0	0
34875	2087	506.7	313.2	ffffff	1	29	17	141	94	0	0
34891	2088	509.3	314.6	ffffff	1	29	17	143	94	0	0
34907	2089	511.7	316	ffffff	1	29	17	145	94	0	0
34924	2090	509.5	315.4	ffffff	1	29	17	142	94	0	0
34941	2091	507.5	314.8	ffffff	1	29	17	138	94	0	0
34957	2092	505.9	314.4	ffffff	1	29	17	136	94	0	0
34974	2093	504.3	313.9	ffffff	1	29	17	132	94	0	0
34992	2094	502.8	313.5	ffffff	1	29	17	129	94	0	0
35008	2095	501.5	313.2	ffffff	1	29	17	126	94	0	0
35025	2096	500.4	312.9	ffffff	1	29	17	122	94	0	0
35040	2097	499.4	312.6	ffffff	1	29	17	119	94	0	0
35057	2098	498.4	312.3	ffffff	1	30	17	116	94	0	0
35074	2099	497.6	312.1	ffffff	1	29	18	157	94	0	0
35091	2100	496.8	311.9	ffffff	1	29	18	153	94	0	0
35107	2101	496.2	311.7	ffffff	1	29	18	150	94	0	0
35123	2102	495.5	311.5	ffffff	1	29	18	146	94	0	0
35140	2103	495	311.4	ffffff	1	29	18	143	93	0	0
35157	2104	494.5	311.2	ffffff	1	29	18	140	93	0	0
35174	2105	494.8	312.9	ffffff	1	29	18	137	93	0	0
35190	2106	495.1	314.4	ffffff	1	29	17	135	93	0	0
35207	2107	495.3	315.8	ffffff	1	29	17	132	93	0	0
35224	2108	495.5	317	ffffff	1	29	17	130	93	0	0
35240	2109	495.7	318.1	ffffff	1	29	17	127	93	0	0
35257	2110	495.9	315.5	ffffff	1	29	17	124	93	0	0
35273	2111	496	313.1	ffffff	1	29	17	121	93	0	0
35290	2112	496.2	311	ffffff	1	29	17	119	93	0	0
35307	2113	496.3	309.1	ffffff	1	29	17	116	93	0	0
35323	2114	496.4	307.4	ffffff	1	29	17	113	93	0	0
35340	2115	498.3	305.9	ffffff	1	29	17	113	93	0	0
35356	2116	500	304.5	ffffff	1	29	17	111	93	0	0
35373	2117	501.6	303.2	ffffff	1	29	17	111	92	0	0
35390	2118	503	302.1	ffffff	1	29	17	110	92	0	0
35407	2119	504.2	301.1	ffffff	1	28	18	117	92	0	0
35424	2120	505.4	302	ffffff	1	28	18	116	92	0	0
35440	2121	506.4	302.8	ffffff	1	28	18	116	92	0	0
35457	2122	507.3	303.5	ffffff	1	29	18	115	92	0	0
35474	2123	508.1	304.2	ffffff	1	29	18	115	92	0	0
35490	2124	508.9	304.7	ffffff	1	29	18	113	92	0	0
35506	2125	511.3	303.5	ffffff	1	29	18	115	92	0	0
35524	2126	513.6	302.3	ffffff	1	29	18	116	92	0	0
35540	2127	515.5	301.3	ffffff	1	29	18	119	92	0	0
35557	2128	517.3	300.3	ffffff	1	29	17	120	93	0	0
35574	2129	519	299.5	ffffff	1	29	17	122	93	0	0
35590	2130	516.1	300.6	ffffff	1	29	17	118	93	0	0
35607	2131	513.5	301.5	ffffff	1	29	17	114	93	0	0
35623	2132	511.1	302.3	ffffff	1	29	17	111	93	0	0
35640	2133	509	303.1	ffffff	1	29	17	108	93	0	0
35656	2134	509.6	303.8	ffffff	1	29	17	107	93	0	0
35673	2135	510.2	304.4	ffffff	1	29	17	106	93	0	0
35690	2136	510.8	305	ffffff	1	29	17	105	93	0	0
35706	2137	511.2	305.5	ffffff	1	29	17	105	93	0	0
35725	2138	511.7	305.9	ffffff	1	29	17	104	93	0	0
35740	2139	512	306.3	ffffff	1	28	18	130	93	0	0
35757	2140	512.4	306.7	ffffff	1	28	18	129	93	0	0
35773	2141	512.7	307	ffffff	1	28	18	129	93	0	0
35790	2142	513	307.3	ffffff	1	29	18	128	93	0	0
35807	2143	513.2	307.6	ffffff	1	29	18	127	93	0	0
35823	2144	513.5	307.8	ffffff	1	29	18	127	93	0	0
35841	2145	513.7	308.1	ffffff	1	29	18	126	93	0	0
35857	2146	513.8	308.2	ffffff	1	29	18	126	93	0	0
35873	2147	514	308.4	ffffff	1	29	18	124	93	0	0
35890	2148	514.2	308.6	ffffff	1	29	18	124	93	0	0
35907	2149	514.3	308.7	ffffff	1	29	18	124	93	0	0
35923	2150	514.4	308.9	ffffff	1	29	18	122	93	0	0
35940	2151	514.5	309	ffffff	1	29	18	122	93	0	0
35956	2152	514.6	309.1	ffffff	1	29	18	121	93	0	0
35973	2153	514.7	309.2	ffffff	1	29	17	121	93	0	0
35990	2154	514.8	309.2	ffffff	1	29	17	120	93	0	0
36007	2155	514.9	309.3	ffffff	1	29	17	119	93	0	0
36024	2156	517.5	309.4	ffffff	1	29	17	121	93	0	0
36040	2157	519.8	309.5	ffffff	1	29	17	122	93	0	0
36057	2158	521.9	309.5	ffffff	1	29	17	123	93	0	0
36073	2159	523.8	309.6	ffffff	1	29	17	123	93	0	0
36090	2160	525.6	309.6	ffffff	1	29	17	125	93	0	0
36107	2161	522.8	311.4	ffffff	1	28	18	131	93	0	0
36123	2162	520.2	313.1	ffffff	1	28	18	133	93	0	0
36140	2163	518	314.6	ffffff	1	28	18	129	93	0	0
36157	2164	515.9	315.9	ffffff	1	28	18	126	93	0	0
36173	2165	514.1	317.1	ffffff	1	28	18	122	93	0	0
36190	2166	512.4	318.2	ffffff	1	28	18	119	93	0	0
36207	2167	510.9	319.2	ffffff	1	28	18	116	93	0	0
36223	2168	511.4	320.1	ffffff	1	29	18	113	93	0	0
36240	2169	511.8	320.9	ffffff	1	29	18	111	93	0	0
36257	2170	512.2	321.6	ffffff	1	29	18	108	92	0	0
36274	2171	512.5	320.4	ffffff	1	29	17	108	92	0	0
36290	2172	512.8	319.4	ffffff	1	29	17	107	92	0	0
36307	2173	513.1	318.4	ffffff	1	29	17	107	92	0	0
36323	2174	513.3	317.6	ffffff	1	29	17	105	92	0	0
36340	2175	513.5	316.8	ffffff	1	29	17	105	92	0	0
36357	2176	513.7	318	ffffff	1	29	17	103	92	0	0
36373	2177	513.9	319	ffffff	1	29	17	101	92	0	0
36391	2178	514.1	319.9	ffffff	1	29	17	98	92	0	0
36407	2179	514.2	320.7	ffffff	1	29	17	97	92	0	0
36424	2180	514.3	321.4	ffffff	1	29	17	94	92	0	0
36440	2181	514.5	320.3	ffffff	1	28	18	128	92	0	0
36457	2182	514.6	319.3	ffffff	1	28	18	128	92	0	0
36473	2183	514.7	318.3	ffffff	1	28	18	127	92	0	0
36490	2184	514.7	317.5	ffffff	1	28	18	126	92	0	0
36506	2185	514.8	316.8	ffffff	1	28	18	126	92	0	0
36523	2186	514.9	316.1	ffffff	1	28	18	125	92	0	0
36540	2187	514.9	315.5	ffffff	1	28	18	124	92	0	0
36557	2188	515	314.9	ffffff	1	29	18	124	92	0	0
36573	2189	515	314.4	ffffff	1	29	18	123	92	0	0
36590	2190	515.1	314	ffffff	1	29	18	122	92	0	0
36607	2191	515.1	313.6	ffffff	1	29	18	122	92	0	0
36623	2192	515.2	313.2	ffffff	1	29	18	121	92	0	0
36641	2193	515.2	312.9	ffffff	1	29	17	120	92	0	0
36657	2194	515.2	312.6	ffffff	1	29	17	120	92	0	0
36673	2195	515.3	312.4	ffffff	1	29	17	119	92	0	0
36690	2196	517.8	312.1	ffffff	1	29	17	122	92	0	0
36707	2197	520.1	311.9	ffffff	1	29	17	124	92	0	0
36723	2198	522.2	311.7	ffffff	1	29	17	124	92	0	0
36741	2199	524.1	311.5	ffffff	1	29	17	121	92	0	0
36757	2200	525.8	311.4	ffffff	1	29	17	118	92	0	0
36773	2201	527.3	311.3	ffffff	1	29	17	115	92	0	0
36790	2202	528.7	311.1	ffffff	1	29	17	112	92	0	0
36806	2203	529.9	311	ffffff	1	29	17	110	92	0	0
36824	2204	531	310.9	ffffff	1	28	18	107	92	0	0
36841	2205	532.1	310.8	ffffff	1	28	18	104	92	0	0
36858	2206	528.6	312.5	ffffff	1	28	18	106	92	0	0
36874	2207	525.5	314.1	ffffff	1	28	18	109	92	0	0
36891	2208	522.6	315.5	ffffff	1	29	18	110	92	0	0
36908	2209	520.1	316.8	ffffff	1	29	18	112	92	0	0
36924	2210	517.9	317.8	ffffff	1	29	18	115	92	0	0
36941	2211	515.9	318.9	ffffff	1	29	18	117	92	0	0
36957	2212	514	319.8	ffffff	1	29	18	119	92	0	0
36975	2213	512.4	320.6	ffffff	1	29	17	121	92	0	0
36991	2214	510.9	321.4	ffffff	1	29	17	123	92	0	0
37007	2215	509.5	322	ffffff	1	29	17	126	92	0	0
37024	2216	508.3	322.6	ffffff	1	29	17	128	92	0	0
37041	2217	507.2	323.2	ffffff	1	29	17	130	92	0	0
37059	2218	506.2	323.7	ffffff	1	29	17	132	92	0	0
37074	2219	505.4	324.1	ffffff	1	29	17	134	92	0	0
37092	2220	504.6	324.5	ffffff	1	29	17	136	92	0	0
37107	2221	503.9	324.8	ffffff	1	29	17	139	92	0	0
37124	2222	503.2	325.2	ffffff	1	29	17	141	91	0	0
37141	2223	502.7	325.4	ffffff	1	29	17	143	91	0	0
37157	2224	502.2	325.7	ffffff	1	29	17	144	91	0	0
37174	2225	501.7	325.9	ffffff	1	28	18	142	91	0	0
37191	2226	501.3	326.1	ffffff	1	28	18	138	91	0	0
37206	2227	500.9	326.3	ffffff	1	28	18	136	91	0	0
37225	2228	500.5	326.5	ffffff	1	28	18	132	91	0	0
37240	2229	500.2	326.7	ffffff	1	28	18	130	91	0	0
37257	2230	500	326.8	ffffff	1	28	18	126	91	0	0
37275	2231	499.7	326.9	ffffff	1	28	18	124	91	0	0
37292	2232	499.5	327	ffffff	1	28	18	120	90	0	0
37308	2233	499.3	327.1	ffffff	1	28	18	118	90	0	0
37324	2234	499.1	327.2	ffffff	1	28	17	115	90	0	0
37341	2235	498.9	327.3	ffffff	1	29	17	112	90	0	0
37358	2236	498.8	327.4	ffffff	1	29	17	109	90	0	0
37374	2237	498.7	323.9	ffffff	1	29	17	110	90	0	0
37391	2238	498.5	320.7	ffffff	1	29	17	111	90	0	0
37408	2239	498.4	317.7	ffffff	1	29	17	113	90	0	0
37425	2240	498.3	315.2	ffffff	1	29	17	115	90	0	0
37440	2241	498.2	312.9	ffffff	1	29	17	116	90	0	0
37457	2242	498.2	310.8	ffffff	1	29	17	117	90	0	0
37475	2243	498.1	308.9	ffffff	1	29	17	119	89	0	0
37491	2244	498	307.2	ffffff	1	29	17	120	89	0	0
37507	2245	498	305.7	ffffff	1	28	18	163	89	0	0
37524	2246	497.9	304.3	ffffff	1	28	18	165	89	0	0
37542	2247	497.9	303.1	ffffff	1	28	18	166	89	0	0
37559	2248	497.8	302	ffffff	1	28	18	168	89	0	0
37574	2249	497.8	301	ffffff	1	28	18	169	89	0	0
37592	2250	497.8	300.1	ffffff	1	28	18	170	89	0	0
37607	2251	497.7	299.3	ffffff	1	28	18	167	89	0	0
37624	2252	497.7	298.5	ffffff	1	28	18	163	89	0	0
37641	2253	497.7	297.9	ffffff	1	28	18	160	89	0	0
37657	2254	497.7	297.3	ffffff	1	28	18	157	89	0	0
37675	2255	497.6	296.7	ffffff	1	29	18	154	89	0	0
37690	2256	497.6	296.3	ffffff	1	29	18	151	89	0	0
37708	2257	501.3	299.6	ffffff	1	29	17	153	89	0	0
37726	2258	504.6	302.4	ffffff	1	29	17	154	89	0	0
37741	2259	507.4	304.9	ffffff	1	29	17	156	89	0	0
37758	2260	510	307.2	ffffff	1	29	17	158	89	0	0
37773	2261	512.3	309.2	ffffff	1	29	17	159	89	0	0
37790	2262	515.2	309.3	ffffff	1	29	17	160	89	0	0
37808	2263	517.8	309.4	ffffff	1	29	17	160	89	0	0
37824	2264	520.1	309.4	ffffff	1	29	17	160	89	0	0
37842	2265	522.3	309.5	ffffff	1	29	17	156	89	0	0
37858	2266	524.1	309.6	ffffff	1	29	17	153	89	0	0
37874	2267	525.8	309.6	ffffff	1	29	17	149	89	0	0
37891	2268	527.3	309.6	ffffff	1	29	17	146	89	0	0
37909	2269	528.7	309.7	ffffff	1	29	17	142	89	0	0
37924	2270	529.9	309.7	ffffff	1	29	17	139	89	0	0
37941	2271	531	309.7	ffffff	1	28	18	135	89	0	0
37957	2272	531.3	308	ffffff	1	28	18	132	89	0	0
37974	2273	531.5	306.4	ffffff	1	28	18	130	89	0	0
37990	2274	531.7	305	ffffff	1	28	18	126	89	0	0
38007	2275	531.9	303.7	ffffff	1	28	18	124	90	0	0
38025	2276	532.1	302.5	ffffff	1	29	18	121	90	0	0
38042	2277	532.2	301.4	ffffff	1	29	17	117	90	0	0
38058	2278	532.3	300.5	ffffff	1	29	17	115	90	0	0
38074	2279	532.5	299.7	ffffff	1	29	17	112	90	0	0
38092	2280	532.6	298.9	ffffff	1	29	17	110	90	0	0
38108	2281	532.7	300	ffffff	1	29	17	106	90	0	0
38124	2282	533.5	301	ffffff	1	29	17	103	90	0	0
38141	2283	534.2	301.9	ffffff	1	29	17	100	90	0	0
38158	2284	534.9	302.7	ffffff	1	29	17	96	90	0	0
38174	2285	535.5	303.4	ffffff	1	29	17	93	90	0	0
38191	2286	536.1	304.1	ffffff	1	29	17	89	91	0	0
38207	2287	536.6	304.7	ffffff	1	29	17	86	91	0	0
38225	2288	537	305.2	ffffff	1	28	18	126	91	0	0
38241	2289	537.4	305.7	ffffff	1	28	18	122	91	0	0
38258	2290	537.8	306.1	ffffff	1	28	18	119	91	0	0
38274	2291	538.1	306.5	ffffff	1	28	18	116	91	0	0
38291	2292	538.4	306.8	ffffff	1	28	18	112	91	0	0
38308	2293	538.6	307.2	ffffff	1	28	18	108	91	0	0
38325	2294	538.9	307.5	ffffff	1	28	18	105	91	0	0
38341	2295	539.1	307.7	ffffff	1	28	18	102	91	0	0
38359	2296	539.3	308	ffffff	1	28	18	98	91	0	0
38374	2297	535.5	309.8	ffffff	1	28	18	100	92	0	0
38391	2298	531.7	311.6	ffffff	1	29	17	101	92	0	0
38409	2299	528.3	313.2	ffffff	1	29	17	103	92	0	0
38425	2300	525.1	314.8	ffffff	1	29	17	105	92	0	0
38441	2301	522.4	316.1	ffffff	1	29	17	106	92	0	0
38458	2302	524.2	315.5	ffffff	1	29	17	104	92	0	0
38474	2303	526	314.9	ffffff	1	29	17	100	92	0	0
38490	2304	527.4	314.4	ffffff	1	29	17	97	92	0	0
38507	2305	528.8	314	ffffff	1	29	17	93	92	0	0
38524	2306	530	313.6	ffffff	1	29	17	90	92	0	0
38541	2307	531.1	313.2	ffffff	1	29	17	86	92	0	0
38557	2308	532.1	312.9	ffffff	1	29	17	83	92	0	0
38574	2309	533	312.6	ffffff	1	28	18	139	92	0	0
38590	2310	533.8	312.4	ffffff	1	28	18	141	92	0	0
38607	2311	534.5	312.1	ffffff	1	28	18	140	92	0	0
38624	2312	534.4	313.7	ffffff	1	28	18	139	92	0	0
38640	2313	534.3	315.1	ffffff	1	28	18	137	92	0	0
38657	2314	534.3	316.4	ffffff	1	28	18	135	92	0	0
38673	2315	534.2	317.5	ffffff	1	28	18	134	92	0	0
38691	2316	534.1	318.6	ffffff	1	28	18	132	92	0	0
38707	2317	534.1	319.5	ffffff	1	28	18	130	92	0	0
38724	2318	534.8	318.6	ffffff	1	28	18	132	92	0	0
38740	2319	535.4	317.7	ffffff	1	29	18	132	92	0	0
38756	2320	535.9	317	ffffff	1	29	18	133	92	0	0
38773	2321	536.4	316.3	ffffff	1	29	18	134	92	0	0
38790	2322	536.9	315.6	ffffff	1	29	18	134	93	0	0
38807	2323	536.6	316.9	ffffff	1	29	18	133	93	0	0
38823	2324	536.3	318	ffffff	1	29	17	132	93	0	0
38840	2325	536	319	ffffff	1	29	17	131	93	0	0
38857	2326	535.7	319.9	ffffff	1	29	17	130	93	0	0
38874	2327	535.5	320.7	ffffff	1	29	17	128	93	0	0
38890	2328	535.3	317.8	ffffff	1	29	17	129	93	0	0
38907	2329	535.1	315.3	ffffff	1	29	17	127	93	0	0
38923	2330	535	312.9	ffffff	1	29	17	124	93	0	0
38940	2331	534.8	310.8	ffffff	1	29	17	122	93	0	0
38957	2332	534.7	308.9	ffffff	1	28	18	121	93	0	0
38973	2333	531	310.8	ffffff	1	28	18	121	93	0	0
38990	2334	527.6	312.6	ffffff	1	28	18	122	93	0	0
39007	2335	524.6	314.1	ffffff	1	28	18	123	93	0	0
39023	2336	521.9	315.5	ffffff	1	28	18	124	93	0	0
39040	2337	519.5	316.7	ffffff	1	28	18	124	93	0	0
39057	2338	520.9	314.2	ffffff	1	28	18	122	93	0	0
39074	2339	522.2	312	ffffff	1	28	18	121	93	0	0
39090	2340	521.5	311.8	ffffff	1	28	17	120	93	0	0
39107	2341	522.7	309.8	ffffff	1	28	17	118	93	0	0
39124	2342	523.8	308	ffffff	1	28	17	116	93	0	0
39140	2343	524.7	306.4	ffffff	1	29	17	114	93	0	0
39157	2344	525.6	305	ffffff	1	29	17	112	93	0	0
39173	2345	526.4	303.7	ffffff	1	29	17	111	93	0	0
39190	2346	527.1	302.5	ffffff	1	29	17	109	94	0	0
39207	2347	527.8	301.5	ffffff	1	29	17	107	94	0	0
39224	2348	529.1	302.3	ffffff	1	29	17	102	94	0	0
39240	2349	530.3	303.1	ffffff	1	29	17	100	94	0	0
39257	2350	531.4	303.8	ffffff	1	29	17	97	94	0	0
39274	2351	532.3	304.4	ffffff	1	29	17	94	94	0	0
39290	2352	533.2	305	ffffff	1	29	17	91	94	0	0
39307	2353	533.2	303.7	ffffff	1	29	17	88	94	0	0
39323	2354	533.3	302.5	ffffff	1	28	18	88	94	0	0
39340	2355	533.3	301.4	ffffff	1	28	18	87	94	0	0
39357	2356	533.3	300.5	ffffff	1	28	18	85	94	0	0
39373	2357	533.3	299.6	ffffff	1	28	18	85	94	0	0
39390	2358	531.5	300.7	ffffff	1	28	18	84	94	0	0
39407	2359	528.2	303.4	ffffff	1	28	18	83	95	0	0
39424	2360	525.1	305.8	ffffff	1	28	18	84	95	0	0
39440	2361	522.3	308.1	ffffff	1	28	17	83	95	0	0
39457	2362	519.8	310.1	ffffff	1	28	17	83	95	0	0
39473	2363	517.6	311.9	ffffff	1	29	17	84	95	0	0
39491	2364	519.2	309.9	ffffff	1	29	17	83	95	0	0
39507	2365	520.6	308.1	ffffff	1	29	17	81	95	0	0
39524	2366	521.9	306.5	ffffff	1	29	17	79	95	0	0
39540	2367	523.1	305	ffffff	1	29	17	78	95	0	0
39557	2368	524.1	303.7	ffffff	1	29	17	77	95	0	0
39573	2369	525.1	302.5	ffffff	1	29	17	76	95	0	0
39590	2370	525.9	301.5	ffffff	1	29	17	74	95	0	0
39607	2371	526.7	300.5	ffffff	1	29	17	71	95	0	0
39624	2372	527.4	299.7	ffffff	1	28	18	67	95	0	0
39640	2373	528	298.9	ffffff	1	28	18	63	95	0	0
39657	2374	524.9	301.8	ffffff	1	28	18	66	95	0	0
39674	2375	522.2	304.4	ffffff	1	28	18	68	95	0	0
39690	2376	519.7	306.8	ffffff	1	28	18	70	95	0	0
39707	2377	517.5	308.9	ffffff	1	28	18	72	95	0	0
39723	2378	515.5	310.8	ffffff	1	28	18	74	95	0	0
39740	2379	518	310.7	ffffff	1	28	18	72	95	0	0
39757	2380	520.3	310.7	ffffff	1	28	18	70	95	0	0
39773	2381	522.4	310.6	ffffff	1	28	18	68	95	0	0
39790	2382	524.3	310.5	ffffff	1	28	18	66	95	0	0
39806	2383	525.9	310.5	ffffff	1	28	18	65	95	0	0
39823	2384	523.1	312.2	ffffff	1	28	17	66	95	0	0
39840	2385	520.5	313.8	ffffff	1	28	17	68	95	0	0
39857	2386	518.2	315.2	ffffff	1	28	17	70	95	0	0
39873	2387	516.2	316.5	ffffff	1	28	17	72	95	0	0
39890	2388	514.3	317.7	ffffff	1	29	17	74	95	0	0
39907	2389	516.9	316.9	ffffff	1	29	17	73	95	0	0
39923	2390	519.3	316.2	ffffff	1	29	17	71	95	0	0
39940	2391	521.5	315.6	ffffff	1	29	17	69	95	0	0
39957	2392	523.4	315	ffffff	1	29	17	68	95	0	0
39973	2393	525.2	314.5	ffffff	1	28	18	68	95	0	0
39990	2394	526.8	314.1	ffffff	1	28	18	65	95	0	0
40007	2395	523.8	311.9	ffffff	1	28	18	67	95	0	0
40023	2396	521.2	309.9	ffffff	1	28	18	69	95	0	0
40040	2397	518.8	308.1	ffffff	1	28	18	72	95	0	0
40057	2398	516.7	306.5	ffffff	1	28	18	74	95	0	0
40073	2399	514.8	305	ffffff	1	28	18	76	96	0	0
40090	2400	516.7	303.7	ffffff	1	28	18	75	96	0	0
40107	2401	518.4	302.5	ffffff	1	28	18	75	96	0	0
40123	2402	519.9	301.5	ffffff	1	28	18	74	96	0	0
40140	2403	521.2	300.5	ffffff	1	28	18	74	96	0	0
40157	2404	522.5	299.7	ffffff	1	28	18	74	96	0	0
40173	2405	523.6	298.9	ffffff	1	28	18	74	96	0	0
40191	2406	522.8	300	ffffff	1	28	17	73	96	0	0
40207	2407	523.8	299.2	ffffff	1	28	17	73	96	0	0
40223	2408	524.8	298.5	ffffff	1	28	17	73	96	0	0
40240	2409	525.7	297.8	ffffff	1	29	17	73	96	0	0
40257	2410	524.7	296.5	ffffff	1	29	17	75	96	0	0
40274	2411	523.7	295.3	ffffff	1	29	17	77	96	0	0
40290	2412	522.9	294.2	ffffff	1	29	17	75	96	0	0
40307	2413	522.2	293.2	ffffff	1	29	17	72	96	0	0
40323	2414	521.5	292.4	ffffff	1	29	17	70	96	0	0
40340	2415	518.4	294.1	ffffff	1	28	18	83	96	0	0
40357	2416	515.5	295.7	ffffff	1	28	18	84	96	0	0
40373	2417	512.9	297.2	ffffff	1	28	18	84	97	0	0
40390	2418	510.7	298.4	ffffff	1	28	18	85	97	0	0
40407	2419	508.6	299.6	ffffff	1	28	18	87	97	0	0
40424	2420	509.3	300.7	ffffff	1	28	17	86	97	0	0
40442	2421	512.6	301.6	ffffff	1	28	17	84	97	0	0
40458	2422	515.4	302.4	ffffff	1	28	17	82	97	0	0
40475	2423	518.1	303.2	ffffff	1	28	17	79	97	0	0
40491	2424	520.2	303.9	ffffff	1	28	16	78	97	0	0
40508	2425	521.5	306.3	ffffff	1	28	16	75	97	0	0
40525	2426	522.8	308.5	ffffff	1	28	16	72	97	0	0
40541	2427	523.9	310.5	ffffff	1	28	16	68	97	0	0
40557	2428	524.8	312.2	ffffff	1	28	16	65	97	0	0
40575	2429	525.7	313.8	ffffff	1	28	16	61	97	0	0
40593	2430	522.9	311.7	ffffff	1	28	16	63	97	0	0
40607	2431	520.4	309.7	ffffff	1	28	16	65	97	0	0
40624	2432	518.1	308	ffffff	1	28	16	67	97	0	0
40641	2433	516.1	306.4	ffffff	1	28	16	69	97	0	0
40657	2434	514.2	305	ffffff	1	29	16	71	97	0	0
40676	2435	512.5	303.6	ffffff	1	29	16	74	97	0	0
40691	2436	511	302.5	ffffff	1	29	16	76	97	0	0
40708	2437	509.7	301.4	ffffff	1	28	17	77	97	0	0
40724	2438	508.5	300.5	ffffff	1	28	17	77	97	0	0
40742	2439	507.3	299.6	ffffff	1	28	17	77	97	0	0
40759	2440	510.1	302.6	ffffff	1	28	17	76	97	0	0
40774	2441	512.3	305	ffffff	1	28	17	75	97	0	0
40790	2442	514.4	307.3	ffffff	1	28	17	73	97	0	0
40808	2443	516.3	309.4	ffffff	1	28	17	72	97	0	0
40824	2444	518.1	311.3	ffffff	1	28	17	71	97	0	0
40842	2445	515.9	313	ffffff	1	28	16	73	97	0	0
40858	2446	514.2	314.4	ffffff	1	28	16	75	97	0	0
40875	2447	512.5	315.8	ffffff	1	28	16	77	97	0	0
40892	2448	511	317	ffffff	1	28	16	79	97	0	0
40908	2449	509.6	318.1	ffffff	1	28	16	82	97	0	0
40924	2450	507.8	317.4	ffffff	1	28	16	83	97	0	0
40941	2451	511.1	316.6	ffffff	1	28	16	80	97	0	0
40958	2452	514.2	315.9	ffffff	1	28	16	77	97	0	0
40974	2453	516.8	315.4	ffffff	1	28	16	75	97	0	0
40991	2454	519.3	314.8	ffffff	1	29	16	72	97	0	0
41008	2455	521.4	314.3	ffffff	1	29	16	69	97	0	0
41024	2456	519.1	315.7	ffffff	1	29	16	71	97	0	0
41041	2457	516.9	316.9	ffffff	1	29	16	73	97	0	0
41057	2458	515	318	ffffff	1	29	16	75	97	0	0
41074	2459	513.2	319	ffffff	1	28	17	120	97	0	0
41091	2460	511.6	319.9	ffffff	1	28	17	121	97	0	0
41108	2461	513.9	317.1	ffffff	1	28	17	119	97	0	0
41124	2462	515.8	314.6	ffffff	1	28	17	116	96	0	0
41140	2463	517.6	312.4	ffffff	1	28	17	113	96	0	0
41158	2464	519.2	310.3	ffffff	1	28	17	110	97	0	0
41174	2465	520.6	308.5	ffffff	1	28	17	107	97	0	0
41190	2466	522.6	308.6	ffffff	1	28	17	104	97	0	0
41208	2467	521.8	308.8	ffffff	1	28	16	103	97	0	0
41224	2468	523.7	308.9	ffffff	1	28	16	100	97	0	0
41240	2469	525.4	309	ffffff	1	28	16	97	97	0	0
41257	2470	527	309.1	ffffff	1	28	16	93	97	0	0
41274	2471	527.6	307.4	ffffff	1	28	16	90	97	0	0
41291	2472	528.2	305.9	ffffff	1	28	16	88	97	0	0
41308	2473	528.8	304.5	ffffff	1	28	16	85	97	0	0
41324	2474	529.2	303.2	ffffff	1	28	16	83	97	0	0
41341	2475	529.7	302.1	ffffff	1	29	16	80	97	0	0
41357	2476	530	301.1	ffffff	1	29	16	77	97	0	0
41374	2477	530.4	300.2	ffffff	1	29	16	75	97	0	0
41391	2478	530.7	299.3	ffffff	1	29	16	72	97	0	0
41408	2479	531	298.6	ffffff	1	29	16	70	97	0	0
41424	2480	531.2	298	ffffff	1	29	16	69	97	0	0
41442	2481	527	299.2	ffffff	1	29	16	71	98	0	0
41459	2482	523.4	300.2	ffffff	1	29	16	72	98	0	0
41475	2483	520	301.2	ffffff	1	28	17	84	98	0	0
41491	2484	517	302.1	ffffff	1	28	17	83	98	0	0
41507	2485	514.3	302.9	ffffff	1	28	17	82	98	0	0
41524	2486	511.9	303.6	ffffff	1	28	17	81	98	0	0
41540	2487	514.1	306	ffffff	1	28	17	82	98	0	0
41558	2488	516.1	308.3	ffffff	1	28	17	85	98	0	0
41574	2489	517.8	310.2	ffffff	1	28	16	86	98	0	0
41592	2490	519.4	312.1	ffffff	1	28	16	87	98	0	0
41607	2491	520.8	313.6	ffffff	1	28	16	86	98	0	0
41624	2492	522.1	311.4	ffffff	1	28	16	83	98	0	0
41641	2493	523.2	309.4	ffffff	1	28	16	79	98	0	0
41658	2494	524.3	307.7	ffffff	1	28	16	76	98	0	0
41674	2495	525.2	306.1	ffffff	1	28	16	73	98	0	0
41692	2496	526	304.6	ffffff	1	28	16	69	98	0	0
41707	2497	523.3	306.9	ffffff	1	28	16	71	98	0	0
41723	2498	520.8	309	ffffff	1	28	16	73	98	0	0
41740	2499	518.5	310.8	ffffff	1	28	16	75	98	0	0
41757	2500	516.3	312.6	ffffff	1	28	16	77	98	0	0
41774	2501	514.4	314.1	ffffff	1	29	16	80	98	0	0
41792	2502	517.2	313.7	ffffff	1	29	16	76	98	0	0
41807	2503	519.5	313.4	ffffff	1	29	16	74	98	0	0
41824	2504	521.6	313	ffffff	1	28	17	83	98	0	0
41842	2505	523.6	312.7	ffffff	1	28	17	82	98	0	0
41857	2506	525.3	312.4	ffffff	1	28	17	83	98	0	0
41875	2507	526.1	310.3	ffffff	1	28	17	81	98	0	0
41891	2508	526.9	308.5	ffffff	1	28	17	80	98	0	0
41907	2509	527.5	306.9	ffffff	1	28	17	78	98	0	0
41925	2510	528.1	305.4	ffffff	1	28	17	76	98	0	0
41941	2511	526.9	305.8	ffffff	1	28	16	75	98	0	0
41957	2512	527.5	304.5	ffffff	1	28	16	74	98	0	0
41973	2513	528.1	303.2	ffffff	1	28	16	72	98	0	0
41991	2514	528.7	302.1	ffffff	1	28	16	71	98	0	0
42008	2515	529.2	301.1	ffffff	1	28	16	70	99	0	0
42024	2516	529.6	300.2	ffffff	1	28	16	69	99	0	0
42041	2517	530	303	ffffff	1	28	16	71	99	0	0
42057	2518	530.4	305.4	ffffff	1	28	16	73	99	0	0
42074	2519	530.7	307.7	ffffff	1	28	16	76	99	0	0
42090	2520	531	309.7	ffffff	1	28	16	78	99	0	0
42108	2521	531.2	311.5	ffffff	1	29	16	80	99	0	0
42123	2522	531.4	309.6	ffffff	1	29	16	79	99	0	0
42140	2523	531.7	307.8	ffffff	1	29	16	78	99	0	0
42157	2524	531.8	306.2	ffffff	1	29	16	77	99	0	0
42174	2525	532	304.8	ffffff	1	29	16	77	99	0	0
42191	2526	532.2	303.5	ffffff	1	28	17	118	99	0	0
42207	2527	532.3	302.4	ffffff	1	28	17	119	99	0	0
42224	2528	532.4	301.3	ffffff	1	28	17	120	99	0	0
42241	2529	532.5	300.4	ffffff	1	28	17	121	100	0	0
42257	2530	532.6	299.5	ffffff	1	28	17	123	100	0	0
42275	2531	532.7	298.8	ffffff	1	28	17	125	100	0	0
42291	2532	532.8	298.1	ffffff	1	28	17	126	100	0	0
42308	2533	529.3	301.1	ffffff	1	28	17	124	100	0	0
42324	2534	526.1	303.8	ffffff	1	28	17	121	100	0	0
42342	2535	523.2	306.2	ffffff	1	28	17	117	100	0	0
42357	2536	520.7	308.3	ffffff	1	28	17	115	100	0	0
42374	2537	518.3	310.4	ffffff	1	28	16	112	100	0	0
42391	2538	518.1	307.8	ffffff	1	28	16	114	100	0	0
42408	2539	517.8	305.4	ffffff	1	28	16	117	100	0	0
42424	2540	517.6	303.3	ffffff	1	28	16	119	100	0	0
42440	2541	517.4	301.5	ffffff	1	28	16	121	100	0	0
42457	2542	517.2	299.8	ffffff	1	29	16	120	100	0	0
42474	2543	517	303.4	ffffff	1	29	16	119	100	0	0
42490	2544	516.9	306.6	ffffff	1	29	16	116	100	0	0
42508	2545	516.7	309.6	ffffff	1	29	16	113	100	0	0
42524	2546	516.6	312.1	ffffff	1	29	16	109	100	0	0
42541	2547	516.5	314.5	ffffff	1	29	16	105	100	0	0
42557	2548	516.4	311.5	ffffff	1	29	16	108	100	0	0
42574	2549	516.3	308.8	ffffff	1	29	16	109	100	0	0
42591	2550	516.2	306.3	ffffff	1	28	17	120	100	0	0
42607	2551	516.1	304.2	ffffff	1	28	17	117	100	0	0
42624	2552	516.1	302.2	ffffff	1	28	17	114	100	0	0
42640	2553	516	305.5	ffffff	1	28	17	117	100	0	0
42657	2554	516	308.5	ffffff	1	28	17	119	100	0	0
42676	2555	515.9	311.2	ffffff	1	28	17	120	100	0	0
42690	2556	515.9	313.6	ffffff	1	28	17	122	100	0	0
42708	2557	515.8	313.2	ffffff	1	28	16	122	100	0	0
42724	2558	513.2	312.9	ffffff	1	28	16	120	100	0	0
42741	2559	510.9	312.6	ffffff	1	28	16	119	100	0	0
42758	2560	508.8	312.4	ffffff	1	28	16	119	100	0	0
42774	2561	507	312.1	ffffff	1	28	16	117	100	0	0
42791	2562	505.3	311.9	ffffff	1	28	16	116	100	0	0
42809	2563	504.4	309.8	ffffff	1	28	16	113	100	0	0
42823	2564	503.8	308.2	ffffff	1	29	16	110	100	0	0
42840	2565	503.2	306.6	ffffff	1	29	16	108	100	0	0
42857	2566	502.6	305.1	ffffff	1	29	16	105	100	0	0
42873	2567	502.1	303.8	ffffff	1	29	16	103	100	0	0
42890	2568	500.9	304.4	ffffff	1	29	16	101	100	0	0
42907	2569	499.8	305	ffffff	1	29	16	101	100	0	0
42923	2570	498.8	305.5	ffffff	1	29	16	101	100	0	0
42941	2571	497.9	305.9	ffffff	1	29	16	100	100	0	0
42957	2572	497.1	306.3	ffffff	1	28	17	128	100	0	0
42973	2573	497.2	304.9	ffffff	1	28	17	125	100	0	0
42991	2574	497.2	303.6	ffffff	1	28	17	122	100	0	0
43007	2575	497.2	302.4	ffffff	1	28	17	119	100	0	0
43024	2576	497.2	301.4	ffffff	1	28	17	115	99	0	0
43041	2577	497.3	300.4	ffffff	1	28	17	113	99	0	0
43057	2578	496.5	301.4	ffffff	1	28	17	111	99	0	0
43074	2579	496.6	304.1	ffffff	1	28	16	112	99	0	0
43090	2580	496.7	306.5	ffffff	1	28	16	113	99	0	0
43107	2581	496.8	308.6	ffffff	1	28	16	114	99	0	0
43123	2582	496.9	310.6	ffffff	1	28	16	115	99	0	0
43140	2583	496.9	312.3	ffffff	1	28	16	114	99	0	0
43157	2584	500.6	310.3	ffffff	1	28	16	113	99	0	0
43173	2585	503.9	308.5	ffffff	1	28	16	112	99	0	0
43190	2586	506.8	306.8	ffffff	1	28	16	110	99	0	0
43207	2587	509.5	305.3	ffffff	1	29	16	107	99	0	0
43223	2588	511.9	304	ffffff	1	29	16	105	99	0	0
43240	2589	514.1	302.8	ffffff	1	29	16	103	99	0	0
43257	2590	516	301.7	ffffff	1	29	16	100	99	0	0
43273	2591	517.8	300.7	ffffff	1	29	16	98	99	0	0
43290	2592	519.3	299.9	ffffff	1	29	16	97	99	0	0
43307	2593	520.8	299.1	ffffff	1	29	16	95	99	0	0
43323	2594	522	298.4	ffffff	1	28	17	127	99	0	0
43341	2595	523.2	297.7	ffffff	1	28	17	128	99	0	0
43357	2596	524.2	297.1	ffffff	1	28	17	131	99	0	0
43373	2597	525.2	296.6	ffffff	1	28	17	132	99	0	0
43390	2598	526	296.2	ffffff	1	28	17	133	99	0	0
43406	2599	524.9	295	ffffff	1	28	17	133	100	0	0
43424	2600	524	293.9	ffffff	1	28	17	132	100	0	0
43440	2601	523.1	293	ffffff	1	28	17	132	100	0	0
43457	2602	522.4	292.2	ffffff	1	28	16	132	100	0	0
43474	2603	521.7	291.4	ffffff	1	28	16	131	100	0	0
43490	2604	521.1	290.7	ffffff	1	28	16	131	100	0	0
43507	2605	520.5	290.1	ffffff	1	28	16	131	100	0	0
43524	2606	520	289.5	ffffff	1	28	16	132	100	0	0
43540	2607	519.6	289	ffffff	1	28	16	132	100	0	0
43557	2608	519.2	288.6	ffffff	1	29	16	132	100	0	0
43574	2609	520.6	288.9	ffffff	1	29	16	134	100	0	0
43590	2610	521.9	289.2	ffffff	1	29	16	131	100	0	0
43607	2611	523.1	289.5	ffffff	1	29	16	129	101	0	0
43623	2612	524.1	289.7	ffffff	1	29	16	126	101	0	0
43640	2613	525	290	ffffff	1	29	16	123	101	0	0
43657	2614	521.6	292	ffffff	1	29	16	125	101	0	0
43674	2615	518.4	293.8	ffffff	1	29	16	127	101	0	0
43690	2616	515.5	295.4	ffffff	1	29	16	129	101	0	0
43707	2617	513	296.8	ffffff	1	28	17	132	101	0	0
43724	2618	510.7	298.2	ffffff	1	28	17	134	101	0	0
43740	2619	508.6	299.4	ffffff	1	28	17	136	101	0	0
43757	2620	506.8	300.4	ffffff	1	28	17	138	101	0	0
43774	2621	510.2	301.4	ffffff	1	28	17	134	101	0	0
43790	2622	513.3	302.2	ffffff	1	28	17	131	101	0	0
43806	2623	516	303	ffffff	1	28	17	127	101	0	0
43824	2624	518.5	303.7	ffffff	1	28	17	124	101	0	0
43841	2625	520.8	304.3	ffffff	1	28	17	121	101	0	0
43859	2626	520.2	305	ffffff	1	28	16	120	101	0	0
43876	2627	517.6	305.4	ffffff	1	28	16	122	101	0	0
43890	2628	514.8	305.9	ffffff	1	28	16	124	101	0	0
43906	2629	512.4	306.3	ffffff	1	28	16	126	101	0	0
43923	2630	510.1	306.7	ffffff	1	28	16	128	101	0	0
43940	2631	508.8	305.2	ffffff	1	28	16	129	101	0	0
43957	2632	507.7	303.9	ffffff	1	29	16	130	101	0	0
43974	2633	506.7	302.7	ffffff	1	29	16	132	101	0	0
43990	2634	505.8	301.6	ffffff	1	29	16	133	101	0	0
44007	2635	504.9	300.6	ffffff	1	29	16	135	101	0	0
44023	2636	503.4	301.6	ffffff	1	29	16	137	101	0	0
44040	2637	502.1	302.4	ffffff	1	29	16	139	101	0	0
44057	2638	500.9	303.2	ffffff	1	29	16	136	101	0	0
44073	2639	499.8	303.9	ffffff	1	29	16	133	101	0	0
44090	2640	501.4	304.5	ffffff	1	28	17	132	101	0	0
44107	2641	500.2	305	ffffff	1	28	17	128	101	0	0
44123	2642	499.2	305.5	ffffff	1	28	17	126	101	0	0
44140	2643	498.3	306	ffffff	1	28	17	122	101	0	0
44157	2644	497.5	306.4	ffffff	1	28	17	119	101	0	0
44173	2645	496.7	306.7	ffffff	1	28	17	115	101	0	0
44190	2646	500.4	308.9	ffffff	1	28	17	117	101	0	0
44207	2647	501.9	309	ffffff	1	28	16	116	101	0	0
44224	2648	505.1	310.9	ffffff	1	28	16	118	101	0	0
44240	2649	507.9	312.6	ffffff	1	28	16	120	101	0	0
44257	2650	510.5	314.2	ffffff	1	28	16	122	100	0	0
44273	2651	513.5	313.7	ffffff	1	28	16	124	100	0	0
44291	2652	516.3	313.4	ffffff	1	29	16	126	100	0	0
44307	2653	518.7	313	ffffff	1	29	16	127	100	0	0
44323	2654	521	312.7	ffffff	1	29	16	130	100	0	0
44340	2655	523	312.5	ffffff	1	29	16	133	100	0	0
44357	2656	524.8	312.2	ffffff	1	29	16	134	101	0	0
44373	2657	526.4	312	ffffff	1	29	16	137	101	0	0
44390	2658	527.9	311.8	ffffff	1	29	16	138	101	0	0
44407	2659	529.2	311.6	ffffff	1	29	16	139	101	0	0
44424	2660	530.4	311.5	ffffff	1	29	16	135	101	0	0
44440	2661	527.1	313.1	ffffff	1	29	16	138	101	0	0
44457	2662	524.1	314.6	ffffff	1	29	16	138	101	0	0
44473	2663	521.5	315.9	ffffff	1	29	16	136	101	0	0
44490	2664	519	317.2	ffffff	1	28	17	143	101	0	0
44507	2665	516.9	318.2	ffffff	1	28	17	146	101	0	0
44524	2666	514.9	319.2	ffffff	1	28	17	147	101	0	0
44540	2667	513.2	320.1	ffffff	1	28	17	150	101	0	0
44557	2668	511.6	320.9	ffffff	1	28	17	152	101	0	0
44573	2669	510.2	321.6	ffffff	1	28	16	154	101	0	0
44591	2670	508.9	322.2	ffffff	1	28	16	155	100	0	0
44607	2671	507.8	322.8	ffffff	1	28	16	156	100	0	0
44625	2672	511.4	321.4	ffffff	1	28	16	153	100	0	0
44641	2673	514.2	320.3	ffffff	1	29	16	151	100	0	0
44657	2674	516.8	319.3	ffffff	1	29	16	147	100	0	0
44674	2675	519.3	318.4	ffffff	1	29	16	145	100	0	0
44690	2676	521.4	317.6	ffffff	1	29	16	141	100	0	0
44708	2677	523.4	316.8	ffffff	1	29	16	138	100	0	0
44723	2678	525.1	316.1	ffffff	1	29	16	135	100	0	0
44740	2679	526.7	315.5	ffffff	1	29	16	132	100	0	0
44757	2680	528.1	315	ffffff	1	29	16	129	100	0	0
44773	2681	529.4	314.5	ffffff	1	29	16	126	100	0	0
44790	2682	530.6	314	ffffff	1	29	16	122	100	0	0
44806	2683	531.6	313.6	ffffff	1	29	16	119	100	0	0
44823	2684	532.6	313.3	ffffff	1	29	16	116	101	0	0
44840	2685	533.4	312.9	ffffff	1	29	16	112	101	0	0
44857	2686	534.2	312.6	ffffff	1	28	17	116	101	0	0
44873	2687	534.8	312.4	ffffff	1	28	17	114	101	0	0
44890	2688	535.5	312.1	ffffff	1	28	17	111	101	0	0
44906	2689	536	311.9	ffffff	1	28	17	109	101	0	0
44924	2690	536.5	311.7	ffffff	1	28	17	108	101	0	0
44940	2691	537	311.6	ffffff	1	28	17	105	101	0	0
44956	2692	537.4	311.4	ffffff	1	29	17	103	101	0	0
44974	2693	535.2	311.3	ffffff	1	29	16	102	101	0	0
44990	2694	535.7	311.1	ffffff	1	29	16	100	101	0	0
45007	2695	536.3	311	ffffff	1	29	16	98	101	0	0
45023	2696	536.7	310.9	ffffff	1	29	16	96	101	0	0
45040	2697	536.4	309	ffffff	1	29	16	96	101	0	0
45057	2698	536.1	307.3	ffffff	1	29	16	96	101	0	0
45074	2699	535.9	305.8	ffffff	1	29	16	97	102	0	0
45092	2700	535.6	304.4	ffffff	1	29	16	97	102	0	0
45107	2701	535.4	303.2	ffffff	1	29	16	98	102	0	0
45123	2702	535.2	302	ffffff	1	29	16	99	102	0	0
45140	2703	535.1	301	ffffff	1	29	16	100	102	0	0
45157	2704	534.9	300.1	ffffff	1	28	17	152	102	0	0
45174	2705	534.8	299.3	ffffff	1	28	17	154	102	0	0
45190	2706	534.7	298.6	ffffff	1	28	17	155	102	0	0
45207	2707	535.3	299.7	ffffff	1	28	17	155	102	0	0
45223	2708	535.9	300.8	ffffff	1	28	17	155	102	0	0
45241	2709	536.4	301.7	ffffff	1	28	15	155	103	0	0
45257	2710	536.8	302.5	ffffff	1	28	15	155	103	0	0
45274	2711	537.3	303.3	ffffff	1	29	15	155	103	0	0
45290	2712	537.6	303.9	ffffff	1	29	15	155	103	0	0
45308	2713	538	304.5	ffffff	1	29	15	154	103	0	0
45323	2714	538.3	305.1	ffffff	1	29	15	155	103	0	0
45340	2715	538.5	305.6	ffffff	1	29	15	155	103	0	0
45357	2716	538.8	306	ffffff	1	29	15	155	103	0	0
45374	2717	536.5	306.4	ffffff	1	29	14	154	103	0	0
45390	2718	536.2	305	ffffff	1	29	14	156	103	0	0
45407	2719	535.9	303.7	ffffff	1	29	14	157	103	0	0
45424	2720	535.7	302.5	ffffff	1	29	14	160	104	0	0
45440	2721	535.5	301.5	ffffff	1	29	14	162	104	0	0
45458	2722	536	302.3	ffffff	1	29	14	162	104	0	0
45473	2723	536.5	303.1	ffffff	1	29	14	162	104	0	0
45490	2724	537	303.8	ffffff	1	29	14	162	104	0	0
45507	2725	537.4	304.4	ffffff	1	29	14	162	104	0	0
45523	2726	537.7	305	ffffff	1	29	14	161	104	0	0
45540	2727	533.7	307.3	ffffff	1	29	14	160	104	0	0
45557	2728	530.1	309.3	ffffff	1	29	14	156	104	0	0
45574	2729	526.8	311.2	ffffff	1	29	14	154		0	0
45591	2730	526.8	311.2	ffffff	1	29	14	154		0	0
45606	2731	526.8	311.2	ffffff	1	29	14	154		0	0
45623	2732	526.8	311.2	ffffff	1	29	14	154		0	0
45640	2733	526.8	311.2	ffffff	1	29	14	154		0	0
45656	2734	526.8	311.2	ffffff	1	29	14	154		0	0
45673	2735	526.8	311.2	ffffff	1	29	14	154		0	0
45690	2736	526.8	311.2	ffffff	1	29	14	154		0	0
45706	2737	526.8	311.2	ffffff	1	29	14	154		0	0
45723	2738	526.8	311.2	ffffff	1	29	14	154		0	0
45740	2739	526.8	311.2	ffffff	1	29	14	154		0	0
45756	2740	526.8	311.2	ffffff	1	29	14	154		0	0
45773	2741	526.8	311.2	ffffff	1	29	14	154		0	0
45790	2742	526.8	311.2	ffffff	1	29	14	154		0	0
45806	2743	526.8	311.2	ffffff	1	29	14	154		0	0
45823	2744	526.8	311.2	ffffff	1	29	14	154		0	0
45840	2745	526.8	311.2	ffffff	1	29	14	154		0	0
45856	2746	526.8	311.2	ffffff	1	29	14	154		0	0
45873	2747	526.8	311.2	ffffff	1	29	14	154		0	0
45890	2748	526.8	311.2	ffffff	1	29	14	154		0	0
45906	2749	526.8	311.2	ffffff	1	29	14	154		0	0
45923	2750	526.8	311.2	ffffff	1	29	14	154		0	0
45940	2751	526.8	311.2	ffffff	1	29	14	154		0	0
45956	2752	526.8	311.2	ffffff	1	29	14	154		0	0
45973	2753	526.8	311.2	ffffff	1	29	14	154		0	0
45990	2754	526.8	311.2	ffffff	1	29	14	154		0	0
46006	2755	526.8	311.2	ffffff	1	29	14	154		0	0
46023	2756	526.8	311.2	ffffff	1	29	14	154		0	0
46040	2757	526.8	311.2	ffffff	1	29	14	154		0	0
46057	2758	526.8	311.2	ffffff	1	29	14	154		0	0
46073	2759	526.8	311.2	ffffff	1	29	14	154		0	0
46090	2760	526.8	311.2	ffffff	1	29	14	154		0	0
46107	2761	526.8	311.2	ffffff	1	29	14	154		0	0
46123	2762	526.8	311.2	ffffff	1	29	14	154		0	0
46140	2763	526.8	311.2	ffffff	1	29	14	154		0	0
46156	2764	526.8	311.2	ffffff	1	29	14	154		0	0
46173	2765	526.8	311.2	ffffff	1	29	14	154		0	0
46190	2766	526.8	311.2	ffffff	1	29	14	154		0	0
46206	2767	526.8	311.2	ffffff	1	29	14	154		0	0
46223	2768	526.8	311.2	ffffff	1	29	14	154		0	0
46240	2769	526.8	311.2	ffffff	1	29	14	154		0	0
46256	2770	526.8	311.2	ffffff	1	29	14	154		0	0
46273	2771	526.8	311.2	ffffff	1	29	14	154		0	0
46290	2772	526.8	311.2	ffffff	1	29	14	154		0	0
46306	2773	526.8	311.2	ffffff	1	29	14	154		0	0
46323	2774	526.8	311.2	ffffff	1	29	14	154		0	0
46340	2775	526.8	311.2	ffffff	1	29	14	154		0	0
46356	2776	526.8	311.2	ffffff	1	29	14	154		0	0
46373	2777	526.8	311.2	ffffff	1	29	14	154		0	0
46390	2778	526.8	311.2	ffffff	1	29	14	154		0	0
46406	2779	526.8	311.2	ffffff	1	29	14	154		0	0
46424	2780	526.8	311.2	ffffff	1	29	14	154		0	0
46440	2781	526.8	311.2	ffffff	1	29	14	154		0	0
46457	2782	526.8	311.2	ffffff	1	29	14	154		0	0
46473	2783	526.8	311.2	ffffff	1	29	14	154		0	0
46490	2784	526.8	311.2	ffffff	1	29	14	154		0	0
46506	2785	526.8	311.2	ffffff	1	29	14	154		0	0
46523	2786	526.8	311.2	ffffff	1	29	14	154		0	0
46540	2787	526.8	311.2	ffffff	1	29	14	154		0	0
46557	2788	525.7	311.1	ffffff	1	29	14	153	104	0	0
46573	2789	524.7	311	ffffff	1	29	14	152	104	0	0
46591	2790	523.8	310.9	ffffff	1	28	15	157	104	0	0
46608	2791	522.9	310.8	ffffff	1	28	15	156	104	0	0
46623	2792	522.2	310.7	ffffff	1	28	15	156	104	0	0
46640	2793	521.5	310.6	ffffff	0.3	29	15	155	104	0	0
46657	2794	520.9	310.6	ffffff	0.3	29	15	155	104	0	0
46674	2795	520.4	310.5	ffffff	0.3	29	15	154	105	0	0
46690	2796	519.9	310.5	ffffff	0.3	29	14	153	105	0	0
46707	2797	519.4	310.4	ffffff	0.3	29	14	152	105	0	0
46723	2798	519.1	310.4	ffffff	0.3	29	14	152	105	0	0
46740	2799	518.7	310.3	ffffff	0.3	29	14	151	105	0	0
46757	2800	518.4	310.3	ffffff	1	29	14	151	105	0	0
46774	2801	518.1	310.3	ffffff	1	29	14	150	105	0	0
46790	2802	517.8	310.2	ffffff	1	29	14	149	105	0	0
46807	2803	517.6	310.2	ffffff	1	29	14	148	105	0	0
46824	2804	517.4	310.2	ffffff	1	29	14	148	105	0	0
46840	2805	517.2	310.2	ffffff	1	29	14	147	105	0	0
46857	2806	517	310.2	ffffff	1	29	14	147	105	0	0
46874	2807	516.9	310.1	ffffff	0.3	29	15	185	105	0	0
46890	2808	516.7	310.1	ffffff	0.3	29	15	184	105	0	0
46907	2809	516.6	310.1	ffffff	0.3	29	15	184	105	0	0
46923	2810	516.5	310.1	ffffff	0.3	29	15	183	105	0	0
46940	2811	516.4	310.1	ffffff	0.3	29	15	183	105	0	0
46956	2812	516.3	310.1	ffffff	0.3	29	15	183	105	0	0
46974	2813	516.2	310.1	ffffff	1	29	15	182	105	0	0
46991	2814	516.2	310.1	ffffff	1	29	14	181	105	0	0
47008	2815	516.1	310.1	ffffff	1	29	14	181	105	0	0
47023	2816	516	310.1	ffffff	1	29	14	180	105	0	0
47040	2817	516	310.1	ffffff	1	29	14	179	105	0	0
47057	2818	515.9	310	ffffff	1	29	14	179	105	0	0
47074	2819	515.9	310	ffffff	0.3	29	14	178	105	0	0
47090	2820	515.8	310	ffffff	0.3	29	14	177	105	0	0
47106	2821	518.4	310	ffffff	0.3	29	14	175	105	0	0
47123	2822	520.6	310	ffffff	0.3	29	14	170	105	0	0
47140	2823	522.7	310	ffffff	0.3	29	14	167	105	0	0
47157	2824	524.5	310	ffffff	0.3	29	14	164	105	0	0
47173	2825	526.2	310	ffffff	0.3	29	14	161	105	0	0
47190	2826	527.6	310	ffffff	1	29	14	158	105	0	0
47207	2827	529	310	ffffff	1	28	15	178	105	0	0
47223	2828	530.2	310	ffffff	1	28	15	174	105	0	0
47241	2829	531.3	310	ffffff	1	28	15	170	105	0	0
47257	2830	532.2	310	ffffff	1	29	15	167	105	0	0
47273	2831	533.1	310	ffffff	1	29	15	163	105	0	0
47290	2832	533.9	310	ffffff	0.3	29	15	161	105	0	0
47307	2833	534.6	310	ffffff	0.3	29	15	157	105	0	0
47324	2834	535.2	310	ffffff	0.3	29	15	153	105	0	0
47340	2835	535.8	310	ffffff	0.3	29	15	150	105	0	0
47357	2836	536.3	310	ffffff	0.3	29	15	146	105	0	0
47373	2837	536.8	310	ffffff	0.3	29	15	143	106	0	0
47390	2838	537.2	310	ffffff	1	29	15	139	106	0	0
47407	2839	537.6	310	ffffff	1	29	15	136	106	0	0
47423	2840	537.9	310	ffffff	1	30	15	133	106	0	0
47440	2841	533.9	311.8	ffffff	1	30	15	134	106	0	0
47457	2842	530.3	313.4	ffffff	1	30	15	135	106	0	0
47474	2843	527	314.9	ffffff	1	29	15	163	106	0	0
47490	2844	524	316.2	ffffff	0.3	29	15	163	106	0	0
47506	2845	521.4	317.4	ffffff	0.3	29	15	164	106	0	0
47523	2846	523.3	316.6	ffffff	0.3	29	15	160	106	0	0
47540	2847	525.1	316	ffffff	0.3	29	15	157	106	0	0
47557	2848	526.7	315.4	ffffff	0.3	29	15	154	106	0	0
47573	2849	528.1	314.8	ffffff	1	29	15	151	106	0	0
47590	2850	529.4	314.4	ffffff	1	29	15	146	106	0	0
47607	2851	529.8	315.7	ffffff	1	29	15	143	106	0	0
47623	2852	530.2	316.9	ffffff	1	29	15	141	106	0	0
47640	2853	530.5	318.1	ffffff	1	29	15	138	106	0	0
47657	2854	530.8	319.1	ffffff	1	29	15	134	106	0	0
47674	2855	531.1	320	ffffff	1	29	15	132	106	0	0
47690	2856	531.3	320.8	ffffff	1	29	15	128	106	0	0
47707	2857	531.6	321.5	ffffff	1	29	15	126	106	0	0
47723	2858	531.8	322.1	ffffff	1	29	15	122	106	0	0
47741	2859	531.9	322.7	ffffff	1	28	15	176	106	0	0
47758	2860	532.1	323.3	ffffff	1	28	15	172	106	0	0
47773	2861	532.2	320.1	ffffff	1	28	15	172	106	0	0
47791	2862	532.4	317.3	ffffff	1	28	15	171	106	0	0
47807	2863	532.5	314.8	ffffff	1	29	15	170	106	0	0
47824	2864	532.6	312.5	ffffff	1	29	15	170	106	0	0
47840	2865	532.7	310.4	ffffff	1	29	15	169	107	0	0
47857	2866	532.8	308.6	ffffff	1	29	15	169	107	0	0
47873	2867	532.8	306.9	ffffff	1	29	15	169	107	0	0
47890	2868	532.9	305.4	ffffff	1	29	15	169	107	0	0
47907	2869	533	304.1	ffffff	1	29	15	168	107	0	0
47923	2870	533	302.9	ffffff	1	29	15	167	107	0	0
47940	2871	533.8	303.6	ffffff	1	29	15	166	107	0	0
47957	2872	534.5	304.2	ffffff	1	29	15	163	107	0	0
47973	2873	535.2	304.8	ffffff	1	29	15	161	107	0	0
47990	2874	535.8	305.3	ffffff	1	29	15	159	107	0	0
48007	2875	536.3	305.8	ffffff	1	29	15	157	107	0	0
48024	2876	536	304.4	ffffff	1	28	16	185	107	0	0
48040	2877	535.8	303.2	ffffff	1	29	16	183	108	0	0
48057	2878	535.5	302	ffffff	1	29	16	182	108	0	0
48074	2879	535.3	301	ffffff	1	29	16	181	108	0	0
48090	2880	535.2	300.1	ffffff	1	29	15	180	108	0	0
48107	2881	535.7	301.1	ffffff	1	29	15	181	108	0	0
48125	2882	535.5	303.8	ffffff	1	29	15	183	108	0	0
48143	2883	535.3	306.3	ffffff	1	29	15	185	108	0	0
48157	2884	535.1	308.4	ffffff	1	29	15	187	108	0	0
48174	2885	535	310.4	ffffff	1	29	15	189	108	0	0
48191	2886	534.8	312.1	ffffff	1	29	15	191	108	0	0
48207	2887	534.7	313.7	ffffff	1	29	15	194	108	0	0
48223	2888	534.6	315.2	ffffff	1	29	15	196	108	0	0
48240	2889	534.5	316.5	ffffff	1	29	15	197	109	0	0
48258	2890	534.4	317.6	ffffff	1	29	15	200	109	0	0
48273	2891	534.3	318.6	ffffff	1	29	15	199	109	0	0
48290	2892	534.2	319.6	ffffff	1	29	15	198	109	0	0
48307	2893	534.2	320.4	ffffff	1	29	15	196	109	0	0
48324	2894	534.1	321.2	ffffff	1	28	16	195	109	0	0
48340	2895	534	321.9	ffffff	1	28	16	194	109	0	0
48358	2896	534	322.5	ffffff	1	28	15	192	109	0	0
48374	2897	532.1	321.2	ffffff	1	28	15	192	109	0	0
48390	2898	530.5	320.1	ffffff	1	28	15	191	109	0	0
48406	2899	529	319.1	ffffff	1	28	15	191	109	0	0
48423	2900	527.6	318.2	ffffff	1	29	15	190	109	0	0
48440	2901	526.4	317.4	ffffff	1	29	15	189	109	0	0
48457	2902	525.3	316.6	ffffff	1	29	15	188	109	0	0
48473	2903	524.3	316	ffffff	1	29	15	188	109	0	0
48490	2904	523.5	315.4	ffffff	1	29	15	187	109	0	0
48507	2905	522.7	314.8	ffffff	1	29	15	187	109	0	0
48524	2906	521.9	314.4	ffffff	1	29	15	186	109	0	0
48540	2907	521.3	313.9	ffffff	1	29	15	186	109	0	0
48557	2908	520.7	313.5	ffffff	1	29	15	185	109	0	0
48573	2909	520.2	313.2	ffffff	1	29	15	185	109	0	0
48590	2910	519.7	312.9	ffffff	1	29	15	184	109	0	0
48607	2911	519.3	312.6	ffffff	1	29	14	183	109	0	0
48624	2912	518.9	312.3	ffffff	1	28	15	201	109	0	0
48641	2913	518.6	312.1	ffffff	1	28	15	201	109	0	0
48658	2914	518.3	311.9	ffffff	1	28	15	200	109	0	0
48674	2915	518	311.7	ffffff	1	28	15	200	109	0	0
48691	2916	517.7	311.5	ffffff	1	28	15	199	109	0	0
48709	2917	517.5	311.4	ffffff	1	28	15	198	109	0	0
48724	2918	517.3	311.2	ffffff	1	28	15	197	109	0	0
48740	2919	517.1	311.1	ffffff	1	28	15	197	109	0	0
48758	2920	517	311	ffffff	1	28	15	196	109	0	0
48775	2921	516.8	310.9	ffffff	1	29	15	196	109	0	0
48791	2922	516.7	310.8	ffffff	1	29	15	195	109	0	0
48807	2923	516.6	310.7	ffffff	1	29	15	194	109	0	0
48824	2924	516.5	310.7	ffffff	1	29	15	194	109	0	0
48841	2925	516.4	310.6	ffffff	1	29	15	193	109	0	0
48857	2926	516.3	310.5	ffffff	1	29	15	192	109	0	0
48875	2927	516.2	310.5	ffffff	1	29	15	191	109	0	0
48891	2928	516.1	310.4	ffffff	1	29	14	191	109	0	0
48909	2929	516.1	310.4	ffffff	1	29	14	191	109	0	0
48924	2930	516	310.3	ffffff	1	28	15	197	109	0	0
48940	2931	516	310.3	ffffff	1	28	15	197	109	0	0
48958	2932	515.9	310.3	ffffff	1	28	15	196	109	0	0
48975	2933	515.9	310.3	ffffff	1	29	15	195	109	0	0
48991	2934	515.8	310.2	ffffff	1	29	15	194	109	0	0
49007	2935	515.8	310.2	ffffff	1	29	15	194	109	0	0
49024	2936	515.8	310.2	ffffff	1	29	15	193	109	0	0
49041	2937	515.7	310.2	ffffff	1	29	15	192	109	0	0
49057	2938	515.7	310.1	ffffff	1	29	15	191	109	0	0
49074	2939	515.7	310.1	ffffff	1	29	15	191	109	0	0
49091	2940	515.7	310.1	ffffff	1	29	15	190	109	0	0
49108	2941	515.7	310.1	ffffff	1	29	15	189	109	0	0
49124	2942	515.6	310.1	ffffff	1	29	15	189	109	0	0
49141	2943	515.6	310.1	ffffff	1	29	15	188	109	0	0
49157	2944	515.6	310.1	ffffff	1	29	15	187	109	0	0
49176	2945	515.6	310.1	ffffff	1	29	15	186	109	0	0
49191	2946	515.6	310.1	ffffff	1	28	15	193	109	0	0
49208	2947	515.6	310.1	ffffff	1	28	15	192	109	0	0
49224	2948	515.6	310.1	ffffff	1	28	15	192	109	0	0
49241	2949	515.6	310	ffffff	1	28	15	191	109	0	0
49257	2950	515.6	310	ffffff	1	28	15	191	109	0	0
49275	2951	515.6	310	ffffff	1	28	15	190	109	0	0
49291	2952	515.6	310	ffffff	1	28	15	189	109	0	0
49308	2953	515.5	310	ffffff	1	29	15	189	109	0	0
49325	2954	515.5	310	ffffff	1	29	15	188	109	0	0
49341	2955	515.5	310	ffffff	1	29	15	188	109	0	0
49358	2956	515.5	310	ffffff	1	29	15	187	109	0	0
49375	2957	515.5	310	ffffff	1	29	15	186	109	0	0
49390	2958	515.5	310	ffffff	1	29	15	186	109	0	0
49408	2959	515.5	310	ffffff	1	29	15	185	109	0	0
49424	2960	515.5	310	ffffff	1	29	15	185	109	0	0
49441	2961	515.5	310	ffffff	1	29	15	184	109	0	0
49458	2962	515.5	310	ffffff	1	29	15	183	109	0	0
49474	2963	515.5	310	ffffff	1	28	16	185	109	0	0
49491	2964	515.5	310	ffffff	1	28	16	185	109	0	0
49508	2965	515.5	310	ffffff	1	28	15	184	109	0	0
49524	2966	515.5	310	ffffff	1	28	15	183	109	0	0
49541	2967	515.5	310	ffffff	1	28	15	182	109	0	0
49558	2968	515.5	310	ffffff	1	28	15	181	109	0	0
49576	2969	515.5	310	ffffff	1	28	15	180	109	0	0
49592	2970	515.5	310	ffffff	1	29	15	180	109	0	0
49607	2971	515.5	310	ffffff	1	29	15	180	109	0	0
49624	2972	515.5	310	ffffff	1	29	15	178	109	0	0
49641	2973	515.5	310	ffffff	1	29	15	178	109	0	0
49657	2974	515.5	310	ffffff	1	29	15	177	109	0	0
49674	2975	515.5	310	ffffff	1	29	15	176	109	0	0
49690	2976	515.5	310	ffffff	1	29	15	176	109	0	0
49707	2977	515.5	310	ffffff	1	29	15	175	109	0	0
49724	2978	515.5	310	ffffff	1	29	15	174	109	0	0
49741	2979	515.5	310	ffffff	1	29	15	173	109	0	0
49758	2980	515.5	310	ffffff	1	28	16	205	109	0	0
49775	2981	515.5	310	ffffff	1	28	16	205	109	0	0
49791	2982	515.5	310	ffffff	1	28	15	204	109	0	0
49808	2983	515.5	310	ffffff	1	28	15	203	109	0	0
49823	2984	515.5	310	ffffff	1	28	15	202	109	0	0
49841	2985	515.5	310	ffffff	1	28	15	201	109	0	0
49857	2986	515.5	310	ffffff	1	28	15	201	109	0	0
49874	2987	515.5	310	ffffff	1	28	15	200	109	0	0
49891	2988	515.5	310	ffffff	1	28	15	200	109	0	0
49907	2989	515.5	310	ffffff	1	28	15	199	109	0	0
49923	2990	515.5	310	ffffff	1	28	15	198	109	0	0
49941	2991	515.5	310	ffffff	1	29	15	198	109	0	0
49957	2992	515.5	310	ffffff	1	29	15	197	109	0	0
49973	2993	515.5	310	ffffff	1	29	15	197	109	0	0
49991	2994	515.5	310	ffffff	1	29	15	196	109	0	0
50007	2995	515.5	310	ffffff	1	29	15	195	109	0	0
50024	2996	515.5	310	ffffff	1	29	15	195	109	0	0
50041	2997	515.5	310	ffffff	1	29	15	194	109	0	0
50058	2998	515.5	310	ffffff	1	29	15	193	109	0	0
50077	2999	515.5	310	ffffff	1	28	16	193	109	0	0
50092	3000	515.5	310	ffffff	1	28	15	192	109	0	0
50109	3001	515.5	310	ffffff	1	28	15	191	109	0	0
50124	3002	515.5	310	ffffff	1	28	15	191	109	0	0
50142	3003	515.5	310	ffffff	1	29	15	190	109	0	0
50158	3004	515.5	310	ffffff	1	29	15	189	109	0	0
50174	3005	515.5	310	ffffff	1	30	15	189	109	0	0
50192	3006	515.5	310	ffffff	1	30	15	188	109	0	0
50208	3007	515.5	310	ffffff	1	30	15	187	109	0	0
50224	3008	515.5	310	ffffff	1	30	15	186	109	0	0
50242	3009	515.5	310	ffffff	1	30	15	186	109	0	0
50257	3010	515.5	310	ffffff	1	30	15	185	109	0	0
50273	3011	515.5	310	ffffff	1	30	15	184	109	0	0
50290	3012	515.5	310	ffffff	1	30	15	183	109	0	0
50307	3013	515.5	310	ffffff	1	30	15	183	109	0	0
50324	3014	515.5	310	ffffff	1	30	15	182	109	0	0
50340	3015	515.5	310	ffffff	1	30	15	181	109	0	0
50357	3016	515.5	310	ffffff	1	29	15	247	109	0	0
50373	3017	515.5	310	ffffff	1	29	15	247	109	0	0
50390	3018	515.5	310	ffffff	1	29	15	246	109	0	0
50407	3019	515.5	310	ffffff	1	29	15	246	109	0	0
50423	3020	515.5	310	ffffff	1	29	15	245	109	0	0
50440	3021	515.5	310	ffffff	1	29	15	244	109	0	0
50457	3022	515.5	310	ffffff	1	29	15	244	109	0	0
50474	3023	515.5	310	ffffff	1	29	15	243	109	0	0
50490	3024	515.5	310	ffffff	1	30	15	242	109	0	0
50507	3025	515.5	310	ffffff	1	30	15	242	109	0	0
50524	3026	515.5	310	ffffff	1	30	15	241	109	0	0
50540	3027	515.5	310	ffffff	1	30	15	241	109	0	0
50557	3028	515.5	310	ffffff	1	30	15	240	109	0	0
50573	3029	515.5	310	ffffff	1	30	15	239	109	0	0
50590	3030	515.5	310	ffffff	1	30	15	239	109	0	0
50606	3031	515.5	310	ffffff	1	30	15	238	109	0	0
50623	3032	515.5	310	ffffff	1	30	15	238	109	0	0
50640	3033	515.5	310	ffffff	1	30	14	237	109	0	0
50657	3034	515.5	310	ffffff	1	30	14	236	109	0	0
50674	3035	515.5	310	ffffff	1	30	14	236	109	0	0
50691	3036	515.5	310	ffffff	1	30	14	235	109	0	0
50707	3037	515.5	310	ffffff	1	30	14	234	109	0	0
50724	3038	515.5	310	ffffff	1	29	15	237	109	0	0
50740	3039	515.5	310	ffffff	1	29	15	236	109	0	0
50757	3040	515.5	310	ffffff	1	29	15	235	109	0	0
50773	3041	515.5	310	ffffff	1	30	15	234	109	0	0
50790	3042	515.5	310	ffffff	1	30	15	234	109	0	0
50807	3043	515.5	310	ffffff	1	30	15	233	109	0	0
50823	3044	515.5	310	ffffff	1	30	15	232	109	0	0
50840	3045	515.5	310	ffffff	1	30	15	232	109	0	0
50857	3046	515.5	310	ffffff	1	30	15	231	109	0	0
50873	3047	515.5	310	ffffff	1	30	15	230	109	0	0
50890	3048	515.5	310	ffffff	1	30	15	229	109	0	0
50907	3049	515.5	310	ffffff	1	30	15	229	109	0	0
50923	3050	515.5	310	ffffff	1	30	15	228	109	0	0
50940	3051	515.5	310	ffffff	1	30	15	227	109	0	0
50957	3052	515.5	310	ffffff	1	30	14	227	109	0	0
50974	3053	515.5	310	ffffff	1	30	14	226	109	0	0
50991	3054	515.5	310	ffffff	1	29	15	233	109	0	0
51007	3055	515.5	310	ffffff	1	29	15	233	109	0	0
51024	3056	515.5	310	ffffff	1	29	15	232	109	0	0
51040	3057	515.5	310	ffffff	1	29	15	232	109	0	0
51057	3058	515.5	310	ffffff	1	29	15	231	109	0	0
51073	3059	515.5	310	ffffff	1	29	15	230	109	0	0
51090	3060	515.5	310	ffffff	1	29	15	229	109	0	0
51107	3061	515.5	310	ffffff	1	29	15	229	109	0	0
51123	3062	515.5	310	ffffff	1	30	15	228	109	0	0
51140	3063	515.5	310	ffffff	1	30	15	227	109	0	0
51157	3064	515.5	310	ffffff	1	30	15	227	109	0	0
51173	3065	515.5	310	ffffff	1	30	15	226	109	0	0
51190	3066	515.5	310	ffffff	1	30	15	226	109	0	0
51207	3067	515.5	310	ffffff	1	30	15	225	109	0	0
51224	3068	515.5	310	ffffff	1	30	14	225	109	0	0
51240	3069	515.5	310	ffffff	1	30	14	223	109	0	0
51257	3070	515.5	310	ffffff	1	30	14	223	109	0	0
51273	3071	515.5	310	ffffff	1	30	14	222	109	0	0
51291	3072	515.5	310	ffffff	1	30	14	222	109	0	0
51307	3073	515.5	310	ffffff	1	30	14	221	109	0	0
51324	3074	515.5	310	ffffff	1	30	14	220	109	0	0
51340	3075	515.5	310	ffffff	1	30	14	220	109	0	0
51357	3076	515.5	310	ffffff	1	30	14	219	109	0	0
51374	3077	515.5	310	ffffff	1	29	15	218	109	0	0
51390	3078	515.5	310	ffffff	1	29	15	217	109	0	0
51407	3079	515.5	310	ffffff	1	30	15	217	109	0	0
51424	3080	515.5	310	ffffff	1	30	15	216	109	0	0
51441	3081	515.5	310	ffffff	1	30	15	215	109	0	0
51457	3082	515.5	310	ffffff	1	30	15	215	109	0	0
51473	3083	515.5	310	ffffff	1	30	15	215	109	0	0
51491	3084	515.5	310	ffffff	1	30	15	213	109	0	0
51507	3085	515.5	310	ffffff	1	30	15	213	109	0	0
51523	3086	515.5	310	ffffff	1	30	15	212	109	0	0
51541	3087	515.5	310	ffffff	1	29	16	228	109	0	0
51557	3088	515.5	310	ffffff	1	29	16	227	109	0	0
51574	3089	515.5	310	ffffff	1	29	16	227	109	0	0
51590	3090	515.5	310	ffffff	1	29	16	226	109	0	0
51608	3091	515.5	310	ffffff	1	29	15	225	109	0	0
51624	3092	515.5	310	ffffff	1	29	15	225	109	0	0
51640	3093	515.5	310	ffffff	1	29	15	223	109	0	0
51657	3094	515.5	310	ffffff	1	29	15	222	109	0	0
51674	3095	515.5	310	ffffff	1	29	15	222	109	0	0
51690	3096	515.5	310	ffffff	1	29	15	221	109	0	0
51707	3097	515.5	310	ffffff	1	29	15	220	109	0	0
51724	3098	515.5	310	ffffff	1	29	15	220	109	0	0
51740	3099	515.5	310	ffffff	1	29	15	219	109	0	0
51757	3100	515.5	310	ffffff	1	29	15	218	109	0	0
51773	3101	515.5	310	ffffff	1	29	15	218	109	0	0
51790	3102	515.5	310	ffffff	1	30	15	217	109	0	0
51807	3103	515.5	310	ffffff	1	30	15	216	109	0	0
51823	3104	515.5	310	ffffff	1	30	15	216	109	0	0
51840	3105	515.5	310	ffffff	1	29	16	267	109	0	0
51857	3106	515.5	310	ffffff	1	29	15	266	109	0	0
51874	3107	515.5	310	ffffff	1	29	15	266	109	0	0
51890	3108	515.5	310	ffffff	1	29	15	265	109	0	0
51907	3109	515.5	310	ffffff	1	29	15	265	109	0	0
51924	3110	515.5	310	ffffff	1	29	15	264	109	0	0
51940	3111	515.5	310	ffffff	1	29	15	263	109	0	0
51957	3112	515.5	310	ffffff	1	29	15	263	109	0	0
51973	3113	515.5	310	ffffff	1	29	15	262	109	0	0
51990	3114	515.5	310	ffffff	1	29	15	261	109	0	0
52007	3115	515.5	310	ffffff	1	29	15	261	109	0	0
52023	3116	515.5	310	ffffff	1	29	15	260	109	0	0
52040	3117	515.5	310	ffffff	1	29	15	260	109	0	0
52057	3118	515.5	310	ffffff	1	29	15	259	109	0	0
52073	3119	515.5	310	ffffff	1	29	15	258	109	0	0
52090	3120	515.5	310	ffffff	1	29	15	258	109	0	0
52107	3121	515.5	310	ffffff	1	30	15	257	109	0	0
52123	3122	515.5	310	ffffff	1	30	15	257	109	0	0
52140	3123	515.5	310	ffffff	1	30	15	256	109	0	0
52157	3124	515.5	310	ffffff	1	29	16	266	109	0	0
52174	3125	515.5	310	ffffff	1	29	16	265	109	0	0
52190	3126	515.5	310	ffffff	1	29	16	265	109	0	0
52206	3127	515.5	310	ffffff	1	29	16	264	109	0	0
52223	3128	515.5	310	ffffff	1	29	16	263	109	0	0
52240	3129	515.5	310	ffffff	1	29	16	263	109	0	0
52257	3130	515.5	310	ffffff	1	29	16	262	109	0	0
52273	3131	515.5	310	ffffff	1	29	16	262	109	0	0
52290	3132	515.5	310	ffffff	1	30	16	261	109	0	0
52307	3133	515.5	310	ffffff	1	30	16	260	109	0	0
52324	3134	515.5	310	ffffff	1	30	16	259	109	0	0
52340	3135	515.5	310	ffffff	1	30	16	258	109	0	0
52357	3136	515.5	310	ffffff	1	30	16	258	109	0	0
52374	3137	515.5	310	ffffff	1	30	16	258	109	0	0
52391	3138	515.5	310	ffffff	1	30	16	257	109	0	0
52408	3139	515.5	310	ffffff	1	30	15	257	109	0	0
52424	3140	515.5	310	ffffff	1	30	15	256	109	0	0
52440	3141	515.5	310	ffffff	1	30	15	256	109	0	0
52457	3142	515.5	310	ffffff	1	30	15	254	109	0	0
52474	3143	515.5	310	ffffff	1	30	15	253	109	0	0
52490	3144	515.5	310	ffffff	1	30	15	253	109	0	0
52507	3145	515.5	310	ffffff	1	30	15	252	109	0	0
52524	3146	515.5	310	ffffff	1	30	15	252	109	0	0
52540	3147	515.5	310	ffffff	1	30	15	251	109	0	0
52557	3148	515.5	310	ffffff	1	30	15	251	109	0	0
52574	3149	515.5	310	ffffff	1	31	15	250	109	0	0
52590	3150	515.5	310	ffffff	1	31	15	249	109	0	0
52607	3151	515.5	310	ffffff	1	31	15	249	109	0	0
52623	3152	515.5	310	ffffff	1	31	15	248	109	0	0
52640	3153	515.5	310	ffffff	1	31	15	248	109	0	0
52657	3154	515.5	310	ffffff	1	31	15	247	109	0	0
52673	3155	515.5	310	ffffff	1	31	15	246	109	0	0
52690	3156	515.5	310	ffffff	1	31	15	246	109	0	0
52707	3157	515.5	310	ffffff	1	31	14	245	109	0	0
52725	3158	515.5	310	ffffff	1	30	15	271	109	0	0
52740	3159	515.5	310	ffffff	1	30	15	270	109	0	0
52757	3160	515.5	310	ffffff	1	30	15	270	109	0	0
52773	3161	515.5	310	ffffff	1	30	15	269	109	0	0
52790	3162	515.5	310	ffffff	1	30	15	268	109	0	0
52807	3163	515.5	310	ffffff	1	30	15	268	109	0	0
52824	3164	515.5	310	ffffff	1	30	15	267	109	0	0
52841	3165	515.5	310	ffffff	1	30	15	266	109	0	0
52857	3166	515.5	310	ffffff	1	30	15	265	109	0	0
52874	3167	515.5	310	ffffff	1	30	15	265	109	0	0
52890	3168	515.5	310	ffffff	1	30	15	264	109	0	0
52907	3169	515.5	310	ffffff	1	30	15	263	109	0	0
52924	3170	515.5	310	ffffff	1	30	15	263	109	0	0
52940	3171	515.5	310	ffffff	1	30	15	262	109	0	0
52957	3172	515.5	310	ffffff	1	31	15	261	109	0	0
52973	3173	515.5	310	ffffff	1	31	15	261	109	0	0
52991	3174	515.5	310	ffffff	1	31	15	260	109	0	0
53007	3175	515.5	310	ffffff	1	31	15	259	109	0	0
53023	3176	515.5	310	ffffff	1	31	15	259	109	0	0
53040	3177	515.5	310	ffffff	1	31	15	258	109	0	0
53057	3178	515.5	310	ffffff	1	31	15	257	109	0	0
53074	3179	515.5	310	ffffff	1	31	15	257	109	0	0
53091	3180	515.5	310	ffffff	1	31	15	255	109	0	0
53107	3181	515.5	310	ffffff	1	31	15	255	109	0	0
53123	3182	515.5	310	ffffff	1	31	15	255	109	0	0
53140	3183	515.5	310	ffffff	1	31	15	254	109	0	0
53157	3184	515.5	310	ffffff	1	31	15	252	109	0	0
53173	3185	515.5	310	ffffff	1	31	15	251	109	0	0
53190	3186	515.5	310	ffffff	1	31	15	249	109	0	0
53207	3187	515.5	310	ffffff	1	31	15	248	109	0	0
53223	3188	515.5	310	ffffff	1	31	15	247	109	0	0
53241	3189	515.5	310	ffffff	1	31	15	246	109	0	0
53256	3190	515.5	310	ffffff	1	31	15	244	109	0	0
53274	3191	515.5	310	ffffff	1	32	15	243	109	0	0
53290	3192	515.5	310	ffffff	1	31	16	242	109	0	0
53307	3193	515.5	310	ffffff	1	31	16	240	109	0	0
53324	3194	515.5	310	ffffff	1	31	16	239	109	0	0
53340	3195	515.5	310	ffffff	1	31	16	237	109	0	0
53357	3196	515.5	310	ffffff	1	31	16	237	109	0	0
53374	3197	515.5	310	ffffff	1	31	16	235	109	0	0
53390	3198	515.5	310	ffffff	1	31	16	234	109	0	0
53407	3199	515.5	310	ffffff	1	31	16	232	109	0	0
53424	3200	515.5	310	ffffff	1	31	16	231	109	0	0
53440	3201	515.5	310	ffffff	1	31	16	230	109	0	0
53457	3202	515.5	310	ffffff	1	31	16	228	109	0	0
53473	3203	515.5	310	ffffff	1	31	16	227	109	0	0
53490	3204	515.5	310	ffffff	1	31	16	226	109	0	0
53507	3205	515.5	310	ffffff	1	31	16	225	109	0	0
53523	3206	515.5	310	ffffff	1	31	16	223	109	0	0
53540	3207	515.5	310	ffffff	1	31	16	222	109	0	0
53557	3208	515.5	310	ffffff	1	31	16	220	109	0	0
53573	3209	515.5	310	ffffff	1	31	16	219	109	0	0
53590	3210	515.5	310	ffffff	1	31	15	218	109	0	0
53608	3211	515.5	310	ffffff	1	31	15	216	109	0	0
53624	3212	515.5	310	ffffff	1	31	15	215	109	0	0
53641	3213	515.5	310	ffffff	1	31	15	213	109	0	0
53658	3214	515.5	310	ffffff	1	32	15	212	109	0	0
53674	3215	515.5	310	ffffff	1	32	15	210	109	0	0
53691	3216	515.5	310	ffffff	1	32	15	209	109	0	0
53708	3217	515.5	310	ffffff	1	32	15	208	109	0	0
53724	3218	515.5	310	ffffff	1	32	15	207	109	0	0
53741	3219	515.5	310	ffffff	1	32	15	205	109	0	0
53758	3220	515.5	310	ffffff	1	31	16	204	109	0	0
53774	3221	515.5	310	ffffff	1	31	16	203	109	0	0
53791	3222	515.5	310	ffffff	1	31	16	203	109	0	0
53809	3223	515.5	310	ffffff	1	32	16	204	109	0	0
53825	3224	515.5	310	ffffff	1	32	16	204	109	0	0
53841	3225	515.5	310	ffffff	1	32	16	205	109	0	0
53858	3226	515.5	310	ffffff	1	32	16	205	109	0	0
53874	3227	515.5	310	ffffff	1	32	16	205	109	0	0
53891	3228	515.5	310	ffffff	1	32	16	205	109	0	0
53907	3229	515.5	310	ffffff	1	32	16	204	109	0	0
53924	3230	515.5	310	ffffff	1	32	16	204	109	0	0
53941	3231	515.5	310	ffffff	1	32	16	203	109	0	0
53957	3232	515.5	310	ffffff	1	32	16	203	109	0	0
53974	3233	515.5	310	ffffff	1	32	16	203	109	0	0
53991	3234	515.5	310	ffffff	1	32	16	202	109	0	0
54008	3235	515.5	310	ffffff	1	32	16	201	109	0	0
54024	3236	515.5	310	ffffff	1	32	16	201	109	0	0
54040	3237	515.5	310	ffffff	1	32	16	200	109	0	0
54057	3238	515.5	310	ffffff	1	32	16	199	109	0	0
54074	3239	515.5	310	ffffff	1	32	16	200	109	0	0
54091	3240	515.5	310	ffffff	1	32	16	200	109	0	0
54107	3241	515.5	310	ffffff	1	32	16	201	109	0	0
54124	3242	515.5	310	ffffff	1	33	16	201	109	0	0
54141	3243	515.5	310	ffffff	1	33	16	201	109	0	0
54157	3244	515.5	310	ffffff	1	33	15	201	109	0	0
54174	3245	515.5	310	ffffff	1	33	15	201	109	0	0
54191	3246	515.5	310	ffffff	1	33	15	201	109	0	0
54208	3247	515.5	310	ffffff	1	33	15	200	109	0	0
54224	3248	515.5	310	ffffff	1	33	15	200	109	0	0
54242	3249	515.5	310	ffffff	1	33	15	200	109	0	0
54258	3250	515.5	310	ffffff	1	33	15	198	109	0	0
54274	3251	515.5	310	ffffff	1	33	15	198	109	0	0
54291	3252	515.5	310	ffffff	1	33	15	198	109	0	0
54307	3253	515.5	310	ffffff	1	33	15	197	109	0	0
54324	3254	515.5	310	ffffff	1	33	15	196	109	0	0
54341	3255	515.5	310	ffffff	1	33	15	197	109	0	0
54358	3256	515.5	310	ffffff	1	33	15	197	109	0	0
54374	3257	515.5	310	ffffff	1	33	15	198	109	0	0
54391	3258	515.5	310	ffffff	1	33	15	198	109	0	0
54408	3259	515.5	310	ffffff	1	33	15	198	109	0	0
54425	3260	515.5	310	ffffff	1	33	15	198	109	0	0
54441	3261	515.5	310	ffffff	1	34	15	198	109	0	0
54457	3262	515.5	310	ffffff	1	34	15	198	109	0	0
54474	3263	515.5	310	ffffff	1	34	15	197	109	0	0
54491	3264	515.5	310	ffffff	1	34	15	197	109	0	0
54508	3265	515.5	310	ffffff	1	34	15	196	109	0	0
54525	3266	515.5	310	ffffff	1	34	15	196	109	0	0
54544	3267	515.5	310	ffffff	1	34	15	195	109	0	0
54558	3268	515.5	310	ffffff	1	34	15	195	109	0	0
54575	3269	515.5	310	ffffff	1	34	15	193	109	0	0
54590	3270	515.5	310	ffffff	1	34	15	193	109	0	0
54607	3271	515.5	310	ffffff	1	34	15	192	109	0	0
54625	3272	515.5	310	ffffff	1	33	16	192	109	0	0
54642	3273	515.5	310	ffffff	1	33	16	192	109	0	0
54658	3274	515.5	310	ffffff	1	33	16	191	109	0	0
54674	3275	515.5	310	ffffff	1	33	16	191	109	0	0
54690	3276	515.5	310	ffffff	1	33	16	189	109	0	0
54709	3277	515.5	310	ffffff	1	33	16	189	109	0	0
54724	3278	515.5	310	ffffff	1	33	16	188	109	0	0
54741	3279	515.5	310	ffffff	1	33	16	188	109	0	0
54758	3280	515.5	310	ffffff	1	33	16	186	109	0	0
54773	3281	515.5	310	ffffff	1	33	16	186	109	0	0
54791	3282	515.5	310	ffffff	1	33	16	186	109	0	0
54808	3283	515.5	310	ffffff	1	33	16	184	109	0	0
54825	3284	515.5	310	ffffff	1	35	16	184	109	0	0
54841	3285	515.5	310	ffffff	1	35	16	183	109	0	0
54859	3286	515.5	310	ffffff	1	35	16	183	109	0	0
54875	3287	515.5	310	ffffff	1	35	16	181	109	0	0
54891	3288	515.5	310	ffffff	1	34	17	211	109	0	0
54908	3289	515.5	310	ffffff	1	34	17	210	109	0	0
54924	3290	515.5	310	ffffff	1	34	17	209	109	0	0
54941	3291	515.5	310	ffffff	1	34	17	209	109	0	0
54958	3292	515.5	310	ffffff	1	34	17	208	109	0	0
54975	3293	515.5	310	ffffff	1	34	17	207	109	0	0
54991	3294	515.5	310	ffffff	1	34	17	207	109	0	0
55008	3295	515.5	310	ffffff	1	34	17	207	109	0	0
55024	3296	515.5	310	ffffff	1	34	17	206	109	0	0
55041	3297	515.5	310	ffffff	1	34	17	204	109	0	0
55057	3298	515.5	310	ffffff	1	35	17	204	109	0	0
55075	3299	515.5	310	ffffff	1	35	17	203	109	0	0
55091	3300	515.5	310	ffffff	1	35	17	203	109	0	0
55108	3301	515.5	310	ffffff	1	35	17	202	109	0	0
55124	3302	515.5	310	ffffff	1	35	17	201	109	0	0
55141	3303	515.5	310	ffffff	1	35	17	201	109	0	0
55158	3304	515.5	310	ffffff	1	35	17	200	109	0	0
55175	3305	515.5	310	ffffff	1	35	17	200	109	0	0
55192	3306	515.5	310	ffffff	1	34	18	225	109	0	0
55208	3307	515.5	310	ffffff	1	34	18	225	109	0	0
55224	3308	515.5	310	ffffff	1	34	18	224	109	0	0
55242	3309	515.5	310	ffffff	1	34	18	224	109	0	0
55257	3310	515.5	310	ffffff	1	34	18	223	109	0	0
55275	3311	515.5	310	ffffff	1	34	18	222	109	0	0
55291	3312	515.5	310	ffffff	1	34	18	222	109	0	0
55308	3313	515.5	310	ffffff	1	34	18	221	109	0	0
55324	3314	515.5	310	ffffff	1	34	18	221	109	0	0
55341	3315	515.5	310	ffffff	1	34	18	220	109	0	0
55357	3316	515.5	310	ffffff	1	34	18	219	109	0	0
55374	3317	515.5	310	ffffff	1	34	18	219	109	0	0
55391	3318	515.5	310	ffffff	1	34	18	218	109	0	0
55408	3319	515.5	310	ffffff	1	34	18	218	109	0	0
55424	3320	515.5	310	ffffff	1	34	18	217	109	0	0
55440	3321	515.5	310	ffffff	1	35	18	216	109	0	0
55457	3322	515.5	310	ffffff	1	35	18	216	109	0	0
55474	3323	515.5	310	ffffff	1	35	18	215	109	0	0
55491	3324	515.5	310	ffffff	1	35	17	215	109	0	0
55508	3325	515.5	310	ffffff	1	35	17	214	109	0	0
55524	3326	515.5	310	ffffff	1	34	18	254	109	0	0
55542	3327	515.5	310	ffffff	1	34	18	253	109	0	0
55558	3328	515.5	310	ffffff	1	34	18	253	109	0	0
55575	3329	515.5	310	ffffff	1	34	18	252	109	0	0
55592	3330	515.5	310	ffffff	1	34	18	252	109	0	0
55607	3331	515.5	310	ffffff	1	35	18	250	109	0	0
55624	3332	515.5	310	ffffff	1	35	18	250	109	0	0
55640	3333	515.5	310	ffffff	1	35	18	249	109	0	0
55657	3334	515.5	310	ffffff	1	35	18	249	109	0	0
55674	3335	515.5	310	ffffff	1	35	18	248	109	0	0
55690	3336	515.5	310	ffffff	1	35	18	247	109	0	0
55707	3337	515.5	310	ffffff	1	35	18	247	109	0	0
55723	3338	515.5	310	ffffff	1	35	18	246	109	0	0
55741	3339	515.5	310	ffffff	1	35	18	246	109	0	0
55757	3340	515.5	310	ffffff	1	35	18	244	109	0	0
55775	3341	515.5	310	ffffff	1	35	17	244	109	0	0
55790	3342	515.5	310	ffffff	1	35	17	244	109	0	0
55807	3343	515.5	310	ffffff	1	35	17	242	109	0	0
55824	3344	515.5	310	ffffff	1	34	18	243	109	0	0
55841	3345	515.5	310	ffffff	1	34	18	242	109	0	0
55857	3346	515.5	310	ffffff	1	34	18	242	109	0	0
55874	3347	515.5	310	ffffff	1	34	18	241	109	0	0
55890	3348	515.5	310	ffffff	1	34	18	241	109	0	0
55907	3349	515.5	310	ffffff	1	34	18	240	109	0	0
55923	3350	515.5	310	ffffff	1	34	18	240	109	0	0
55940	3351	515.5	310	ffffff	1	34	18	239	109	0	0
55957	3352	515.5	310	ffffff	1	34	18	238	109	0	0
55973	3353	515.5	310	ffffff	1	34	18	238	109	0	0
55990	3354	515.5	310	ffffff	1	35	18	237	109	0	0
56007	3355	515.5	310	ffffff	1	35	18	237	109	0	0
56024	3356	515.5	310	ffffff	1	35	18	235	109	0	0
56040	3357	515.5	310	ffffff	1	35	18	235	109	0	0
56058	3358	515.5	310	ffffff	1	35	17	234	109	0	0
56075	3359	515.5	310	ffffff	1	35	17	234	109	0	0
56090	3360	515.5	310	ffffff	1	35	17	234	109	0	0
56107	3361	515.5	310	ffffff	1	35	17	232	109	0	0
56124	3362	515.5	310	ffffff	1	35	17	232	109	0	0
56140	3363	515.5	310	ffffff	1	34	18	232	109	0	0
56157	3364	515.5	310	ffffff	1	34	18	231	109	0	0
56173	3365	515.5	310	ffffff	1	34	18	231	109	0	0
56190	3366	515.5	310	ffffff	1	34	18	230	109	0	0
56207	3367	515.5	310	ffffff	1	34	18	230	109	0	0
56224	3368	515.5	310	ffffff	1	35	18	229	109	0	0
56240	3369	515.5	310	ffffff	1	35	18	228	109	0	0
56257	3370	515.5	310	ffffff	1	35	18	228	109	0	0
56273	3371	515.5	310	ffffff	1	35	18	228	109	0	0
56291	3372	515.5	310	ffffff	1	35	18	227	109	0	0
56307	3373	515.5	310	ffffff	1	35	18	226	109	0	0
56323	3374	515.5	310	ffffff	1	35	18	225	109	0	0
56340	3375	515.5	310	ffffff	1	35	18	225	109	0	0
56357	3376	515.5	310	ffffff	1	34	19	232	109	0	0
56374	3377	515.5	310	ffffff	1	34	19	231	109	0	0
56390	3378	515.5	310	ffffff	1	34	18	231	109	0	0
56407	3379	515.5	310	ffffff	1	34	18	230	109	0	0
56424	3380	515.5	310	ffffff	1	34	18	230	109	0	0
56440	3381	515.5	310	ffffff	1	34	18	229	109	0	0
56457	3382	515.5	310	ffffff	1	34	18	229	109	0	0
56473	3383	515.5	310	ffffff	1	34	18	228	109	0	0
56490	3384	515.5	310	ffffff	1	34	18	227	109	0	0
56507	3385	515.5	310	ffffff	1	34	18	226	109	0	0
56523	3386	515.5	310	ffffff	1	34	18	226	109	0	0
56540	3387	515.5	310	ffffff	1	34	18	225	109	0	0
56557	3388	515.5	310	ffffff	1	34	18	225	109	0	0
56574	3389	515.5	310	ffffff	1	34	18	224	109	0	0
56591	3390	515.5	310	ffffff	1	34	18	224	109	0	0
56608	3391	515.5	310	ffffff	1	35	18	223	109	0	0
56623	3392	515.5	310	ffffff	1	35	18	223	109	0	0
56641	3393	515.5	310	ffffff	1	34	19	245	109	0	0
56657	3394	515.5	310	ffffff	1	34	19	245	109	0	0
56674	3395	515.5	310	ffffff	1	34	19	244	109	0	0
56691	3396	515.5	310	ffffff	1	34	19	244	109	0	0
56707	3397	515.5	310	ffffff	1	34	19	243	109	0	0
56724	3398	515.5	310	ffffff	1	34	19	242	109	0	0
56740	3399	515.5	310	ffffff	1	34	19	242	109	0	0
56757	3400	515.5	310	ffffff	1	34	19	241	109	0	0
56773	3401	515.5	310	ffffff	1	34	19	240	109	0	0
56790	3402	515.5	310	ffffff	1	34	19	240	109	0	0
56807	3403	515.5	310	ffffff	1	34	19	239	109	0	0
56824	3404	515.5	310	ffffff	1	34	19	239	109	0	0
56840	3405	515.5	310	ffffff	1	34	19	238	109	0	0
56857	3406	515.5	310	ffffff	1	34	19	237	109	0	0
56874	3407	515.5	310	ffffff	1	34	19	237	109	0	0
56890	3408	515.5	310	ffffff	1	34	19	236	109	0	0
56907	3409	515.5	310	ffffff	1	34	19	235	109	0	0
56924	3410	515.5	310	ffffff	1	34	19	235	109	0	0
56940	3411	515.5	310	ffffff	1	34	19	234	109	0	0
56957	3412	515.5	310	ffffff	1	34	20	256	109	0	0
56974	3413	515.5	310	ffffff	1	34	20	255	109	0	0
56990	3414	515.5	310	ffffff	1	34	20	254	109	0	0
57007	3415	515.5	310	ffffff	1	34	20	253	109	0	0
57023	3416	515.5	310	ffffff	1	34	20	253	109	0	0
57041	3417	515.5	310	ffffff	1	34	20	252	109	0	0
57057	3418	515.5	310	ffffff	1	34	20	251	109	0	0
57073	3419	515.5	310	ffffff	1	34	20	251	109	0	0
57090	3420	515.5	310	ffffff	1	34	20	250	109	0	0
57107	3421	515.5	310	ffffff	1	34	20	249	109	0	0
57124	3422	515.5	310	ffffff	1	34	20	248	109	0	0
57140	3423	515.5	310	ffffff	1	34	20	248	109	0	0
57157	3424	515.5	310	ffffff	1	35	20	247	109	0	0
57173	3425	515.5	310	ffffff	1	35	20	246	109	0	0
57191	3426	515.5	310	ffffff	1	35	20	246	109	0	0
57207	3427	515.5	310	ffffff	1	35	20	244	109	0	0
57224	3428	515.5	310	ffffff	1	35	19	244	109	0	0
57241	3429	515.5	310	ffffff	1	35	19	244	109	0	0
57257	3430	515.5	310	ffffff	1	34	20	257	109	0	0
57274	3431	515.5	310	ffffff	1	34	20	256	109	0	0
57290	3432	515.5	310	ffffff	1	34	20	256	109	0	0
57307	3433	515.5	310	ffffff	1	34	20	256	109	0	0
57323	3434	515.5	310	ffffff	1	34	20	255	109	0	0
57340	3435	515.5	310	ffffff	1	34	20	254	109	0	0
57357	3436	515.5	310	ffffff	1	34	20	253	109	0	0
57374	3437	515.5	310	ffffff	1	34	20	252	109	0	0
57390	3438	515.5	310	ffffff	1	34	20	252	109	0	0
57408	3439	515.5	310	ffffff	1	34	20	251	109	0	0
57424	3440	515.5	310	ffffff	1	34	20	251	109	0	0
57443	3441	515.5	310	ffffff	1	34	20	250	109	0	0
57458	3442	515.5	310	ffffff	1	34	20	249	109	0	0
57475	3443	515.5	310	ffffff	1	34	20	249	109	0	0
57491	3444	515.5	310	ffffff	1	35	20	248	109	0	0
57508	3445	515.5	310	ffffff	1	35	19	247	109	0	0
57525	3446	515.5	310	ffffff	1	35	19	247	109	0	0
57541	3447	515.5	310	ffffff	1	35	19	246	109	0	0
57558	3448	515.5	310	ffffff	1	34	20	246	109	0	0
57574	3449	515.5	310	ffffff	1	34	20	245	109	0	0
57590	3450	515.5	310	ffffff	1	34	20	245	109	0	0
57608	3451	515.5	310	ffffff	1	34	20	244	109	0	0
57624	3452	515.5	310	ffffff	1	34	20	243	109	0	0
57642	3453	515.5	310	ffffff	1	34	20	243	109	0	0
57658	3454	515.5	310	ffffff	1	34	20	242	109	0	0
57675	3455	515.5	310	ffffff	1	34	20	241	109	0	0
57691	3456	515.5	310	ffffff	1	34	20	241	109	0	0
57708	3457	515.5	310	ffffff	1	34	20	240	109	0	0
57724	3458	515.5	310	ffffff	1	34	20	240	109	0	0
57741	3459	515.5	310	ffffff	1	34	20	239	109	0	0
57757	3460	515.5	310	ffffff	1	34	20	238	109	0	0
57774	3461	515.5	310	ffffff	1	35	20	238	109	0	0
57791	3462	515.5	310	ffffff	1	35	20	237	109	0	0
57808	3463	515.5	310	ffffff	1	34	21	241	109	0	0
57824	3464	515.5	310	ffffff	1	34	21	241	109	0	0
57841	3465	515.5	310	ffffff	1	34	20	239	109	0	0
57858	3466	515.5	310	ffffff	1	34	20	239	109	0	0
57874	3467	515.5	310	ffffff	1	34	20	239	109	0	0
57891	3468	515.5	310	ffffff	1	34	20	237	109	0	0
57908	3469	515.5	310	ffffff	1	34	20	237	109	0	0
57924	3470	515.5	310	ffffff	1	34	20	236	109	0	0
57940	3471	515.5	310	ffffff	1	34	20	235	109	0	0
57958	3472	515.5	310	ffffff	1	34	20	235	109	0	0
57974	3473	515.5	310	ffffff	1	34	20	233	109	0	0
57991	3474	515.5	310	ffffff	1	34	20	232	109	0	0
58008	3475	515.5	310	ffffff	1	34	20	230	109	0	0
58024	3476	515.5	310	ffffff	1	34	20	229	109	0	0
58041	3477	515.5	310	ffffff	1	34	20	228	109	0	0
58058	3478	515.5	310	ffffff	1	34	20	227	109	0	0
58074	3479	515.5	310	ffffff	1	33	21	225	109	0	0
58091	3480	515.5	310	ffffff	1	33	21	224	109	0	0
58107	3481	515.5	310	ffffff	1	33	21	223	109	0	0
58123	3482	515.5	310	ffffff	1	34	21	221	109	0	0
58141	3483	515.5	310	ffffff	1	34	20	220	109	0	0
58158	3484	515.5	310	ffffff	1	34	20	218	109	0	0
58174	3485	515.5	310	ffffff	1	34	20	217	109	0	0
58192	3486	515.5	310	ffffff	1	34	20	215	109	0	0
58207	3487	515.5	310	ffffff	1	34	20	214	109	0	0
58224	3488	515.5	310	ffffff	1	34	20	213	109	0	0
58241	3489	515.5	310	ffffff	1	34	20	211	109	0	0
58258	3490	515.5	310	ffffff	1	34	20	210	109	0	0
58274	3491	515.5	310	ffffff	1	34	20	208	109	0	0
58291	3492	515.5	310	ffffff	1	34	20	207	109	0	0
58308	3493	515.5	310	ffffff	1	34	20	205	109	0	0
58324	3494	515.5	310	ffffff	1	34	20	204	109	0	0
58342	3495	515.5	310	ffffff	1	34	20	205	109	0	0
58358	3496	515.5	310	ffffff	1	35	20	205	109	0	0
58374	3497	515.5	310	ffffff	1	35	20	205	109	0	0
58391	3498	515.5	310	ffffff	1	35	20	205	109	0	0
58408	3499	515.5	310	ffffff	1	35	20	205	109	0	0
58424	3500	515.5	310	ffffff	1	35	20	205	109	0	0
58441	3501	515.5	310	ffffff	1	35	20	205	109	0	0
58457	3502	515.5	310	ffffff	1	35	20	205	109	0	0
58474	3503	515.5	310	ffffff	1	35	20	205	109	0	0
58491	3504	515.5	310	ffffff	1	35	20	204	109	0	0
58508	3505	515.5	310	ffffff	1	35	20	204	109	0	0
58524	3506	515.5	310	ffffff	1	35	20	203	109	0	0
58541	3507	515.5	310	ffffff	1	35	20	203	109	0	0
58558	3508	515.5	310	ffffff	1	35	20	202	109	0	0
58574	3509	515.5	310	ffffff	1	35	20	201	109	0	0
58591	3510	515.5	310	ffffff	1	35	20	201	109	0	0
58607	3511	515.5	310	ffffff	1	35	20	201	109	0	0
58624	3512	515.5	310	ffffff	1	35	20	201	109	0	0
58640	3513	515.5	310	ffffff	1	35	20	202	109	0	0
58656	3514	515.5	310	ffffff	1	35	20	202	109	0	0
58673	3515	515.5	310	ffffff	1	36	20	202	109	0	0
58691	3516	515.5	310	ffffff	1	36	19	202	109	0	0
58707	3517	515.5	310	ffffff	1	36	19	202	109	0	0
58724	3518	515.5	310	ffffff	1	36	19	201	109	0	0
58740	3519	515.5	310	ffffff	1	36	19	201	109	0	0
58757	3520	515.5	310	ffffff	1	36	19	201	109	0	0
58773	3521	515.5	310	ffffff	1	36	19	201	109	0	0
58790	3522	515.5	310	ffffff	1	36	19	199	109	0	0
58807	3523	515.5	310	ffffff	1	36	19	199	109	0	0
58823	3524	515.5	310	ffffff	1	36	19	198	109	0	0
58840	3525	515.5	310	ffffff	1	36	19	198	109	0	0
58857	3526	515.5	310	ffffff	1	36	19	196	109	0	0
58874	3527	515.5	310	ffffff	1	36	19	198	109	0	0
58890	3528	515.5	310	ffffff	1	36	19	198	109	0	0
58907	3529	515.5	310	ffffff	1	36	19	198	109	0	0
58924	3530	515.5	310	ffffff	1	36	19	198	109	0	0
58941	3531	515.5	310	ffffff	1	36	19	198	109	0	0
58958	3532	515.5	310	ffffff	1	37	18	198	109	0	0
58974	3533	515.5	310	ffffff	1	37	18	197	109	0	0
58991	3534	515.5	310	ffffff	1	37	18	197	109	0	0
59007	3535	515.5	310	ffffff	1	37	18	196	109	0	0
59023	3536	515.5	310	ffffff	1	37	18	194	109	0	0
59042	3537	515.5	310	ffffff	1	37	18	194	109	0	0
59057	3538	515.5	310	ffffff	1	37	18	193	109	0	0
59074	3539	515.5	310	ffffff	1	37	18	193	109	0	0
59090	3540	515.5	310	ffffff	1	37	18	192	109	0	0
59107	3541	515.5	310	ffffff	1	37	18	192	109	0	0
59124	3542	515.5	310	ffffff	1	37	18	190	109	0	0
59140	3543	515.5	310	ffffff	1	37	18	190	109	0	0
59158	3544	515.5	310	ffffff	1	36	19	189	109	0	0
59174	3545	515.5	310	ffffff	1	36	19	189	109	0	0
59190	3546	515.5	310	ffffff	1	36	19	187	109	0	0
59207	3547	515.5	310	ffffff	1	36	19	187	109	0	0
59223	3548	515.5	310	ffffff	1	36	19	186	109	0	0
59241	3549	515.5	310	ffffff	1	36	19	185	109	0	0
59257	3550	515.5	310	ffffff	1	36	19	185	109	0	0
59274	3551	515.5	310	ffffff	1	36	19	184	109	0	0
59290	3552	515.5	310	ffffff	1	36	19	183	109	0	0
59307	3553	515.5	310	ffffff	1	38	19	182	109	0	0
59323	3554	515.5	310	ffffff	1	38	19	182	109	0	0
59340	3555	515.5	310	ffffff	1	38	19	181	109	0	0
59357	3556	515.5	310	ffffff	1	38	19	180	109	0	0
59374	3557	515.5	310	ffffff	1	38	19	180	109	0	0
59391	3558	515.5	310	ffffff	1	38	19	179	109	0	0
59407	3559	515.5	310	ffffff	1	38	19	178	109	0	0
59424	3560	515.5	310	ffffff	1	37	20	182	109	0	0
59441	3561	515.5	310	ffffff	1	37	20	182	109	0	0
59457	3562	515.5	310	ffffff	1	37	20	182	109	0	0
59474	3563	515.5	310	ffffff	1	37	20	181	109	0	0
59490	3564	515.5	310	ffffff	1	37	20	180	109	0	0
59507	3565	515.5	310	ffffff	1	37	20	180	109	0	0
59524	3566	515.5	310	ffffff	1	37	20	179	109	0	0
59540	3567	515.5	310	ffffff	1	37	20	178	109	0	0
59557	3568	515.5	310	ffffff	1	38	20	177	109	0	0
59573	3569	515.5	310	ffffff	1	38	20	177	109	0	0
59590	3570	515.5	310	ffffff	1	38	20	176	109	0	0
59607	3571	515.5	310	ffffff	1	38	20	175	109	0	0
59623	3572	515.5	310	ffffff	1	38	20	175	109	0	0
59641	3573	515.5	310	ffffff	1	38	20	175	109	0	0
59657	3574	515.5	310	ffffff	1	38	20	173	109	0	0
59674	3575	515.5	310	ffffff	1	38	20	173	109	0	0
59690	3576	515.5	310	ffffff	1	37	21	178	109	0	0
59707	3577	515.5	310	ffffff	1	37	21	178	109	0	0
59723	3578	515.5	310	ffffff	1	37	21	177	109	0	0
59740	3579	515.5	310	ffffff	1	37	21	176	109	0	0
59757	3580	515.5	310	ffffff	1	37	21	176	109	0	0
59773	3581	515.5	310	ffffff	1	37	21	175	109	0	0
59790	3582	515.5	310	ffffff	1	37	21	174	109	0	0
59807	3583	515.5	310	ffffff	1	37	21	174	109	0	0
59824	3584	515.5	310	ffffff	1	37	21	173	109	0	0
59840	3585	515.5	310	ffffff	1	37	21	172	109	0	0
59857	3586	515.5	310	ffffff	1	37	21	172	109	0	0
59874	3587	515.5	310	ffffff	1	38	21	171	109	0	0
59890	3588	515.5	310	ffffff	1	38	21	170	109	0	0
59907	3589	515.5	310	ffffff	1	38	21	170	109	0	0
59924	3590	515.5	310	ffffff	1	38	21	169	109	0	0
59940	3591	515.5	310	ffffff	1	38	21	168	109	0	0
59957	3592	515.5	310	ffffff	1	38	21	168	109	0	0
59974	3593	515.5	310	ffffff	1	38	21	167	109	0	0
59991	3594	515.5	310	ffffff	1	37	22	167	109	0	0
60007	3595	515.5	310	ffffff	1	37	22	166	109	0	0
60024	3596	515.5	310	ffffff	1	37	21	165	109	0	0
60041	3597	515.5	310	ffffff	1	37	21	165	109	0	0
60057	3598	515.5	310	ffffff	1	37	21	164	109	0	0
60074	3599	515.5	310	ffffff	1	37	21	163	109	0	0
60090	3600	515.5	310	ffffff	1	37	21	162	109	0	0
60107	3601	515.5	310	ffffff	1	37	21	162	109	0	0
60124	3602	515.5	310	ffffff	1	37	21	161	109	0	0
60140	3603	515.5	310	ffffff	1	37	21	160	109	0	0
60157	3604	515.5	310	ffffff	1	38	21	160	109	0	0
60174	3605	515.5	310	ffffff	1	38	21	159	109	0	0
60191	3606	515.5	310	ffffff	1	38	21	158	109	0	0
60207	3607	515.5	310	ffffff	1	38	21	157	109	0	0
60223	3608	515.5	310	ffffff	1	38	21	157	109	0	0
60240	3609	515.5	310	ffffff	1	38	21	156	109	0	0
60258	3610	515.5	310	ffffff	1	37	22	157	109	0	0
60274	3611	515.5	310	ffffff	1	37	22	156	109	0	0
60290	3612	515.5	310	ffffff	1	37	21	156	109	0	0
60308	3613	515.5	310	ffffff	1	37	21	155	109	0	0
60324	3614	515.5	310	ffffff	1	37	21	155	109	0	0
60341	3615	515.5	310	ffffff	1	37	21	154	109	0	0
60357	3616	515.5	310	ffffff	1	37	21	153	109	0	0
60374	3617	515.5	310	ffffff	1	37	21	153	109	0	0
60390	3618	515.5	310	ffffff	1	37	21	152	109	0	0
60408	3619	515.5	310	ffffff	1	37	21	151	109	0	0
60424	3620	515.5	310	ffffff	1	37	21	151	109	0	0
60441	3621	515.5	310	ffffff	1	37	21	150	109	0	0
60458	3622	515.5	310	ffffff	1	37	21	150	109	0	0
60475	3623	515.5	310	ffffff	1	37	21	149	109	0	0
60491	3624	515.5	310	ffffff	1	37	21	148	109	0	0
60508	3625	515.5	310	ffffff	1	37	22	155	109	0	0
60524	3626	515.5	310	ffffff	1	37	22	155	109	0	0
60541	3627	515.5	310	ffffff	1	37	22	155	109	0	0
60559	3628	515.5	310	ffffff	1	37	21	155	109	0	0
60574	3629	515.5	310	ffffff	1	37	21	154	109	0	0
60591	3630	515.5	310	ffffff	1	37	21	152	109	0	0
60609	3631	515.5	310	ffffff	1	37	21	152	109	0	0
60624	3632	515.5	310	ffffff	1	37	21	151	109	0	0
60641	3633	515.5	310	ffffff	1	37	21	150	109	0	0
60658	3634	515.5	310	ffffff	1	37	21	150	109	0	0
60675	3635	515.5	310	ffffff	1	37	21	149	109	0	0
60691	3636	515.5	310	ffffff	1	37	21	148	109	0	0
60708	3637	515.5	310	ffffff	1	37	21	148	109	0	0
60724	3638	515.5	310	ffffff	1	37	21	147	109	0	0
60741	3639	515.5	310	ffffff	1	37	21	146	109	0	0
60757	3640	515.5	310	ffffff	1	37	21	146	109	0	0
60776	3641	515.5	310	ffffff	1	37	21	145	109	0	0
60791	3642	515.5	310	ffffff	1	36	22	145	109	0	0
60808	3643	515.5	310	ffffff	1	37	22	144	109	0	0
60824	3644	515.5	310	ffffff	1	37	22	144	109	0	0
60841	3645	515.5	310	ffffff	1	37	22	143	109	0	0
60858	3646	515.5	310	ffffff	1	37	22	142	109	0	0
60875	3647	515.5	310	ffffff	1	37	22	142	109	0	0
60891	3648	515.5	310	ffffff	1	37	21	141	109	0	0
60908	3649	515.5	310	ffffff	1	37	21	141	109	0	0
60924	3650	515.5	310	ffffff	1	37	21	140	109	0	0
60941	3651	515.5	310	ffffff	1	37	21	139	109	0	0
60957	3652	515.5	310	ffffff	1	37	21	139	109	0	0
60974	3653	515.5	310	ffffff	1	37	21	138	109	0	0
60991	3654	515.5	310	ffffff	1	37	21	137	109	0	0
61008	3655	515.5	310	ffffff	1	37	21	137	109	0	0
61024	3656	515.5	310	ffffff	1	37	21	136	109	0	0
61042	3657	515.5	310	ffffff	1	37	21	135	109	0	0
61058	3658	515.5	310	ffffff	1	37	21	135	109	0	0
61074	3659	515.5	310	ffffff	1	36	22	141	109	0	0
61091	3660	515.5	310	ffffff	1	36	22	140	109	0	0
61107	3661	515.5	310	ffffff	1	36	22	139	109	0	0
61124	3662	515.5	310	ffffff	1	36	22	139	109	0	0
61142	3663	515.5	310	ffffff	1	36	21	138	109	0	0
61158	3664	515.5	310	ffffff	1	36	21	137	109	0	0
61174	3665	515.5	310	ffffff	1	36	21	137	109	0	0
61191	3666	515.5	310	ffffff	1	37	21	136	109	0	0
61208	3667	515.5	310	ffffff	1	37	21	135	109	0	0
61224	3668	515.5	310	ffffff	1	37	21	135	109	0	0
61241	3669	515.5	310	ffffff	1	37	21	134	109	0	0
61257	3670	515.5	310	ffffff	1	37	21	133	109	0	0
61274	3671	515.5	310	ffffff	1	37	21	132	109	0	0
61291	3672	515.5	310	ffffff	1	37	21	132	109	0	0
61307	3673	515.5	310	ffffff	1	37	21	131	109	0	0
61324	3674	515.5	310	ffffff	1	37	21	130	109	0	0
61343	3675	515.5	310	ffffff	1	36	22	134	109	0	0
61357	3676	515.5	310	ffffff	1	36	22	133	109	0	0
61374	3677	515.5	310	ffffff	1	36	22	133	109	0	0
61390	3678	515.5	310	ffffff	1	36	21	132	109	0	0
61409	3679	515.5	310	ffffff	1	36	21	131	109	0	0
61424	3680	515.5	310	ffffff	1	36	21	131	109	0	0
61441	3681	515.5	310	ffffff	1	36	21	130	109	0	0
61457	3682	515.5	310	ffffff	1	36	21	130	109	0	0
61474	3683	515.5	310	ffffff	1	36	21	129	109	0	0
61491	3684	515.5	310	ffffff	1	36	21	129	109	0	0
61507	3685	515.5	310	ffffff	1	37	21	128	109	0	0
61524	3686	515.5	310	ffffff	1	37	21	127	109	0	0
61542	3687	515.5	310	ffffff	1	37	21	127	109	0	0
61559	3688	515.5	310	ffffff	1	37	21	126	109	0	0
61574	3689	515.5	310	ffffff	1	37	21	126	109	0	0
61592	3690	515.5	310	ffffff	1	37	21	125	109	0	0
61609	3691	515.5	310	ffffff	1	37	21	124	109	0	0
61624	3692	515.5	310	ffffff	1	36	22	124	109	0	0
61641	3693	515.5	310	ffffff	1	36	22	124	109	0	0
61658	3694	515.5	310	ffffff	1	36	21	124	109	0	0
61674	3695	515.5	310	ffffff	1	36	21	123	109	0	0
61691	3696	515.5	310	ffffff	1	37	21	121	109	0	0
61708	3697	515.5	310	ffffff	1	37	21	121	109	0	0
61725	3698	515.5	310	ffffff	1	37	21	120	109	0	0
61741	3699	515.5	310	ffffff	1	37	21	119	109	0	0
61759	3700	515.5	310	ffffff	1	37	21	119	109	0	0
61774	3701	515.5	310	ffffff	1	37	21	118	109	0	0
61791	3702	515.5	310	ffffff	1	37	21	117	109	0	0
61807	3703	515.5	310	ffffff	1	37	21	117	109	0	0
61826	3704	515.5	310	ffffff	1	37	21	116	109	0	0
61841	3705	515.5	310	ffffff	1	37	21	115	109	0	0
61858	3706	515.5	310	ffffff	1	37	21	115	109	0	0
61874	3707	515.5	310	ffffff	1	37	21	114	109	0	0
61891	3708	515.5	310	ffffff	1	37	21	113	109	0	0
61908	3709	515.5	310	ffffff	1	36	22	113	109	0	0
61926	3710	515.5	310	ffffff	1	36	22	112	109	0	0
61941	3711	515.5	310	ffffff	1	36	21	112	109	0	0
61957	3712	515.5	310	ffffff	1	36	21	111	109	0	0
61974	3713	515.5	310	ffffff	1	36	21	110	109	0	0
61991	3714	515.5	310	ffffff	1	37	21	110	109	0	0
62007	3715	515.5	310	ffffff	1	37	21	109	109	0	0
62026	3716	515.5	310	ffffff	1	37	21	108	109	0	0
62041	3717	515.5	310	ffffff	1	37	21	108	109	0	0
62058	3718	515.5	310	ffffff	1	37	21	107	109	0	0
62074	3719	515.5	310	ffffff	1	37	21	106	109	0	0
62091	3720	515.5	310	ffffff	1	37	21	105	109	0	0
62107	3721	515.5	310	ffffff	1	37	21	105	109	0	0
62126	3722	515.5	310	ffffff	1	37	21	104	109	0	0
62141	3723	515.5	310	ffffff	1	37	21	103	109	0	0
62157	3724	515.5	310	ffffff	1	37	21	103	109	0	0
62174	3725	515.5	310	ffffff	1	36	22	116	109	0	0
62191	3726	515.5	310	ffffff	1	36	22	115	109	0	0
62208	3727	515.5	310	ffffff	1	36	21	114	109	0	0
62226	3728	515.5	310	ffffff	1	36	21	114	109	0	0
62241	3729	515.5	310	ffffff	1	36	21	113	109	0	0
62257	3730	515.5	310	ffffff	1	36	21	112	109	0	0
62274	3731	515.5	310	ffffff	1	36	21	112	109	0	0
62291	3732	515.5	310	ffffff	1	36	21	111	109	0	0
62309	3733	515.5	310	ffffff	1	36	21	110	109	0	0
62324	3734	515.5	310	ffffff	1	36	21	110	109	0	0
62341	3735	515.5	310	ffffff	1	36	21	109	109	0	0
62359	3736	515.5	310	ffffff	1	36	21	108	109	0	0
62374	3737	515.5	310	ffffff	1	36	21	108	109	0	0
62391	3738	515.5	310	ffffff	1	37	21	107	109	0	0
62407	3739	515.5	310	ffffff	1	37	21	106	109	0	0
62423	3740	515.5	310	ffffff	1	37	21	106	109	0	0
62440	3741	515.5	310	ffffff	1	37	21	105	109	0	0
62457	3742	515.5	310	ffffff	1	36	22	107	109	0	0
62474	3743	515.5	310	ffffff	1	36	22	106	109	0	0
62491	3744	515.5	310	ffffff	1	36	22	106	109	0	0
62507	3745	515.5	310	ffffff	1	36	21	105	109	0	0
62524	3746	515.5	310	ffffff	1	36	21	105	109	0	0
62540	3747	515.5	310	ffffff	1	36	21	104	109	0	0
62557	3748	515.5	310	ffffff	1	36	21	103	109	0	0
62573	3749	515.5	310	ffffff	1	36	21	103	109	0	0
62590	3750	515.5	310	ffffff	1	36	21	102	109	0	0
62607	3751	515.5	310	ffffff	1	36	21	102	109	0	0
62623	3752	515.5	310	ffffff	1	36	21	101	109	0	0
62641	3753	515.5	310	ffffff	1	36	21	100	109	0	0
62657	3754	515.5	310	ffffff	1	36	21	100	109	0	0
62673	3755	515.5	310	ffffff	1	36	21	99	109	0	0
62690	3756	515.5	310	ffffff	1	36	21	98	109	0	0
62707	3757	515.5	310	ffffff	1	37	21	98	109	0	0
62723	3758	515.5	310	ffffff	1	37	21	97	109	0	0
62740	3759	515.5	310	ffffff	1	37	21	96	109	0	0
62757	3760	515.5	310	ffffff	1	36	22	95	109	0	0
62773	3761	515.5	310	ffffff	1	36	22	95	109	0	0
62791	3762	515.5	310	ffffff	1	36	21	94	109	0	0
62808	3763	515.5	310	ffffff	1	36	21	93	109	0	0
62824	3764	515.5	310	ffffff	1	36	21	93	109	0	0
62840	3765	515.5	310	ffffff	1	36	21	92	109	0	0
62857	3766	515.5	310	ffffff	1	36	21	91	109	0	0
62873	3767	515.5	310	ffffff	1	36	21	90	109	0	0
62890	3768	515.5	310	ffffff	1	37	21	90	109	0	0
62907	3769	515.5	310	ffffff	1	37	21	89	109	0	0
62923	3770	515.5	310	ffffff	1	37	21	88	109	0	0
62940	3771	515.5	310	ffffff	1	37	21	88	109	0	0
62957	3772	515.5	310	ffffff	1	37	21	87	109	0	0
62973	3773	515.5	310	ffffff	1	37	21	86	109	0	0
62990	3774	515.5	310	ffffff	1	37	21	85	109	0	0
63007	3775	515.5	310	ffffff	1	37	21	85	109	0	0
63024	3776	515.5	310	ffffff	1	36	22	93	109	0	0
63040	3777	515.5	310	ffffff	1	36	22	93	109	0	0
63057	3778	515.5	310	ffffff	1	36	21	92	109	0	0
63074	3779	515.5	310	ffffff	1	36	21	92	109	0	0
63090	3780	515.5	310	ffffff	1	36	21	91	109	0	0
63108	3781	515.5	310	ffffff	1	36	21	90	109	0	0
63123	3782	515.5	310	ffffff	1	36	21	90	109	0	0
63140	3783	515.5	310	ffffff	1	36	21	89	109	0	0
63157	3784	515.5	310	ffffff	1	36	21	88	109	0	0
63174	3785	515.5	310	ffffff	1	36	21	88	109	0	0
63191	3786	515.5	310	ffffff	1	36	21	87	109	0	0
63207	3787	515.5	310	ffffff	1	36	21	87	109	0	0
63223	3788	515.5	310	ffffff	1	36	21	86	109	0	0
63241	3789	515.5	310	ffffff	1	37	21	85	109	0	0
63257	3790	515.5	310	ffffff	1	37	21	85	109	0	0
63274	3791	515.5	310	ffffff	1	37	21	84	109	0	0
63290	3792	515.5	310	ffffff	1	37	21	83	109	0	0
63307	3793	515.5	310	ffffff	1	36	22	88	109	0	0
63324	3794	515.5	310	ffffff	1	36	21	87	109	0	0
63340	3795	515.5	310	ffffff	1	36	21	87	109	0	0
63357	3796	515.5	310	ffffff	1	36	21	86	109	0	0
63373	3797	515.5	310	ffffff	1	36	21	85	109	0	0
63391	3798	515.5	310	ffffff	1	36	21	85	109	0	0
63408	3799	515.5	310	ffffff	1	36	21	84	109	0	0
63424	3800	515.5	310	ffffff	1	36	21	83	109	0	0
63441	3801	515.5	310	ffffff	1	36	21	83	109	0	0
63457	3802	515.5	310	ffffff	1	36	21	82	109	0	0
63474	3803	515.5	310	ffffff	1	36	21	81	109	0	0
63491	3804	515.5	310	ffffff	1	36	21	80	109	0	0
63507	3805	515.5	310	ffffff	1	36	21	80	109	0	0
63523	3806	515.5	310	ffffff	1	36	21	79	109	0	0
63541	3807	515.5	310	ffffff	1	36	21	78	109	0	0
63557	3808	515.5	310	ffffff	1	37	21	78	109	0	0
63573	3809	515.5	310	ffffff	1	37	21	77	109	0	0
63590	3810	515.5	310	ffffff	1	37	21	76	109	0	0
63607	3811	515.5	310	ffffff	1	36	22	77	109	0	0
63623	3812	515.5	310	ffffff	1	36	22	77	109	0	0
63640	3813	515.5	310	ffffff	1	36	22	76	109	0	0
63657	3814	515.5	310	ffffff	1	36	22	75	109	0	0
63673	3815	515.5	310	ffffff	1	36	21	75	109	0	0
63690	3816	515.5	310	ffffff	1	36	21	74	109	0	0
63707	3817	515.5	310	ffffff	1	36	21	73	109	0	0
63723	3818	515.5	310	ffffff	1	36	21	73	109	0	0
63741	3819	515.5	310	ffffff	1	36	21	72	109	0	0
63757	3820	515.5	310	ffffff	1	36	21	72	109	0	0
63773	3821	515.5	310	ffffff	1	36	21	70	109	0	0
63791	3822	515.5	310	ffffff	1	36	21	70	109	0	0
63807	3823	515.5	310	ffffff	1	36	21	69	109	0	0
63823	3824	515.5	310	ffffff	1	36	21	69	109	0	0
63840	3825	515.5	310	ffffff	1	36	21	68	109	0	0
63857	3826	515.5	310	ffffff	1	35	22	69	109	0	0
63874	3827	515.5	310	ffffff	1	37	22	69	109	0	0
63890	3828	515.5	310	ffffff	1	37	21	68	109	0	0
63907	3829	515.5	310	ffffff	1	37	21	67	109	0	0
63924	3830	515.5	310	ffffff	1	37	21	67	109	0	0
63940	3831	515.5	310	ffffff	1	37	21	66	109	0	0
63957	3832	515.5	310	ffffff	1	37	21	65	109	0	0
63973	3833	515.5	310	ffffff	1	37	21	65	109	0	0
63990	3834	515.5	310	ffffff	1	37	21	64	109	0	0
64007	3835	515.5	310	ffffff	1	37	21	63	109	0	0
64023	3836	515.5	310	ffffff	1	37	21	63	109	0	0
64041	3837	515.5	310	ffffff	1	37	21	62	109	0	0
64057	3838	515.5	310	ffffff	1	37	21	61	109	0	0
64074	3839	515.5	310	ffffff	1	37	21	61	109	0	0
64090	3840	515.5	310	ffffff	1	37	21	60	109	0	0
64107	3841	515.5	310	ffffff	1	37	21	60	109	0	0
64124	3842	515.5	310	ffffff	1	37	21	59	109	0	0
64140	3843	515.5	310	ffffff	1	36	22	59	109	0	0
64159	3844	515.5	310	ffffff	1	36	22	59	109	0	0
64177	3845	515.5	310	ffffff	1	36	21	58	109	0	0
64194	3846	515.5	310	ffffff	1	36	21	57	109	0	0
64209	3847	515.5	310	ffffff	1	36	21	57	109	0	0
64225	3848	515.5	310	ffffff	1	36	21	56	109	0	0
64247	3849	515.5	310	ffffff	1	36	21	55	109	0	0
64258	3850	515.5	310	ffffff	1	37	21	55	109	0	0
64274	3851	515.5	310	ffffff	1	37	21	54	109	0	0
64291	3852	515.5	310	ffffff	1	37	21	54	109	0	0
64307	3853	515.5	310	ffffff	1	37	21	53	109	0	0
64324	3854	515.5	310	ffffff	1	37	21	52	109	0	0
64341	3855	515.5	310	ffffff	1	37	21	52	109	0	0
64358	3856	515.5	310	ffffff	1	37	21	51	109	0	0
64374	3857	515.5	310	ffffff	1	37	21	50	109	0	0
64390	3858	515.5	310	ffffff	1	37	21	50	109	0	0
64408	3859	515.5	310	ffffff	1	37	22	80	109	0	0
64424	3860	515.5	310	ffffff	1	37	22	80	109	0	0
64441	3861	515.5	310	ffffff	1	37	22	79	109	0	0
64458	3862	515.5	310	ffffff	1	37	22	79	109	0	0
64474	3863	515.5	310	ffffff	1	37	22	77	109	0	0
64491	3864	515.5	310	ffffff	1	37	21	77	109	0	0
64508	3865	515.5	310	ffffff	1	37	21	76	109	0	0
64524	3866	515.5	310	ffffff	1	37	21	76	109	0	0
64541	3867	515.5	310	ffffff	1	37	21	75	109	0	0
64557	3868	515.5	310	ffffff	1	37	21	75	109	0	0
64575	3869	515.5	310	ffffff	1	37	21	73	109	0	0
64590	3870	515.5	310	ffffff	1	37	21	73	109	0	0
64607	3871	515.5	310	ffffff	1	37	21	72	109	0	0
64625	3872	515.5	310	ffffff	1	37	21	72	109	0	0
64641	3873	515.5	310	ffffff	1	37	21	70	109	0	0
64658	3874	515.5	310	ffffff	1	37	21	70	109	0	0
64674	3875	515.5	310	ffffff	1	37	21	70	109	0	0
64690	3876	515.5	310	ffffff	1	37	21	69	109	0	0
64708	3877	515.5	310	ffffff	1	36	22	87	109	0	0
64724	3878	515.5	310	ffffff	1	37	22	87	109	0	0
64741	3879	515.5	310	ffffff	1	37	22	86	109	0	0
64758	3880	515.5	310	ffffff	1	37	21	85	109	0	0
64774	3881	515.5	310	ffffff	1	37	21	84	109	0	0
64791	3882	515.5	310	ffffff	1	37	21	84	109	0	0
64808	3883	515.5	310	ffffff	1	37	21	84	109	0	0
64825	3884	515.5	310	ffffff	1	37	21	83	109	0	0
64841	3885	515.5	310	ffffff	1	37	21	82	109	0	0
64859	3886	515.5	310	ffffff	1	37	21	82	109	0	0
64875	3887	515.5	310	ffffff	1	37	21	81	109	0	0
64892	3888	515.5	310	ffffff	1	37	21	81	109	0	0
64908	3889	515.5	310	ffffff	1	37	21	80	109	0	0
64925	3890	515.5	310	ffffff	1	37	21	80	109	0	0
64940	3891	515.5	310	ffffff	1	37	21	79	109	0	0
64958	3892	515.5	310	ffffff	1	37	21	79	109	0	0
64974	3893	515.5	310	ffffff	1	37	21	77	109	0	0
64991	3894	515.5	310	ffffff	1	37	21	77	109	0	0
65008	3895	515.5	310	ffffff	1	37	20	76	109	0	0
65025	3896	515.5	310	ffffff	1	37	20	76	109	0	0
65041	3897	515.5	310	ffffff	1	37	21	82	109	0	0
65058	3898	515.5	310	ffffff	1	37	21	81	109	0	0
65075	3899	515.5	310	ffffff	1	37	21	81	109	0	0
65091	3900	515.5	310	ffffff	1	37	21	80	109	0	0
65107	3901	515.5	310	ffffff	1	37	21	79	109	0	0
65124	3902	515.5	310	ffffff	1	37	21	79	109	0	0
65142	3903	515.5	310	ffffff	1	37	21	78	109	0	0
65159	3904	515.5	310	ffffff	1	37	21	77	109	0	0
65174	3905	515.5	310	ffffff	1	37	21	77	109	0	0
65190	3906	515.5	310	ffffff	1	37	21	76	109	0	0
65207	3907	515.5	310	ffffff	1	37	21	75	109	0	0
65224	3908	515.5	310	ffffff	1	37	21	75	109	0	0
65241	3909	515.5	310	ffffff	1	37	21	74	109	0	0
65259	3910	515.5	310	ffffff	1	37	21	73	109	0	0
65275	3911	515.5	310	ffffff	1	37	21	73	109	0	0
65291	3912	515.5	310	ffffff	1	37	20	72	109	0	0
65308	3913	515.5	310	ffffff	1	37	20	71	109	0	0
65325	3914	515.5	310	ffffff	1	36	21	78	109	0	0
65341	3915	515.5	310	ffffff	1	36	21	76	109	0	0
65358	3916	515.5	310	ffffff	1	36	21	76	109	0	0
65374	3917	515.5	310	ffffff	1	36	21	75	109	0	0
65391	3918	515.5	310	ffffff	1	36	21	75	109	0	0
65411	3919	515.5	310	ffffff	1	36	21	74	109	0	0
65426	3920	515.5	310	ffffff	1	37	21	73	109	0	0
65441	3921	515.5	310	ffffff	1	37	21	73	109	0	0
65457	3922	515.5	310	ffffff	1	37	21	72	109	0	0
65474	3923	515.5	310	ffffff	1	37	21	72	109	0	0
65491	3924	515.5	310	ffffff	1	37	21	71	109	0	0
65507	3925	515.5	310	ffffff	1	37	21	71	109	0	0
65524	3926	515.5	310	ffffff	1	37	21	70	109	0	0
65541	3927	515.5	310	ffffff	1	37	21	69	109	0	0
65558	3928	515.5	310	ffffff	1	37	21	69	109	0	0
65576	3929	515.5	310	ffffff	1	38	20	68	109	0	0
65592	3930	515.5	310	ffffff	1	38	20	68	109	0	0
65608	3931	515.5	310	ffffff	1	38	20	67	109	0	0
65625	3932	515.5	310	ffffff	1	37	21	69	109	0	0
65641	3933	515.5	310	ffffff	1	37	21	69	109	0	0
65657	3934	515.5	310	ffffff	1	38	21	68	109	0	0
65674	3935	515.5	310	ffffff	1	38	21	68	109	0	0
65691	3936	515.5	310	ffffff	1	38	21	67	109	0	0
65709	3937	515.5	310	ffffff	1	38	21	66	109	0	0
65726	3938	515.5	310	ffffff	1	38	21	66	109	0	0
65741	3939	515.5	310	ffffff	1	38	21	65	109	0	0
65758	3940	515.5	310	ffffff	1	38	21	65	109	0	0
65774	3941	515.5	310	ffffff	1	38	21	64	109	0	0
65790	3942	515.5	310	ffffff	1	38	21	64	109	0	0
65807	3943	515.5	310	ffffff	1	38	21	63	109	0	0
65824	3944	515.5	310	ffffff	1	38	21	62	109	0	0
65841	3945	515.5	310	ffffff	1	38	21	62	109	0	0
65858	3946	515.5	310	ffffff	1	38	21	61	109	0	0
65874	3947	515.5	310	ffffff	1	38	21	61	109	0	0
65891	3948	515.5	310	ffffff	1	38	22	63	109	0	0
65907	3949	515.5	310	ffffff	1	38	22	62	109	0	0
65924	3950	515.5	310	ffffff	1	38	21	61	109	0	0
65941	3951	515.5	310	ffffff	1	38	21	59	109	0	0
65958	3952	515.5	310	ffffff	1	38	21	58	109	0	0
65975	3953	515.5	310	ffffff	1	38	21	57	109	0	0
65992	3954	515.5	310	ffffff	1	38	21	55	109	0	0
66008	3955	515.5	310	ffffff	1	38	21	54	109	0	0
66025	3956	515.5	310	ffffff	1	38	21	53	109	0	0
66041	3957	515.5	310	ffffff	1	38	21	51	109	0	0
66058	3958	515.5	310	ffffff	1	38	21	50	109	0	0
66075	3959	515.5	310	ffffff	1	38	21	49	109	0	0
66090	3960	515.5	310	ffffff	1	38	21	48	109	0	0
66108	3961	515.5	310	ffffff	1	38	21	46	109	0	0
66125	3962	515.5	310	ffffff	1	38	21	45	109	0	0
66142	3963	515.5	310	ffffff	1	38	21	43	109	0	0
66158	3964	515.5	310	ffffff	1	38	21	43	109	0	0
66175	3965	515.5	310	ffffff	1	38	21	45	109	0	0
66192	3966	515.5	310	ffffff	1	38	20	45	109	0	0
66209	3967	515.5	310	ffffff	1	39	20	45	109	0	0
66224	3968	515.5	310	ffffff	1	39	20	45	109	0	0
66241	3969	515.5	310	ffffff	1	39	20	46	109	0	0
66258	3970	515.5	310	ffffff	1	39	20	46	109	0	0
66275	3971	515.5	310	ffffff	1	39	20	45	109	0	0
66291	3972	515.5	310	ffffff	1	39	20	45	109	0	0
66308	3973	515.5	310	ffffff	1	39	20	45	109	0	0
66326	3974	515.5	310	ffffff	1	39	20	44	109	0	0
66341	3975	515.5	310	ffffff	1	39	20	43	109	0	0
66359	3976	515.5	310	ffffff	1	39	20	43	109	0	0
66374	3977	515.5	310	ffffff	1	39	20	43	109	0	0
66392	3978	515.5	310	ffffff	1	40	20	42	109	0	0
66408	3979	515.5	310	ffffff	1	40	20	42	109	0	0
66426	3980	515.5	310	ffffff	1	39	21	40	109	0	0
66442	3981	515.5	310	ffffff	1	39	21	39	109	0	0
66458	3982	515.5	310	ffffff	1	39	21	38	109	0	0
66475	3983	515.5	310	ffffff	1	39	21	37	109	0	0
66493	3984	515.5	310	ffffff	1	39	21	37	109	0	0
66508	3985	515.5	310	ffffff	1	39	20	36	109	0	0
66524	3986	515.5	310	ffffff	1	39	20	35	109	0	0
66541	3987	515.5	310	ffffff	1	39	20	34	109	0	0
66558	3988	515.5	310	ffffff	1	39	20	33	109	0	0
66574	3989	515.5	310	ffffff	1	39	20	32	109	0	0
66592	3990	515.5	310	ffffff	1	39	20	31	109	0	0
66608	3991	515.5	310	ffffff	1	39	20	30	109	0	0
66624	3992	515.5	310	ffffff	1	39	20	29	109	0	0
66640	3993	515.5	310	ffffff	1	39	20	28	109	0	0
66658	3994	515.5	310	ffffff	1	39	20	26	109	0	0
66674	3995	515.5	310	ffffff	1	39	20	25	109	0	0
66691	3996	515.5	310	ffffff	1	39	20	24	109	0	0
66708	3997	515.5	310	ffffff	1	39	20	23	109	0	0
66726	3998	515.5	310	ffffff	1	39	20	24	109	0	0
66742	3999	515.5	310	ffffff	1	39	20	24	109	0	0
66759	4000	515.5	310	ffffff	1	39	20	24	109	0	0
66775	4001	515.5	310	ffffff	1	39	19	25	109	0	0
66792	4002	515.5	310	ffffff	1	39	19	25	109	0	0
66808	4003	515.5	310	ffffff	1	39	19	25	109	0	0
66826	4004	515.5	310	ffffff	1	40	19	25	109	0	0
66841	4005	515.5	310	ffffff	1	40	19	24	109	0	0
66858	4006	515.5	310	ffffff	1	40	19	24	109	0	0
66874	4007	515.5	310	ffffff	1	40	19	24	109	0	0
66891	4008	515.5	310	ffffff	1	40	19	23	109	0	0
66909	4009	515.5	310	ffffff	1	40	19	23	109	0	0
66924	4010	515.5	310	ffffff	1	40	19	22	109	0	0
66942	4011	515.5	310	ffffff	1	40	19	21	109	0	0
66958	4012	515.5	310	ffffff	1	40	19	20	109	0	0
66975	4013	515.5	310	ffffff	1	40	19	19	109	0	0
66991	4014	515.5	310	ffffff	1	39	20	18	109	0	0
67008	4015	515.5	310	ffffff	1	39	20	18	109	0	0
67027	4016	515.5	310	ffffff	1	39	20	17	109	0	0
67042	4017	515.5	310	ffffff	1	39	20	16	109	0	0
67058	4018	515.5	310	ffffff	1	39	20	15	109	0	0
67074	4019	515.5	310	ffffff	1	40	20	14	109	0	0
67092	4020	515.5	310	ffffff	1	40	20	13	109	0	0
67107	4021	515.5	310	ffffff	1	40	20	12	109	0	0
67125	4022	515.5	310	ffffff	1	40	20	11	109	0	0
67140	4023	515.5	310	ffffff	1	40	20	10	109	0	0
67157	4024	515.5	310	ffffff	1	40	20	9	109	0	0
67175	4025	515.5	310	ff0000	1	40	20	8	109	0	0
67191	4026	515.5	310	ff0000	1	40	20	7	109	0	0
67208	4027	515.5	310	ff0000	1	40	20	6	109	0	0
67224	4028	515.5	310	ff0000	1	40	20	5	109	0	0
67241	4029	515.5	310	ff0000	1	40	20	5	109	0	0
67257	4030	515.5	310	ff0000	1	40	20	5	109	0	0
67274	4031	515.5	310	ff0000	0.3	40	20	5	109	0	0
67291	4032	515.5	310	ff0000	0.3	40	20	7	109	0	0
67309	4033	515.5	310	ff0000	0.3	40	20	7	109	0	0
67325	4034	515.5	310	ff0000	0.3	40	19	7	109	0	0
67341	4035	515.5	310	ff0000	0.3	41	19	8	109	0	0
67357	4036	515.5	310	ff0000	0.3	41	19	8	109	0	0
67374	4037	515.5	310	ffffff	0.3	41	19	8	109	0	0
67390	4038	515.5	310	ffffff	1	41	19	8	109	0	0
67408	4039	515.5	310	ffffff	1	41	19	8	109	0	0
67424	4040	515.5	310	ffffff	1	41	19	8	109	0	0
67440	4041	515.5	310	ffffff	1	41	19	7	109	0	0
67457	4042	515.5	310	ffffff	1	41	19	7	109	0	0
67474	4043	515.5	310	ffffff	1	41	19	6	109	0	0
67490	4044	515.5	310	ffffff	1	41	19	6	109	0	0
67507	4045	515.5	310	ffffff	0.3	41	19	5	109	0	0
67524	4046	515.5	310	ffffff	0.3	41	19	5	109	0	0
67540	4047	515.5	310	ffffff	0.3	41	19	5	109	0	0
67558	4048	515.5	310	ffffff	0.3	40	20	43	109	0	0
67575	4049	515.5	310	ffffff	0.3	40	20	42	109	0	0
67591	4050	515.5	310	ffffff	0.3	40	20	41	109	0	0
67608	4051	515.5	310	ffffff	1	40	20	41	109	0	0
67624	4052	515.5	310	ffffff	1	41	20	40	109	0	0
67641	4053	515.5	310	ffffff	1	41	20	39	109	0	0
67657	4054	515.5	310	ffffff	1	41	20	39	109	0	0
67674	4055	515.5	310	ffffff	1	41	20	38	109	0	0
67691	4056	515.5	310	ffffff	1	41	20	37	109	0	0
67707	4057	515.5	310	ffffff	0.3	41	20	37	109	0	0
67724	4058	515.5	310	ffffff	0.3	41	20	36	109	0	0
67741	4059	515.5	310	ffffff	0.3	41	20	35	109	0	0
67757	4060	515.5	310	ffffff	0.3	41	20	34	109	0	0
67774	4061	515.5	310	ffffff	0.3	41	20	34	109	0	0
67790	4062	515.5	310	ffffff	0.3	41	20	33	109	0	0
67808	4063	515.5	310	ffffff	0.3	41	20	32	109	0	0
67824	4064	515.5	310	ffffff	1	41	20	32	109	0	0
67841	4065	515.5	310	ffffff	1	40	21	31	109	0	0
67857	4066	515.5	310	ffffff	1	40	21	30	109	0	0
67874	4067	515.5	310	ffffff	1	40	20	30	109	0	0
67891	4068	515.5	310	ffffff	1	40	20	29	109	0	0
67908	4069	515.5	310	ffffff	1	40	20	28	109	0	0
67924	4070	515.5	310	ffffff	0.3	43	20	28	109	0	0
67940	4071	515.5	310	ffffff	0.3	43	20	27	109	0	0
67957	4072	515.5	310	ffffff	0.3	43	20	26	109	0	0
67974	4073	515.5	310	ffffff	0.3	43	20	25	109	0	0
67991	4074	515.5	310	ffffff	0.3	43	20	25	109	0	0
68007	4075	515.5	310	ffffff	0.3	43	20	24	109	0	0
68024	4076	515.5	310	ffffff	0.3	43	20	23	109	0	0
68041	4077	515.5	310	ffffff	1	43	20	23	109	0	0
68057	4078	515.5	310	ffffff	1	43	20	22	109	0	0
68074	4079	515.5	310	ffffff	1	43	20	21	109	0	0
68090	4080	515.5	310	ffffff	1	43	20	21	109	0	0
68107	4081	515.5	310	ffffff	1	43	20	20	109	0	0
68124	4082	515.5	310	ffffff	1	42	21	40	109	0	0
68141	4083	515.5	310	ffffff	0.3	42	21	39	109	0	0
68157	4084	515.5	310	ffffff	0.3	42	21	39	109	0	0
68174	4085	515.5	310	ffffff	1	42	21	38	109	0	0
68190	4086	515.5	310	ffffff	1	42	21	37	109	0	0
68207	4087	515.5	310	ffffff	1	42	21	37	109	0	0
68224	4088	515.5	310	ffffff	1	42	21	36	109	0	0
68241	4089	515.5	310	ffffff	1	42	21	36	109	0	0
68257	4090	515.5	310	ffffff	1	42	21	35	109	0	0
68274	4091	515.5	310	ffffff	1	43	21	34	109	0	0
68291	4092	515.5	310	ffffff	1	43	21	34	109	0	0
68308	4093	515.5	310	ffffff	1	43	21	33	109	0	0
68325	4094	515.5	310	ffffff	1	43	21	32	109	0	0
68341	4095	515.5	310	ffffff	1	43	21	32	109	0	0
68357	4096	515.5	310	ffffff	1	43	21	31	109	0	0
68373	4097	515.5	310	ffffff	1	43	21	30	109	0	0
68390	4098	515.5	310	ffffff	1	43	21	30	109	0	0
68408	4099	515.5	310	ffffff	1	42	22	45	109	0	0
68424	4100	515.5	310	ffffff	1	42	22	43	109	0	0
68441	4101	515.5	310	ffffff	1	42	22	43	109	0	0
68458	4102	515.5	310	ffffff	1	42	21	42	109	0	0
68475	4103	515.5	310	ffffff	1	42	21	42	109	0	0
68490	4104	515.5	310	ffffff	1	42	21	42	109	0	0
68507	4105	515.5	310	ffffff	1	42	21	41	109	0	0
68524	4106	515.5	310	ffffff	1	42	21	40	109	0	0
68540	4107	515.5	310	ffffff	1	42	21	38	109	0	0
68557	4108	515.5	310	ffffff	1	43	21	37	109	0	0
68574	4109	515.5	310	ffffff	1	43	21	34	109	0	0
68591	4110	515.5	310	ff0000	1	43	21	32	109	0	0
68607	4111	515.5	310	ff0000	1	43	21	31	109	0	0
68624	4112	515.5	310	ff0000	1	43	21	29	109	0	0
68640	4113	515.5	310	ff0000	1	43	21	28	109	0	0
68657	4114	515.5	310	ff0000	1	43	21	26	109	0	0
68674	4115	515.5	310	ff0000	1	43	21	25	109	0	0
68691	4116	515.5	310	ff0000	0.3	42	22	23	109	0	0
68707	4117	515.5	310	ff0000	0.3	42	22	20	109	0	0
68725	4118	515.5	310	ff0000	0.3	43	22	19	109	0	0
68741	4119	515.5	310	ff0000	0.3	43	21	17	109	0	0
68759	4120	515.5	310	ff0000	0.3	43	21	16	109	0	0
68774	4121	515.5	310	ff0000	0.3	43	21	14	109	0	0
68791	4122	515.5	310	ffffff	1	43	21	12	109	0	0
68807	4123	515.5	310	ffffff	1	43	21	11	109	0	0
68824	4124	515.5	310	ffffff	1	43	21	9	109	0	0
68840	4125	515.5	310	ffffff	1	43	21	7	109	0	0
68857	4126	515.5	310	ffffff	1	43	21	5	109	0	0
68874	4127	515.5	310	ffffff	1	43	21	3	109	0	0
68890	4128	515.5	310	ffffff	0.3	43	21	3	109	0	0
68907	4129	515.5	310	ffffff	0.3	43	21	3	109	0	0
68924	4130	515.5	310	ffffff	0.3	43	21	3	109	0	0
68940	4131	515.5	310	ffffff	0.3	43	21	3	109	0	0
68957	4132	515.5	310	ffffff	0.3	43	21	3	109	0	0
68975	4133	515.5	310	ffffff	0.3	43	21	3	109	0	0
68992	4134	515.5	310	ffffff	1	43	21	6	109	0	0
69007	4135	515.5	310	ffffff	1	43	21	6	109	0	0
69024	4136	515.5	310	ffffff	1	43	20	6	109	0	0
69041	4137	515.5	310	ffffff	1	43	20	6	109	0	0
69057	4138	515.5	310	ffffff	1	43	20	5	109	0	0
69074	4139	515.5	310	ffffff	1	43	20	5	109	0	0
69090	4140	515.5	310	ffffff	1	43	20	6	109	0	0
69108	4141	515.5	310	ffffff	0.3	44	20	6	109	0	0
69124	4142	515.5	310	ffffff	0.3	44	20	5	109	0	0
69141	4143	515.5	310	ffffff	0.3	44	20	6	109	0	0
69157	4144	515.5	310	ffffff	0.3	44	20	5	109	0	0
69174	4145	515.5	310	ffffff	0.3	44	20	4	109	0	0
69190	4146	515.5	310	ffffff	0.3	44	20	5	109	0	0
69207	4147	515.5	310	ffffff	0.3	44	20	5	109	0	0
69224	4148	515.5	310	ffffff	1	44	20	4	109	0	0
69241	4149	515.5	310	ffffff	1	44	20	5	109	0	0
69257	4150	515.5	310	ffffff	1	44	20	4	109	0	0
69274	4151	515.5	310	ffffff	1	44	20	6	109	0	0
69290	4152	515.5	310	ffffff	1	44	19	6	109	0	0
69308	4153	515.5	310	ffffff	1	44	19	6	109	0	0
69324	4154	515.5	310	ffffff	0.3	44	19	6	109	0	0
69340	4155	515.5	310	ffffff	0.3	45	19	6	109	0	0
69357	4156	515.5	310	ffffff	0.3	45	19	5	109	0	0
69374	4157	515.5	310	ffffff	0.3	45	19	5	109	0	0
69390	4158	515.5	310	ffffff	0.3	45	19	4	109	0	0
69407	4159	515.5	310	ffffff	0.3	45	19	6	109	0	0
69424	4160	515.5	310	ffffff	1	45	19	5	109	0	0
69441	4161	515.5	310	ffffff	1	45	19	4	109	0	0
69457	4162	515.5	310	ffffff	1	45	19	5	109	0	0
69473	4163	515.5	310	ffffff	1	45	19	4	109	0	0
69491	4164	515.5	310	ffffff	1	45	19	5	109	0	0
69507	4165	515.5	310	ffffff	1	45	19	4	109	0	0
69523	4166	515.5	310	ffffff	1	45	19	4	109	0	0
69541	4167	515.5	310	ffffff	0.3	44	20	5	109	0	0
69557	4168	515.5	310	ffffff	0.3	44	20	4	109	0	0
69574	4169	515.5	310	ffffff	0.3	44	19	4	109	0	0
69591	4170	515.5	310	ffffff	1	45	19	5	109	0	0
69607	4171	515.5	310	ffffff	1	45	19	5	109	0	0
69624	4172	515.5	310	ffffff	1	45	19	4	109	0	0
69640	4173	515.5	310	ffffff	1	45	19	4	109	0	0
69657	4174	515.5	310	ffffff	1	45	19	4	109	0	0
69674	4175	515.5	310	ffffff	1	45	19	5	109	0	0
69691	4176	515.5	310	ff0000	1	45	19	5	109	0	0
69708	4177	515.5	310	ff0000	1	45	19	4	109	0	0
69724	4178	515.5	310	ff0000	1	45	19	4	109	0	0
69740	4179	515.5	310	ff0000	1	45	19	4	109	0	0
69757	4180	515.5	310	ff0000	1	45	19	4	109	0	0
69774	4181	515.5	310	ff0000	1	45	19	4	109	0	0
69790	4182	515.5	310	ff0000	0.3	45	19	4	109	0	0
69807	4183	515.5	310	ff0000	0.3	45	19	5	109	0	0
69824	4184	515.5	310	ff0000	0.3	44	20	5	109	0	0
69841	4185	515.5	310	ff0000	0.3	44	20	3	109	0	0
69857	4186	515.5	310	ff0000	0.3	45	20	3	109	0	0
69874	4187	515.5	310	ff0000	0.3	45	20	3	109	0	0
69890	4188	515.5	310	ffffff	1	45	20	4	109	0	0
69907	4189	515.5	310	ffffff	1	45	20	4	109	0	0
69924	4190	515.5	310	ffffff	1	45	20	4	109	0	0
69940	4191	515.5	310	ffffff	1	45	20	4	109	0	0
69958	4192	515.5	310	ffffff	1	45	20	4	109	0	0
69974	4193	515.5	310	ffffff	1	45	20	4	109	0	0
69991	4194	515.5	310	ffffff	0.3	45	20	4	109	0	0
70007	4195	515.5	310	ffffff	0.3	45	20	4	109	0	0
70024	4196	515.5	310	ffffff	0.3	45	20	4	109	0	0
70040	4197	515.5	310	ffffff	0.3	45	20	4	109	0	0
70057	4198	515.5	310	ffffff	0.3	45	20	4	109	0	0
70074	4199	515.5	310	ffffff	0.3	45	20	4	109	0	0
70090	4200	515.5	310	ffffff	0.3	45	20	4	109	0	0
70107	4201	515.5	310	ffffff	1	44	21	4	109	0	0
70124	4202	515.5	310	ffffff	1	44	21	4	109	0	0
70141	4203	515.5	310	ffffff	1	45	21	4	109	0	0
70159	4204	515.5	310	ffffff	1	45	21	4	109	0	0
70175	4205	515.5	310	ffffff	1	45	21	4	109	0	0
70191	4206	515.5	310	ffffff	1	45	21	4	109	0	0
70207	4207	515.5	310	ffffff	0.3	45	21	4	109	0	0
70224	4208	515.5	310	ffffff	0.3	45	21	4	109	0	0
70241	4209	515.5	310	ffffff	0.3	45	21	4	109	0	0
70258	4210	515.5	310	ffffff	0.3	45	21	4	109	0	0
70274	4211	515.5	310	ffffff	0.3	45	21	4	109	0	0
70290	4212	515.5	310	ffffff	0.3	45	21	4	109	0	0
70307	4213	515.5	310	ffffff	1	45	21	5	109	0	0
70324	4214	515.5	310	ffffff	1	45	21	5	109	0	0
70341	4215	515.5	310	ffffff	1	45	21	5	109	0	0
70357	4216	515.5	310	ffffff	1	45	21	5	109	0	0
70374	4217	515.5	310	ffffff	1	45	21	5	109	0	0
70390	4218	515.5	310	ffffff	1	44	22	5	109	0	0
70407	4219	515.5	310	ffffff	0.3	44	22	5	109	0	0
70423	4220	515.5	310	ffffff	0.3	44	22	5	109	0	0
70441	4221	515.5	310	ffffff	0.3	45	21	5	109	0	0
70457	4222	515.5	310	ffffff	0.3	45	21	5	109	0	0
70474	4223	515.5	310	ffffff	0.3	46	21	5	109	0	0
70491	4224	515.5	310	ffffff	0.3	46	21	5	109	0	0
70508	4225	515.5	310	ffffff	1	46	21	5	109	0	0
70524	4226	515.5	310	ffffff	1	46	21	5	109	0	0
70541	4227	515.5	310	ffffff	1	46	21	5	109	0	0
70558	4228	515.5	310	ffffff	1	46	21	5	109	0	0
70574	4229	515.5	310	ffffff	1	46	21	5	109	0	0
70590	4230	515.5	310	ffffff	1	46	21	5	109	0	0
70608	4231	515.5	310	ffffff	0.3	46	21	5	109	0	0
70625	4232	515.5	310	ffffff	0.3	46	21	5	109	0	0
70641	4233	515.5	310	ffffff	0.3	46	21	5	109	0	0
70658	4234	515.5	310	ffffff	0.3	46	21	5	109	0	0
70675	4235	515.5	310	ffffff	0.3	45	22	5	109	0	0
70692	4236	515.5	310	ff0000	1	45	22	5	109	0	0
70709	4237	515.5	310	ff0000	1	45	21	5	109	0	0
70725	4238	515.5	310	ff0000	1	45	21	5	109	0	0
70741	4239	515.5	310	ff0000	1	45	21	5	109	0	0
70758	4240	515.5	310	ff0000	1	45	21	5	109	0	0
70775	4241	515.5	310	ff0000	1	45	21	5	109	0	0
70792	4242	515.5	310	ff0000	0.3	46	21	5	109	0	0
70808	4243	515.5	310	ff0000	0.3	46	21	5	109	0	0
70825	4244	515.5	310	ff0000	0.3	46	21	5	109	0	0
70840	4245	515.5	310	ff0000	0.3	46	21	5	109	0	0
70858	4246	515.5	310	ff0000	0.3	46	21	5	109	0	0
70874	4247	515.5	310	ff0000	0.3	46	21	5	109	0	0
70891	4248	515.5	310	ffffff	0.3	46	21	5	109	0	0
70910	4249	515.5	310	ffffff	1	46	21	5	109	0	0
70925	4250	515.5	310	ffffff	1	46	21	5	109	0	0
70942	4251	515.5	310	ffffff	1	46	21	5	109	0	0
70959	4252	515.5	310	ffffff	1	45	22	5	109	0	0
70974	4253	515.5	310	ffffff	1	45	22	5	109	0	0
70992	4254	515.5	310	ffffff	1	45	21	5	109	0	0
71009	4255	515.5	310	ffffff	0.3	45	21	5	109	0	0
71025	4256	515.5	310	ffffff	0.3	45	21	5	109	0	0
71041	4257	515.5	310	ffffff	0.3	45	21	5	109	0	0
71059	4258	515.5	310	ffffff	0.3	45	21	5	109	0	0
71075	4259	515.5	310	ffffff	0.3	46	21	5	109	0	0
71093	4260	515.5	310	ffffff	0.3	46	21	5	109	0	0
71108	4261	515.5	310	ffffff	0.3	46	21	5	109	0	0
71124	4262	515.5	310	ffffff	1	46	21	5	109	0	0
71141	4263	515.5	310	ffffff	1	46	21	5	109	0	0
71158	4264	515.5	310	ffffff	1	46	21	5	109	0	0
71174	4265	515.5	310	ffffff	1	46	21	5	109	0	0
71191	4266	515.5	310	ffffff	1	46	21	5	109	0	0
71207	4267	515.5	310	ffffff	1	46	21	5	109	0	0
71224	4268	515.5	310	ffffff	1	46	21	5	109	0	0
71241	4269	515.5	310	ffffff	0.3	45	22	5	109	0	0
71258	4270	515.5	310	ffffff	0.3	45	22	5	109	0	0
71275	4271	515.5	310	ffffff	0.3	45	22	4	109	0	0
71291	4272	515.5	310	ffffff	0.3	45	22	4	109	0	0
71309	4273	515.5	310	ffffff	0.3	45	21	4	109	0	0
71325	4274	515.5	310	ffffff	0.3	45	21	4	109	0	0
71342	4275	515.5	310	ffffff	1	45	21	4	109	0	0
71358	4276	515.5	310	ffffff	1	45	21	4	109	0	0
71375	4277	515.5	310	ffffff	1	45	21	4	109	0	0
71391	4278	515.5	310	ffffff	1	45	21	4	109	0	0
71408	4279	515.5	310	ffffff	1	45	21	4	109	0	0
71425	4280	515.5	310	ffffff	1	46	21	4	109	0	0
71441	4281	515.5	310	ffffff	1	46	21	4	109	0	0
71458	4282	515.5	310	ffffff	0.3	46	21	4	109	0	0
71475	4283	515.5	310	ffffff	0.3	46	21	4	109	0	0
71491	4284	515.5	310	ffffff	0.3	46	21	4	109	0	0
71508	4285	515.5	310	ffffff	0.3	46	21	4	109	0	0
71525	4286	515.5	310	ffffff	0.3	45	22	4	109	0	0
71542	4287	515.5	310	ffffff	0.3	45	22	4	109	0	0
71557	4288	515.5	310	ffffff	0.3	45	22	4	109	0	0
71575	4289	515.5	310	ffffff	1	45	21	4	109	0	0
71591	4290	515.5	310	ffffff	1	45	21	4	109	0	0
71608	4291	515.5	310	ffffff	1	45	21	4	109	0	0
71624	4292	515.5	310	ffffff	1	46	21	4	109	0	0
71641	4293	515.5	310	ffffff	1	46	21	4	109	0	0
71658	4294	515.5	310	ffffff	1	46	21	4	109	0	0
71675	4295	515.5	310	ffffff	1	46	21	4	109	0	0
71691	4296	515.5	310	ffffff	0.3	46	21	4	109	0	0
71708	4297	515.5	310	ff0000	1	46	21	4	109	0	0
71726	4298	515.5	310	ff0000	1	46	21	4	109	0	0
71741	4299	515.5	310	ff0000	1	46	21	4	109	0	0
71757	4300	515.5	310	ff0000	1	46	21	4	109	0	0
71774	4301	515.5	310	ff0000	1	46	21	4	109	0	0
71791	4302	515.5	310	ff0000	1	46	21	4	109	0	0
71807	4303	515.5	310	ff0000	1	45	22	4	109	0	0
71825	4304	515.5	310	ff0000	0.3	45	22	4	109	0	0
71841	4305	515.5	310	ff0000	0.3	45	22	4	109	0	0
71858	4306	515.5	310	ff0000	0.3	47	21	4	109	0	0
71874	4307	515.5	310	ff0000	0.3	47	21	4	109	0	0
71890	4308	515.5	310	ff0000	0.3	47	21	4	109	0	0
71907	4309	515.5	310	ff0000	0.3	47	21	4	109	0	0
71924	4310	515.5	310	ffffff	0.3	47	21	4	109	0	0
71941	4311	515.5	310	ffffff	1	47	21	4	109	0	0
71957	4312	515.5	310	ffffff	1	47	21	4	109	0	0
71974	4313	515.5	310	ffffff	1	47	21	4	109	0	0
71991	4314	515.5	310	ffffff	1	47	21	4	109	0	0
72007	4315	515.5	310	ffffff	1	47	21	4	109	0	0
72023	4316	515.5	310	ffffff	1	47	21	4	109	0	0
72041	4317	515.5	310	ffffff	1	47	21	4	109	0	0
72058	4318	515.5	310	ffffff	0.3	47	21	4	109	0	0
72074	4319	515.5	310	ffffff	0.3	47	21	4	109	0	0
72091	4320	515.5	310	ffffff	0.3	46	22	4	109	0	0
72107	4321	515.5	310	ffffff	0.3	47	22	4	109	0	0
72124	4322	515.5	310	ffffff	0.3	47	22	4	109	0	0
72141	4323	515.5	310	ffffff	0.3	47	21	4	109	0	0
72158	4324	515.5	310	ffffff	0.3	47	21	4	109	0	0
72174	4325	515.5	310	ffffff	1	47	21	4	109	0	0
72191	4326	515.5	310	ffffff	1	47	21	4	109	0	0
72207	4327	515.5	310	ffffff	1	47	21	4	109	0	0
72224	4328	515.5	310	ffffff	1	47	21	4	109	0	0
72240	4329	515.5	310	ffffff	1	47	21	4	109	0	0
72257	4330	515.5	310	ffffff	1	47	21	4	109	0	0
72274	4331	515.5	310	ffffff	0.3	47	21	4	109	0	0
72290	4332	515.5	310	ffffff	0.3	47	21	4	109	0	0
72307	4333	515.5	310	ffffff	0.3	47	21	4	109	0	0
72324	4334	515.5	310	ffffff	0.3	47	21	4	109	0	0
72340	4335	515.5	310	ffffff	0.3	47	21	4	109	0	0
72357	4336	515.5	310	ffffff	0.3	47	21	4	109	0	0
72374	4337	515.5	310	ffffff	1	47	22	4	109	0	0
72391	4338	515.5	310	ffffff	1	47	22	4	109	0	0
72407	4339	515.5	310	ffffff	1	47	21	4	109	0	0
72424	4340	515.5	310	ffffff	1	47	21	4	109	0	0
72440	4341	515.5	310	ffffff	1	47	21	4	109	0	0
72457	4342	515.5	310	ffffff	1	47	21	4	109	0	0
72474	4343	515.5	310	ffffff	0.3	47	21	4	109	0	0
72490	4344	515.5	310	ffffff	0.3	47	21	4	109	0	0
72507	4345	515.5	310	ffffff	0.3	47	21	4	109	0	0
72524	4346	515.5	310	ffffff	0.3	47	21	4	109	0	0
72540	4347	515.5	310	ffffff	0.3	47	21	4	109	0	0
72557	4348	515.5	310	ffffff	0.3	47	21	4	109	0	0
72574	4349	515.5	310	ffffff	0.3	47	21	4	109	0	0
72590	4350	515.5	310	ffffff	1	47	21	4	109	0	0
72607	4351	515.5	310	ffffff	1	47	21	4	109	0	0
72624	4352	515.5	310	ffffff	1	47	21	4	109	0	0
72640	4353	515.5	310	ffffff	1	47	21	4	109	0	0
72657	4354	515.5	310	ffffff	1	47	22	4	109	0	0
72674	4355	515.5	310	ffffff	1	47	22	4	109	0	0
72691	4356	515.5	310	ffffff	0.3	47	21	4	109	0	0
72708	4357	515.5	310	ffffff	0.3	47	21	4	109	0	0
72724	4358	515.5	310	ff0000	1	47	21	4	109	0	0
72741	4359	515.5	310	ff0000	1	47	21	4	109	0	0
72757	4360	515.5	310	ff0000	1	47	21	4	109	0	0
72774	4361	515.5	310	ff0000	1	47	21	4	109	0	0
72790	4362	515.5	310	ff0000	1	47	21	4	109	0	0
72807	4363	515.5	310	ff0000	1	47	21	4	109	0	0
72824	4364	515.5	310	ff0000	1	47	21	4	109	0	0
72840	4365	515.5	310	ff0000	0.3	47	21	4	109	0	0
72857	4366	515.5	310	ff0000	0.3	47	21	4	109	0	0
72874	4367	515.5	310	ff0000	0.3	47	21	4	109	0	0
72890	4368	515.5	310	ff0000	0.3	47	21	4	109	0	0
72908	4369	515.5	310	ff0000	0.3	47	21	4	109	0	0
72924	4370	515.5	310	ffffff	0.3	47	21	4	109	0	0
72942	4371	515.5	310	ffffff	1	46	22	4	109	0	0
72958	4372	515.5	310	ffffff	1	47	22	4	109	0	0
72974	4373	515.5	310	ffffff	1	47	21	4	109	0	0
72991	4374	515.5	310	ffffff	1	47	21	4	109	0	0
73007	4375	515.5	310	ffffff	1	47	21	4	109	0	0
73024	4376	515.5	310	ffffff	1	47	21	4	109	0	0
73041	4377	515.5	310	ffffff	0.3	48	21	4	109	0	0
73057	4378	515.5	310	ffffff	0.3	48	21	4	109	0	0
73074	4379	515.5	310	ffffff	0.3	48	21	4	109	0	0
73090	4380	515.5	310	ffffff	0.3	48	21	4	109	0	0
73107	4381	515.5	310	ffffff	0.3	48	21	4	109	0	0
73124	4382	515.5	310	ffffff	0.3	48	21	4	109	0	0
73140	4383	515.5	310	ffffff	1	48	21	4	109	0	0
73157	4384	515.5	310	ffffff	1	48	21	4	109	0	0
73174	4385	515.5	310	ffffff	1	48	21	4	109	0	0
73190	4386	515.5	310	ffffff	1	48	21	4	109	0	0
73207	4387	515.5	310	ffffff	1	48	21	4	109	0	0
73224	4388	515.5	310	ffffff	1	47	22	4	109	0	0
73241	4389	515.5	310	ffffff	0.3	47	22	4	109	0	0
73257	4390	515.5	310	ffffff	0.3	47	21	4	109	0	0
73274	4391	515.5	310	ffffff	0.3	47	21	4	109	0	0
73290	4392	515.5	310	ffffff	0.3	47	21	4	109	0	0
73307	4393	515.5	310	ffffff	0.3	47	21	4	109	0	0
73324	4394	515.5	310	ffffff	0.3	47	21	4	109	0	0
73341	4395	515.5	310	ffffff	0.3	47	21	4	109	0	0
73358	4396	515.5	310	ffffff	1	47	21	4	109	0	0
73374	4397	515.5	310	ffffff	1	47	21	4	109	0	0
73390	4398	515.5	310	ffffff	1	47	21	4	109	0	0
73408	4399	515.5	310	ffffff	1	47	21	4	109	0	0
73424	4400	515.5	310	ffffff	1	48	21	4	109	0	0
73441	4401	515.5	310	ffffff	1	48	21	4	109	0	0
73457	4402	515.5	310	ffffff	0.3	48	21	4	109	0	0
73473	4403	515.5	310	ffffff	0.3	48	21	4	109	0	0
73490	4404	515.5	310	ffffff	0.3	48	21	4	109	0	0
73507	4405	515.5	310	ffffff	0.3	47	22	4	109	0	0
73524	4406	515.5	310	ffffff	0.3	47	22	4	109	0	0
73540	4407	515.5	310	ffffff	0.3	47	22	4	109	0	0
73557	4408	515.5	310	ffffff	1	47	21	4	109	0	0
73574	4409	515.5	310	ffffff	1	48	21	4	109	0	0
73591	4410	515.5	310	ffffff	1	48	21	4	109	0	0
73607	4411	515.5	310	ffffff	1	48	21	4	109	0	0
73624	4412	515.5	310	ffffff	1	48	21	4	109	0	0
73640	4413	515.5	310	ffffff	1	48	21	4	109	0	0
73657	4414	515.5	310	ffffff	1	48	21	4	109	0	0
73673	4415	515.5	310	ffffff	0.3	48	21	4	109	0	0
73690	4416	515.5	310	ffffff	0.3	48	21	4	109	0	0
73707	4417	515.5	310	ffffff	0.3	48	21	4	109	0	0
73724	4418	515.5	310	ff0000	1	48	21	4	109	0	0
73741	4419	515.5	310	ff0000	1	48	21	4	109	0	0
73757	4420	515.5	310	ff0000	1	48	21	4	109	0	0
73774	4421	515.5	310	ff0000	1	48	21	4	109	0	0
73791	4422	515.5	310	ff0000	1	47	22	4	109	0	0
73807	4423	515.5	310	ff0000	1	47	22	4	109	0	0
73824	4424	515.5	310	ff0000	0.3	47	22	4	109	0	0
73840	4425	515.5	310	ff0000	0.3	47	21	4	109	0	0
73858	4426	515.5	310	ff0000	0.3	47	21	4	109	0	0
73874	4427	515.5	310	ff0000	0.3	47	21	4	109	0	0
73890	4428	515.5	310	ff0000	0.3	47	21	4	109	0	0
73907	4429	515.5	310	ff0000	0.3	47	21	4	109	0	0
73924	4430	515.5	310	ffffff	1	48	21	4	109	0	0
73941	4431	515.5	310	ffffff	1	48	21	4	109	0	0
73958	4432	515.5	310	ffffff	1	48	21	4	109	0	0
73975	4433	515.5	310	ffffff	1	48	21	4	109	0	0
73990	4434	515.5	310	ffffff	1	48	21	4	109	0	0
74007	4435	515.5	310	ffffff	1	48	21	4	109	0	0
74023	4436	515.5	310	ffffff	0.3	48	21	4	109	0	0
74040	4437	515.5	310	ffffff	0.3	48	21	4	109	0	0
74057	4438	515.5	310	ffffff	0.3	48	21	4	109	0	0
74074	4439	515.5	310	ffffff	0.3	47	22	4	109	0	0
74091	4440	515.5	310	ffffff	0.3	47	22	4	109	0	0
74108	4441	515.5	310	ffffff	0.3	47	21	4	109	0	0
74124	4442	515.5	310	ffffff	1	48	21	4	109	0	0
74141	4443	515.5	310	ffffff	1	48	21	4	109	0	0
74157	4444	515.5	310	ffffff	1	48	21	4	109	0	0
74174	4445	515.5	310	ffffff	1	48	21	4	109	0	0
74190	4446	515.5	310	ffffff	1	48	21	4	109	0	0
74207	4447	515.5	310	ffffff	1	48	21	4	109	0	0
74224	4448	515.5	310	ffffff	0.3	48	21	4	109	0	0
74241	4449	515.5	310	ffffff	0.3	48	21	4	109	0	0
74257	4450	515.5	310	ffffff	0.3	48	21	4	109	0	0
74274	4451	515.5	310	ffffff	0.3	48	21	4	109	0	0
74290	4452	515.5	310	ffffff	0.3	48	21	4	109	0	0
74307	4453	515.5	310	ffffff	0.3	48	21	4	109	0	0
74324	4454	515.5	310	ffffff	1	48	21	4	109	0	0
74340	4455	515.5	310	ffffff	1	48	21	4	109	0	0
74358	4456	515.5	310	ffffff	1	48	22	4	109	0	0
74374	4457	515.5	310	ffffff	1	48	22	4	109	0	0
74391	4458	515.5	310	ffffff	1	48	21	4	109	0	0
74408	4459	515.5	310	ffffff	1	48	21	4	109	0	0
74423	4460	515.5	310	ffffff	1	48	21	4	109	0	0
74440	4461	515.5	310	ffffff	0.3	48	21	4	109	0	0
74457	4462	515.5	310	ffffff	0.3	48	21	4	109	0	0
74474	4463	515.5	310	ffffff	0.3	48	21	4	109	0	0
74490	4464	515.5	310	ffffff	0.3	48	21	4	109	0	0
74507	4465	515.5	310	ffffff	0.3	48	21	4	109	0	0
74524	4466	515.5	310	ffffff	0.3	48	21	4	109	0	0
74540	4467	515.5	310	ffffff	1	48	21	4	109	0	0
74557	4468	515.5	310	ffffff	1	48	21	4	109	0	0
74574	4469	515.5	310	ffffff	1	48	21	4	109	0	0
74590	4470	515.5	310	ffffff	1	48	21	4	109	0	0
74608	4471	515.5	310	ffffff	1	49	21	4	109	0	0
74623	4472	515.5	310	ffffff	1	49	21	4	109	0	0
74640	4473	515.5	310	ffffff	1	48	22	4	109	0	0
74658	4474	515.5	310	ffffff	0.3	48	22	4	109	0	0
74674	4475	515.5	310	ffffff	0.3	48	22	4	109	0	0
74691	4476	515.5	310	ffffff	0.3	48	21	4	109	0	0
74707	4477	515.5	310	ffffff	0.3	48	21	4	109	0	0
74724	4478	515.5	310	ffffff	1	48	21	4	109	0	0
74741	4479	515.5	310	ff0000	1	48	21	4	109	0	0
74757	4480	515.5	310	ff0000	1	48	21	4	109	0	0
74774	4481	515.5	310	ff0000	1	48	21	4	109	0	0
74790	4482	515.5	310	ff0000	1	48	21	4	109	0	0
74807	4483	515.5	310	ff0000	1	48	21	4	109	0	0
74824	4484	515.5	310	ff0000	1	48	21	4	109	0	0
74840	4485	515.5	310	ff0000	1	48	21	4	109	0	0
74857	4486	515.5	310	ff0000	0.3	48	21	4	109	0	0
74874	4487	515.5	310	ff0000	0.3	49	21	4	109	0	0
74890	4488	515.5	310	ff0000	0.3	49	21	4	109	0	0
74907	4489	515.5	310	ff0000	0.3	49	21	4	109	0	0
74924	4490	515.5	310	ff0000	0.3	48	22	4	109	0	0
74941	4491	515.5	310	ff0000	0.3	48	22	4	109	0	0
74957	4492	515.5	310	ffffff	0.3	48	21	4	109	0	0
74974	4493	515.5	310	ffffff	1	48	21	4	109	0	0
74991	4494	515.5	310	ffffff	1	48	21	4	109	0	0
75008	4495	515.5	310	ffffff	1	48	21	4	109	0	0
75024	4496	515.5	310	ffffff	1	48	21	4	109	0	0
75040	4497	515.5	310	ffffff	1	48	21	4	109	0	0
75057	4498	515.5	310	ffffff	1	48	21	4	109	0	0
75074	4499	515.5	310	ffffff	1	48	21	4	109	0	0
75090	4500	515.5	310	ffffff	0.3	48	21	4	109	0	0
75107	4501	515.5	310	ffffff	0.3	48	21	4	109	0	0
75124	4502	515.5	310	ffffff	0.3	48	21	4	109	0	0
75140	4503	515.5	310	ffffff	0.3	48	21	4	109	0	0
75158	4504	515.5	310	ffffff	0.3	49	21	4	109	0	0
75174	4505	515.5	310	ffffff	0.3	49	21	4	109	0	0
75191	4506	515.5	310	ffffff	1	49	21	4	109	0	0
75208	4507	515.5	310	ffffff	1	49	21	4	109	0	0
75224	4508	515.5	310	ffffff	1	49	21	4	109	0	0
75241	4509	515.5	310	ffffff	1	49	20	4	109	0	0
75257	4510	515.5	310	ffffff	1	49	20	4	109	0	0
75274	4511	515.5	310	ffffff	1	49	20	4	109	0	0
75290	4512	515.5	310	ffffff	0.3	49	20	4	109	0	0
75307	4513	515.5	310	ffffff	0.3	49	20	4	109	0	0
75324	4514	515.5	310	ffffff	0.3	49	20	4	109	0	0
75341	4515	515.5	310	ffffff	0.3	49	20	4	109	0	0
75357	4516	515.5	310	ffffff	0.3	49	20	4	109	0	0
75374	4517	515.5	310	ffffff	0.3	49	20	4	109	0	0
75390	4518	515.5	310	ffffff	0.3	49	20	4	109	0	0
75407	4519	515.5	310	ffffff	1	49	20	4	109	0	0
75423	4520	515.5	310	ffffff	1	49	20	4	109	0	0
75440	4521	515.5	310	ffffff	1	49	20	4	109	0	0
75457	4522	515.5	310	ffffff	1	50	20	4	109	0	0
75473	4523	515.5	310	ffffff	1	50	20	4	109	0	0
75491	4524	515.5	310	ffffff	1	50	20	4	109	0	0
75507	4525	515.5	310	ffffff	1	50	20	4	109	0	0
75525	4526	515.5	310	ffffff	0.3	50	19	4	109	0	0
75541	4527	515.5	310	ffffff	0.3	50	19	4	109	0	0
75558	4528	515.5	310	ffffff	0.3	50	19	4	109	0	0
75574	4529	515.5	310	ffffff	0.3	50	19	4	109	0	0
75590	4530	515.5	310	ffffff	0.3	50	19	4	109	0	0
75608	4531	515.5	310	ffffff	0.3	52	19	4	109	0	0
75624	4532	515.5	310	ffffff	1	52	19	4	109	0	0
75641	4533	515.5	310	ffffff	1	52	19	4	109	0	0
75658	4534	515.5	310	ffffff	1	52	19	4	109	0	0
75674	4535	515.5	310	ffffff	1	52	19	4	109	0	0
75692	4536	515.5	310	ffffff	1	52	19	4	109	0	0
75709	4537	515.5	310	ffffff	1	52	19	4	109	0	0
75724	4538	515.5	310	ffffff	1	52	19	4	109	0	0
75742	4539	515.5	310	ff0000	1	52	19	4	109	0	0
75758	4540	515.5	310	ff0000	1	52	19	4	109	0	0
75775	4541	515.5	310	ff0000	1	52	19	4	109	0	0
75793	4542	515.5	310	ff0000	1	52	19	4	109	0	0
75808	4543	515.5	310	ff0000	1	52	18	4	109	0	0
75825	4544	515.5	310	ff0000	1	52	18	4	109	0	0
75842	4545	515.5	310	ff0000	0.3	52	18	4	109	0	0
75857	4546	515.5	310	ff0000	0.3	52	18	4	109	0	0
75874	4547	515.5	310	ff0000	0.3	52	18	4	109	0	0
75891	4548	515.5	310	ff0000	0.3	52	18	4	109	0	0
75907	4549	515.5	310	ff0000	0.3	52	18	4	109	0	0
75924	4550	515.5	310	ff0000	0.3	53	18	4	109	0	0
75941	4551	515.5	310	ffffff	0.3	53	18	4	109	0	0
75958	4552	515.5	310	ffffff	1	53	18	4	109	0	0
75975	4553	515.5	310	ffffff	1	53	18	4	109	0	0
75991	4554	515.5	310	ffffff	1	53	18	4	109	0	0
76008	4555	515.5	310	ffffff	1	53	18	4	109	0	0
76025	4556	515.5	310	ffffff	1	53	18	4	109	0	0
76041	4557	515.5	310	ffffff	1	53	18	4	109	0	0
76058	4558	515.5	310	ffffff	1	52	19	4	109	0	0
76075	4559	515.5	310	ffffff	0.3	52	19	4	109	0	0
76091	4560	515.5	310	ffffff	0.3	52	19	4	109	0	0
76108	4561	515.5	310	ffffff	0.3	52	19	4	109	0	0
76125	4562	515.5	310	ffffff	0.3	52	19	4	109	0	0
76142	4563	515.5	310	ffffff	0.3	52	19	4	109	0	0
76158	4564	515.5	310	ffffff	0.3	52	19	4	109	0	0
76175	4565	515.5	310	ffffff	0.3	52	19	4	109	0	0
76191	4566	515.5	310	ffffff	1	52	19	4	109	0	0
76208	4567	515.5	310	ffffff	1	52	19	4	109	0	0
76225	4568	515.5	310	ffffff	1	52	19	4	109	0	0
76241	4569	515.5	310	ffffff	1	53	19	4	109	0	0
76258	4570	515.5	310	ffffff	1	53	19	4	109	0	0
76274	4571	515.5	310	ffffff	1	53	19	4	109	0	0
76291	4572	515.5	310	ffffff	0.3	53	19	4	109	0	0
76308	4573	515.5	310	ffffff	0.3	53	19	4	109	0	0
76325	4574	515.5	310	ffffff	0.3	53	19	4	109	0	0
76341	4575	515.5	310	ffffff	0.3	52	20	4	109	0	0
76358	4576	515.5	310	ffffff	0.3	52	20	4	109	0	0
76375	4577	515.5	310	ffffff	0.3	52	20	4	109	0	0
76392	4578	515.5	310	ffffff	1	52	20	4	109	0	0
76408	4579	515.5	310	ffffff	1	52	20	4	109	0	0
76424	4580	515.5	310	ffffff	1	53	20	4	109	0	0
76441	4581	515.5	310	ffffff	1	53	20	4	109	0	0
76458	4582	515.5	310	ffffff	1	53	20	4	109	0	0
76475	4583	515.5	310	ffffff	1	53	20	4	109	0	0
76491	4584	515.5	310	ffffff	1	53	20	4	109	0	0
76508	4585	515.5	310	ffffff	0.3	53	20	4	109	0	0
76524	4586	515.5	310	ffffff	0.3	53	20	4	109	0	0
76541	4587	515.5	310	ffffff	0.3	53	20	4	109	0	0
76558	4588	515.5	310	ffffff	0.3	53	20	4	109	0	0
76575	4589	515.5	310	ffffff	0.3	53	20	4	109	0	0
76591	4590	515.5	310	ffffff	0.3	53	20	4	109	0	0
76610	4591	515.5	310	ffffff	1	53	20	4	109	0	0
76625	4592	515.5	310	ffffff	1	53	21	4	109	0	0
76642	4593	515.5	310	ffffff	1	53	21	4	109	0	0
76659	4594	515.5	310	ffffff	1	53	21	4	109	0	0
76675	4595	515.5	310	ffffff	1	53	21	4	109	0	0
76691	4596	515.5	310	ffffff	1	53	21	4	109	0	0
76708	4597	515.5	310	ffffff	1	53	21	4	109	0	0
76725	4598	515.5	310	ffffff	0.3	53	21	4	109	0	0
76742	4599	515.5	310	ffffff	1	53	21	4	109	0	0
76758	4600	515.5	310	ffffff	1	53	21	4	109	0	0
76776	4601			ffffff	1	53	20		109	0	0
76792	4602			ffffff	1	53	20		109	0	0
76809	4603			ffffff	1	53	20		109	0	0
76825	4604			ffffff	1	53	20		109	0	0
76842	4605			ffffff	1	53	20		109	0	0
76858	4606			ffffff	1	53	20		109	0	0
76874	4607			ffffff	1	53	20		109	0	0
76891	4608			ffffff	1	53	20		109	0	0
76908	4609			ffffff	1	53	20		109	0	0
76925	4610			ffffff	1	53	20		109	0	0
76942	4611			ffffff	1	53	20		109	0	0
76957	4612			ffffff	1	53	20		109	0	0
76974	4613			ffffff	1	53	20		109	0	0
76991	4614			ffffff	1	53	20		109	0	0
77008	4615			ffffff	1	53	20		109	0	0
77025	4616			ffffff	1	53	20		109	0	0
77041	4617			ffffff	1	53	20		109	0	0
77058	4618			ffffff	1	53	20		109	0	0
77074	4619			ffffff	1	53	20		109	0	0
77091	4620			ffffff	1	53	20		109	0	0
77108	4621			ffffff	1	53	20		109	0	0
77124	4622			ffffff	1	53	20		109	0	0
77141	4623			ffffff	1	53	20		109	0	0
77157	4624			ffffff	1	53	20		109	0	0
77175	4625			ffffff	1	53	20		109	0	0
77191	4626			ffffff	1	53	20		109	0	0
77208	4627			ffffff	1	53	20		109	0	0
77225	4628			ffffff	1	53	20		109	0	0
77241	4629			ffffff	1	53	20		109	0	0
77257	4630			ffffff	1	53	20		109	0	0
77279	4631			ffffff	1	53	20		109	0	0
77291	4632			ffffff	1	53	20		109	0	0
77307	4633			ffffff	1	53	20		109	0	0
77324	4634			ffffff	1	53	20		109	0	0
77341	4635			ffffff	1	53	20		109	0	0
77361	4636			ffffff	1	53	20		109	0	0
77375	4637			ffffff	1	53	20		109	0	0
77392	4638			ffffff	1	53	20		109	0	0
77410	4639			ffffff	1	53	20		109	0	0
77425	4640			ffffff	1	53	20		109	0	0
77442	4641			ffffff	1	53	20		109	0	0
77458	4642			ffffff	1	53	20		109	0	0
77474	4643			ffffff	1	53	20		109	0	0
77491	4644			ffffff	1	53	20		109	0	0
77507	4645			ffffff	1	53	20		109	0	0
77526	4646			ffffff	1	53	20		109	0	0
77541	4647			ffffff	1	53	20		109	0	0
77558	4648			ffffff	1	53	20		109	0	0
77574	4649			ffffff	1	53	20		109	0	0
77591	4650			ffffff	1	53	20		109	0	0
77608	4651			ffffff	1	53	20		109	0	0
77624	4652			ffffff	1	53	20		109	0	0
77642	4653			ffffff	1	53	20		109	0	0
77659	4654			ffffff	1	53	20		109	0	0
77674	4655			ffffff	1	53	20		109	0	0
77692	4656			ffffff	1	53	20		109	0	0
77709	4657			ffffff	1	53	20		109	0	0
77725	4658			ffffff	1	53	20		109	0	0
77740	4659			ffffff	1	53	20		109	0	0
77758	4660			ffffff	1	53	20		109	0	0
77780	4661			ffffff	1	53	20		109	0	0
77791	4662			ffffff	1	53	20		109	0	0
77809	4663			ffffff	1	53	20		109	0	0
77824	4664			ffffff	1	53	20		109	0	0
77841	4665			ffffff	1	53	20		109	0	0
77859	4666			ffffff	1	53	20		109	0	0
77874	4667			ffffff	1	53	20		109	0	0
77892	4668			ffffff	1	53	20		109	0	0
77908	4669			ffffff	1	53	20		109	0	0
77944	4670			ffffff	1	53	20		109	0	0
77951	4671			ffffff	1	53	20		109	0	0
77960	4672			ffffff	1	53	20		109	0	0
77974	4673			ffffff	1	53	20		109	0	0
77991	4674			ffffff	1	53	20		109	0	0
78026	4675			ffffff	1	53	20		109	0	0
78041	4676			ffffff	1	53	20		109	0	0
78058	4677			ffffff	1	53	20		109	0	0
78075	4678			ffffff	1	53	20		109	0	0
78092	4679			ffffff	1	53	20		109	0	0
78167	4680			ffffff	1	53	20		109	0	0
78196	4681			ffffff	1	53	20		109	0	0
78207	4682			ffffff	1	53	20		109	0	0
78224	4683			ffffff	1	53	20		109	0	0
78240	4684			ffffff	1	53	20		109	0	0
78257	4685			ffffff	1	53	20		109	0	0
78274	4686			ffffff	1	53	20		109	0	0
78290	4687			ffffff	1	53	20		109	0	0
78307	4688			ffffff	1	53	20		109	0	0
78324	4689			ffffff	1	53	20		109	0	0
78340	4690			ffffff	1	53	20		109	0	0
78357	4691			ffffff	1	53	20		109	0	0
78374	4692			ffffff	1	53	20		109	0	0
78390	4693			ffffff	1	53	20		109	0	0
78407	4694			ffffff	1	53	20		109	0	0
78424	4695			ffffff	1	53	20		109	0	0
78440	4696			ffffff	1	53	20		109	0	0
78457	4697			ffffff	1	53	20		109	0	0
78473	4698			ffffff	1	53	20		109	0	0
78490	4699			ffffff	1	53	20		109	0	0
78507	4700			ffffff	1	53	20		109	0	0
78524	4701			ffffff	1	53	20		109	0	0
78540	4702			ffffff	1	53	20		109	0	0
78557	4703			ffffff	1	53	20		109	0	0
78574	4704			ffffff	1	53	20		109	0	0
78590	4705			ffffff	1	53	20		109	0	0
78607	4706			ffffff	1	53	20		109	0	0
78624	4707			ffffff	1	53	20		109	0	0
78640	4708			ffffff	1	53	20		109	0	0
78657	4709			ffffff	1	53	20		109	0	0
78674	4710			ffffff	1	53	20		109	0	0
78690	4711			ffffff	1	53	20		109	0	0
78707	4712			ffffff	1	53	20		109	0	0
78724	4713			ffffff	1	53	20		109	0	0
78740	4714			ffffff	1	53	20		109	0	0
78757	4715			ffffff	1	53	20		109	0	0
78774	4716			ffffff	1	53	20		109	0	0
78790	4717			ffffff	1	53	20		109	0	0
78807	4718			ffffff	1	53	20		109	0	0
78823	4719			ffffff	1	53	20		109	0	0
78840	4720			ffffff	1	53	20		109	0	0
78857	4721			ffffff	1	53	20		109	0	0
78874	4722			ffffff	1	53	20		109	0	0
78890	4723			ffffff	1	53	20		109	0	0
78907	4724			ffffff	1	53	20		109	0	0
78924	4725			ffffff	1	53	20		109	0	0
78940	4726			ffffff	1	53	20		109	0	0
78957	4727			ffffff	1	53	20		109	0	0
78974	4728			ffffff	1	53	20		109	0	0
78990	4729			ffffff	1	53	20		109	0	0
79007	4730			ffffff	1	53	20		109	0	0
79024	4731			ffffff	1	53	20		109	0	0
79041	4732			ffffff	1	53	20		109	0	0
79057	4733			ffffff	1	53	20		109	0	0
79075	4734			ffffff	1	53	20		109	0	0
79091	4735			ffffff	1	53	20		109	0	0
79107	4736			ffffff	1	53	20		109	0	0
79123	4737			ffffff	1	53	20		109	0	0
79140	4738			ffffff	1	53	20		109	0	0
79157	4739			ffffff	1	53	20		109	0	0
79174	4740			ffffff	1	53	20		109	0	0
79190	4741			ffffff	1	53	20		109	0	0
79207	4742			ffffff	1	53	20		109	0	0
79224	4743			ffffff	1	53	20		109	0	0
79241	4744			ffffff	1	53	20		109	0	0
79257	4745			ffffff	1	53	20		109	0	0
79273	4746			ffffff	1	53	20		109	0	0
79290	4747			ffffff	1	53	20		109	0	0
79307	4748			ffffff	1	53	20		109	0	0
79324	4749			ffffff	1	53	20		109	0	0
79340	4750			ffffff	1	53	20		109	0	0
79357	4751			ffffff	1	53	20		109	0	0
79374	4752			ffffff	1	53	20		109	0	0
79390	4753			ffffff	1	53	20		109	0	0
79407	4754			ffffff	1	53	20		109	0	0
79423	4755			ffffff	1	53	20		109	0	0
79440	4756			ffffff	1	53	20		109	0	0
79457	4757			ffffff	1	53	20		109	0	0
79474	4758			ffffff	1	53	20		109	0	0
79491	4759			ffffff	1	53	20		109	0	0
79507	4760			ffffff	1	53	20		109	0	0
79524	4761			ffffff	1	53	20		109	0	0
79540	4762			ffffff	1	53	20		109	0	0
79557	4763			ffffff	1	53	20		109	0	0
79574	4764			ffffff	1	53	20		109	0	0
79590	4765			ffffff	1	53	20		109	0	0
79607	4766			ffffff	1	53	20		109	0	0
79624	4767			ffffff	1	53	20		109	0	0
79641	4768			ffffff	1	53	20		109	0	0
79657	4769			ffffff	1	53	20		109	0	0
79674	4770			ffffff	1	53	20		109	0	0
79690	4771			ffffff	1	53	20		109	0	0
79707	4772			ffffff	1	53	20		109	0	0
79724	4773			ffffff	1	53	20		109	0	0
79740	4774			ffffff	1	53	20		109	0	0
79757	4775			ffffff	1	53	20		109	0	0
79774	4776			ffffff	1	53	20		109	0	0
79790	4777			ffffff	1	53	20		109	0	0
79807	4778			ffffff	1	53	20		109	0	0
79824	4779			ffffff	1	53	20		109	0	0
79840	4780			ffffff	1	53	20		109	0	0
79857	4781			ffffff	1	53	20		109	0	0
79874	4782			ffffff	1	53	20		109	0	0
79890	4783			ffffff	1	53	20		109	0	0
79907	4784			ffffff	1	53	20		109	0	0
79924	4785			ffffff	1	53	20		109	0	0
79940	4786			ffffff	1	53	20		109	0	0
79957	4787			ffffff	1	53	20		109	0	0
79974	4788			ffffff	1	53	20		109	0	0
79990	4789			ffffff	1	53	20		109	0	0
80007	4790			ffffff	1	53	20		109	0	0
80024	4791			ffffff	1	53	20		109	0	0
80040	4792			ffffff	1	53	20		109	0	0
80057	4793			ffffff	1	53	20		109	0	0
80074	4794			ffffff	1	53	20		109	0	0
80090	4795			ffffff	1	53	20		109	0	0
80107	4796			ffffff	1	53	20		109	0	0
80123	4797			ffffff	1	53	20		109	0	0
80140	4798			ffffff	1	53	20		109	0	0
80157	4799			ffffff	1	53	20		109	0	0
80174	4800			ffffff	1	53	20		109	0	0
80190	4801			ffffff	1	53	20		109	0	0
80207	4802			ffffff	1	53	20		109	0	0
80224	4803			ffffff	1	53	20		109	0	0
80240	4804			ffffff	1	53	20		109	0	0
80257	4805			ffffff	1	53	20		109	0	0
80274	4806			ffffff	1	53	20		109	0	0
80290	4807			ffffff	1	53	20		109	0	0
80307	4808			ffffff	1	53	20		109	0	0
80323	4809			ffffff	1	53	20		109	0	0
80340	4810			ffffff	1	53	20		109	0	0
80357	4811			ffffff	1	53	20		109	0	0
80374	4812			ffffff	1	53	20		109	0	0
80390	4813			ffffff	1	53	20		109	0	0
80407	4814			ffffff	1	53	20		109	0	0
80424	4815			ffffff	1	53	20		109	0	0
80440	4816			ffffff	1	53	20		109	0	0
80457	4817			ffffff	1	53	20		109	0	0
80473	4818			ffffff	1	53	20		109	0	0
80490	4819			ffffff	1	53	20		109	0	0
80507	4820			ffffff	1	53	20		109	0	0
80523	4821			ffffff	1	53	20		109	0	0
80540	4822			ffffff	1	53	20		109	0	0
80557	4823			ffffff	1	53	20		109	0	0
80573	4824			ffffff	1	53	20		109	0	0
80590	4825			ffffff	1	53	20		109	0	0
80607	4826			ffffff	1	53	20		109	0	0
80624	4827			ffffff	1	53	20		109	0	0
80641	4828			ffffff	1	53	20		109	0	0
80659	4829			ffffff	1	53	20		109	0	0
80674	4830	515.5	310	ffffff	1	5	68	245	109	0	0
80691	4831	515.5	310	ffffff	1	5	68	244	109	0	0
80708	4832	515.5	310	ffffff	1	5	68	243	109	0	0
80724	4833	515.5	310	ffffff	1	5	68	243	109	0	0
80740	4834	515.5	310	ffffff	1	5	68	241	109	0	0
80757	4835	515.5	310	ffffff	1	5	68	240	109	0	0
80774	4836	515.5	310	ffffff	0.3	5	68	240	109	0	0
80791	4837	515.5	310	ffffff	0.3	5	68	239	109	0	0
80807	4838	515.5	310	ffffff	0.3	5	68	238	109	0	0
80824	4839	515.5	310	ffffff	0.3	5	68	238	109	0	0
80841	4840	515.5	310	ffffff	0.3	5	68	237	109	0	0
80858	4841	515.5	310	ffffff	0.3	5	68	237	109	0	0
80874	4842	515.5	310	ffffff	0.3	5	68	236	109	0	0
80891	4843	515.5	310	ffffff	1	5	68	235	109	0	0
80907	4844	515.5	310	ffffff	1	5	68	235	109	0	0
80924	4845	515.5	310	ffffff	1	5	68	234	109	0	0
80941	4846	515.5	310	ffffff	1	5	68	233	109	0	0
80957	4847	515.5	310	ffffff	1	5	68	233	109	0	0
80973	4848	515.5	310	ffffff	1	5	68	232	109	0	0
80991	4849	515.5	310	ffffff	0.3	5	68	231	109	0	0
81007	4850	515.5	310	ffffff	0.3	6	68	231	109	0	0
81024	4851	515.5	310	ffffff	0.3	6	68	230	109	0	0
81041	4852	515.5	310	ffffff	0.3	6	68	229	109	0	0
81057	4853	515.5	310	ffffff	0.3	6	68	229	109	0	0
81074	4854	515.5	310	ffffff	0.3	6	68	228	109	0	0
81091	4855	515.5	310	ffffff	1	6	67	228	109	0	0
81108	4856	515.5	310	ffffff	1	6	67	227	109	0	0
81124	4857	515.5	310	ffffff	1	6	66	226	109	0	0
81141	4858	515.5	310	ffffff	1	6	66	226	109	0	0
81157	4859	515.5	310	ffffff	1	6	66	225	109	0	0
81174	4860	515.5	310	ffffff	1	6	66	224	109	0	0
81190	4861	515.5	310	ffffff	0.3	6	66	224	109	0	0
81207	4862	515.5	310	ffffff	0.3	6	66	223	109	0	0
81224	4863	515.5	310	ffffff	0.3	6	66	222	109	0	0
81241	4864	515.5	310	ffffff	0.3	5	67	269	109	0	0
81257	4865	515.5	310	ffffff	0.3	5	67	268	109	0	0
81274	4866	515.5	310	ffffff	0.3	5	67	268	109	0	0
81290	4867	515.5	310	ffffff	1	5	67	267	109	0	0
81307	4868	515.5	310	ffffff	1	5	67	266	109	0	0
81324	4869	515.5	310	ffffff	1	5	67	266	109	0	0
81341	4870	515.5	310	ffffff	1	5	67	265	109	0	0
81358	4871	515.5	310	ffffff	1	5	67	264	109	0	0
81374	4872	515.5	310	ffffff	1	5	67	264	109	0	0
81390	4873	515.5	310	ffffff	1	5	67	263	109	0	0
81408	4874	515.5	310	ffffff	0.3	5	67	262	109	0	0
81424	4875	515.5	310	ffffff	0.3	5	67	262	109	0	0
81441	4876	515.5	310	ffffff	0.3	5	67	260	109	0	0
81458	4877	515.5	310	ffffff	0.3	5	67	259	109	0	0
81474	4878	515.5	310	ffffff	0.3	5	67	259	109	0	0
81491	4879	515.5	310	ffffff	0.3	5	67	259	109	0	0
81507	4880	515.5	310	ffffff	1	5	67	258	109	0	0
81524	4881	515.5	310	ffffff	1	5	67	257	109	0	0
81540	4882	515.5	310	ffffff	1	5	67	256	109	0	0
81558	4883	515.5	310	ffffff	1	6	54	255	109	0	0
81577	4884	515.5	310	ffffff	1	6	54	255	109	0	0
81591	4885	515.5	310	ffffff	1	6	48	254	109	0	0
81609	4886	515.5	310	ffffff	1	6	45	253	109	0	0
81625	4887	515.5	310	ffffff	0.3	6	44	253	109	0	0
81642	4888	515.5	310	ffffff	0.3	6	43	252	109	0	0
81658	4889	515.5	310	ffffff	0.3	6	43	251	109	0	0
81675	4890	515.5	310	ffffff	0.3	6	43	251	109	0	0
81692	4891	515.5	310	ffffff	1	6	43	250	109	0	0
81708	4892	515.5	310	ffffff	1	6	43	249	109	0	0
81725	4893	515.5	310	ffffff	1	6	43	249	109	0	0
81742	4894	515.5	310	ffffff	1	6	43	248	109	0	0
81760	4895	515.5	310	ffffff	1	6	43	247		0	0
81777	4896	515.5	310	ffffff	1	6	43	247		0	0
81791	4897	515.5	310	ffffff	1	6	43	247		0	0
81808	4898	515.5	310	ffffff	1	6	43	247		0	0
81824	4899	515.5	310	ffffff	1	6	43	247		0	0
81840	4900	515.5	310	ffffff	1	6	43	247		0	0
81858	4901	515.5	310	ffffff	1	6	43	247		0	0
81874	4902	515.5	310	ffffff	1	6	43	247		0	0
81892	4903	515.5	310	ffffff	1	6	43	247		0	0
81909	4904	515.5	310	ffffff	1	6	43	247		0	0
81925	4905	515.5	310	ffffff	1	6	43	247		0	0
81941	4906	515.5	310	ffffff	1	6	43	247		0	0
81958	4907	515.5	310	ffffff	1	6	43	247		0	0
81975	4908	515.5	310	ffffff	1	6	43	247		0	0
81991	4909	515.5	310	ffffff	1	6	43	247		0	0
82008	4910	515.5	310	ffffff	1	6	43	247		0	0
82025	4911	515.5	310	ffffff	1	6	43	247		0	0
82042	4912	515.5	310	ffffff	1	6	43	247		0	0
82058	4913	515.5	310	ffffff	1	6	43	247		0	0
82074	4914	515.5	310	ffffff	1	6	43	247		0	0
82091	4915	515.5	310	ffffff	1	6	43	247		0	0
82108	4916	515.5	310	ffffff	1	6	43	247		0	0
82125	4917	515.5	310	ffffff	1	6	43	247		0	0
82140	4918	515.5	310	ffffff	1	6	43	247		0	0
82157	4919	515.5	310	ffffff	1	6	43	247		0	0
82173	4920	515.5	310	ffffff	1	6	43	247		0	0
82190	4921	515.5	310	ffffff	1	6	43	247		0	0
82207	4922	515.5	310	ffffff	1	6	43	247		0	0
82223	4923	515.5	310	ffffff	1	6	43	247		0	0
82240	4924	515.5	310	ffffff	1	6	43	247		0	0
82257	4925	515.5	310	ffffff	1	6	43	247		0	0
82273	4926	515.5	310	ffffff	1	6	43	247		0	0
82290	4927	515.5	310	ffffff	1	6	43	247		0	0
82307	4928	515.5	310	ffffff	1	6	43	247		0	0
82323	4929	515.5	310	ffffff	1	6	43	247		0	0
82340	4930	515.5	310	ffffff	1	6	43	247		0	0
82357	4931	515.5	310	ffffff	1	6	43	247		0	0
82374	4932	515.5	310	ffffff	1	6	43	247		0	0
82390	4933	515.5	310	ffffff	1	6	43	247		0	0
82407	4934	515.5	310	ffffff	1	6	43	247		0	0
82423	4935	515.5	310	ffffff	1	6	43	247		0	0
82440	4936	515.5	310	ffffff	1	6	43	247		0	0
82457	4937	515.5	310	ffffff	1	6	43	247		0	0
82473	4938	515.5	310	ffffff	1	6	43	247		0	0
82490	4939	515.5	310	ffffff	1	6	43	247		0	0
82507	4940	515.5	310	ffffff	1	6	43	247		0	0
82525	4941	515.5	310	ffffff	1	6	43	247		0	0
82540	4942	515.5	310	ffffff	1	6	43	247		0	0
82557	4943	515.5	310	ffffff	1	6	43	247		0	0
82573	4944	515.5	310	ffffff	1	6	43	247		0	0
82590	4945	515.5	310	ffffff	1	6	43	247		0	0
82607	4946	515.5	310	ffffff	1	6	43	247		0	0
82623	4947	515.5	310	ffffff	1	6	43	247		0	0
82640	4948	515.5	310	ffffff	1	6	43	247		0	0
82657	4949	515.5	310	ffffff	1	6	43	247		0	0
82673	4950	515.5	310	ffffff	1	6	43	247		0	0
82690	4951	515.5	310	ffffff	1	6	43	247		0	0
82707	4952	515.5	310	ffffff	1	6	43	247		0	0
82724	4953	515.5	310	ffffff	1	6	43	247		0	0
82740	4954	515.5	310	ffffff	1	6	43	247		0	0
82757	4955	515.5	310	ffffff	1	6	43	247		0	0
82773	4956	515.5	310	ffffff	1	6	43	247		0	0
82790	4957	515.5	310	ffffff	1	6	43	247		0	0
82807	4958	515.5	310	ffffff	1	6	43	247		0	0
82823	4959	515.5	310	ffffff	1	6	43	247		0	0
82840	4960	515.5	310	ffffff	1	6	43	247		0	0
82857	4961	515.5	310	ffffff	1	6	43	247		0	0
82873	4962	515.5	310	ffffff	1	6	43	247		0	0
82890	4963	515.5	310	ffffff	1	6	43	247		0	0
82907	4964	515.5	310	ffffff	1	6	43	247		0	0
82924	4965	515.5	310	ffffff	1	6	43	247		0	0
82940	4966	515.5	310	ffffff	1	6	43	247		0	0
82957	4967	515.5	310	ffffff	1	6	43	247		0	0
82973	4968	515.5	310	ffffff	1	6	43	247		0	0
82990	4969	515.5	310	ffffff	1	6	43	247		0	0
83007	4970	515.5	310	ffffff	1	6	43	247		0	0
83023	4971	515.5	310	ffffff	1	6	43	247		0	0
83040	4972	515.5	310	ffffff	1	6	43	247		0	0
83057	4973	515.5	310	ffffff	1	6	43	247		0	0
83074	4974	515.5	310	ffffff	1	6	43	247		0	0
83090	4975	515.5	310	ffffff	1	6	43	247		0	0
83107	4976	515.5	310	ffffff	1	6	43	247		0	0
83123	4977	515.5	310	ffffff	1	6	43	247		0	0
83140	4978	515.5	310	ffffff	1	6	43	247		0	0
83157	4979	515.5	310	ffffff	1	6	43	247		0	0
83173	4980	515.5	310	ffffff	1	6	43	247		0	0
83190	4981	515.5	310	ffffff	1	6	43	247		0	0
83207	4982	515.5	310	ffffff	1	6	43	247		0	0
83224	4983	515.5	310	ffffff	1	6	43	247		0	0
83241	4984	515.5	310	ffffff	1	6	43	247		0	0
83257	4985	515.5	310	ffffff	1	6	43	247		0	0
83274	4986	515.5	310	ffffff	1	6	43	247		0	0
83290	4987	515.5	310	ffffff	1	6	43	247		0	0
83307	4988	515.5	310	ffffff	1	6	43	247		0	0
83324	4989	515.5	310	ffffff	1	6	43	247		0	0
83340	4990	515.5	310	ffffff	1	6	43	247		0	0
83357	4991	515.5	310	ffffff	1	6	43	247		0	0
83374	4992	515.5	310	ffffff	1	6	43	247		0	0
83390	4993	515.5	310	ffffff	1	6	43	247		0	0
83407	4994	515.5	310	ffffff	1	6	43	247		0	0
83423	4995	515.5	310	ffffff	1	6	43	247		0	0
83440	4996	515.5	310	ffffff	1	6	43	247		0	0
83457	4997	515.5	310	ffffff	1	6	43	247		0	0
83473	4998	515.5	310	ffffff	1	6	43	247		0	0
83490	4999	515.5	310	ffffff	1	6	43	247		0	0
83507	5000	515.5	310	ffffff	1	6	43	247		0	0
83523	5001	515.5	310	ffffff	1	6	43	247		0	0
83540	5002	515.5	310	ffffff	1	6	43	247		0	0
83557	5003	515.5	310	ffffff	1	6	43	247		0	0
83573	5004	515.5	310	ffffff	1	6	43	247		0	0
83590	5005	515.5	310	ffffff	1	6	43	247		0	0
83607	5006	515.5	310	ffffff	1	6	43	247		0	0
83623	5007	515.5	310	ffffff	1	6	43	247		0	0
83640	5008	515.5	310	ffffff	1	6	43	247		0	0
83657	5009	515.5	310	ffffff	1	6	43	247		0	0
83673	5010	515.5	310	ffffff	1	6	43	247		0	0
83690	5011	515.5	310	ffffff	1	6	43	247		0	0
83707	5012	515.5	310	ffffff	1	6	43	247		0	0
83723	5013	515.5	310	ffffff	1	6	43	247		0	0
83740	5014	515.5	310	ffffff	1	6	43	247		0	0
83757	5015	515.5	310	ffffff	1	6	43	247		0	0
83773	5016	515.5	310	ffffff	1	6	43	247		0	0
