t	heroX	heroY	hp	enemies	gems	nearest	level
0	515.5	290.0	7	0	0	9999.0	1
7	515.5	290.0	7	0	0	9999.0	1
14	515.5	290.0	7	0	0	9999.0	1
22	515.5	290.0	7	0	0	9999.0	1
28	515.5	290.0	7	0	0	9999.0	1
34	515.5	290.0	7	0	0	9999.0	1
40	515.5	290.0	7	0	0	9999.0	1
45	515.5	290.0	7	0	0	9999.0	1
52	515.5	290.0	7	0	0	9999.0	1
58	515.5	290.0	7	0	0	9999.0	1
64	515.5	290.0	7	0	0	9999.0	1
70	515.5	290.0	7	0	0	9999.0	1
76	515.5	290.0	7	0	0	407.6	1
83	515.5	290.0	7	5	0	407.3	1
89	515.5	290.0	7	5	0	407.0	1
95	515.5	290.0	7	5	0	406.8	1
101	515.5	290.0	7	5	0	406.5	1
107	515.5	290.0	7	5	0	406.3	1
113	515.5	290.0	7	5	0	406.1	1
119	515.5	290.0	7	5	0	405.8	1
125	515.5	290.0	7	5	0	405.6	1
131	515.5	290.0	7	5	0	405.4	1
137	515.5	290.0	7	5	0	405.1	1
143	515.5	290.0	7	5	0	404.9	1
150	515.5	290.0	7	5	0	404.6	1
156	515.5	290.0	7	5	0	404.4	1
161	515.5	290.0	7	5	0	404.1	1
168	515.5	290.0	7	5	0	403.9	1
173	515.5	290.0	7	5	0	403.7	1
179	515.5	290.0	7	5	0	403.4	1
186	515.5	290.0	7	5	0	403.2	1
191	515.5	290.0	7	5	0	402.9	1
197	515.5	290.0	7	5	0	402.7	1
203	515.5	290.0	7	5	0	402.5	1
209	515.5	290.0	7	5	0	402.2	1
215	515.5	290.0	7	5	0	402.0	1
221	515.5	290.0	7	5	0	401.7	1
227	515.5	290.0	7	5	0	401.5	1
233	515.5	290.0	7	5	0	401.3	1
239	515.5	290.0	7	5	0	401.0	1
244	515.5	290.0	7	5	0	400.8	1
251	515.5	290.0	7	5	0	400.6	1
256	515.5	290.0	7	5	0	400.4	1
262	515.5	290.0	7	5	0	400.1	1
268	515.5	290.0	7	5	0	399.9	1
274	515.5	290.0	7	5	0	399.7	1
279	515.5	290.0	7	5	0	399.4	1
286	515.5	290.0	7	5	0	399.2	1
291	515.5	290.0	7	5	0	399.0	1
297	515.5	290.0	7	5	0	398.7	1
303	515.5	290.0	7	5	0	398.5	1
309	515.5	290.0	7	5	0	398.2	1
315	515.5	290.0	7	5	0	398.0	1
321	515.5	290.0	7	5	0	397.8	1
327	515.5	290.0	7	5	0	397.5	1
334	515.5	290.0	7	5	0	397.3	1
339	515.5	290.0	7	5	0	397.0	1
345	515.5	290.0	7	5	0	396.8	1
351	515.5	290.0	7	5	0	396.6	1
357	515.5	290.0	7	5	0	396.3	1
363	515.5	290.0	7	5	0	396.1	1
369	515.5	290.0	7	5	0	395.8	1
374	515.5	290.0	7	5	0	395.6	1
381	515.5	290.0	7	5	0	395.4	1
387	515.5	290.0	7	5	0	395.1	1
392	515.5	290.0	7	5	0	394.9	1
398	515.5	290.0	7	5	0	394.7	1
404	515.5	290.0	7	5	0	394.4	1
410	515.5	290.0	7	5	0	394.2	1
417	515.5	290.0	7	5	0	393.9	1
423	515.5	290.0	7	5	0	393.7	1
428	515.5	290.0	7	5	0	393.5	1
434	515.5	290.0	7	5	0	393.2	1
440	515.5	290.0	7	5	0	393.0	1
446	515.5	290.0	7	5	0	392.8	1
453	515.5	290.0	7	5	0	392.5	1
459	515.5	290.0	7	5	0	392.3	1
468	515.5	290.0	7	6	0	391.9	1
474	515.5	290.0	7	6	0	391.6	1
480	515.5	290.0	7	6	0	391.4	1
487	515.5	290.0	7	6	0	391.1	1
493	515.5	290.0	7	6	0	390.9	1
499	515.5	290.0	7	6	0	390.6	1
506	515.5	290.0	7	6	0	390.4	1
511	515.5	290.0	7	6	0	390.2	1
517	515.5	290.0	7	6	0	389.9	1
523	515.5	290.0	7	6	0	389.7	1
529	515.5	290.0	7	6	0	389.5	1
535	515.5	290.0	7	6	0	389.2	1
541	515.5	290.0	7	6	0	389.0	1
546	515.5	290.0	7	6	0	388.8	1
553	515.5	290.0	7	6	0	388.5	1
558	515.5	290.0	7	6	0	388.3	1
564	515.5	290.0	7	6	0	388.1	1
570	515.5	290.0	7	6	0	387.8	1
576	515.5	290.0	7	6	0	387.6	1
582	515.5	290.0	7	6	0	387.3	1
588	515.5	290.0	7	6	0	387.1	1
593	515.5	290.0	7	6	0	386.9	1
600	515.5	290.0	7	6	0	386.6	1
606	515.5	290.0	7	6	0	386.4	1
611	515.5	290.0	7	6	0	386.2	1
617	515.5	290.0	7	6	0	385.9	1
623	515.5	290.0	7	6	0	385.7	1
629	515.5	290.0	7	6	0	385.5	1
635	515.5	290.0	7	6	0	385.2	1
640	515.5	290.0	7	6	0	385.0	1
646	515.5	290.0	7	6	0	384.8	1
653	515.5	290.0	7	6	0	384.5	1
659	515.5	290.0	7	6	0	384.3	1
666	515.5	290.0	7	6	0	384.0	1
672	515.5	290.0	7	6	0	383.7	1
678	515.5	290.0	7	6	0	383.5	1
685	515.5	290.0	7	6	0	383.2	1
690	515.5	290.0	7	6	0	383.0	1
696	515.5	290.0	7	6	0	382.8	1
703	515.5	290.0	7	6	0	382.5	1
709	515.5	290.0	7	6	0	382.3	1
715	515.5	290.0	7	6	0	382.0	1
722	515.5	290.0	7	6	0	381.8	1
727	515.5	290.0	7	6	0	381.5	1
733	515.5	290.0	7	6	0	381.3	1
739	515.5	290.0	7	6	0	381.0	1
745	515.5	290.0	7	6	0	380.8	1
751	515.5	290.0	7	6	0	380.6	1
757	515.5	290.0	7	6	0	380.3	1
763	515.5	290.0	7	6	0	380.1	1
770	515.5	290.0	7	6	0	379.8	1
775	515.5	290.0	7	6	0	379.6	1
782	515.5	290.0	7	6	0	379.4	1
789	515.5	290.0	7	6	0	379.1	1
795	515.5	290.0	7	6	0	378.8	1
802	515.5	290.0	7	6	0	378.6	1
807	515.5	290.0	7	6	0	378.3	1
814	515.5	290.0	7	6	0	378.1	1
821	515.5	290.0	7	6	0	377.8	1
826	515.5	290.0	7	6	0	377.6	1
833	515.5	290.0	7	6	0	377.3	1
838	515.5	290.0	7	6	0	377.1	1
844	515.5	290.0	7	6	0	376.9	1
851	515.5	290.0	7	6	0	376.6	1
856	515.5	290.0	7	6	0	376.4	1
862	515.5	290.0	7	6	0	376.1	1
868	515.5	290.0	7	6	0	375.9	1
874	515.5	290.0	7	6	0	375.7	1
881	515.5	290.0	7	6	0	375.4	1
887	515.5	290.0	7	6	0	375.1	1
893	515.5	290.0	7	6	0	374.9	1
899	515.5	290.0	7	6	0	374.7	1
905	515.5	290.0	7	6	0	374.4	1
910	515.5	290.0	7	6	0	374.2	1
916	515.5	290.0	7	6	0	374.0	1
922	515.5	290.0	7	7	0	373.7	1
928	515.5	290.0	7	7	0	373.5	1
934	515.5	290.0	7	7	0	373.3	1
940	515.5	290.0	7	7	0	373.0	1
946	515.5	290.0	7	7	0	372.8	1
953	515.5	290.0	7	7	0	372.5	1
958	515.5	290.0	7	7	0	372.3	1
964	515.5	290.0	7	7	0	372.1	1
970	515.5	290.0	7	7	0	371.8	1
976	515.5	290.0	7	7	0	371.6	1
983	515.5	290.0	7	7	0	371.3	1
989	515.5	290.0	7	7	0	371.1	1
995	515.5	290.0	7	7	0	370.8	1
1001	515.5	290.0	7	7	0	370.6	1
1007	515.5	290.0	7	7	0	370.4	1
1013	515.5	290.0	7	7	0	370.1	1
1019	515.5	290.0	7	7	0	369.9	1
1025	515.5	290.0	7	7	0	369.6	1
1031	515.5	290.0	7	7	0	369.4	1
1037	515.5	290.0	7	7	0	369.2	1
1042	515.5	290.0	7	7	0	368.9	1
1048	515.5	290.0	7	7	0	368.7	1
1054	515.5	290.0	7	7	0	368.5	1
1060	515.5	290.0	7	7	0	368.2	1
1066	515.5	290.0	7	7	0	368.0	1
1072	515.5	290.0	7	7	0	367.8	1
1078	515.5	290.0	7	7	0	367.5	1
1084	515.5	290.0	7	7	0	367.3	1
1089	515.5	290.0	7	7	0	367.1	1
1095	515.5	290.0	7	7	0	366.8	1
1101	515.5	290.0	7	7	0	366.6	1
1107	515.5	290.0	7	7	0	366.4	1
1113	515.5	290.0	7	7	0	366.1	1
1119	515.5	290.0	7	7	0	365.9	1
1125	515.5	290.0	7	7	0	365.7	1
1131	515.5	290.0	7	7	0	365.4	1
1138	515.5	290.0	7	7	0	365.1	1
1144	515.5	290.0	7	7	0	364.9	1
1150	515.5	290.0	7	7	0	364.6	1
1156	515.5	290.0	7	7	0	364.4	1
1161	515.5	290.0	7	7	0	364.2	1
1168	515.5	290.0	7	7	0	363.9	1
1174	515.5	290.0	7	7	0	363.7	1
1180	515.5	290.0	7	7	0	363.4	1
1187	515.5	290.0	7	7	0	363.2	1
1192	515.5	290.0	7	7	0	362.9	1
1199	515.5	290.0	7	7	0	362.7	1
1206	515.5	290.0	7	7	0	362.4	1
1211	515.5	290.0	7	7	0	362.2	1
1218	515.5	290.0	7	7	0	361.9	1
1224	515.5	290.0	7	7	0	361.7	1
1231	515.5	290.0	7	7	0	361.4	1
1237	515.5	290.0	7	7	0	361.1	1
1243	515.5	290.0	7	7	0	360.9	1
1249	515.5	290.0	7	7	0	360.7	1
1255	515.5	290.0	7	7	0	360.4	1
1261	515.5	290.0	7	7	0	360.2	1
1267	515.5	290.0	7	7	0	360.0	1
1273	515.5	290.0	7	7	0	359.7	1
1278	515.5	290.0	7	7	0	359.5	1
1284	515.5	290.0	7	7	0	359.3	1
1291	515.5	290.0	7	7	0	359.0	1
1297	515.5	290.0	7	7	0	358.8	1
1304	515.5	290.0	7	7	0	358.5	1
1310	515.5	290.0	7	7	0	358.2	1
1316	515.5	290.0	7	7	0	358.0	1
1322	515.5	290.0	7	7	0	357.8	1
1328	515.5	290.0	7	7	0	357.5	1
1334	515.5	290.0	7	7	0	357.3	1
1340	515.5	290.0	7	7	0	357.0	1
1346	515.5	290.0	7	7	0	356.8	1
1352	515.5	290.0	7	7	0	356.6	1
1358	515.5	290.0	7	7	0	356.3	1
1364	515.5	290.0	7	7	0	356.1	1
1371	515.5	290.0	7	7	0	355.8	1
1377	515.5	290.0	7	7	0	355.6	1
1383	515.5	290.0	7	7	0	355.3	1
1390	515.5	290.0	7	7	0	355.1	1
1395	515.5	290.0	7	7	0	354.8	1
1402	515.5	290.0	7	7	0	354.6	1
1408	515.5	290.0	7	8	0	354.3	1
1414	515.5	290.0	7	8	0	354.1	1
1420	515.5	290.0	7	8	0	353.8	1
1426	515.5	290.0	7	8	0	353.6	1
1432	515.5	290.0	7	8	0	353.4	1
1438	515.5	290.0	7	8	0	353.1	1
1444	515.5	290.0	7	8	0	352.9	1
1450	515.5	290.0	7	8	0	352.6	1
1456	515.5	290.0	7	8	0	352.4	1
1462	515.5	290.0	7	8	0	352.2	1
1468	515.5	290.0	7	8	0	351.9	1
1474	515.5	290.0	7	8	0	351.7	1
1480	515.5	290.0	7	8	0	351.5	1
1486	515.5	290.0	7	8	0	351.2	1
1492	515.5	290.0	7	8	0	351.0	1
1498	515.5	290.0	7	8	0	350.7	1
1504	515.5	290.0	7	8	0	350.5	1
1509	515.5	290.0	7	8	0	350.3	1
1516	515.5	290.0	7	8	0	350.0	1
1522	515.5	290.0	7	8	0	349.8	1
1527	515.5	290.0	7	8	0	349.6	1
1534	515.5	290.0	7	8	0	349.3	1
1539	515.5	290.0	7	8	0	349.1	1
1545	515.5	290.0	7	8	0	348.9	1
1551	515.5	290.0	7	8	0	348.6	1
1557	515.5	290.0	7	8	0	348.4	1
1563	515.5	290.0	7	8	0	348.1	1
1569	515.5	290.0	7	8	0	347.9	1
1575	515.5	290.0	7	8	0	347.7	1
1582	515.5	290.0	7	8	0	347.4	1
1588	515.5	290.0	7	8	0	347.1	1
1595	515.5	290.0	7	8	0	346.9	1
1601	515.5	290.0	7	8	0	346.6	1
1607	515.5	290.0	7	8	0	346.4	1
1614	515.5	290.0	7	8	0	346.1	1
1621	515.5	290.0	7	8	0	345.8	1
1628	515.5	290.0	7	8	0	345.5	1
1637	515.5	290.0	7	8	0	345.2	1
1644	515.5	290.0	7	8	0	344.9	1
1652	515.5	290.0	7	8	0	344.6	1
1659	515.5	290.0	7	8	0	344.3	1
1666	515.5	290.0	7	8	0	344.0	1
1672	515.5	290.0	7	8	0	343.8	1
1678	515.5	290.0	7	8	0	343.5	1
1685	515.5	290.0	7	8	0	343.3	1
1691	515.5	290.0	7	8	0	343.0	1
1697	515.5	290.0	7	8	0	342.8	1
1703	515.5	290.0	7	8	0	342.5	1
1709	515.5	290.0	7	8	0	342.3	1
1716	515.5	290.0	7	8	0	342.0	1
1722	515.5	290.0	7	8	0	341.8	1
1728	515.5	290.0	7	8	0	341.5	1
1735	515.5	290.0	7	8	0	341.3	1
1741	515.5	290.0	7	8	0	341.0	1
1748	515.5	290.0	7	8	0	340.8	1
1754	515.5	290.0	7	8	0	340.5	1
1761	515.5	290.0	7	8	0	340.2	1
1768	515.5	290.0	7	8	0	340.0	1
1775	515.5	290.0	7	8	0	339.7	1
1782	515.5	290.0	7	8	0	339.4	1
1789	515.5	290.0	7	8	0	339.1	1
1796	515.5	290.0	7	8	0	338.8	1
1803	515.5	290.0	7	8	0	338.6	1
1809	515.5	290.0	7	8	0	338.3	1
1815	515.5	290.0	7	8	0	338.1	1
1821	515.5	290.0	7	8	0	337.8	1
1826	515.5	290.0	7	8	0	337.6	1
1833	515.5	290.0	7	8	0	337.4	1
1839	515.5	290.0	7	8	0	337.1	1
1844	515.5	290.0	7	8	0	336.9	1
1851	515.5	290.0	7	8	0	336.6	1
1856	515.5	290.0	7	8	0	336.4	1
1862	515.5	290.0	7	8	0	336.2	1
1869	515.5	290.0	7	9	0	335.9	1
1875	515.5	290.0	7	9	0	335.7	1
1881	515.5	290.0	7	9	0	335.4	1
1888	515.5	290.0	7	9	0	335.2	1
1894	515.5	290.0	7	9	0	334.9	1
1900	515.5	290.0	7	9	0	334.7	1
1906	515.5	290.0	7	9	0	334.4	1
1911	515.5	290.0	7	9	0	334.2	1
1918	515.5	290.0	7	9	0	334.0	1
1924	515.5	290.0	7	9	0	333.7	1
1930	515.5	290.0	7	9	0	333.5	1
1936	515.5	290.0	7	9	0	333.2	1
1942	515.5	290.0	7	9	0	333.0	1
1948	515.5	290.0	7	9	0	332.8	1
1954	515.5	290.0	7	9	0	332.5	1
1960	515.5	290.0	7	9	0	332.3	1
1966	515.5	290.0	7	9	0	332.0	1
1972	515.5	290.0	7	9	0	331.8	1
1977	515.5	290.0	7	9	0	331.6	1
1985	515.5	290.0	7	9	0	331.3	1
1991	515.5	290.0	7	9	0	331.0	1
1998	515.5	290.0	7	9	0	330.8	1
2004	515.5	290.0	7	9	0	330.5	1
2010	515.5	290.0	7	9	0	330.3	1
2016	515.5	290.0	7	9	0	330.0	1
2022	515.5	290.0	7	9	0	329.8	1
2031	515.5	290.0	7	9	0	329.6	1
2038	515.5	290.0	7	9	0	329.2	1
2044	515.5	290.0	7	9	0	328.9	1
2050	515.5	290.0	7	9	0	328.7	1
2056	515.5	290.0	7	9	0	328.4	1
2061	515.5	290.0	7	9	0	328.2	1
2068	515.5	290.0	7	9	0	327.9	1
2074	515.5	290.0	7	9	0	327.7	1
2080	515.5	290.0	7	9	0	327.5	1
2087	515.5	290.0	7	9	0	327.2	1
2092	515.5	290.0	7	9	0	327.0	1
2098	515.5	290.0	7	9	0	326.7	1
2105	515.5	290.0	7	9	0	326.5	1
2110	515.5	290.0	7	9	0	326.3	1
2117	515.5	290.0	7	9	0	326.0	1
2123	515.5	290.0	7	9	0	325.8	1
2128	515.5	290.0	7	9	0	325.5	1
2135	515.5	290.0	7	9	0	325.3	1
2141	515.5	290.0	7	9	0	325.0	1
2147	515.5	290.0	7	9	0	324.8	1
2153	515.5	290.0	7	9	0	324.6	1
2159	515.5	290.0	7	9	0	324.3	1
2165	515.5	290.0	7	9	0	324.1	1
2172	515.5	290.0	7	9	0	323.8	1
2177	515.5	290.0	7	9	0	323.6	1
2184	515.5	290.0	7	9	0	323.3	1
2189	515.5	290.0	7	9	0	323.1	1
2195	515.5	290.0	7	9	0	322.9	1
2202	515.5	290.0	7	9	0	322.6	1
2208	515.5	290.0	7	9	0	322.4	1
2214	515.5	290.0	7	9	0	322.1	1
2220	515.5	290.0	7	9	0	321.9	1
2226	515.5	290.0	7	9	0	321.7	1
2232	515.5	290.0	7	9	0	321.4	1
2238	515.5	290.0	7	9	0	321.2	1
2244	515.5	290.0	7	9	0	320.9	1
2251	515.5	290.0	7	9	0	320.7	1
2257	515.5	290.0	7	9	0	320.4	1
2262	515.5	290.0	7	9	0	320.2	1
2269	515.5	290.0	7	9	0	319.9	1
2275	515.5	290.0	7	9	0	319.7	1
2281	515.5	290.0	7	9	0	319.5	1
2287	515.5	290.0	7	9	0	319.2	1
2293	515.5	290.0	7	9	0	319.0	1
2300	515.5	290.0	7	9	0	318.7	1
2306	515.5	290.0	7	9	0	318.5	1
2312	515.5	290.0	7	9	0	318.2	1
2318	515.5	290.0	7	9	0	318.0	1
2324	515.5	290.0	7	9	0	317.7	1
2330	515.5	290.0	7	9	0	317.5	1
2338	515.5	290.0	7	10	0	317.2	1
2344	515.5	290.0	7	10	0	316.9	1
2353	515.5	290.0	7	10	0	316.6	1
2360	515.5	290.0	7	10	0	316.3	1
2367	515.5	290.0	7	10	0	316.0	1
2373	515.5	290.0	7	10	0	315.8	1
2379	515.5	290.0	7	10	0	315.5	1
2385	515.5	290.0	7	10	1	315.3	1
2392	515.5	290.0	7	9	1	315.0	1
2398	515.5	290.0	7	9	1	314.8	1
2404	515.5	290.0	7	9	1	314.5	1
2410	515.5	290.0	7	9	1	314.3	1
2416	515.5	290.0	7	9	1	314.0	1
2422	515.5	290.0	7	9	1	313.8	1
2428	515.5	290.0	7	9	1	313.6	1
2435	515.5	290.0	7	9	1	313.3	1
2440	515.5	290.0	7	9	1	313.1	1
2446	515.5	290.0	7	9	1	312.8	1
2453	515.5	290.0	7	9	1	312.6	1
2460	515.5	290.0	7	9	1	312.3	1
2469	515.5	290.0	7	9	1	311.9	1
2477	515.5	290.0	7	9	1	311.6	1
2484	515.5	290.0	7	9	1	311.3	1
2493	515.5	290.0	7	9	1	311.0	1
2500	515.5	290.0	7	9	1	310.7	1
2507	515.5	290.0	7	9	1	310.4	1
2514	515.5	290.0	7	9	1	310.1	1
2522	515.5	290.0	7	9	1	309.8	1
2529	515.5	290.0	7	9	1	309.5	1
2536	515.5	290.0	7	9	1	309.3	1
2542	515.5	290.0	7	9	1	309.0	1
2548	515.5	290.0	7	9	1	308.8	1
2555	515.5	290.0	7	9	1	308.5	1
2560	515.5	290.0	7	9	1	308.3	1
2567	515.5	290.0	7	9	1	308.0	1
2573	515.5	290.0	7	9	1	307.8	1
2579	515.5	290.0	7	9	1	307.6	1
2585	515.5	290.0	7	9	1	307.3	1
2591	515.5	290.0	7	9	1	307.1	1
2597	515.5	290.0	7	9	1	306.8	1
2604	515.5	290.0	7	9	1	306.5	1
2610	515.5	290.0	7	9	1	306.3	1
2619	515.5	290.0	7	9	1	306.0	1
2626	515.5	290.0	7	9	1	305.7	1
2635	515.5	290.0	7	9	1	305.3	1
2642	515.5	290.0	7	9	1	305.0	1
2649	515.5	290.0	7	9	1	304.7	1
2656	515.5	290.0	7	9	1	304.5	1
2662	515.5	290.0	7	9	1	304.2	1
2669	515.5	290.0	7	9	1	303.9	1
2675	515.5	290.0	7	9	1	303.7	1
2682	515.5	290.0	7	9	1	303.4	1
2689	515.5	290.0	7	9	1	303.1	1
2695	515.5	290.0	7	9	1	302.9	1
2702	515.5	290.0	7	9	1	302.6	1
2708	515.5	290.0	7	9	1	302.4	1
2716	515.5	290.0	7	9	1	302.1	1
2722	515.5	290.0	7	9	1	301.8	1
2728	515.5	290.0	7	9	1	301.6	1
2735	515.5	290.0	7	9	1	301.3	1
2741	515.5	290.0	7	9	1	301.1	1
2748	515.5	290.0	7	9	1	300.8	1
2755	515.5	290.0	7	9	1	300.5	1
2761	515.5	290.0	7	9	1	300.3	1
2769	515.5	290.0	7	9	1	299.9	1
2776	515.5	290.0	7	9	1	299.7	1
2783	515.5	290.0	7	9	1	299.4	1
2789	515.5	290.0	7	9	1	299.1	1
2795	515.5	290.0	7	9	1	299.6	1
2802	515.5	290.0	7	9	1	300.2	1
2808	515.5	290.0	7	9	1	300.6	1
2814	515.5	290.0	7	10	1	301.1	1
2820	515.5	290.0	7	10	1	301.5	1
2826	515.5	290.0	7	10	1	301.9	1
2833	515.5	290.0	7	10	1	302.3	1
2839	515.5	290.0	7	10	1	302.7	1
2844	515.5	290.0	7	10	1	303.0	1
2850	515.5	290.0	7	10	1	303.3	1
2856	515.5	290.0	7	10	1	303.6	1
2862	515.5	290.0	7	10	1	303.9	1
2869	515.5	290.0	7	10	1	304.2	1
2875	515.5	290.0	7	10	1	304.4	1
2881	515.5	290.0	7	10	1	304.7	1
2887	515.5	290.0	7	10	1	304.9	1
2893	515.5	290.0	7	10	1	305.1	1
2899	515.5	290.0	7	10	1	305.3	1
2905	515.5	290.0	7	10	1	305.5	1
2911	515.5	290.0	7	10	1	305.7	1
2918	515.5	290.0	7	10	1	305.9	1
2923	515.5	290.0	7	10	1	306.0	1
2929	515.5	290.0	7	10	1	306.1	1
2935	515.5	290.0	7	10	1	306.3	1
2941	515.5	290.0	7	10	1	306.4	1
2947	515.5	290.0	7	10	1	306.5	1
2953	515.5	290.0	7	10	1	306.6	1
2959	515.5	290.0	7	10	1	306.7	1
2965	515.5	290.0	7	10	1	306.8	1
2971	515.5	290.0	7	10	1	306.8	1
2977	515.5	290.0	7	10	1	306.9	1
2984	515.5	290.0	7	10	1	306.9	1
2990	515.5	290.0	7	10	1	307.0	1
2996	515.5	290.0	7	10	1	307.0	1
3003	515.5	290.0	7	10	1	307.0	1
3014	515.5	290.0	7	10	1	307.0	1
3020	515.5	290.0	7	10	1	307.0	1
3026	515.5	290.0	7	10	1	307.0	1
3034	515.5	290.0	7	10	1	307.0	1
3041	515.5	290.0	7	10	1	307.0	1
3049	515.5	290.0	7	10	1	307.0	1
3055	515.5	290.0	7	10	1	306.9	1
3061	515.5	290.0	7	10	1	306.9	1
3067	515.5	290.0	7	10	1	306.8	1
3073	515.5	290.0	7	10	1	306.8	1
3079	515.5	290.0	7	10	1	306.7	1
3085	515.5	290.0	7	10	1	306.6	1
3091	515.5	290.0	7	10	1	306.6	1
3097	515.5	290.0	7	10	1	306.5	1
3104	515.5	290.0	7	10	1	306.4	1
3109	515.5	290.0	7	10	1	306.3	1
3115	515.5	290.0	7	10	1	306.2	1
3121	515.5	290.0	7	10	1	306.1	1
3127	515.5	290.0	7	10	1	306.0	1
3134	515.5	290.0	7	10	1	305.9	1
3139	515.5	290.0	7	10	1	305.8	1
3146	515.5	290.0	7	10	1	305.7	1
3153	515.5	290.0	7	10	2	306.7	1
3160	515.5	290.0	7	9	2	306.4	1
3168	515.5	290.0	7	9	2	306.1	1
3175	515.5	290.0	7	9	2	305.9	1
3183	515.5	290.0	7	9	2	305.6	1
3191	515.5	290.0	7	9	2	305.3	1
3198	515.5	290.0	7	9	2	305.0	1
3205	515.5	290.0	7	9	2	304.7	1
3212	515.5	290.0	7	9	2	304.5	1
3220	515.5	290.0	7	9	2	304.2	1
3226	515.5	290.0	7	9	2	304.0	1
3232	515.5	290.0	7	9	2	303.7	1
3238	515.5	290.0	7	9	2	303.5	1
3243	515.5	290.0	7	9	2	303.3	1
3250	515.5	290.0	7	9	2	303.0	1
3255	515.5	290.0	7	9	2	302.8	1
3261	515.5	290.0	7	9	2	302.6	1
3268	515.5	290.0	7	10	2	302.3	1
3274	515.5	290.0	7	10	2	302.1	1
3280	515.5	290.0	7	10	2	301.9	1
3286	515.5	290.0	7	10	2	301.6	1
3292	515.5	290.0	7	10	2	301.4	1
3298	515.5	290.0	7	10	2	301.2	1
3304	515.5	290.0	7	10	2	301.0	1
3310	515.5	290.0	7	10	2	300.8	1
3316	515.5	290.0	7	10	2	300.5	1
3322	515.5	290.0	7	10	2	300.3	1
3328	515.5	290.0	7	10	2	300.1	1
3335	515.5	290.0	7	10	2	299.8	1
3341	515.5	290.0	7	10	2	299.5	1
3348	515.5	290.0	7	10	2	299.3	1
3356	515.5	290.0	7	10	2	299.0	1
3362	515.5	290.0	7	10	2	298.8	1
3369	515.5	290.0	7	10	2	298.5	1
3375	515.5	290.0	7	10	2	298.3	1
3381	515.5	290.0	7	10	2	298.0	1
3388	515.5	290.0	7	10	2	297.8	1
3394	515.5	290.0	7	10	2	297.5	1
3400	515.5	290.0	7	10	2	297.3	1
3406	515.5	290.0	7	10	2	297.1	1
3412	515.5	290.0	7	10	2	296.9	1
3418	515.5	290.0	7	10	2	296.6	1
3424	515.5	290.0	7	10	2	296.4	1
3430	515.5	290.0	7	10	2	296.2	1
3436	515.5	290.0	7	10	2	295.9	1
3442	515.5	290.0	7	10	2	295.7	1
3448	515.5	290.0	7	10	2	295.5	1
3454	515.5	290.0	7	10	2	295.2	1
3460	515.5	290.0	7	10	2	295.0	1
3466	515.5	290.0	7	10	2	294.8	1
3472	515.5	290.0	7	10	2	294.6	1
3478	515.5	290.0	7	10	2	294.3	1
3484	515.5	290.0	7	10	2	294.1	1
3490	515.5	290.0	7	10	2	293.9	1
3496	515.5	290.0	7	10	2	293.7	1
3502	515.5	290.0	7	10	2	293.4	1
3508	515.5	290.0	7	10	2	293.2	1
3513	515.5	290.0	7	10	2	293.0	1
3520	515.5	290.0	7	10	2	292.7	1
3525	515.5	290.0	7	10	2	292.5	1
3532	515.5	290.0	7	10	2	292.3	1
3538	515.5	290.0	7	10	2	292.0	1
3544	515.5	290.0	7	10	2	291.8	1
3550	515.5	290.0	7	10	2	291.6	1
3556	515.5	290.0	7	10	2	291.4	1
3562	515.5	290.0	7	10	2	291.1	1
3568	515.5	290.0	7	10	2	290.9	1
3574	515.5	290.0	7	10	2	290.7	1
3580	515.5	290.0	7	10	2	290.5	1
3586	515.5	290.0	7	10	2	290.2	1
3592	515.5	290.0	7	10	2	290.0	1
3598	515.5	290.0	7	10	2	289.8	1
3604	515.5	290.0	7	10	2	289.5	1
3610	515.5	290.0	7	10	2	289.3	1
3619	515.5	290.0	7	10	2	289.0	1
3626	515.5	290.0	7	10	2	288.7	1
3634	515.5	290.0	7	10	2	288.4	1
3640	515.5	290.0	7	10	2	288.2	1
3645	515.5	290.0	7	10	2	287.9	1
3652	515.5	290.0	7	10	2	287.7	1
3657	515.5	290.0	7	10	2	287.5	1
3663	515.5	290.0	7	10	2	287.3	1
3669	515.5	290.0	7	10	2	287.0	1
3675	515.5	290.0	7	10	2	286.8	1
3681	515.5	290.0	7	10	2	286.6	1
3687	515.5	290.0	7	10	2	286.3	1
3693	515.5	290.0	7	10	2	286.1	1
3699	515.5	290.0	7	10	2	285.9	1
3705	515.5	290.0	7	10	2	285.7	1
3711	515.5	290.0	7	10	2	285.4	1
3718	515.5	290.0	7	10	2	285.2	1
3724	515.5	290.0	7	10	2	285.0	1
3730	515.5	290.0	7	10	2	284.7	1
3737	515.5	290.0	7	10	2	284.5	1
3743	515.5	290.0	7	11	2	284.2	1
3750	515.5	290.0	7	11	2	284.0	1
3756	515.5	290.0	7	11	2	283.7	1
3762	515.5	290.0	7	11	2	283.5	1
3769	515.5	290.0	7	11	2	283.2	1
3775	515.5	290.0	7	11	2	283.0	1
3782	515.5	290.0	7	11	2	282.7	1
3789	515.5	290.0	7	11	2	282.5	1
3795	515.5	290.0	7	11	2	282.2	1
3806	515.5	290.0	7	11	2	281.8	1
3811	515.5	290.0	7	11	2	281.6	1
3819	515.5	290.0	7	11	2	281.3	1
3826	515.5	290.0	7	11	2	281.9	1
3833	515.5	290.0	7	11	2	282.5	1
3839	515.5	290.0	7	11	2	282.9	1
3845	515.5	290.0	7	11	2	283.4	1
3851	515.5	290.0	7	11	2	283.8	1
3858	515.5	290.0	7	11	2	284.2	1
3864	515.5	290.0	7	11	2	284.6	1
3871	515.5	290.0	7	11	2	285.1	1
3877	515.5	290.0	7	11	2	285.4	1
3886	515.5	290.0	7	11	2	285.9	1
3892	515.5	290.0	7	11	2	286.2	1
3899	515.5	290.0	7	11	2	286.5	1
3905	515.5	290.0	7	11	2	286.8	1
3911	515.5	290.0	7	11	2	287.0	1
3917	515.5	290.0	7	11	2	287.3	1
3923	515.5	290.0	7	11	2	287.5	1
3929	515.5	290.0	7	11	2	287.7	1
3935	515.5	290.0	7	11	2	287.9	1
3941	515.5	290.0	7	11	2	288.1	1
3947	515.5	290.0	7	11	2	288.3	1
3954	515.5	290.0	7	11	2	288.4	1
3960	515.5	290.0	7	11	2	288.6	1
3966	515.5	290.0	7	11	2	288.7	1
3972	515.5	290.0	7	11	2	288.9	1
3977	515.5	290.0	7	11	2	289.0	1
3984	515.5	290.0	7	11	2	289.1	1
3990	515.5	290.0	7	11	2	289.2	1
3995	515.5	290.0	7	11	2	289.3	1
4003	515.5	290.0	7	11	2	289.3	1
4008	515.5	290.0	7	11	2	289.4	1
4014	515.5	290.0	7	11	2	289.5	1
4021	515.5	290.0	7	11	2	289.5	1
4026	515.5	290.0	7	11	2	289.6	1
4033	515.5	290.0	7	11	2	289.6	1
4039	515.5	290.0	7	11	2	289.6	1
4045	515.5	290.0	7	11	2	289.6	1
4053	515.5	290.0	7	11	2	289.6	1
4059	515.5	290.0	7	11	2	289.6	1
4066	515.5	290.0	7	11	2	289.6	1
4072	515.5	290.0	7	11	2	289.6	1
4078	515.5	290.0	7	11	2	289.6	1
4084	515.5	290.0	7	11	2	289.6	1
4090	515.5	290.0	7	11	2	289.5	1
4097	515.5	290.0	7	11	2	289.5	1
4104	515.5	290.0	7	11	2	289.4	1
4110	515.5	290.0	7	11	2	289.4	1
4118	515.5	290.0	7	11	2	289.3	1
4125	515.5	290.0	7	11	2	289.2	1
4132	515.5	290.0	7	11	2	289.2	1
4139	515.5	290.0	7	11	2	289.1	1
4145	515.5	290.0	7	11	2	289.0	1
4151	515.5	290.0	7	11	2	288.9	1
4157	515.5	290.0	7	11	2	288.8	1
4163	515.5	290.0	7	11	2	288.7	1
4170	515.5	290.0	7	11	2	288.6	1
4175	515.5	290.0	7	11	2	288.5	1
4182	515.5	290.0	7	11	2	288.4	1
4188	515.5	290.0	7	11	3	377.7	1
4194	515.5	290.0	7	10	3	377.5	1
4200	515.5	290.0	7	10	3	377.3	1
4206	515.5	290.0	7	10	3	377.0	1
4211	515.5	290.0	7	10	3	376.8	1
4218	515.5	290.0	7	11	3	376.6	1
4223	515.5	290.0	7	11	3	376.4	1
4230	515.5	290.0	7	11	3	376.1	1
4237	515.5	290.0	7	11	3	375.8	1
4243	515.5	290.0	7	11	3	375.6	1
4253	515.5	290.0	7	11	3	375.3	1
4261	515.5	290.0	7	11	3	374.9	1
4269	515.5	290.0	7	11	3	374.6	1
4275	515.5	290.0	7	11	3	374.4	1
4282	515.5	290.0	7	11	3	374.1	1
4288	515.5	290.0	7	11	3	373.9	1
4294	515.5	290.0	7	11	3	373.7	1
4300	515.5	290.0	7	11	3	373.4	1
4307	515.5	290.0	7	11	3	373.2	1
4317	515.5	290.0	7	11	3	372.8	1
4324	515.5	290.0	7	11	3	372.5	1
4330	515.5	290.0	7	11	3	372.3	1
4337	515.5	290.0	7	11	3	372.0	1
4343	515.5	290.0	7	11	3	371.7	1
4349	515.5	290.0	7	11	3	371.5	1
4355	515.5	290.0	7	11	3	371.2	1
4361	515.5	290.0	7	11	3	371.0	1
4368	515.5	290.0	7	11	3	370.7	1
4374	515.5	290.0	7	11	3	370.4	1
4380	515.5	290.0	7	11	3	370.2	1
4388	515.5	290.0	7	11	3	369.9	1
4394	515.5	290.0	7	11	3	369.7	1
4400	515.5	290.0	7	11	3	369.4	1
4406	515.5	290.0	7	11	3	369.1	1
4412	515.5	290.0	7	11	3	368.9	1
4419	515.5	290.0	7	11	3	368.6	1
4425	515.5	290.0	7	11	3	368.4	1
4431	515.5	290.0	7	11	3	368.2	1
4438	515.5	290.0	7	11	3	367.9	1
4444	515.5	290.0	7	11	3	367.6	1
4452	515.5	290.0	7	11	3	367.3	1
4458	515.5	290.0	7	11	3	367.0	1
4465	515.5	290.0	7	11	3	366.8	1
4472	515.5	290.0	7	11	3	366.5	1
4478	515.5	290.0	7	11	3	366.3	1
4484	515.5	290.0	7	11	3	366.0	1
4490	515.5	290.0	7	11	3	365.8	1
4496	515.5	290.0	7	11	3	365.5	1
4502	515.5	290.0	7	11	3	365.2	1
4508	515.5	290.0	7	11	3	365.0	1
4514	515.5	290.0	7	11	3	364.8	1
4520	515.5	290.0	7	11	3	364.5	1
4526	515.5	290.0	7	11	3	364.3	1
4532	515.5	290.0	7	11	3	364.0	1
4538	515.5	290.0	7	11	3	363.8	1
4544	515.5	290.0	7	11	3	363.6	1
4550	515.5	290.0	7	11	3	363.3	1
4556	515.5	290.0	7	11	3	363.1	1
4562	515.5	290.0	7	11	3	362.8	1
4568	515.5	290.0	7	11	3	362.6	1
4574	515.5	290.0	7	11	3	362.3	1
4580	515.5	290.0	7	11	3	362.1	1
4586	515.5	290.0	7	11	3	361.9	1
4592	515.5	290.0	7	11	3	361.6	1
4599	515.5	290.0	7	11	3	361.3	1
4605	515.5	290.0	7	11	3	361.1	1
4611	515.5	290.0	7	11	3	360.9	1
4617	515.5	290.0	7	11	3	360.6	1
4623	515.5	290.0	7	11	3	360.3	1
4629	515.5	290.0	7	11	3	360.1	1
4635	515.5	290.0	7	11	3	359.9	1
4641	515.5	290.0	7	11	3	359.6	1
4647	515.5	290.0	7	11	3	360.1	1
4653	515.5	290.0	7	11	3	359.9	1
4659	515.5	290.0	7	11	3	359.7	1
4665	515.5	290.0	7	11	3	359.4	1
4671	515.5	290.0	7	12	3	359.2	1
4678	515.5	290.0	7	12	3	358.9	1
4685	515.5	290.0	7	12	3	358.7	1
4690	515.5	290.0	7	12	3	358.4	1
4696	515.5	290.0	7	12	3	358.2	1
4703	515.5	290.0	7	12	3	358.0	1
4708	515.5	290.0	7	12	3	357.7	1
4715	515.5	290.0	7	12	3	357.5	1
4721	515.5	290.0	7	12	3	357.3	1
4727	515.5	290.0	7	12	3	357.0	1
4733	515.5	290.0	7	12	3	356.8	1
4739	515.5	290.0	7	12	3	356.6	1
4745	515.5	290.0	7	12	3	356.3	1
4751	515.5	290.0	7	12	3	356.1	1
4757	515.5	290.0	7	12	3	355.9	1
4763	515.5	290.0	7	12	3	355.7	1
4769	515.5	290.0	7	12	3	355.4	1
4775	515.5	290.0	7	12	3	355.2	1
4781	515.5	290.0	7	12	3	355.0	1
4788	515.5	290.0	7	12	3	354.7	1
4793	515.5	290.0	7	12	3	354.5	1
4800	515.5	290.0	7	12	3	354.2	1
4806	515.5	290.0	7	12	3	354.0	1
4811	515.5	290.0	7	12	3	353.8	1
4819	515.5	290.0	7	12	3	353.5	1
4825	515.5	290.0	7	12	3	353.3	1
4832	515.5	290.0	7	12	3	353.0	1
4840	515.5	290.0	7	12	3	352.7	1
4846	515.5	290.0	7	12	3	352.5	1
4853	515.5	290.0	7	12	3	352.2	1
4859	515.5	290.0	7	12	3	352.0	1
4866	515.5	290.0	7	12	3	351.7	1
4873	515.5	290.0	7	12	3	351.4	1
4879	515.5	290.0	7	12	3	351.2	1
4887	515.5	290.0	7	12	3	350.9	1
4893	515.5	290.0	7	12	3	350.6	1
4902	515.5	290.0	7	12	3	350.3	1
4908	515.5	290.0	7	12	3	350.1	1
4915	515.5	290.0	7	12	3	349.8	1
4922	515.5	290.0	7	12	3	349.6	1
4927	515.5	290.0	7	12	3	349.3	1
4934	515.5	290.0	7	12	3	349.1	1
4940	515.5	290.0	7	12	3	348.9	1
4946	515.5	290.0	7	12	3	348.6	1
4953	515.5	290.0	7	12	3	348.4	1
4959	515.5	290.0	7	12	3	348.1	1
4969	515.5	290.0	7	12	3	347.8	1
4975	515.5	290.0	7	12	3	347.5	1
4983	515.5	290.0	7	12	3	347.2	1
4989	515.5	290.0	7	12	3	347.0	1
4995	515.5	290.0	7	12	3	346.7	1
5002	515.5	290.0	7	12	4	346.5	1
5008	515.5	290.0	7	11	4	346.3	1
5014	515.5	290.0	7	11	4	346.0	1
5020	515.5	290.0	7	11	4	345.8	1
5026	515.5	290.0	7	11	4	345.6	1
5033	515.5	290.0	7	11	4	345.3	1
5040	515.5	290.0	7	11	4	345.0	1
5046	515.5	290.0	7	11	4	344.8	1
5054	515.5	290.0	7	11	4	344.5	1
5060	515.5	290.0	7	11	4	344.2	1
5067	515.5	290.0	7	11	4	344.0	1
5073	515.5	290.0	7	11	4	343.8	1
5079	515.5	290.0	7	11	4	343.5	1
5085	515.5	290.0	7	11	4	343.3	1
5092	515.5	290.0	7	11	4	343.0	1
5098	515.5	290.0	7	11	4	342.8	1
5104	515.5	290.0	7	11	4	342.6	1
5110	515.5	290.0	7	11	4	342.3	1
5117	515.5	290.0	7	11	4	342.1	1
5123	515.5	290.0	7	11	4	341.8	1
5128	515.5	290.0	7	11	4	341.6	1
5135	515.5	290.0	7	11	4	341.4	1
5141	515.5	290.0	7	11	4	341.1	1
5147	515.5	290.0	7	11	4	340.9	1
5153	515.5	290.0	7	11	4	340.7	1
5159	515.5	290.0	7	12	4	340.5	1
5166	515.5	290.0	7	12	4	340.2	1
5172	515.5	290.0	7	12	4	339.9	1
5178	515.5	290.0	7	12	4	339.7	1
5185	515.5	290.0	7	12	4	339.5	1
5190	515.5	290.0	7	12	4	339.2	1
5196	515.5	290.0	7	12	4	339.0	1
5203	515.5	290.0	7	12	4	338.8	1
5209	515.5	290.0	7	12	4	338.5	1
5215	515.5	290.0	7	12	4	338.3	1
5222	515.5	290.0	7	12	4	338.0	1
5228	515.5	290.0	7	12	4	337.8	1
5238	515.5	290.0	7	12	4	337.5	1
5244	515.5	290.0	7	12	4	337.2	1
5254	515.5	290.0	7	12	4	336.8	1
5260	515.5	290.0	7	12	4	336.6	1
5269	515.5	290.0	7	12	4	336.3	1
5275	515.5	290.0	7	12	4	336.0	1
5282	515.5	290.0	7	12	4	335.7	1
5289	515.5	290.0	7	12	4	335.5	1
5295	515.5	290.0	7	12	4	335.2	1
5302	515.5	290.0	7	12	4	335.0	1
5309	515.5	290.0	7	12	4	334.7	1
5316	515.5	290.0	7	12	4	334.4	1
5323	515.5	290.0	7	12	4	334.1	1
5329	515.5	290.0	7	12	4	333.9	1
5336	515.5	290.0	7	12	4	333.7	1
5342	515.5	290.0	7	12	4	333.4	1
5348	515.5	290.0	7	12	4	333.2	1
5354	515.5	290.0	7	12	4	332.9	1
5360	515.5	290.0	7	12	4	332.7	1
5367	515.5	290.0	7	12	4	332.5	1
5373	515.5	290.0	7	12	4	332.2	1
5379	515.5	290.0	7	12	4	332.0	1
5387	515.5	290.0	7	12	4	331.7	1
5393	515.5	290.0	7	12	4	331.5	1
5400	515.5	290.0	7	12	4	331.2	1
5407	515.5	290.0	7	12	4	330.9	1
5413	515.5	290.0	7	12	4	330.7	1
5420	515.5	290.0	7	12	4	330.4	1
5426	515.5	290.0	7	12	4	330.2	1
5433	515.5	290.0	7	12	4	329.9	1
5440	515.5	290.0	7	12	4	329.7	1
5446	515.5	290.0	7	12	4	329.5	1
5454	515.5	290.0	7	12	4	329.1	1
5461	515.5	290.0	7	12	4	328.9	1
5467	515.5	290.0	7	12	4	328.6	1
5474	515.5	290.0	7	12	4	328.4	1
5479	515.5	290.0	7	12	4	328.2	1
5486	515.5	290.0	7	12	4	327.9	1
5492	515.5	290.0	7	12	4	327.7	1
5498	515.5	290.0	7	12	4	327.5	1
5504	515.5	290.0	7	12	4	327.2	1
5510	515.5	290.0	7	12	4	327.0	1
5517	515.5	290.0	7	12	4	326.7	1
5523	515.5	290.0	7	12	4	326.5	1
5530	515.5	290.0	7	12	4	326.2	1
5538	515.5	290.0	7	12	4	325.9	1
5544	515.5	290.0	7	12	4	325.7	1
5551	515.5	290.0	7	12	4	325.4	1
5558	515.5	290.0	7	12	4	325.2	1
5563	515.5	290.0	7	12	4	324.9	1
5570	515.5	290.0	7	12	4	324.7	1
5575	515.5	290.0	7	12	4	324.5	1
5582	515.5	290.0	7	12	4	324.2	1
5589	515.5	290.0	7	12	4	324.0	1
5594	515.5	290.0	7	12	4	323.7	1
5601	515.5	290.0	7	12	4	323.5	1
5608	515.5	290.0	7	13	4	323.2	1
5615	515.5	290.0	7	13	4	323.0	1
5622	515.5	290.0	7	13	4	322.7	1
5628	515.5	290.0	7	13	4	322.5	1
5635	515.5	290.0	7	13	4	322.2	1
5641	515.5	290.0	7	13	4	322.7	1
5647	515.5	290.0	7	13	4	323.2	1
5653	515.5	290.0	7	13	4	323.7	1
5659	515.5	290.0	7	13	4	324.2	1
5666	515.5	290.0	7	13	4	324.6	1
5673	515.5	290.0	7	13	4	325.1	1
5679	515.5	290.0	7	13	4	325.4	1
5686	515.5	290.0	7	13	4	325.9	1
5692	515.5	290.0	7	13	4	326.2	1
5698	515.5	290.0	7	13	4	326.5	1
5704	515.5	290.0	7	13	4	326.9	1
5710	515.5	290.0	7	13	4	327.1	1
5716	515.5	290.0	7	13	4	327.4	1
5723	515.5	290.0	7	13	4	327.7	1
5729	515.5	290.0	7	13	4	328.0	1
5737	515.5	290.0	7	13	4	328.3	1
5743	515.5	290.0	7	13	4	328.5	1
5750	515.5	290.0	7	13	4	328.7	1
5757	515.5	290.0	7	13	4	328.9	1
5762	515.5	290.0	7	13	4	329.1	1
5770	515.5	290.0	7	13	4	329.3	1
5775	515.5	290.0	7	13	4	329.4	1
5782	515.5	290.0	7	13	4	329.6	1
5788	515.5	290.0	7	13	4	329.7	1
5794	515.5	290.0	7	13	4	329.8	1
5805	515.5	290.0	7	13	4	330.0	1
5814	515.5	290.0	7	13	4	330.1	1
5823	515.5	290.0	7	13	4	330.2	1
5830	515.5	290.0	7	13	4	330.3	1
5838	515.5	290.0	7	13	4	330.3	1
5845	515.5	290.0	7	13	4	330.4	1
5858	515.5	290.0	7	13	4	330.4	1
5868	515.5	290.0	7	13	4	330.5	1
5875	515.5	290.0	7	13	4	330.5	1
5882	515.5	290.0	7	13	4	330.4	1
5889	515.5	290.0	7	13	4	330.4	1
5896	515.5	290.0	7	13	4	330.4	1
5903	515.5	290.0	7	13	4	330.4	1
5909	515.5	290.0	7	13	4	330.3	1
5915	515.5	290.0	7	13	4	330.3	1
5922	515.5	290.0	7	13	4	330.2	1
5927	515.5	290.0	7	13	4	330.2	1
5934	515.5	290.0	7	13	4	330.1	1
5940	515.5	290.0	7	13	4	330.0	1
5946	515.5	290.0	7	13	4	330.0	1
5953	515.5	290.0	7	13	4	329.9	1
5959	515.5	290.0	7	13	4	329.8	1
5967	515.5	290.0	7	13	4	329.7	1
5975	515.5	290.0	7	13	4	329.6	1
5982	515.5	290.0	7	13	4	329.5	1
5989	515.5	290.0	7	13	4	329.3	1
5995	515.5	290.0	7	13	4	329.2	1
6003	515.5	290.0	7	13	5	348.1	1
6009	515.5	290.0	7	12	5	347.8	1
6016	515.5	290.0	7	12	5	347.6	1
6023	515.5	290.0	7	12	5	347.3	1
6029	515.5	290.0	7	12	5	347.1	1
6037	515.5	290.0	7	12	5	346.8	1
6043	515.5	290.0	7	12	5	346.6	1
6050	515.5	290.0	7	12	5	346.3	1
6056	515.5	290.0	7	12	5	346.1	1
6062	515.5	290.0	7	12	5	345.9	1
6070	515.5	290.0	7	12	5	345.6	1
6076	515.5	290.0	7	12	5	345.4	1
6083	515.5	290.0	7	12	5	345.1	1
6089	515.5	290.0	7	13	5	344.9	1
6095	515.5	290.0	7	13	5	344.7	1
6101	515.5	290.0	7	13	5	344.4	1
6107	515.5	290.0	7	13	5	344.2	1
6113	515.5	290.0	7	13	5	343.9	1
6120	515.5	290.0	7	13	5	343.6	1
6126	515.5	290.0	7	13	5	343.4	1
6132	515.5	290.0	7	13	5	343.1	1
6139	515.5	290.0	7	13	5	342.9	1
6147	515.5	290.0	7	13	5	342.6	1
6154	515.5	290.0	7	13	5	342.2	1
6159	515.5	290.0	7	13	5	342.0	1
6166	515.5	290.0	7	13	5	341.7	1
6172	515.5	290.0	7	13	5	341.5	1
6179	515.5	290.0	7	13	5	341.2	1
6186	515.5	290.0	7	13	5	340.9	1
6193	515.5	290.0	7	13	5	340.6	1
6200	515.5	290.0	7	13	5	340.4	1
6206	515.5	290.0	7	13	5	340.1	1
6212	515.5	290.0	7	13	5	339.8	1
6219	515.5	290.0	7	13	5	339.6	1
6225	515.5	290.0	7	13	5	339.3	1
6231	515.5	290.0	7	13	5	339.1	1
6237	515.5	290.0	7	13	5	338.8	1
6244	515.5	290.0	7	13	5	338.5	1
6250	515.5	290.0	7	13	5	338.3	1
6256	515.5	290.0	7	13	5	338.0	1
6262	515.5	290.0	7	13	5	337.8	1
6269	515.5	290.0	7	13	5	337.5	1
6275	515.5	290.0	7	13	5	337.2	1
6281	515.5	290.0	7	13	5	337.0	1
6288	515.5	290.0	7	13	5	336.7	1
6294	515.5	290.0	7	13	5	336.5	1
6303	515.5	290.0	7	13	5	336.1	1
6310	515.5	290.0	7	13	5	335.8	1
6317	515.5	290.0	7	13	5	335.5	1
6323	515.5	290.0	7	13	5	335.2	1
6330	515.5	290.0	7	13	5	335.0	1
6341	515.5	290.0	7	13	5	334.5	1
6347	515.5	290.0	7	13	5	334.3	1
6355	515.5	290.0	7	13	5	333.9	1
6362	515.5	290.0	7	13	5	333.7	1
6372	515.5	290.0	7	13	5	333.2	1
6379	515.5	290.0	7	13	5	332.9	1
6387	515.5	290.0	7	13	5	332.6	1
6393	515.5	290.0	7	13	5	332.4	1
6399	515.5	290.0	7	13	5	332.1	1
6405	515.5	290.0	7	13	5	331.9	1
6412	515.5	290.0	7	13	5	331.6	1
6419	515.5	290.0	7	13	5	331.3	1
6425	515.5	290.0	7	13	5	331.0	1
6431	515.5	290.0	7	13	5	330.8	1
6437	515.5	290.0	7	13	5	330.5	1
6443	515.5	290.0	7	13	5	330.3	1
6450	515.5	290.0	7	13	5	330.0	1
6456	515.5	290.0	7	13	5	329.8	1
6461	515.5	290.0	7	13	5	329.5	1
6468	515.5	290.0	7	13	5	329.3	1
6474	515.5	290.0	7	13	5	329.0	1
6480	515.5	290.0	7	13	5	328.8	1
6486	515.5	290.0	7	13	5	328.5	1
6492	515.5	290.0	7	13	5	328.3	1
6498	515.5	290.0	7	13	5	328.0	1
6505	515.5	290.0	7	13	5	327.7	1
6511	515.5	290.0	7	13	5	327.5	1
6517	515.5	290.0	7	13	5	327.2	1
6524	515.5	290.0	7	13	5	327.0	1
6530	515.5	290.0	7	13	5	326.7	1
6537	515.5	290.0	7	13	5	326.4	1
6543	515.5	290.0	7	13	5	326.2	1
6549	515.5	290.0	7	14	5	325.9	1
6555	515.5	290.0	7	14	5	325.7	1
6561	515.5	290.0	7	14	5	325.4	1
6567	515.5	290.0	7	14	5	325.2	1
6574	515.5	290.0	7	14	5	324.9	1
6580	515.5	290.0	7	14	5	324.6	1
6587	515.5	290.0	7	14	5	324.4	1
6593	515.5	290.0	7	14	5	324.1	1
6599	515.5	290.0	7	14	5	323.8	1
6606	515.5	290.0	7	14	5	323.6	1
6612	515.5	290.0	7	14	5	323.3	1
6619	515.5	290.0	7	14	5	323.0	1
6626	515.5	290.0	7	14	5	322.8	1
6632	515.5	290.0	7	14	5	322.5	1
6640	515.5	290.0	7	14	5	322.2	1
6646	515.5	290.0	7	14	5	321.9	1
6654	515.5	290.0	7	14	5	321.6	1
6660	515.5	290.0	7	14	5	321.3	1
6667	515.5	290.0	7	14	5	321.0	1
6675	515.5	290.0	7	14	5	320.7	1
6681	515.5	290.0	7	14	5	320.4	1
6688	515.5	290.0	7	14	5	320.2	1
6694	515.5	290.0	7	14	5	319.9	1
6703	515.5	290.0	7	14	5	319.6	1
6709	515.5	290.0	7	14	5	319.3	1
6716	515.5	290.0	7	14	5	319.0	1
6722	515.5	290.0	7	14	5	318.8	1
6728	515.5	290.0	7	14	5	318.5	1
6734	515.5	290.0	7	14	5	318.3	1
6740	515.5	290.0	7	14	5	318.0	1
6746	515.5	290.0	7	14	5	317.8	1
6753	515.5	290.0	7	14	5	317.5	1
6759	515.5	290.0	7	14	5	317.2	1
6768	515.5	290.0	7	14	5	316.9	1
6776	515.5	290.0	7	14	5	316.6	1
6784	515.5	290.0	7	14	5	316.2	1
6792	515.5	290.0	7	14	5	315.9	1
6800	515.5	290.0	7	14	5	315.5	1
6807	515.5	290.0	7	14	5	315.3	1
6814	515.5	290.0	7	14	5	315.0	1
6821	515.5	290.0	7	14	5	314.7	1
6828	515.5	290.0	7	14	5	314.4	1
6836	515.5	290.0	7	14	5	314.1	1
6842	515.5	290.0	7	14	5	313.8	1
6850	515.5	290.0	7	14	5	313.5	1
6856	515.5	290.0	7	14	5	313.2	1
6863	515.5	290.0	7	14	5	313.0	1
6869	515.5	290.0	7	14	5	312.7	1
6876	515.5	290.0	7	14	5	312.4	1
6883	515.5	290.0	7	14	5	312.1	1
6890	515.5	290.0	7	14	5	311.8	1
6898	515.5	290.0	7	14	5	311.5	1
6906	515.5	290.0	7	14	5	311.2	1
6912	515.5	290.0	7	14	5	310.9	1
6921	515.5	290.0	7	14	5	310.6	1
6927	515.5	290.0	7	14	5	310.3	1
6935	515.5	290.0	7	14	5	310.0	1
6941	515.5	290.0	7	14	5	309.7	1
6948	515.5	290.0	7	14	5	309.4	1
6955	515.5	290.0	7	14	5	309.1	1
6961	515.5	290.0	7	14	5	308.9	1
6968	515.5	290.0	7	14	5	308.6	1
6975	515.5	290.0	7	14	5	308.3	1
6981	515.5	290.0	7	14	5	308.0	1
6988	515.5	290.0	7	14	5	307.8	1
6994	515.5	290.0	7	14	5	307.5	1
7001	515.5	290.0	7	14	5	307.2	1
7007	515.5	290.0	7	14	5	307.0	1
7013	515.5	290.0	7	14	5	306.7	1
7020	515.5	290.0	7	14	5	306.5	1
7026	515.5	290.0	7	15	5	306.2	1
7032	515.5	290.0	7	15	5	306.0	1
7038	515.5	290.0	7	15	5	305.7	1
7044	515.5	290.0	7	15	5	305.5	1
7051	515.5	290.0	7	15	5	305.2	1
7057	515.5	290.0	7	15	5	304.9	1
7063	515.5	290.0	7	15	5	304.7	1
7070	515.5	290.0	7	15	5	304.4	1
7076	515.5	290.0	7	15	6	304.1	1
7082	515.5	290.0	7	14	6	303.9	1
7089	515.5	290.0	7	14	6	303.6	1
7094	515.5	290.0	7	14	6	303.4	1
7101	515.5	290.0	7	14	6	303.1	1
7107	515.5	290.0	7	14	6	302.9	1
7113	515.5	290.0	7	14	6	302.6	1
7119	515.5	290.0	7	14	6	302.4	1
7125	515.5	290.0	7	14	6	302.1	1
7131	515.5	290.0	7	14	6	301.9	1
7138	515.5	290.0	7	14	6	301.6	1
7144	515.5	290.0	7	14	6	301.3	1
7150	515.5	290.0	7	14	6	301.1	1
7156	515.5	290.0	7	14	6	300.8	1
7162	515.5	290.0	7	14	6	300.6	1
7168	515.5	290.0	7	14	6	300.3	1
7174	515.5	290.0	7	14	6	300.1	1
7180	515.5	290.0	7	14	6	299.8	1
7186	515.5	290.0	7	14	6	299.6	1
7192	515.5	290.0	7	14	6	299.3	1
7199	515.5	290.0	7	14	6	299.1	1
7205	515.5	290.0	7	14	6	298.8	1
7211	515.5	290.0	7	14	6	298.6	1
7217	515.5	290.0	7	14	6	298.3	1
7223	515.5	290.0	7	14	6	298.1	1
7229	515.5	290.0	7	14	6	297.8	1
7235	515.5	290.0	7	14	6	297.5	1
7241	515.5	290.0	7	14	6	297.3	1
7247	515.5	290.0	7	14	6	297.1	1
7253	515.5	290.0	7	14	6	296.8	1
7259	515.5	290.0	7	14	6	296.6	1
7265	515.5	290.0	7	14	6	296.3	1
7272	515.5	290.0	7	14	6	296.1	1
7277	515.5	290.0	7	14	6	295.8	1
7284	515.5	290.0	7	14	6	295.5	1
7290	515.5	290.0	7	14	6	295.3	1
7296	515.5	290.0	7	14	6	295.0	1
7303	515.5	290.0	7	14	6	294.7	1
7309	515.5	290.0	7	14	6	294.5	1
7316	515.5	290.0	7	14	6	294.2	1
7323	515.5	290.0	7	14	6	294.0	1
7329	515.5	290.0	7	14	6	293.7	1
7335	515.5	290.0	7	14	6	293.4	1
7342	515.5	290.0	7	14	6	293.2	1
7348	515.5	290.0	7	14	6	292.9	1
7355	515.5	290.0	7	14	6	292.6	1
7361	515.5	290.0	7	14	6	292.4	1
7368	515.5	290.0	7	14	6	292.1	1
7374	515.5	290.0	7	14	6	291.8	1
7380	515.5	290.0	7	14	6	291.6	1
7386	515.5	290.0	7	14	6	291.3	1
7392	515.5	290.0	7	14	6	291.1	1
7399	515.5	290.0	7	14	7	290.8	1
7405	515.5	290.0	7	13	7	290.5	1
7411	515.5	290.0	7	13	7	290.3	1
7420	515.5	290.0	7	13	7	289.9	1
7427	515.5	290.0	7	13	7	289.7	1
7434	515.5	290.0	7	13	7	289.4	1
7440	515.5	290.0	7	13	7	289.1	1
7446	515.5	290.0	7	13	7	288.9	1
7455	515.5	290.0	7	13	7	288.5	1
7461	515.5	290.0	7	13	7	288.2	1
7467	515.5	290.0	7	13	7	288.0	1
7473	515.5	290.0	7	13	7	287.7	1
7480	515.5	290.0	7	13	7	287.5	1
7486	515.5	290.0	7	13	7	287.2	1
7492	515.5	290.0	7	13	7	286.9	1
7498	515.5	290.0	7	14	7	286.7	1
7504	515.5	290.0	7	14	7	286.4	1
7510	515.5	290.0	7	14	7	286.2	1
7517	515.5	290.0	7	14	7	285.9	1
7523	515.5	290.0	7	14	7	285.7	1
7528	515.5	290.0	7	14	7	285.4	1
7535	515.5	290.0	7	14	7	285.2	1
7540	515.5	290.0	7	14	7	285.0	1
7546	515.5	290.0	7	14	7	284.7	1
7552	515.5	290.0	7	14	7	284.5	1
7558	515.5	290.0	7	14	7	284.2	1
7564	515.5	290.0	7	14	7	284.0	1
7571	515.5	290.0	7	14	7	283.7	1
7577	515.5	290.0	7	14	7	283.5	1
7585	515.5	290.0	7	14	7	283.1	1
7591	515.5	290.0	7	14	7	282.8	1
7598	515.5	290.0	7	14	7	282.6	1
7605	515.5	290.0	7	14	7	282.3	1
7611	515.5	290.0	7	14	7	282.0	1
7618	515.5	290.0	7	14	7	281.7	1
7625	515.5	290.0	7	14	7	281.5	1
7633	515.5	290.0	7	14	7	281.2	1
7640	515.5	290.0	7	14	7	280.8	1
7647	515.5	290.0	7	14	7	280.6	1
7654	515.5	290.0	7	14	7	280.3	1
7660	515.5	290.0	7	14	7	280.0	1
7667	515.5	290.0	7	14	7	279.7	1
7674	515.5	290.0	7	14	7	279.4	1
7681	515.5	290.0	7	14	7	279.2	1
7688	515.5	290.0	7	14	7	278.9	1
7694	515.5	290.0	7	14	7	278.6	1
7701	515.5	290.0	7	14	7	278.3	1
7707	515.5	290.0	7	14	7	278.0	1
7714	515.5	290.0	7	14	7	277.8	1
7721	515.5	290.0	7	14	7	277.5	1
7727	515.5	290.0	7	14	7	277.2	1
7735	515.5	290.0	7	14	7	276.9	1
7741	515.5	290.0	7	14	7	276.7	1
7748	515.5	290.0	7	14	7	276.4	1
7755	515.5	290.0	7	14	7	276.1	1
7761	515.5	290.0	7	14	7	275.8	1
7768	515.5	290.0	7	14	7	275.5	1
7774	515.5	290.0	7	14	7	275.3	1
7781	515.5	290.0	7	14	7	275.0	1
7788	515.5	290.0	7	14	7	274.7	1
7794	515.5	290.0	7	14	7	274.5	1
7801	515.5	290.0	7	14	7	274.2	1
7809	515.5	290.0	7	14	7	273.9	1
7818	515.5	290.0	7	14	7	273.5	1
7825	515.5	290.0	7	14	7	273.2	1
7832	515.5	290.0	7	14	7	272.9	1
7839	515.5	290.0	7	14	7	272.6	1
7844	515.5	290.0	7	14	7	272.4	1
7852	515.5	290.0	7	14	7	272.1	1
7858	515.5	290.0	7	14	7	271.8	1
7864	515.5	290.0	7	14	7	271.6	1
7871	515.5	290.0	7	14	7	271.3	1
7876	515.5	290.0	7	14	7	271.1	1
7883	515.5	290.0	7	14	7	270.8	1
7890	515.5	290.0	7	14	7	270.5	1
7897	515.5	290.0	7	14	7	270.2	1
7906	515.5	290.0	7	14	7	269.8	1
7912	515.5	290.0	7	14	7	269.6	1
7919	515.5	290.0	7	14	7	269.3	1
7925	515.5	290.0	7	14	7	269.0	1
7932	515.5	290.0	7	14	7	268.8	1
7939	515.5	290.0	7	14	7	268.5	1
7945	515.5	290.0	7	14	7	268.2	1
7952	515.5	290.0	7	14	7	267.9	1
7958	515.5	290.0	7	14	7	267.7	1
7965	515.5	290.0	7	15	7	267.4	1
7971	515.5	290.0	7	15	7	267.1	1
7977	515.5	290.0	7	15	7	266.9	1
7984	515.5	290.0	7	15	7	266.6	1
7989	515.5	290.0	7	15	7	266.4	1
7995	515.5	290.0	7	15	7	266.2	1
8001	515.5	290.0	7	15	7	265.9	1
8007	515.5	290.0	7	15	7	265.7	1
8013	515.5	290.0	7	15	7	265.4	1
8020	515.5	290.0	7	15	7	265.1	1
8026	515.5	290.0	7	15	7	264.9	1
8034	515.5	290.0	7	15	7	264.6	1
8041	515.5	290.0	7	15	7	265.3	1
8049	515.5	290.0	7	15	7	265.8	1
8056	515.5	290.0	7	15	7	266.4	1
8062	515.5	290.0	7	15	7	266.8	1
8070	515.5	290.0	7	15	7	267.3	1
8076	515.5	290.0	7	15	7	267.6	1
8082	515.5	290.0	7	15	7	267.6	1
8089	515.5	290.0	7	15	7	267.3	1
8094	515.5	290.0	7	15	7	267.1	1
8103	515.5	290.0	7	15	7	266.7	1
8109	515.5	290.0	7	15	7	266.5	1
8115	515.5	290.0	7	15	7	266.2	1
8121	515.5	290.0	7	15	7	265.9	1
8127	515.5	290.0	7	15	7	265.7	1
8135	515.5	290.0	7	15	7	265.3	1
8141	515.5	290.0	7	15	7	265.1	1
8151	515.5	290.0	7	15	7	264.7	1
8157	515.5	290.0	7	15	7	264.4	1
8163	515.5	290.0	7	15	7	264.1	1
8169	515.5	290.0	7	15	7	263.8	1
8175	515.5	290.0	7	15	7	263.6	1
8182	515.5	290.0	7	15	7	263.3	1
8188	515.5	290.0	7	15	7	263.0	1
8194	515.5	290.0	7	15	7	262.8	1
8200	515.5	290.0	7	15	7	262.5	1
8206	515.5	290.0	7	15	7	262.2	1
8212	515.5	290.0	7	15	7	262.0	1
8218	515.5	290.0	7	15	7	261.7	1
8224	515.5	290.0	7	15	7	261.4	1
8230	515.5	290.0	7	15	7	261.2	1
8237	515.5	290.0	7	15	7	260.9	1
8243	515.5	290.0	7	15	7	260.6	1
8249	515.5	290.0	7	15	7	260.4	1
8256	515.5	290.0	7	15	7	260.1	1
8261	515.5	290.0	7	15	7	259.8	1
8268	515.5	290.0	7	15	7	259.6	1
8274	515.5	290.0	7	15	7	259.3	1
8280	515.5	290.0	7	15	7	259.0	1
8287	515.5	290.0	7	15	7	258.7	1
8293	515.5	290.0	7	15	7	258.5	1
8300	515.5	290.0	7	15	7	258.2	1
8306	515.5	290.0	7	15	7	257.9	1
8312	515.5	290.0	7	15	7	257.7	1
8320	515.5	290.0	7	15	7	257.3	1
8325	515.5	290.0	7	15	7	257.1	1
8331	515.5	290.0	7	15	7	256.8	1
8338	515.5	290.0	7	15	7	256.5	1
8344	515.5	290.0	7	15	7	256.3	1
8350	515.5	290.0	7	15	7	256.0	1
8357	515.5	290.0	7	15	7	255.7	1
8365	515.5	290.0	7	15	7	255.4	1
8373	515.5	290.0	7	15	7	255.0	1
8379	515.5	290.0	7	15	7	254.7	1
8386	515.5	290.0	7	15	7	254.4	1
8392	515.5	290.0	7	15	8	254.2	1
8399	515.5	290.0	7	14	8	253.9	1
8405	515.5	290.0	7	14	8	253.6	1
8411	515.5	290.0	7	14	8	253.4	1
8417	515.5	290.0	7	14	8	253.1	1
8423	515.5	290.0	7	14	8	252.8	1
8429	515.5	290.0	7	15	8	252.6	1
8436	515.5	290.0	7	15	8	252.3	1
8442	515.5	290.0	7	15	8	252.0	1
8450	515.5	290.0	7	15	8	251.7	1
8457	515.5	290.0	7	15	8	251.4	1
8463	515.5	290.0	7	15	8	251.1	1
8470	515.5	290.0	7	15	8	250.8	1
8476	515.5	290.0	7	15	8	250.5	1
8482	515.5	290.0	7	15	8	250.3	1
8488	515.5	290.0	7	15	8	250.0	1
8494	515.5	290.0	7	15	8	249.8	1
8500	515.5	290.0	7	15	8	249.5	1
8506	515.5	290.0	7	15	8	249.2	1
8512	515.5	290.0	7	15	8	249.0	1
8518	515.5	290.0	7	15	8	248.7	1
8524	515.5	290.0	7	15	8	248.5	1
8530	515.5	290.0	7	15	8	248.2	1
8537	515.5	290.0	7	15	8	247.9	1
8542	515.5	290.0	7	15	8	247.7	1
8549	515.5	290.0	7	15	8	247.4	1
8556	515.5	290.0	7	15	8	247.1	1
8561	515.5	290.0	7	15	8	246.8	1
8568	515.5	290.0	7	15	8	246.6	1
8574	515.5	290.0	7	15	8	246.3	1
8580	515.5	290.0	7	15	8	246.0	1
8587	515.5	290.0	7	15	8	245.7	1
8593	515.5	290.0	7	15	8	245.5	1
8599	515.5	290.0	7	15	8	245.2	1
8605	515.5	290.0	7	15	8	244.9	1
8611	515.5	290.0	7	15	8	244.7	1
8618	515.5	290.0	7	15	8	244.4	1
8624	515.5	290.0	7	15	8	244.1	1
8630	515.5	290.0	7	15	8	243.9	1
8636	515.5	290.0	7	15	8	243.6	1
8642	515.5	290.0	7	15	8	243.3	1
8649	515.5	290.0	7	15	8	243.0	1
8655	515.5	290.0	7	15	8	242.8	1
8661	515.5	290.0	7	15	8	242.5	1
8667	515.5	290.0	7	15	8	242.2	1
8673	515.5	290.0	7	15	8	242.0	1
8679	515.5	290.0	7	15	8	241.7	1
8686	515.5	290.0	7	15	8	241.4	1
8691	515.5	290.0	7	15	8	241.2	1
8698	515.5	290.0	7	15	8	240.9	1
8704	515.5	290.0	7	15	8	240.7	1
8710	515.5	290.0	7	15	8	240.4	1
8717	515.5	290.0	7	15	8	240.1	1
8723	515.5	290.0	7	15	8	239.8	1
8729	515.5	290.0	7	15	8	240.3	1
8736	515.5	290.0	7	15	8	240.8	1
8742	515.5	290.0	7	15	8	241.3	1
8749	515.5	290.0	7	15	8	241.7	1
8755	515.5	290.0	7	15	8	242.2	1
8761	515.5	290.0	7	15	8	242.5	1
8767	515.5	290.0	7	15	8	242.9	1
8773	515.5	290.0	7	15	8	243.2	1
8780	515.5	290.0	7	15	8	243.6	1
8787	515.5	290.0	7	15	8	243.9	1
8793	515.5	290.0	7	15	8	244.2	1
8799	515.5	290.0	7	15	8	244.5	1
8806	515.5	290.0	7	15	8	244.7	1
8812	515.5	290.0	7	15	8	244.7	1
8819	515.5	290.0	7	15	8	244.4	1
8825	515.5	290.0	7	15	8	244.2	1
8832	515.5	290.0	7	15	8	244.0	1
8839	515.5	290.0	7	15	8	243.7	1
8845	515.5	290.0	7	15	8	243.5	1
8853	515.5	290.0	7	15	8	243.2	1
8859	515.5	290.0	7	15	8	242.9	1
8867	515.5	290.0	7	15	8	242.7	1
8873	515.5	290.0	7	15	8	242.4	1
8879	515.5	290.0	7	15	8	242.2	1
8885	515.5	290.0	7	15	8	242.0	1
8891	515.5	290.0	7	15	8	241.8	1
8898	515.5	290.0	7	16	8	241.5	1
8905	515.5	290.0	7	16	8	241.3	1
8912	515.5	290.0	7	16	8	241.0	1
8919	515.5	290.0	7	16	8	240.8	1
8925	515.5	290.0	7	16	8	240.5	1
8931	515.5	290.0	7	16	8	240.3	1
8937	515.5	290.0	7	16	8	240.1	1
8943	515.5	290.0	7	16	8	239.8	1
8950	515.5	290.0	7	16	8	239.6	1
8956	515.5	290.0	7	16	8	239.4	1
8962	515.5	290.0	7	16	8	239.2	1
8968	515.5	290.0	7	16	8	238.9	1
8974	515.5	290.0	7	16	8	238.7	1
8980	515.5	290.0	7	16	8	238.5	1
8987	515.5	290.0	7	16	8	238.2	1
8993	515.5	290.0	7	16	8	238.0	1
8999	515.5	290.0	7	16	8	237.8	1
9005	515.5	290.0	7	16	8	237.6	1
9011	515.5	290.0	7	16	8	237.3	1
9018	515.5	290.0	7	16	8	237.1	1
9024	515.5	290.0	7	16	8	236.9	1
9030	515.5	290.0	7	16	8	236.6	1
9037	515.5	290.0	7	16	8	236.4	1
9043	515.5	290.0	7	16	8	236.2	1
9049	515.5	290.0	7	16	8	235.9	1
9056	515.5	290.0	7	16	8	235.7	1
9061	515.5	290.0	7	16	8	235.5	1
9068	515.5	290.0	7	16	8	235.3	1
9074	515.5	290.0	7	16	8	235.0	1
9080	515.5	290.0	7	16	9	234.8	1
9086	515.5	290.0	7	15	9	234.6	1
9092	515.5	290.0	7	15	9	234.4	1
9098	515.5	290.0	7	15	9	234.1	1
9105	515.5	290.0	7	15	9	233.9	1
9111	515.5	290.0	7	15	9	233.7	1
9117	515.5	290.0	7	15	9	233.4	1
9123	515.5	290.0	7	15	9	233.2	1
9130	515.5	290.0	7	15	9	233.0	1
9136	515.5	290.0	7	15	9	232.7	1
9143	515.5	290.0	7	15	9	232.5	1
9150	515.5	290.0	7	15	9	232.3	1
9156	515.5	290.0	7	15	9	232.0	1
9162	515.5	290.0	7	15	9	231.8	1
9168	515.5	290.0	7	15	9	231.6	1
9174	515.5	290.0	7	15	9	231.3	1
9180	515.5	290.0	7	15	9	231.1	1
9187	515.5	290.0	7	15	9	230.9	1
9193	515.5	290.0	7	15	9	230.6	1
9201	515.5	290.0	7	15	9	230.4	1
9207	515.5	290.0	7	15	9	230.1	1
9212	515.5	290.0	7	15	9	229.9	1
9219	515.5	290.0	7	15	9	229.7	1
9225	515.5	290.0	7	15	9	229.5	1
9231	515.5	290.0	7	15	9	229.3	1
9237	515.5	290.0	7	15	9	229.0	1
9243	515.5	290.0	7	15	9	228.8	1
9249	515.5	290.0	7	15	9	228.6	1
9255	515.5	290.0	7	15	9	228.4	1
9261	515.5	290.0	7	15	9	228.1	1
9267	515.5	290.0	7	15	9	227.9	1
9273	515.5	290.0	7	15	9	227.7	1
9279	515.5	290.0	7	15	9	227.5	1
9286	515.5	290.0	7	15	9	227.2	1
9292	515.5	290.0	7	15	9	227.0	1
9298	515.5	290.0	7	15	9	226.8	1
9305	515.5	290.0	7	15	9	226.5	1
9311	515.5	290.0	7	15	9	226.3	1
9317	515.5	290.0	7	15	9	226.1	1
9323	515.5	290.0	7	15	9	225.9	1
9329	515.5	290.0	7	15	9	225.7	1
9335	515.5	290.0	7	15	9	225.4	1
9341	515.5	290.0	7	15	9	225.2	1
9347	515.5	290.0	7	15	9	225.0	1
9353	515.5	290.0	7	15	9	224.7	1
9359	515.5	290.0	7	15	9	224.5	1
9365	515.5	290.0	7	16	9	224.3	1
9372	515.5	290.0	7	16	9	224.1	1
9378	515.5	290.0	7	16	9	223.9	1
9384	515.5	290.0	7	16	9	223.6	1
9390	515.5	290.0	7	16	9	223.4	1
9396	515.5	290.0	7	16	9	223.2	1
9403	515.5	290.0	7	16	9	222.9	1
9409	515.5	290.0	7	16	9	222.7	1
9416	515.5	290.0	7	16	9	223.3	1
9422	515.5	290.0	7	16	9	223.9	1
9428	515.5	290.0	7	16	9	224.3	1
9441	515.5	290.0	7	16	9	225.2	1
9450	515.5	290.0	7	16	9	225.8	1
9460	515.5	290.0	7	16	9	226.5	1
9470	515.5	290.0	7	16	9	227.0	1
9478	515.5	290.0	7	16	9	227.4	1
9485	515.5	290.0	7	16	9	227.8	1
9492	515.5	290.0	7	16	9	228.2	1
9499	515.5	290.0	7	16	9	228.5	1
9506	515.5	290.0	7	16	9	228.8	1
9512	515.5	290.0	7	16	9	229.0	1
9519	515.5	290.0	7	16	9	229.2	1
9525	515.5	290.0	7	16	9	229.4	1
9530	515.5	290.0	7	16	9	229.6	1
9537	515.5	290.0	7	16	9	229.8	1
9543	515.5	290.0	7	16	9	230.0	1
9549	515.5	290.0	7	16	9	230.2	1
9555	515.5	290.0	7	16	9	230.3	1
9561	515.5	290.0	7	16	9	230.4	1
9568	515.5	290.0	7	16	9	230.6	1
9574	515.5	290.0	7	16	9	230.7	1
9580	515.5	290.0	7	16	9	230.8	1
9587	515.5	290.0	7	16	9	230.9	1
9593	515.5	290.0	7	16	9	231.0	1
9600	515.5	290.0	7	16	9	231.1	1
9607	515.5	290.0	7	16	9	231.1	1
9613	515.5	290.0	7	16	9	231.2	1
9620	515.5	290.0	7	16	9	231.2	1
9626	515.5	290.0	7	16	9	231.3	1
9633	515.5	290.0	7	16	9	231.3	1
9639	515.5	290.0	7	16	9	231.3	1
9645	515.5	290.0	7	16	9	231.4	1
9652	515.5	290.0	7	16	9	231.4	1
9659	515.5	290.0	7	16	9	231.4	1
9665	515.5	290.0	7	16	9	231.3	1
9672	515.5	290.0	7	16	9	231.3	1
9678	515.5	290.0	7	16	9	231.3	1
9685	515.5	290.0	7	16	9	231.3	1
9691	515.5	290.0	7	16	9	231.2	1
9697	515.5	290.0	7	16	9	231.2	1
9704	515.5	290.0	7	16	9	231.1	1
9710	515.5	290.0	7	16	9	231.1	1
9717	515.5	290.0	7	16	9	231.0	1
9723	515.5	290.0	7	16	9	231.0	1
9729	515.5	290.0	7	16	9	230.9	1
9736	515.5	290.0	7	16	9	230.8	1
9742	515.5	290.0	7	16	9	230.7	1
9749	515.5	290.0	7	16	9	230.6	1
9756	515.5	290.0	7	16	9	230.5	1
9762	515.5	290.0	7	16	9	230.4	1
9769	515.5	290.0	7	16	9	230.3	1
9775	515.5	290.0	7	16	10	234.9	1
9783	515.5	290.0	7	15	10	234.6	1
9789	515.5	290.0	7	15	10	234.3	1
9795	515.5	290.0	7	15	10	234.1	1
9802	515.5	290.0	7	15	10	233.8	1
9808	515.5	290.0	7	15	10	233.6	1
9815	515.5	290.0	7	15	10	233.3	1
9821	515.5	290.0	7	15	10	233.1	1
9827	515.5	290.0	7	15	10	232.8	1
9834	515.5	290.0	7	15	10	232.6	1
9840	515.5	290.0	7	15	10	232.3	1
9846	515.5	290.0	7	16	10	232.1	1
9853	515.5	290.0	7	16	10	231.8	1
9859	515.5	290.0	7	16	10	231.6	1
9865	515.5	290.0	7	16	10	231.3	1
9872	515.5	290.0	7	16	10	231.0	1
9878	515.5	290.0	7	16	10	230.8	1
9884	515.5	290.0	7	16	10	230.6	1
9890	515.5	290.0	7	16	10	230.3	1
9896	515.5	290.0	7	16	10	230.1	1
9903	515.5	290.0	7	16	10	229.8	1
9909	515.5	290.0	7	16	10	229.6	1
9916	515.5	290.0	7	16	10	229.3	1
9923	515.5	290.0	7	16	10	229.0	1
9929	515.5	290.0	7	16	10	228.8	1
9937	515.5	290.0	7	16	10	228.5	1
9943	515.5	290.0	7	16	10	228.2	1
9949	515.5	290.0	7	16	10	227.9	1
9956	515.5	290.0	7	16	10	227.7	1
9961	515.5	290.0	7	16	10	227.5	1
9968	515.5	290.0	7	16	10	227.2	1
9974	515.5	290.0	7	16	10	227.0	1
9981	515.5	290.0	7	16	10	226.7	1
9988	515.5	290.0	7	16	10	226.4	1
9994	515.5	290.0	7	16	10	226.2	1
10002	515.5	290.0	7	16	10	225.8	1
10009	515.5	290.0	7	16	10	225.5	1
10021	515.5	290.0	7	16	10	225.1	1
10028	515.5	290.0	7	16	10	224.8	1
10038	515.5	290.0	7	16	10	224.4	1
10044	515.5	290.0	7	16	10	224.2	1
10051	515.5	290.0	7	16	10	223.9	1
10057	515.5	290.0	7	16	10	223.6	1
10063	515.5	290.0	7	16	10	223.4	1
10070	515.5	290.0	7	16	10	223.1	1
10076	515.5	290.0	7	16	10	222.9	1
10083	515.5	290.0	7	16	10	222.6	1
10089	515.5	290.0	7	16	10	222.4	1
10095	515.5	290.0	7	16	10	222.1	1
10102	515.5	290.0	7	16	10	221.8	1
10108	515.5	290.0	7	16	10	221.6	1
10115	515.5	290.0	7	16	10	221.4	1
10121	515.5	290.0	7	16	10	222.0	1
10127	515.5	290.0	7	16	10	222.4	1
10137	515.5	290.0	7	16	10	223.1	1
10144	515.5	290.0	7	16	10	223.6	1
10152	515.5	290.0	7	16	10	224.1	1
10159	515.5	290.0	7	16	10	224.6	1
10170	515.5	290.0	7	16	10	225.2	1
10176	515.5	290.0	7	16	10	225.5	1
10184	515.5	290.0	7	16	10	225.9	1
10191	515.5	290.0	7	16	10	226.2	1
10199	515.5	290.0	7	16	10	226.6	1
10207	515.5	290.0	7	16	10	226.2	1
10214	515.5	290.0	7	16	10	226.0	1
10222	515.5	290.0	7	16	10	225.7	1
10228	515.5	290.0	7	16	10	225.4	1
10234	515.5	290.0	7	16	10	225.2	1
10241	515.5	290.0	7	16	10	224.9	1
10247	515.5	290.0	7	16	10	224.7	1
10253	515.5	290.0	7	16	10	224.4	1
10259	515.5	290.0	7	16	10	224.2	1
10265	515.5	290.0	7	16	10	224.0	1
10271	515.5	290.0	7	16	10	223.7	1
10277	515.5	290.0	7	16	10	223.5	1
10283	515.5	290.0	7	16	10	223.3	1
10289	515.5	290.0	7	16	10	223.1	1
10295	515.5	290.0	7	16	10	222.8	1
10302	515.5	290.0	7	16	10	222.6	1
10308	515.5	290.0	7	17	10	222.3	1
10314	515.5	290.0	7	17	10	222.1	1
10321	515.5	290.0	7	17	10	221.8	1
10327	515.5	290.0	7	17	10	221.6	1
10334	515.5	290.0	7	17	10	221.3	1
10340	515.5	290.0	7	17	10	221.1	1
10346	515.5	290.0	7	17	10	220.9	1
10353	515.5	290.0	7	17	10	220.6	1
10359	515.5	290.0	7	17	10	220.4	1
10365	515.5	290.0	7	17	10	220.1	1
10372	515.5	290.0	7	17	10	219.9	1
10378	515.5	290.0	7	17	10	219.7	1
10384	515.5	290.0	7	17	10	219.4	1
10390	515.5	290.0	7	17	10	219.2	1
10396	515.5	290.0	7	17	10	219.0	1
10403	515.5	290.0	7	17	10	218.7	1
10409	515.5	290.0	7	17	10	218.5	1
10416	515.5	290.0	7	17	10	218.2	1
10422	515.5	290.0	7	17	10	217.9	1
10428	515.5	290.0	7	17	10	217.7	1
10435	515.5	290.0	7	17	10	217.5	1
10441	515.5	290.0	7	17	10	217.2	1
10447	515.5	290.0	7	17	10	217.0	1
10453	515.5	290.0	7	17	10	216.8	1
10459	515.5	290.0	7	17	10	216.5	1
10466	515.5	290.0	7	17	10	216.3	1
10472	515.5	290.0	7	17	10	216.0	1
10478	515.5	290.0	7	17	11	215.8	1
10486	515.5	290.0	7	16	11	215.5	1
10492	515.5	290.0	7	16	11	215.3	1
10498	515.5	290.0	7	16	11	215.0	1
10504	515.5	290.0	7	16	11	214.8	1
10510	515.5	290.0	7	16	11	214.6	1
10516	515.5	290.0	7	16	11	214.3	1
10523	515.5	290.0	7	16	11	214.1	1
10530	515.5	290.0	7	16	11	213.8	1
10538	515.5	290.0	7	16	11	213.5	1
10544	515.5	290.0	7	16	11	213.3	1
10551	515.5	290.0	7	16	11	213.0	1
10557	515.5	290.0	7	16	11	212.8	1
10563	515.5	290.0	7	16	11	212.6	1
10569	515.5	290.0	7	16	11	212.3	1
10575	515.5	290.0	7	16	11	212.1	1
10581	515.5	290.0	7	16	11	211.8	1
10588	515.5	290.0	7	16	11	211.6	1
10594	515.5	290.0	7	16	11	211.4	1
10601	515.5	290.0	7	16	11	211.1	1
10607	515.5	290.0	7	16	11	210.9	1
10613	515.5	290.0	7	16	11	210.6	1
10619	515.5	290.0	7	16	11	210.4	1
10625	515.5	290.0	7	16	11	210.2	1
10631	515.5	290.0	7	16	11	209.9	1
10637	515.5	290.0	7	16	11	209.7	1
10643	515.5	290.0	7	16	11	209.5	1
10650	515.5	290.0	7	16	11	209.2	1
10657	515.5	290.0	7	16	11	208.9	1
10663	515.5	290.0	7	16	11	208.7	1
10671	515.5	290.0	7	16	11	208.4	1
10677	515.5	290.0	7	16	11	208.1	1
10685	515.5	290.0	7	16	11	207.9	1
10691	515.5	290.0	7	16	11	207.6	1
10696	515.5	290.0	7	16	11	207.4	1
10703	515.5	290.0	7	16	11	207.2	1
10709	515.5	290.0	7	16	11	206.9	1
10715	515.5	290.0	7	16	11	206.7	1
10721	515.5	290.0	7	16	11	206.4	1
10728	515.5	290.0	7	16	11	206.2	1
10734	515.5	290.0	7	16	11	206.0	1
10740	515.5	290.0	7	16	11	205.7	1
10746	515.5	290.0	7	16	11	205.5	1
10752	515.5	290.0	7	16	11	205.3	1
10759	515.5	290.0	7	16	11	205.0	1
10765	515.5	290.0	7	16	11	204.8	1
10772	515.5	290.0	7	16	11	204.5	1
10777	515.5	290.0	7	17	11	204.3	1
10784	515.5	290.0	7	17	11	204.0	1
10791	515.5	290.0	7	17	11	203.8	1
10798	515.5	290.0	7	17	11	204.3	1
10806	515.5	290.0	7	17	11	205.0	1
10812	515.5	290.0	7	17	11	205.4	1
10819	515.5	290.0	7	17	11	205.1	1
10825	515.5	290.0	7	17	11	204.9	1
10832	515.5	290.0	7	17	11	204.6	1
10838	515.5	290.0	7	17	11	204.4	1
10844	515.5	290.0	7	17	11	204.2	1
10851	515.5	290.0	7	17	11	203.9	1
10857	515.5	290.0	7	17	11	203.7	1
10863	515.5	290.0	7	17	11	203.4	1
10870	515.5	290.0	7	17	11	203.2	1
10877	515.5	290.0	7	17	11	202.9	1
10886	515.5	290.0	7	17	11	202.6	1
10892	515.5	290.0	7	17	11	202.3	1
10899	515.5	290.0	7	17	11	202.1	1
10906	515.5	290.0	7	17	11	201.8	1
10912	515.5	290.0	7	17	11	201.6	1
10919	515.5	290.0	7	17	11	201.3	1
10925	515.5	290.0	7	17	11	201.1	1
10931	515.5	290.0	7	17	11	200.8	1
10938	515.5	290.0	7	17	11	200.6	1
10943	515.5	290.0	7	17	11	200.4	1
10950	515.5	290.0	7	17	11	200.1	1
10956	515.5	290.0	7	17	11	199.9	1
10962	515.5	290.0	7	17	11	199.7	1
10969	515.5	290.0	7	17	11	199.4	1
10975	515.5	290.0	7	17	11	199.2	1
10981	515.5	290.0	7	17	11	199.0	1
10987	515.5	290.0	7	17	11	198.7	1
10993	515.5	290.0	7	17	11	198.5	1
11000	515.5	290.0	7	17	11	198.2	1
11006	515.5	290.0	7	17	11	198.0	1
11012	515.5	290.0	7	17	11	197.8	1
11020	515.5	290.0	7	17	11	197.5	1
11026	515.5	290.0	7	17	11	197.3	1
11035	515.5	290.0	7	17	11	196.9	1
11042	515.5	290.0	7	17	11	196.6	1
11049	515.5	290.0	7	17	11	196.4	1
11056	515.5	290.0	7	17	11	196.1	1
11062	515.5	290.0	7	17	11	195.9	1
11068	515.5	290.0	7	17	11	195.7	1
11074	515.5	290.0	7	17	11	195.4	1
11080	515.5	290.0	7	17	11	195.2	1
11086	515.5	290.0	7	17	11	195.0	1
11092	515.5	290.0	7	17	11	194.7	1
11099	515.5	290.0	7	17	11	194.5	1
11105	515.5	290.0	7	17	11	194.3	1
11111	515.5	290.0	7	17	11	194.0	1
11118	515.5	290.0	7	17	11	193.8	1
11124	515.5	290.0	7	17	11	193.5	1
11129	515.5	290.0	7	17	11	193.3	1
11136	515.5	290.0	7	17	11	193.1	1
11142	515.5	290.0	7	17	11	192.9	1
11149	515.5	290.0	7	17	11	192.6	1
11156	515.5	290.0	7	17	12	192.3	1
11162	516.2	289.3	7	16	12	191.2	1
11171	517.1	288.4	7	16	12	189.7	1
11177	517.8	287.7	7	16	12	188.6	1
11185	518.6	286.9	7	16	12	187.2	1
11191	519.2	286.3	7	16	12	186.0	1
11197	519.7	285.8	7	16	12	185.0	1
11203	520.3	285.2	7	16	12	183.9	1
11209	520.8	284.7	7	16	12	182.8	1
11216	521.4	284.1	7	16	12	181.7	1
11222	521.9	283.6	7	16	12	180.5	1
11228	522.3	283.2	7	16	12	179.5	1
11235	522.8	282.7	7	17	12	178.3	1
11244	523.4	282.1	7	17	12	176.7	1
11250	523.9	281.6	7	17	12	175.6	1
11256	524.3	281.2	7	17	12	174.5	1
11262	524.6	280.9	7	17	12	173.5	1
11269	525.0	280.5	7	17	12	172.4	1
11274	525.3	280.2	7	17	12	171.4	1
11281	525.7	279.8	7	17	12	170.3	1
11287	526.0	279.5	7	17	12	169.2	1
11293	526.3	279.2	7	17	12	168.2	1
11299	526.6	278.9	7	17	12	167.1	1
11305	526.9	278.6	7	17	12	166.1	1
11311	527.2	278.3	7	17	12	165.1	1
11318	527.4	278.1	7	17	12	164.0	1
11324	527.7	277.8	7	17	12	162.9	1
11329	527.9	277.6	7	17	12	161.9	1
11336	528.2	277.3	7	17	12	160.8	1
11343	528.4	277.1	7	17	12	159.7	1
11349	528.6	276.9	7	17	12	158.6	1
11356	528.9	276.6	7	17	12	157.5	1
11362	529.1	276.4	7	17	12	156.5	1
11369	529.3	276.2	7	17	12	155.3	1
11375	529.5	276.0	7	17	12	154.3	1
11384	529.7	275.8	7	17	12	152.8	1
11390	529.9	275.6	7	17	12	151.8	1
11396	530.0	275.5	7	17	12	150.8	1
11403	530.2	275.3	7	17	12	149.7	1
11409	530.4	275.1	7	17	12	148.8	1
11415	530.5	275.0	7	17	12	147.7	1
11422	530.7	274.8	7	17	12	146.6	1
11428	530.8	274.7	7	17	12	145.7	1
11434	530.9	274.6	7	17	12	144.6	1
11440	531.0	274.5	7	17	12	143.6	1
11447	531.2	274.3	7	17	12	142.6	1
11454	531.3	274.2	7	17	12	141.5	1
11460	531.4	274.1	7	17	12	141.3	1
11467	531.5	274.0	7	17	12	141.0	1
11473	531.6	273.9	7	17	12	140.7	1
11479	531.7	273.8	7	17	12	140.5	1
11485	531.8	273.7	7	17	12	140.2	1
11491	531.9	273.6	7	17	12	139.9	1
11498	532.0	273.5	7	17	12	139.5	1
11504	532.1	273.4	7	17	12	139.2	1
11510	532.2	273.3	7	17	12	138.8	1
11517	532.2	273.3	7	17	12	138.4	1
11526	532.3	273.2	7	17	12	137.9	1
11532	532.4	273.1	7	17	12	137.5	1
11538	532.5	273.0	7	17	12	137.0	1
11544	532.5	273.0	7	17	12	136.6	1
11551	532.6	272.9	7	17	12	136.1	1
11557	532.6	272.9	7	17	12	135.3	1
11563	532.7	272.8	7	17	12	134.5	1
11569	532.8	272.7	7	17	12	133.6	1
11575	532.8	272.7	7	17	12	132.8	1
11581	532.9	272.6	7	17	12	132.1	1
11587	532.9	272.6	7	17	12	131.2	1
11593	533.0	272.5	7	17	12	130.5	1
11599	533.0	272.5	7	17	12	129.7	1
11606	533.0	272.5	7	17	12	128.9	1
11615	533.1	272.4	7	17	12	127.7	1
11621	533.1	272.4	7	17	12	126.9	1
11627	533.2	272.3	7	17	12	126.2	1
11634	533.2	272.3	7	17	12	125.4	1
11640	533.3	272.2	7	17	12	124.6	1
11646	533.3	272.2	7	17	12	123.9	1
11653	533.3	272.2	7	17	12	123.0	1
11660	533.4	272.1	7	17	12	122.3	1
11666	533.4	272.1	7	17	12	121.5	1
11673	533.4	272.1	7	17	12	120.7	1
11679	533.4	272.1	7	17	12	120.0	1
11686	533.5	272.0	7	17	12	119.3	1
11692	533.5	272.0	7	17	12	118.6	1
11698	533.5	272.0	7	18	12	117.9	1
11705	531.7	272.7	7	18	11	118.7	1
11716	530.6	272.1	7	18	11	118.9	1
11722	530.0	271.8	7	18	11	119.1	1
11728	529.5	271.5	7	18	11	119.2	1
11737	528.7	271.1	7	18	11	117.8	1
11743	528.2	270.8	7	18	11	116.7	1
11750	527.7	270.5	7	18	11	115.6	1
11756	527.2	270.2	7	18	11	114.4	1
11763	526.8	270.0	7	18	12	120.2	1
11770	525.4	270.0	7	17	12	121.1	1
11775	524.4	270.1	7	17	12	121.8	1
11782	523.2	270.1	7	17	12	122.6	1
11789	522.2	270.2	7	17	12	123.3	1
11794	521.3	270.2	7	17	12	124.0	1
11801	520.3	270.3	7	17	12	124.8	1
11807	519.4	270.3	7	17	12	125.5	1
11813	518.6	270.3	7	17	12	126.2	1
11819	517.7	270.4	7	17	12	127.0	1
11825	517.0	270.4	7	17	12	127.7	1
11832	516.2	270.5	7	17	12	128.5	1
11838	515.4	270.5	7	17	12	129.3	1
11844	514.7	270.5	7	17	12	130.0	1
11851	513.9	270.6	7	17	12	130.8	1
11857	513.3	270.6	7	17	12	131.6	1
11864	512.6	270.6	7	17	12	132.4	1
11871	511.9	270.7	7	17	12	133.2	1
11877	511.4	270.7	7	17	12	133.9	1
11884	510.8	270.7	7	17	12	134.7	1
11890	510.2	270.7	7	17	12	135.6	1
11896	509.7	270.8	7	17	12	136.2	1
11903	509.9	270.5	7	17	12	135.5	1
11909	509.4	270.5	7	17	12	135.8	1
11916	509.7	270.2	7	17	12	135.2	1
11925	510.0	269.9	7	17	12	134.4	1
11932	509.5	269.9	7	17	12	134.7	1
11939	509.7	269.7	7	17	12	134.1	1
11946	510.0	269.4	7	17	12	133.5	1
11953	510.2	269.1	7	17	12	132.9	1
11960	510.5	268.9	7	17	12	132.3	1
11967	509.9	269.0	7	17	12	132.7	1
11974	510.1	268.8	7	17	12	132.2	1
11981	509.5	268.9	7	17	12	132.6	1
11988	509.8	268.7	7	17	12	132.0	1
11995	510.0	268.5	7	17	12	131.5	1
12002	509.4	268.6	7	17	12	131.9	1
12014	509.8	268.3	7	17	12	131.1	1
12021	509.2	268.4	7	17	12	131.6	1
12028	509.5	268.2	7	17	12	131.1	1
12036	509.8	268.0	7	17	12	130.6	1
12043	509.2	268.2	7	17	12	131.0	1
12051	509.5	268.0	7	17	12	130.5	1
12058	508.9	268.1	7	17	12	131.0	1
12067	509.3	267.9	7	17	12	130.6	1
12074	509.5	267.7	7	17	12	130.1	1
12085	508.9	267.9	7	17	12	130.7	1
12093	509.3	267.7	7	17	12	130.2	1
12106	509.8	267.4	7	17	12	129.5	1
12114	509.1	267.6	7	17	12	130.1	1
12121	509.4	267.4	7	17	12	129.8	1
12127	509.7	267.3	7	17	12	130.2	1
12133	509.9	267.1	7	17	12	130.7	1
12140	510.1	267.0	7	17	12	131.2	1
12146	510.3	266.9	7	17	12	131.6	1
12153	510.6	266.7	7	17	12	132.1	1
12159	510.7	266.6	7	17	12	132.5	1
12165	510.9	267.5	7	17	11	132.9	1
12172	511.9	267.7	7	17	11	132.4	1
12178	512.7	267.8	7	17	11	132.1	1
12185	513.6	268.0	7	18	11	131.6	1
12191	514.4	268.1	7	18	11	131.2	1
12197	515.1	268.2	7	18	11	130.8	1
12204	516.0	268.3	7	18	11	130.3	1
12210	516.6	268.5	7	18	11	129.8	1
12217	517.4	268.6	7	18	11	129.3	1
12224	517.3	269.5	7	18	10	129.6	1
12231	518.0	269.5	7	18	10	129.0	1
12237	518.7	269.6	7	18	10	128.5	1
12243	519.3	269.7	7	18	10	128.0	1
12250	519.9	269.8	7	18	10	127.4	1
12257	520.5	269.8	7	18	10	126.8	1
12267	521.3	269.9	7	18	10	126.0	1
12273	521.8	270.0	7	18	10	125.4	1
12278	522.2	270.0	7	18	10	124.9	1
12286	522.7	270.1	7	18	10	124.2	1
12291	523.2	270.1	7	18	10	123.7	1
12298	523.6	270.2	7	18	10	123.1	1
12304	524.0	270.2	7	18	10	122.5	1
12310	524.4	270.3	7	18	10	121.9	1
12317	524.8	270.3	7	18	10	121.3	1
12323	525.2	270.4	7	18	10	120.7	1
12330	524.8	270.1	7	18	10	120.8	1
12337	525.2	270.2	7	18	10	120.1	1
12343	524.8	269.9	7	18	10	120.3	1
12352	523.1	270.9	7	18	9	121.6	1
12359	521.8	270.9	7	18	9	122.7	1
12366	520.8	270.9	7	18	9	123.6	1
12374	519.6	271.0	7	18	9	124.8	1
12380	518.7	271.0	7	18	9	125.6	1
12387	517.9	271.0	7	18	9	126.4	1
12393	517.1	271.0	7	18	9	127.3	1
12399	516.3	271.0	7	18	9	128.1	1
12406	515.5	271.0	7	18	9	129.0	1
12413	514.7	271.0	7	18	9	129.9	1
12421	513.8	271.1	7	18	9	131.0	1
12428	513.0	271.1	7	18	9	131.9	1
12436	512.2	271.1	7	18	9	133.0	1
12443	511.6	271.1	7	18	9	133.9	1
12450	510.9	271.1	7	18	9	134.8	1
12459	510.1	271.2	7	18	9	136.0	1
12467	509.6	271.2	7	18	10	154.1	1
12474	511.0	272.0	7	17	10	153.6	1
12480	512.2	272.7	7	17	10	153.1	1
12487	513.4	273.4	7	17	10	152.5	1
12493	514.5	274.1	7	17	10	152.0	1
12501	515.8	274.8	7	17	10	151.4	1
12507	516.9	275.5	7	17	10	150.9	1
12515	517.9	276.0	7	17	10	150.4	1
12524	519.4	276.9	7	17	10	149.6	1
12531	520.3	277.5	7	17	10	149.1	1
12539	521.0	279.0	7	17	10	149.6	1
12545	521.8	279.4	7	17	10	149.1	1
12552	522.7	279.8	7	17	10	148.7	1
12558	523.1	281.0	7	17	10	149.0	1
12565	523.9	281.3	7	17	10	148.6	1
12572	524.6	281.7	7	17	10	148.2	1
12578	525.0	282.7	7	17	10	147.5	1
12584	525.7	283.0	7	17	10	146.6	1
12591	526.4	283.3	7	17	10	145.6	1
12597	526.7	284.3	7	17	10	144.3	1
12604	527.3	284.6	7	17	10	143.4	1
12610	527.9	284.8	7	17	10	142.5	1
12617	528.1	285.8	7	17	10	141.1	1
12624	528.7	285.9	7	17	10	140.2	1
12630	529.2	286.1	7	17	10	139.4	1
12637	529.7	286.2	7	18	10	138.5	1
12643	530.2	286.4	7	18	10	137.7	1
12649	530.6	286.5	7	18	10	136.8	1
12656	531.1	286.7	7	18	10	135.9	1
12662	531.5	286.8	7	18	10	135.1	1
12669	532.0	286.9	7	18	10	134.2	1
12675	532.3	287.1	7	18	10	133.4	1
12685	532.9	287.2	7	18	10	132.2	1
12691	533.2	287.3	7	18	10	131.4	1
12698	533.6	287.4	7	18	10	130.6	1
12704	533.9	287.6	7	18	10	129.8	1
12710	534.2	287.6	7	18	10	129.0	1
12717	534.5	287.7	7	18	10	128.2	1
12724	534.8	287.8	7	18	10	127.4	1
12730	535.1	287.9	7	18	10	126.7	1
12736	535.4	288.0	7	18	10	125.9	1
12743	535.6	288.1	7	18	10	125.2	1
12749	535.9	288.2	7	18	10	124.4	1
12756	536.1	288.2	7	18	10	123.7	1
12762	536.3	288.3	7	18	10	123.0	1
12768	536.6	288.4	7	18	10	122.2	1
12775	536.8	288.4	7	18	10	121.5	1
12781	537.0	288.5	7	18	10	120.9	1
12787	537.2	288.5	7	18	10	120.2	1
12793	537.3	288.6	7	18	10	119.5	1
12801	537.5	288.7	7	18	10	118.8	1
12807	537.7	288.7	7	18	10	118.1	1
12814	537.9	288.8	7	18	10	118.2	1
12821	538.1	288.8	7	18	10	118.3	1
12828	538.2	288.9	7	18	10	118.4	1
12834	538.4	288.9	7	18	10	118.5	1
12841	538.5	289.0	7	18	10	118.6	1
12847	538.6	289.0	7	18	10	118.6	1
12854	538.8	289.0	7	18	10	118.7	1
12864	538.9	289.1	7	18	10	118.7	1
13504	532.3	289.2	7	18	9	120.9	2
13510	530.5	289.2	7	18	9	121.6	2
13520	528.0	289.3	7	18	9	122.6	2
13527	525.9	289.3	7	18	9	123.4	2
13538	523.4	289.4	7	18	9	124.4	2
13545	521.5	289.4	7	18	9	125.3	2
13555	519.5	289.4	7	18	9	126.2	2
13563	517.7	289.5	7	18	9	127.0	2
13571	516.1	289.5	7	18	9	127.8	2
13579	514.5	289.5	7	18	9	128.7	2
13587	513.2	289.5	7	18	9	129.4	2
13595	513.3	289.6	7	18	9	129.5	2
13604	511.7	289.6	7	18	9	130.4	2
13610	511.9	289.6	7	18	9	130.4	2
13617	512.1	289.6	7	18	9	130.5	2
13623	512.2	289.6	7	18	9	130.5	2
13628	512.3	289.6	7	18	9	130.5	2
13635	512.4	289.7	7	18	9	130.5	2
13641	512.6	289.7	7	18	9	130.5	2
13648	511.4	289.7	7	18	9	131.1	2
13656	511.6	289.7	7	18	9	131.1	2
13662	511.8	289.7	7	18	9	130.8	2
13669	511.9	289.7	7	18	9	130.6	2
13676	512.1	289.7	7	18	9	130.3	2
13683	510.8	289.7	7	18	9	130.0	2
13690	511.0	289.8	7	18	9	129.8	2
13696	511.2	289.8	7	18	9	129.5	2
13703	511.4	289.8	7	18	9	129.3	2
13709	510.4	289.8	7	18	9	129.0	2
13717	510.6	289.8	7	18	9	128.8	2
13723	510.8	289.8	7	18	9	128.5	2
13729	511.0	289.8	7	18	9	128.3	2
13736	509.9	289.8	7	19	9	128.1	2
13741	510.1	289.8	7	19	9	127.8	2
13747	510.3	289.8	7	19	9	127.6	2
13754	510.5	289.8	7	19	9	127.4	2
13760	509.6	289.8	7	19	9	127.2	2
13766	509.8	289.9	7	19	9	126.9	2
13773	510.1	289.9	7	19	9	126.7	2
13778	510.3	289.9	7	19	9	126.5	2
13785	509.2	289.9	7	19	10	126.3	2
13791	510.3	290.7	7	18	10	126.9	2
13798	511.4	291.6	7	18	10	127.5	2
13805	512.4	292.4	7	18	10	128.1	2
13811	513.3	293.1	7	18	10	128.7	2
13817	514.3	293.8	7	18	10	129.3	2
13824	515.2	294.5	7	18	10	128.9	2
13829	516.0	295.1	7	18	10	128.5	2
13837	517.0	295.9	7	18	10	128.0	2
13843	517.7	296.5	7	18	10	127.6	2
13850	518.5	297.1	7	18	10	127.2	2
13856	519.3	297.7	7	18	10	126.8	2
13862	519.1	298.5	7	18	10	127.3	2
13869	519.9	299.0	7	18	10	127.0	2
13874	519.7	299.8	7	18	10	127.5	2
13881	520.4	300.2	7	18	10	127.2	2
13887	521.0	300.7	7	18	10	126.8	2
13893	520.8	301.4	7	18	10	127.4	2
13900	521.5	301.8	7	18	10	127.0	2
13906	522.1	302.2	7	18	10	126.7	2
13912	521.9	302.9	7	18	10	127.3	2
13920	522.6	303.3	7	18	10	127.0	2
13927	523.2	303.6	7	18	10	126.7	2
13933	522.9	304.3	7	18	10	127.4	2
13940	523.5	304.6	7	18	10	127.2	2
13946	524.0	304.9	7	18	10	127.0	2
13953	524.5	305.1	7	18	10	126.8	2
13959	525.0	305.4	7	18	10	126.6	2
13967	524.6	306.0	7	18	10	127.3	2
13973	525.1	306.3	7	18	10	127.2	2
13980	525.6	306.5	7	18	10	127.0	2
13987	526.1	306.7	7	18	10	126.8	2
13994	526.5	306.9	7	18	10	126.7	2
14001	527.0	307.1	7	18	10	126.6	2
14008	526.5	307.6	7	18	10	127.4	2
14014	526.9	307.8	7	18	10	127.3	2
14020	527.3	307.9	7	18	10	127.2	2
14026	527.7	308.1	7	18	10	127.1	2
14036	528.2	308.2	7	18	10	127.0	2
14042	527.7	308.7	7	18	10	127.7	2
14048	528.1	308.8	7	18	10	127.7	2
14054	528.4	308.9	7	18	10	127.7	2
14060	528.8	309.0	7	18	10	127.7	2
14068	529.1	309.1	7	18	10	127.7	2
14074	529.4	309.2	7	18	10	127.7	2
14080	528.9	309.6	7	18	10	128.4	2
14087	529.2	309.7	7	18	10	128.5	2
14093	529.5	309.8	7	18	10	128.5	2
14099	529.8	309.8	7	18	10	128.6	2
14106	529.2	310.2	7	18	10	129.4	2
14112	529.5	310.3	7	18	10	129.5	2
14119	528.9	310.7	7	18	10	130.4	2
14126	528.4	311.1	7	18	10	131.3	2
14133	528.7	311.1	7	18	10	131.4	2
14139	528.2	311.5	7	18	10	130.2	2
14146	528.5	311.5	7	18	10	128.9	2
14153	527.9	311.9	7	18	10	127.3	2
14158	528.3	311.9	7	18	10	126.1	2
14165	528.6	311.9	7	18	10	124.8	2
14172	528.0	312.2	7	18	10	123.2	2
14177	528.3	312.2	7	18	10	122.0	2
14185	528.7	312.2	7	18	10	120.3	2
14191	528.2	310.1	7	18	9	121.3	2
14202	528.8	310.2	7	18	9	119.0	2
14208	529.1	310.2	7	19	9	117.7	2
14219	529.6	310.3	7	19	9	115.4	2
14225	529.8	310.3	7	19	9	114.2	2
14231	530.1	310.4	7	19	9	112.8	2
14239	530.4	310.4	7	19	9	111.3	2
14245	529.8	308.3	7	19	9	112.3	2
14253	530.1	308.5	7	19	9	110.7	2
14260	529.5	306.3	7	19	9	111.8	2
14267	528.9	304.3	7	19	9	112.9	2
14274	529.2	304.6	7	19	9	111.5	2
14280	528.7	302.9	7	19	9	112.4	2
14287	529.1	303.3	7	19	9	110.9	2
14293	528.5	301.6	7	19	9	111.8	2
14299	528.0	299.9	7	19	9	112.8	2
14306	528.4	300.4	7	19	9	111.5	2
14311	527.9	298.9	7	19	9	112.4	2
14319	528.3	299.5	7	19	9	110.9	2
14325	527.8	297.9	7	19	9	111.8	2
14331	527.4	296.5	7	19	9	112.7	2
14337	527.7	297.1	7	19	9	111.4	2
14343	527.3	295.8	7	19	9	112.3	2
14350	527.7	296.4	7	19	9	110.9	2
14357	527.2	294.8	7	19	9	112.0	2
14363	527.5	295.4	7	19	9	110.8	2
14370	527.0	293.9	7	19	9	111.9	2
14376	527.4	294.5	7	19	9	110.7	2
14383	527.8	295.2	7	19	9	109.3	2
14390	527.2	293.7	7	19	9	110.4	2
14396	527.6	294.4	7	19	9	109.1	2
14403	527.1	292.8	7	19	9	110.3	2
14410	527.4	293.5	7	19	9	109.1	2
14417	526.9	292.0	7	19	9	110.2	2
14423	527.3	292.8	7	19	9	108.9	2
14429	527.7	293.5	7	19	9	107.7	2
14437	527.1	291.9	7	19	9	108.9	2
14444	527.5	292.7	7	19	9	107.6	2
14450	527.0	291.2	7	19	9	108.7	2
14457	527.3	292.0	7	19	9	107.5	2
14463	527.7	292.7	7	19	9	106.3	2
14470	527.2	291.3	7	19	9	107.5	2
14476	527.5	292.0	7	19	9	106.3	2
14482	527.0	290.7	7	19	9	107.3	2
14492	527.6	291.9	7	19	9	105.5	2
14498	527.1	290.6	7	19	9	106.5	2
14505	527.5	291.4	7	19	9	105.3	2
14511	527.9	292.2	7	19	10	104.2	2
14518	527.3	290.8	7	18	10	105.3	2
14524	526.9	289.6	7	18	10	106.2	2
14530	526.5	288.5	7	18	10	107.1	2
14536	526.0	287.3	7	18	10	108.2	2
14542	525.6	286.3	7	18	10	109.1	2
14549	525.2	285.3	7	18	10	110.1	2
14555	524.8	284.3	7	18	10	111.1	2
14561	524.5	283.4	7	18	10	112.0	2
14568	525.1	282.7	7	18	10	112.6	2
14574	525.5	282.2	7	18	10	113.2	2
14581	526.0	281.6	7	18	10	113.8	2
14588	526.5	281.1	7	18	10	114.4	2
14594	526.8	280.6	7	18	10	114.9	2
14601	527.3	280.1	7	18	10	115.6	2
14607	527.6	279.6	7	18	10	116.2	2
14613	528.0	279.2	7	18	10	116.8	2
14619	528.3	278.8	7	18	10	117.4	2
14625	528.7	278.4	7	18	10	118.0	2
14632	529.0	278.0	7	18	10	118.6	2
14638	529.3	277.6	7	18	10	119.3	2
14644	529.6	277.3	7	18	10	119.8	2
14651	529.9	276.9	7	18	10	120.5	2
14658	530.2	276.6	7	18	10	121.2	2
14665	529.6	275.9	7	18	10	122.3	2
14672	529.9	275.6	7	19	10	123.0	2
14678	529.4	275.0	7	19	10	124.0	2
14684	528.8	274.4	7	19	10	125.0	2
14690	529.1	274.2	7	19	10	125.6	2
14696	528.6	273.6	7	19	10	126.6	2
14703	528.1	273.0	7	19	10	127.7	2
14709	528.4	272.9	7	19	10	128.3	2
14715	528.7	272.7	7	19	10	128.9	2
14722	529.1	272.5	7	19	10	129.7	2
14728	529.4	272.4	7	19	10	130.3	2
14739	529.8	272.2	7	19	10	131.4	2
14750	530.3	271.9	7	19	10	132.6	2
14757	530.6	271.8	7	19	10	133.5	2
14763	530.8	271.7	7	19	10	134.2	2
14770	531.1	271.5	7	19	10	133.9	2
14776	531.3	271.4	7	19	10	133.4	2
14786	531.6	271.3	7	19	10	132.8	2
14792	531.0	270.8	7	19	10	131.6	2
14799	531.3	270.7	7	19	10	131.2	2
14805	531.5	270.6	7	19	10	130.8	2
14811	531.7	270.6	7	19	10	130.4	2
14818	531.0	270.1	7	19	10	129.2	2
14824	531.3	270.1	7	19	10	128.8	2
14830	531.5	270.0	7	19	10	128.5	2
14837	531.7	269.9	7	19	10	128.1	2
14843	531.9	269.9	7	19	10	127.8	2
14851	532.1	269.8	7	19	10	127.4	2
14857	532.3	269.8	7	19	10	127.1	2
14863	531.7	269.4	7	19	10	126.1	2
14870	532.0	269.4	7	19	10	125.7	2
14876	532.2	269.4	7	19	10	125.5	2
14883	532.4	269.3	7	19	10	125.2	2
14890	531.7	268.9	7	19	10	124.1	2
14895	531.9	268.9	7	19	10	123.9	2
14904	532.1	268.9	7	19	10	123.6	2
14910	531.5	268.5	7	19	10	122.5	2
14916	531.7	270.3	7	19	9	123.5	2
14923	532.3	271.1	7	19	9	124.2	2
14932	531.3	272.2	7	19	9	123.9	2
14939	531.9	272.9	7	19	9	124.6	2
14945	531.4	273.5	7	19	9	124.4	2
14951	530.7	274.2	7	19	9	124.1	2
14957	531.3	274.8	7	19	9	124.8	2
14963	530.7	275.3	7	19	9	124.5	2
14969	530.1	275.9	7	19	9	124.3	2
14975	529.6	276.4	7	19	9	124.1	2
14981	530.2	276.9	7	19	9	124.7	2
14988	529.6	277.4	7	19	9	124.5	2
14994	529.0	277.9	7	19	9	124.2	2
15000	529.7	278.4	7	19	9	125.0	2
15006	529.2	278.9	7	19	9	124.7	2
15012	528.7	279.2	7	19	9	124.5	2
15022	527.9	279.9	7	19	9	124.1	2
15028	528.5	280.3	7	19	9	124.8	2
15036	528.0	280.7	7	19	9	124.5	2
15042	528.6	281.1	7	19	9	125.2	2
15048	528.1	281.4	7	19	9	124.9	2
15055	527.6	281.8	7	19	9	124.7	2
15060	527.2	282.1	7	19	9	124.5	2
15067	528.0	282.4	7	19	9	125.2	2
15074	527.5	282.7	7	19	9	125.0	2
15080	527.0	283.0	7	19	9	124.8	2
15087	526.5	283.3	7	19	9	124.5	2
15093	527.3	283.6	7	19	9	125.2	2
15101	526.7	283.8	7	19	9	124.9	2
15107	526.2	284.1	7	19	9	124.6	2
15114	527.0	284.3	7	19	9	125.4	2
15120	526.5	284.6	7	19	9	125.1	2
15127	526.1	284.8	7	19	9	124.9	2
15134	525.6	285.0	7	20	9	124.6	2
15141	526.5	285.2	7	20	9	125.4	2
15149	526.0	285.5	7	20	9	125.1	2
15157	525.5	285.7	7	20	9	124.8	2
15163	526.3	285.9	7	20	9	125.5	2
15170	525.8	286.0	7	20	9	125.2	2
15177	525.4	286.2	7	20	9	125.0	2
15183	526.2	286.4	7	20	9	125.8	2
15189	525.8	286.5	7	20	9	125.5	2
15196	525.4	286.6	7	20	9	125.3	2
15203	525.0	286.8	7	20	9	125.0	2
15209	525.8	286.9	7	20	9	125.7	2
15216	525.3	287.0	7	20	9	125.5	2
15223	524.9	287.2	7	20	9	125.2	2
15229	524.5	287.3	7	20	9	125.0	2
15236	525.4	287.4	7	20	9	125.8	2
15242	525.1	287.5	7	20	9	125.5	2
15248	524.7	287.6	7	20	10	125.3	2
15255	524.3	289.0	7	19	10	125.9	2
15261	524.0	290.1	7	19	10	126.4	2
15268	523.6	291.4	7	19	10	126.9	2
15274	523.3	292.5	7	19	10	127.5	2
15280	523.0	293.6	7	19	10	128.0	2
15287	522.7	294.7	7	19	10	128.6	2
15293	522.4	295.6	7	19	10	129.1	2
15300	521.2	296.3	7	19	10	128.8	2
15307	521.0	297.3	7	19	10	129.4	2
15313	519.9	297.9	7	19	10	129.1	2
15322	518.5	298.6	7	19	10	128.7	2
15328	518.4	299.4	7	19	10	129.3	2
15335	517.4	299.9	7	19	10	129.0	2
15341	517.3	300.7	7	19	10	129.6	2
15347	516.5	301.1	7	19	10	129.4	2
15353	515.6	301.5	7	19	10	129.1	2
15359	515.6	302.2	7	19	10	129.7	2
15365	514.8	302.5	7	19	10	129.5	2
15371	513.9	302.9	7	19	10	129.3	2
15377	514.0	303.5	7	19	10	130.0	2
15384	513.2	303.9	7	19	10	129.8	2
15390	512.4	304.2	7	19	10	129.6	2
15396	511.8	304.4	7	19	10	129.4	2
15404	511.9	305.2	7	19	10	130.3	2
15410	511.3	305.4	7	19	10	130.2	2
15417	510.6	305.7	7	19	10	130.1	2
15423	509.9	305.9	7	19	10	130.0	2
15429	509.4	306.1	7	19	10	129.9	2
15436	509.7	306.8	7	19	10	130.7	2
15443	509.0	306.9	7	19	10	130.6	2
15450	508.4	307.1	7	19	10	130.6	2
15456	507.8	307.3	7	19	10	130.5	2
15462	508.1	307.8	7	19	10	131.2	2
15468	507.5	307.9	7	19	10	131.2	2
15474	507.1	308.1	7	19	10	131.1	2
15481	507.4	308.6	7	19	10	131.9	2
15491	506.6	308.7	7	19	10	131.9	2
15498	506.1	308.8	7	19	10	131.9	2
15505	506.6	309.4	7	19	10	133.0	2
15511	506.1	309.5	7	19	10	133.0	2
15518	505.7	309.6	7	19	10	133.0	2
15524	506.0	310.0	7	19	10	133.8	2
15530	505.5	310.0	7	19	10	133.8	2
15538	505.0	310.1	7	19	10	133.9	2
15544	505.4	310.5	7	19	10	134.7	2
15550	505.0	310.5	7	19	10	134.8	2
15556	505.4	310.9	7	19	10	134.9	2
15562	505.0	310.9	7	19	10	135.4	2
15569	504.5	310.9	7	19	10	135.9	2
15575	504.1	310.9	7	19	10	136.4	2
15581	504.6	311.3	7	19	10	136.0	2
15588	504.1	311.3	7	19	10	136.6	2
15594	503.8	311.3	7	19	10	137.1	2
15602	504.4	311.8	7	20	10	136.6	2
15608	504.8	312.1	7	20	10	136.2	2
15614	504.4	312.1	7	20	10	136.7	2
15620	504.8	312.4	7	20	10	136.4	2
15626	504.4	312.4	7	20	10	136.9	2
15633	504.9	312.7	7	20	10	136.6	2
15640	505.3	313.0	7	20	10	136.3	2
15646	504.9	312.9	7	20	10	136.8	2
15654	505.4	311.8	7	20	9	136.5	2
15663	506.0	312.3	7	20	9	136.1	2
15670	506.4	312.6	7	20	9	135.8	2
15676	506.7	312.9	7	20	9	135.6	2
15682	507.1	313.2	7	20	9	135.3	2
15689	507.4	313.5	7	20	9	135.1	2
15695	507.7	313.8	7	20	9	134.8	2
15701	508.0	314.0	7	20	9	134.6	2
15708	508.3	314.3	7	20	9	134.4	2
15714	508.6	314.5	7	20	9	134.2	2
15721	508.9	314.7	7	20	9	134.0	2
15727	509.2	315.0	7	20	9	133.9	2
15734	509.4	315.2	7	20	9	133.7	2
15740	509.7	315.4	7	20	9	133.5	2
15747	509.9	315.6	7	20	9	133.4	2
15754	510.1	315.8	7	20	9	133.3	2
15763	510.5	316.0	7	20	9	133.1	2
15771	510.7	316.2	7	20	9	133.0	2
15777	510.9	316.4	7	20	9	132.9	2
15784	511.1	316.5	7	20	9	132.8	2
15790	511.2	316.7	7	20	9	132.8	2
15796	511.4	316.8	7	20	9	132.7	2
15803	511.6	317.0	7	20	9	132.7	2
15813	511.8	317.2	7	20	9	132.7	2
15822	512.0	317.3	7	20	9	132.7	2
15828	512.2	317.4	7	20	9	132.7	2
15836	512.3	317.6	7	20	9	132.7	2
15842	512.4	317.7	7	20	9	132.7	2
15848	512.6	317.8	7	20	9	132.8	2
15855	512.7	317.9	7	20	9	132.8	2
15861	512.8	318.0	7	20	9	132.9	2
15867	513.8	317.7	7	20	9	132.0	2
15874	513.9	317.8	7	20	9	132.1	2
15880	513.9	317.9	7	20	9	132.2	2
15886	514.0	318.0	7	20	9	132.3	2
15893	514.9	317.7	7	20	9	131.5	2
15900	514.9	317.8	7	20	9	131.6	2
15906	514.9	317.9	7	20	9	131.7	2
15913	514.9	318.0	7	20	9	131.9	2
15920	515.9	317.8	7	20	9	131.0	2
15926	515.9	317.9	7	20	9	131.2	2
15933	515.9	318.0	7	20	9	131.4	2
15940	516.8	317.7	7	20	9	130.6	2
15949	516.7	317.8	7	20	9	130.9	2
15956	516.6	316.6	7	20	8	130.6	2
15963	516.6	315.5	7	20	8	130.4	2
15970	516.5	314.3	7	20	8	130.1	2
15977	516.5	313.4	7	20	9	129.9	2
15984	515.5	311.4	7	19	9	130.2	2
15991	514.6	309.5	7	19	9	130.5	2
15997	513.8	308.0	7	19	9	130.8	2
16004	513.0	306.3	7	19	9	131.1	2
16010	512.3	304.9	7	19	9	131.4	2
16017	511.5	303.3	7	19	9	131.8	2
16024	510.8	301.9	7	19	9	132.1	2
16030	510.1	300.6	7	19	9	132.4	2
16037	509.4	299.1	7	19	9	132.8	2
16044	508.7	297.8	7	19	9	133.2	2
16052	508.1	296.5	7	19	9	133.7	2
16058	507.5	295.4	7	19	9	134.0	2
16064	507.0	294.4	7	19	9	134.4	2
16070	506.5	293.3	7	19	9	134.8	2
16076	506.0	292.4	7	19	9	135.2	2
16083	505.6	291.5	7	19	9	135.6	2
16089	505.1	290.6	7	20	9	136.0	2
16095	504.7	289.8	7	20	9	136.4	2
16102	504.3	288.9	7	20	9	136.9	2
16108	503.9	288.1	7	20	9	137.3	2
16114	503.5	287.4	7	20	9	137.8	2
16121	503.1	286.5	7	20	9	138.3	2
16128	502.7	285.9	7	20	9	138.7	2
16136	502.3	285.0	7	20	9	139.3	2
16142	502.0	284.3	7	20	9	139.9	2
16149	501.7	283.7	7	20	9	140.3	2
16156	501.3	283.0	7	20	9	140.9	2
16162	501.0	282.5	7	20	9	141.4	2
16169	500.7	281.8	7	20	9	142.0	2
16176	500.5	281.3	7	20	9	142.5	2
16182	500.2	280.8	7	20	9	143.1	2
16189	500.8	279.9	7	20	9	142.7	2
16196	501.4	279.1	7	20	9	142.3	2
16203	501.1	278.6	7	20	9	142.9	2
16210	501.7	277.8	7	20	9	142.6	2
16217	502.3	277.0	7	20	9	142.2	2
16223	502.0	276.7	7	20	9	142.8	2
16230	502.5	276.0	7	20	9	142.5	2
16237	503.1	275.3	7	20	9	142.2	2
16243	502.7	275.1	7	20	9	142.8	2
16250	503.3	274.4	7	20	9	142.5	2
16257	503.8	273.8	7	20	9	142.2	2
16263	503.4	273.6	7	20	9	142.8	2
16270	503.9	273.0	7	20	9	142.5	2
16276	504.4	272.5	7	20	9	142.3	2
16284	503.9	272.3	7	20	9	143.0	2
16290	504.4	271.8	7	20	9	143.6	2
16296	504.9	271.3	7	20	9	144.1	2
16307	504.2	271.1	7	20	9	146.4	2
16314	504.7	270.7	7	20	9	147.0	2
16321	505.1	270.2	7	20	9	147.5	2
16327	505.6	269.7	7	20	9	148.0	2
16335	505.0	269.7	7	20	9	149.6	2
16341	505.5	269.3	7	20	9	150.0	2
16348	505.9	268.9	7	20	9	150.0	2
16355	506.3	268.5	7	20	9	149.2	2
16361	505.8	268.5	7	20	9	147.8	2
16368	506.2	268.1	7	20	9	146.9	2
16375	506.6	267.8	7	20	9	146.2	2
16381	506.1	267.8	7	20	9	144.8	2
16388	506.5	267.5	7	20	9	144.0	2
16394	506.8	267.2	7	20	9	143.3	2
16401	506.3	267.3	7	20	9	141.8	2
16407	506.6	267.0	7	20	9	141.2	2
16412	507.0	266.7	7	20	9	140.5	2
16419	506.5	266.8	7	20	9	139.1	2
16425	506.8	266.5	7	20	9	138.5	2
16431	507.1	266.3	7	20	9	137.9	2
16437	507.4	266.0	7	20	9	137.2	2
16443	507.7	265.8	7	20	9	136.2	2
16450	508.0	265.5	7	20	9	134.7	2
16456	508.3	265.3	7	20	9	133.2	2
16463	508.6	265.1	7	20	9	131.6	2
16469	508.9	264.8	7	20	9	130.1	2
16478	509.3	264.6	7	20	9	128.0	2
16485	509.6	264.4	7	20	9	126.4	2
16492	509.8	264.2	7	20	8	124.9	2
16499	510.0	266.5	7	20	8	126.0	2
16506	510.3	268.9	7	20	8	127.1	2
16512	510.5	270.9	7	20	8	128.0	2
16520	510.7	273.3	7	20	8	129.3	2
16527	510.9	275.4	7	20	8	130.4	2
16536	511.2	277.7	7	20	8	131.7	2
16543	511.4	278.2	7	20	8	131.4	2
16550	511.5	278.7	7	21	8	131.2	2
16556	511.7	279.2	7	21	8	130.9	2
16563	511.9	279.6	7	21	8	130.7	2
16573	512.1	282.1	7	21	8	132.0	2
16581	512.2	282.5	7	21	8	131.7	2
16590	512.4	282.9	7	21	8	131.4	2
16596	512.6	283.2	7	21	8	131.1	2
16604	512.7	283.5	7	21	8	130.8	2
16610	512.8	285.0	7	21	8	131.0	2
16617	512.9	285.2	7	21	8	130.7	2
16624	513.0	285.4	7	21	8	130.5	2
16631	513.1	286.9	7	21	8	130.7	2
16639	513.2	287.0	7	21	8	130.3	2
16646	513.3	287.2	7	21	8	130.1	2
16654	513.4	287.3	7	21	8	129.8	2
16660	513.5	288.6	7	21	8	130.0	2
16667	513.6	288.7	7	21	8	129.7	2
16674	513.7	288.7	7	21	8	129.5	2
16679	513.8	288.8	7	21	8	129.2	2
16686	513.8	290.0	7	21	8	129.5	2
16692	513.9	290.0	7	21	8	129.2	2
16697	513.9	290.0	7	21	8	129.0	2
16704	514.0	290.0	7	21	8	128.8	2
16710	514.1	291.1	7	21	8	129.0	2
16718	514.1	291.1	7	21	8	128.7	2
16724	514.2	291.0	7	21	8	128.4	2
16731	514.2	291.0	7	21	8	128.2	2
16740	514.3	292.6	7	21	8	128.5	2
16747	514.4	292.5	7	21	8	128.2	2
16755	514.4	292.4	7	21	8	127.9	2
16762	514.5	292.3	7	21	8	127.6	2
16769	514.5	293.4	7	21	8	127.9	2
16775	514.5	293.3	7	21	8	127.7	2
16781	514.6	293.2	7	21	8	127.4	2
16788	514.6	293.0	7	21	8	127.2	2
16794	514.7	294.1	7	21	8	127.4	2
16801	514.7	293.9	7	21	8	127.1	2
16808	514.7	293.8	7	21	8	126.9	2
16814	514.8	293.6	7	21	8	126.6	2
16821	514.8	294.8	7	21	8	126.9	2
16827	514.8	294.6	7	21	8	126.7	2
16834	514.8	294.4	7	21	8	126.4	2
16841	516.1	294.2	7	21	8	127.3	2
16847	516.0	294.0	7	21	8	127.1	2
16854	516.0	295.3	7	21	8	127.4	2
16861	516.0	295.0	7	21	8	127.2	2
16868	516.0	294.8	7	21	8	126.9	2
16875	516.0	294.6	7	21	8	126.6	2
16881	515.9	295.7	7	21	8	126.9	2
16889	515.9	295.4	7	21	8	126.7	2
16895	515.9	295.2	7	21	8	126.4	2
16905	517.7	294.9	7	21	8	127.8	2
16911	517.6	294.7	7	21	8	127.5	2
16919	517.5	294.5	7	21	8	127.2	2
16925	517.4	295.5	7	21	8	127.5	2
16932	517.3	295.3	7	21	8	127.3	2
16939	517.2	295.1	7	21	8	127.0	2
16946	517.2	296.1	7	21	8	127.3	2
16957	517.1	295.8	7	21	8	126.9	2
16965	517.0	295.5	7	21	8	126.6	2
16973	516.9	295.2	7	21	8	126.3	2
16981	517.8	295.9	7	21	8	127.4	2
16991	517.7	295.6	7	21	8	127.0	2
16997	517.6	295.3	7	21	8	126.7	2
17005	517.5	296.6	7	21	8	127.1	2
17013	517.4	296.3	7	21	8	126.9	2
17021	517.3	296.0	7	22	9	126.5	2
17027	518.4	295.7	7	21	9	127.4	2
17034	519.6	295.5	7	21	9	128.4	2
17041	520.7	295.3	7	21	9	129.3	2
17047	521.6	295.1	7	21	9	130.1	2
17054	522.7	294.8	7	21	9	131.1	2
17059	523.5	294.7	7	21	9	131.9	2
17066	524.5	294.5	7	21	9	131.9	2
17073	525.4	294.3	7	21	9	130.2	2
17080	526.2	294.1	7	21	9	128.8	2
17087	527.1	293.9	7	21	9	127.1	2
17094	527.8	293.8	7	21	9	125.6	2
17101	528.6	293.6	7	21	9	124.0	2
17107	529.3	293.4	7	21	9	122.5	2
17114	530.0	293.3	7	21	9	120.9	2
17121	530.7	293.2	7	21	9	119.3	2
17127	531.2	293.0	7	21	9	118.0	2
17134	531.9	292.9	7	21	9	116.3	2
17140	532.4	292.8	7	21	9	114.8	2
17147	533.0	292.7	7	21	9	113.3	2
17154	533.5	292.6	7	21	9	111.7	2
17161	531.4	292.5	7	21	9	112.8	2
17168	532.0	292.4	7	21	9	111.2	2
17174	530.2	292.3	7	21	9	112.3	2
17181	530.8	292.2	7	21	9	110.8	2
17187	528.8	292.1	7	21	9	111.9	2
17194	527.0	292.0	7	21	9	113.0	2
17202	527.8	291.9	7	21	9	111.4	2
17208	525.9	291.8	7	21	9	112.5	2
17219	523.4	291.7	7	21	9	114.2	2
17225	524.3	291.6	7	21	9	112.7	2
17233	525.3	291.6	7	21	9	110.9	2
17240	523.5	291.5	7	21	9	112.0	2
17247	522.3	292.3	7	21	9	112.7	2
17254	523.4	292.2	7	21	9	111.0	2
17261	522.1	293.0	7	21	9	111.6	2
17269	520.8	293.9	7	21	9	112.4	2
17275	521.7	293.8	7	21	9	111.0	2
17283	520.5	294.6	7	21	9	111.7	2
17289	521.5	294.4	7	21	9	110.2	2
17295	520.1	294.2	7	21	9	111.2	2
17303	521.2	294.0	7	21	9	109.5	2
17309	520.1	294.7	7	21	9	110.2	2
17319	518.5	295.8	7	21	10	129.7	2
17327	519.8	295.5	7	20	10	129.6	2
17338	521.4	295.1	7	20	10	129.4	2
17346	522.7	294.9	7	20	10	129.3	2
17355	523.9	294.6	7	20	10	129.2	2
17361	524.8	294.4	7	20	10	129.1	2
17368	525.7	294.2	7	20	10	129.0	2
17374	526.5	294.1	7	20	10	129.0	2
17380	527.2	293.9	7	20	10	129.0	2
17387	528.0	293.8	7	20	10	128.9	2
17393	528.6	293.6	7	20	10	128.9	2
17399	529.3	293.5	7	20	10	128.9	2
17406	529.9	293.3	7	20	10	128.9	2
17411	530.5	293.2	7	20	10	129.0	2
17418	531.2	293.1	7	20	10	129.0	2
17424	530.6	294.1	7	20	9	129.9	2
17431	530.8	294.8	7	20	9	129.4	2
17438	531.5	294.6	7	20	9	127.9	2
17444	532.0	294.5	7	20	9	126.5	2
17450	532.2	295.2	7	20	9	125.8	2
17457	532.7	295.0	7	20	9	124.4	2
17462	533.2	294.8	7	20	9	123.1	2
17469	533.3	295.5	7	20	9	122.3	2
17475	533.8	295.3	7	20	9	121.1	2
17481	534.3	295.1	7	20	9	119.7	2
17488	534.7	294.9	7	20	9	118.3	2
17494	534.8	295.5	7	21	9	117.6	2
17501	535.3	295.3	7	21	9	116.1	2
17507	535.7	295.1	7	21	9	114.7	2
17514	536.1	294.9	7	21	9	113.2	2
17522	536.6	294.6	7	21	9	111.6	2
17527	534.9	295.3	7	21	9	112.5	2
17537	532.5	296.2	7	21	9	113.9	2
17543	533.0	296.0	7	21	9	112.7	2
17551	530.8	295.7	7	21	9	113.7	2
17557	531.4	295.5	7	21	9	112.4	2
17563	529.7	295.3	7	21	9	113.2	2
17570	527.8	295.1	7	21	9	114.1	2
17576	528.4	294.9	7	21	9	112.9	2
17582	526.7	294.7	7	21	9	113.8	2
17589	527.5	294.5	7	21	9	112.3	2
17595	525.9	294.3	7	21	9	113.1	2
17602	524.5	295.1	7	21	9	114.2	2
17608	525.3	294.9	7	21	9	112.9	2
17614	523.8	294.7	7	21	9	113.8	2
17620	522.2	294.5	7	21	9	114.7	2
17626	523.1	294.4	7	21	9	113.4	2
17633	521.5	294.2	7	21	9	114.4	2
17639	520.4	294.9	7	21	9	115.3	2
17645	521.3	294.7	7	21	9	114.1	2
17652	519.7	294.5	7	21	9	115.1	2
17658	520.7	294.3	7	21	9	113.8	2
17663	519.3	294.2	7	21	9	114.7	2
17670	518.0	294.0	7	21	9	115.6	2
17676	519.0	293.8	7	21	9	115.0	2
17683	517.6	293.7	7	21	9	116.8	2
17690	518.7	293.5	7	21	9	116.2	2
17696	519.7	293.4	7	21	9	115.5	2
17703	520.9	293.2	7	21	9	114.8	2
17709	519.5	293.1	7	21	9	116.2	2
17716	520.6	293.0	7	21	9	115.5	2
17723	519.0	292.9	7	21	8	117.2	2
17729	517.7	292.8	7	21	8	118.7	2
17736	516.2	292.6	7	21	8	120.4	2
17743	515.0	292.5	7	21	8	121.8	2
17750	513.7	292.4	7	21	8	123.4	2
17756	512.5	292.3	7	21	8	124.9	2
17762	511.5	292.2	7	21	8	125.4	2
17769	510.7	293.1	7	21	8	125.8	2
17776	509.8	293.0	7	21	8	125.3	2
17783	508.7	292.8	7	21	8	124.8	2
17790	509.0	292.7	7	21	8	124.5	2
17796	509.2	292.6	7	21	8	124.3	2
17802	509.5	292.5	7	21	8	124.0	2
17809	509.7	292.4	7	21	8	123.8	2
17816	510.0	292.3	7	21	8	123.5	2
17823	510.2	292.2	7	21	8	123.2	2
17828	510.4	292.1	7	21	8	123.0	2
17835	510.6	293.3	7	21	8	124.1	2
17841	510.8	293.2	7	21	8	123.8	2
17847	511.0	293.1	7	21	8	123.6	2
17854	511.2	292.9	7	21	8	123.3	2
17860	511.3	292.8	7	21	8	123.1	2
17867	511.5	292.7	7	21	8	122.8	2
17874	511.7	292.6	7	21	8	122.6	2
17880	511.8	292.5	7	21	8	122.4	2
17887	512.0	292.4	7	21	8	122.1	2
17893	512.1	292.3	7	21	8	121.8	2
17900	512.2	292.2	7	21	8	121.6	2
17906	512.4	292.1	7	21	8	121.4	2
17912	512.5	292.0	7	21	8	121.1	2
17919	512.6	292.0	7	21	8	120.9	2
17925	512.7	291.9	7	21	8	120.6	2
17931	512.8	291.8	7	21	8	120.4	2
17938	513.0	291.7	7	21	8	120.1	2
17944	513.0	291.7	7	22	8	119.9	2
17951	513.2	292.9	7	22	8	121.0	2
17958	513.2	292.8	7	22	8	120.7	2
17965	513.3	292.7	7	22	8	120.5	2
17972	513.4	292.6	7	22	8	120.2	2
17978	513.5	292.5	7	22	8	120.0	2
17985	513.6	292.4	7	22	8	119.7	2
17992	513.7	292.3	7	22	8	119.4	2
17999	513.8	292.2	7	22	8	119.2	2
18006	513.8	292.1	7	22	8	118.9	2
18012	513.9	292.0	7	22	8	118.7	2
18020	514.0	291.9	7	22	8	118.4	2
18026	514.0	291.8	7	22	8	118.1	2
18034	514.1	291.7	7	22	8	117.9	2
18040	514.2	292.9	7	22	8	116.9	2
18046	514.2	292.8	7	22	8	116.6	2
18053	514.3	292.7	7	22	9	116.3	2
18060	515.2	291.6	7	21	9	116.2	2
18068	516.3	290.6	7	21	9	116.0	2
18075	517.5	290.5	7	21	9	114.9	2
18084	518.5	289.5	7	21	9	114.8	2
18092	519.5	288.3	7	21	9	113.9	2
18100	520.8	288.4	7	21	9	113.5	2
18107	521.5	287.5	7	21	9	113.0	2
18114	522.1	286.7	7	21	9	112.1	2
18121	522.8	285.9	7	21	9	111.2	2
18127	523.6	286.0	7	21	9	111.3	2
18134	524.2	285.3	7	21	9	110.4	2
18140	524.7	284.7	7	21	9	109.7	2
18147	525.2	284.0	7	21	9	108.9	2
18156	526.4	284.4	7	21	9	109.2	2
18163	526.8	283.8	7	21	9	108.5	2
18170	527.3	283.1	7	21	9	107.6	2
18176	527.6	282.5	7	21	9	106.9	2
18182	528.0	282.0	7	21	9	106.2	2
18188	528.3	281.5	7	21	9	105.5	2
18194	529.0	281.8	7	21	9	105.8	2
18201	529.3	281.3	7	21	9	105.1	2
18207	529.6	280.8	7	21	9	104.4	2
18213	530.2	281.1	7	21	9	104.7	2
18220	530.5	280.6	7	21	9	104.0	2
18227	530.7	280.1	7	21	9	103.4	2
18236	531.6	280.7	7	21	9	103.8	2
18243	531.8	280.1	7	21	9	103.1	2
18251	532.0	279.5	7	21	9	102.4	2
18258	532.3	279.1	7	21	9	101.8	2
18265	532.9	279.5	7	21	9	102.2	2
18272	533.0	279.1	7	21	9	101.6	2
18278	533.2	278.7	7	21	9	101.2	2
18286	533.4	278.2	7	21	9	100.6	2
18292	533.8	278.7	7	21	9	101.0	2
18298	533.9	278.3	7	21	9	100.5	2
18304	534.1	277.9	7	21	9	100.1	2
18310	534.5	278.3	7	21	9	100.5	2
18317	534.6	277.9	7	21	9	100.0	2
18327	534.7	277.4	7	21	9	99.4	2
18335	535.2	278.0	7	21	9	100.1	2
18343	535.3	277.5	7	21	9	99.6	2
18351	535.4	277.1	7	21	9	99.2	2
18358	535.5	276.7	7	21	9	99.7	2
18364	535.5	276.4	7	21	9	100.1	2
18371	535.6	276.1	7	21	9	100.6	2
18377	535.6	275.8	7	21	9	101.0	2
18383	536.0	276.3	7	21	9	102.3	2
18389	536.1	276.0	7	21	9	102.7	2
18399	536.1	275.6	7	21	9	103.2	2
18405	536.1	275.3	7	21	9	103.6	2
18411	536.2	275.1	7	21	9	104.0	2
18417	536.2	274.8	7	21	9	104.3	2
18423	536.2	274.6	7	21	9	104.7	2
18429	536.6	275.2	7	22	9	105.8	2
18435	536.6	274.9	7	22	9	106.1	2
18441	536.6	274.7	7	22	9	106.4	2
18448	536.6	274.4	7	22	9	106.8	2
18455	537.0	275.1	7	22	8	108.1	2
18461	537.4	275.7	7	22	8	109.3	2
18468	537.7	276.3	7	22	8	110.5	2
18475	538.1	276.9	7	22	8	111.8	2
18482	538.4	277.4	7	22	8	112.9	2
18488	538.7	278.0	7	22	8	114.2	2
18494	538.9	278.4	7	22	8	114.9	2
18503	539.3	279.0	7	22	8	114.5	2
18509	539.5	279.4	7	22	8	114.3	2
18515	539.4	279.0	7	22	8	114.9	2
18522	539.3	278.6	7	22	8	115.7	2
18528	539.2	278.2	7	22	8	116.3	2
18535	539.5	278.7	7	22	8	116.1	2
18541	539.4	278.3	7	22	8	116.7	2
18547	539.3	277.9	7	22	8	117.4	2
18553	539.2	277.5	7	22	8	118.1	2
18559	539.5	278.0	7	22	8	117.9	2
18566	539.4	277.6	7	22	8	118.7	2
18573	539.6	278.1	7	22	8	118.5	2
18579	539.5	277.8	7	22	8	119.2	2
18587	539.4	277.3	7	22	8	120.1	2
18593	539.7	277.8	7	22	8	120.0	2
18601	539.5	277.4	7	22	8	120.9	2
18607	539.8	277.9	7	22	8	120.8	2
18613	539.7	277.6	7	22	8	121.5	2
18620	539.6	277.2	7	22	8	122.3	2
18626	539.8	277.7	7	22	8	122.2	2
18632	539.7	277.3	7	22	8	123.0	2
18638	539.9	277.8	7	22	8	122.9	2
18644	540.1	278.3	7	22	8	122.9	2
18650	540.4	278.7	7	22	8	122.9	2
18659	540.6	279.3	7	22	8	122.9	2
18666	540.8	279.8	7	22	8	122.9	2
18672	541.0	280.2	7	22	8	122.9	2
18678	541.2	280.5	7	22	8	123.0	2
18684	541.4	280.9	7	22	8	123.0	2
18693	541.6	281.4	7	22	8	123.1	2
18700	541.8	281.8	7	22	8	123.2	2
18707	541.6	281.3	7	22	8	124.0	2
18713	541.8	281.6	7	22	8	124.1	2
18719	541.9	281.9	7	22	8	124.2	2
18725	542.1	282.2	7	22	8	124.4	2
18732	542.2	282.5	7	22	8	124.5	2
18738	542.4	282.8	7	22	8	124.7	2
18744	542.5	283.1	7	22	8	124.8	2
18751	542.6	283.4	7	22	9	125.0	2
18757	540.8	282.8	7	21	9	125.2	2
18763	539.0	282.3	7	21	9	125.5	2
18770	537.2	281.7	7	21	9	125.8	2
18776	535.5	281.2	7	21	9	126.1	2
18783	533.8	280.7	7	21	9	126.4	2
18789	532.2	280.2	7	21	9	126.7	2
18795	530.8	279.8	7	21	9	127.0	2
18804	528.8	279.2	7	21	9	127.4	2
18813	526.9	278.6	7	21	9	127.9	2
18820	525.5	278.2	7	21	9	128.3	2
18826	524.3	277.8	7	21	9	128.7	2
18833	523.1	277.4	7	21	9	129.1	2
18839	521.9	277.1	7	21	9	129.4	2
18845	520.9	276.8	7	21	9	129.8	2
18852	519.7	276.4	7	21	9	130.2	2
18858	518.8	276.1	7	21	9	130.6	2
18864	517.9	275.9	7	21	9	131.0	2
18870	517.0	275.6	7	21	9	131.4	2
18876	516.1	275.3	7	21	9	131.8	2
18882	515.3	275.1	7	22	9	132.2	2
18888	514.5	274.8	7	22	9	132.7	2
18894	513.7	274.6	7	22	9	133.1	2
18901	512.9	274.3	7	22	9	133.6	2
18907	512.2	274.1	7	22	9	134.0	2
18913	511.5	273.9	7	22	9	134.5	2
18920	510.7	273.7	7	22	9	135.0	2
18927	510.1	273.5	7	22	9	135.5	2
18935	509.3	273.2	7	22	9	136.1	2
18941	508.7	273.0	7	22	9	136.7	2
18947	508.1	272.9	7	22	9	137.2	2
18954	507.5	272.7	7	22	9	137.7	2
18960	507.0	272.5	7	22	9	138.2	2
18966	506.5	272.4	7	22	9	138.8	2
18976	505.8	272.2	7	22	9	139.5	2
18982	505.4	272.0	7	22	9	140.1	2
18991	504.8	271.9	7	22	9	140.9	2
18997	504.3	271.7	7	22	9	141.4	2
19004	503.6	272.5	7	22	9	141.1	2
19009	502.9	273.1	7	22	9	140.8	2
19016	502.6	272.9	7	22	9	141.4	2
19022	501.9	273.6	7	22	9	141.1	2
19028	501.3	274.2	7	22	9	140.8	2
19034	501.0	273.9	7	22	9	141.5	2
19041	500.4	274.5	7	22	9	141.2	2
19046	499.8	275.1	7	22	9	141.0	2
19053	499.6	274.8	7	22	9	141.6	2
19059	499.1	275.4	7	22	9	141.4	2
19066	498.5	276.0	7	22	9	141.2	2
19072	498.3	275.7	7	22	9	141.9	2
19078	497.8	276.2	7	22	9	141.7	2
19085	497.3	276.8	7	22	9	141.5	2
19091	496.9	277.3	7	22	9	141.3	2
19097	496.8	276.9	7	22	9	141.9	2
19103	496.3	277.5	7	22	9	141.7	2
19109	495.9	277.9	7	22	9	141.1	2
19116	495.8	277.5	7	22	9	140.2	2
19122	495.4	278.1	7	22	9	138.7	2
19128	495.3	277.7	7	22	9	137.9	2
19137	495.3	277.2	7	22	9	136.8	2
19144	495.2	276.8	7	22	9	135.8	2
19153	494.7	277.5	7	22	8	133.9	2
19159	495.6	278.1	7	22	8	133.6	2
19166	496.4	278.5	7	22	8	133.4	2
19172	497.1	279.0	7	22	8	133.1	2
19178	497.8	279.4	7	22	8	132.9	2
19184	498.5	279.8	7	22	8	132.7	2
19190	499.1	280.2	7	22	8	132.5	2
19196	499.7	280.5	7	22	8	132.2	2
19205	500.6	281.1	7	22	8	131.9	2
19211	501.2	281.4	7	22	8	131.6	2
19218	501.7	281.7	7	22	8	131.4	2
19224	502.3	282.0	7	22	8	131.2	2
19229	502.7	282.3	7	22	8	131.0	2
19236	503.2	282.6	7	22	8	130.7	2
19242	503.7	282.9	7	22	8	130.5	2
19248	504.1	283.2	7	22	8	130.2	2
19254	504.6	283.5	7	22	8	130.0	2
19260	505.0	283.7	7	22	8	129.8	2
19266	505.4	283.9	7	22	8	129.5	2
19272	505.8	284.2	7	22	8	129.3	2
19278	506.1	284.4	7	22	8	129.1	2
19285	506.5	284.6	7	22	8	128.8	2
19291	506.9	284.8	7	22	8	128.6	2
19298	507.2	285.0	7	22	8	128.3	2
19304	507.5	285.2	7	22	8	128.1	2
19310	507.8	285.4	7	22	8	127.9	2
19320	508.3	285.7	7	22	8	127.5	2
19325	509.7	285.8	7	22	8	128.4	2
19332	509.9	286.0	7	22	8	128.2	2
19339	510.2	286.2	7	22	8	127.9	2
19345	510.4	286.3	7	22	8	127.7	2
19355	512.5	286.5	7	22	8	129.1	2
19361	512.6	286.7	7	23	8	128.9	2
19368	512.7	286.8	7	23	8	128.6	2
19374	512.8	286.9	7	23	8	128.4	2
19381	512.9	287.1	7	23	8	128.1	2
19388	513.1	287.2	7	23	8	127.9	2
19395	513.2	287.3	7	23	8	127.6	2
19404	514.9	287.4	7	23	8	128.9	2
19410	514.9	287.5	7	23	8	128.7	2
19417	515.0	287.7	7	23	8	128.4	2
19423	515.0	287.7	7	23	8	128.2	2
19429	515.0	287.8	7	23	8	128.0	2
19436	515.0	287.9	7	23	8	127.7	2
19442	516.2	288.0	7	23	8	128.6	2
19449	516.2	288.1	7	23	8	128.3	2
19456	516.1	288.2	7	23	8	128.1	2
19462	516.1	288.2	7	23	8	127.9	2
19469	517.4	288.3	7	23	8	128.9	2
19475	517.3	288.4	7	23	8	128.7	2
19482	517.2	288.4	7	23	9	128.4	2
19489	518.2	289.5	7	22	9	128.9	2
19496	518.9	290.4	7	22	9	129.2	2
19505	519.9	291.6	7	22	9	129.8	2
19511	520.6	292.3	7	22	9	130.2	2
19518	521.3	293.2	7	22	9	130.7	2
19525	521.1	294.3	7	22	9	130.1	2
19532	521.7	295.0	7	22	9	130.6	2
19539	521.5	296.1	7	22	9	130.1	2
19545	521.2	297.0	7	22	9	129.6	2
19554	522.1	297.9	7	22	9	130.3	2
19560	521.9	298.7	7	22	9	129.8	2
19567	521.6	299.5	7	22	9	129.4	2
19573	522.2	300.0	7	22	9	129.9	2
19578	522.0	300.7	7	22	9	129.5	2
19588	521.6	301.9	7	22	9	128.9	2
19594	522.2	302.2	7	22	9	129.4	2
19603	521.9	303.2	7	22	9	128.9	2
19609	521.6	303.8	7	22	9	128.5	2
19616	522.2	304.1	7	22	9	129.1	2
19622	522.0	304.8	7	22	9	128.7	2
19627	521.7	305.3	7	22	9	128.4	2
19634	521.5	305.9	7	22	9	128.1	2
19640	521.3	306.4	7	22	9	127.8	2
19646	521.9	306.6	7	22	9	128.4	2
19652	521.6	307.2	7	22	9	128.1	2
19658	521.4	307.7	7	22	9	127.8	2
19664	521.1	308.1	7	22	9	127.5	2
19671	520.9	308.6	7	22	9	127.3	2
19677	521.5	308.7	7	22	9	127.8	2
19683	521.3	309.2	7	22	9	127.6	2
19689	521.1	309.6	7	22	9	127.4	2
19695	520.8	310.0	7	22	9	127.2	2
19702	520.6	310.4	7	22	9	127.0	2
19708	520.4	310.8	7	22	9	126.8	2
19714	521.0	310.8	7	22	9	127.4	2
19720	520.8	311.2	7	22	9	127.2	2
19726	520.6	311.5	7	22	9	127.1	2
19732	520.4	311.9	7	22	9	126.9	2
19739	520.2	312.2	7	22	9	126.8	2
19745	520.9	312.2	7	22	9	127.5	2
19751	520.6	312.5	7	22	9	127.4	2
19757	520.5	312.8	7	22	9	127.3	2
19764	520.3	313.1	7	22	9	127.2	2
19771	520.1	313.4	7	22	9	127.1	2
19777	519.9	313.7	7	22	9	127.0	2
19786	519.6	314.0	7	22	9	126.9	2
19795	520.6	313.9	7	22	9	128.0	2
19801	520.4	314.1	7	22	9	128.0	2
19808	520.2	314.4	7	22	9	127.9	2
19814	520.0	314.6	7	22	9	128.7	2
19820	519.8	314.8	7	22	9	129.5	2
19826	519.7	315.0	7	22	9	130.2	2
19833	519.5	315.2	7	22	9	130.9	2
19839	519.3	315.4	7	23	9	131.6	2
19845	519.2	315.6	7	23	9	132.3	2
19851	519.1	315.8	7	23	9	133.0	2
19857	518.9	316.0	7	23	9	133.6	2
19863	518.8	316.1	7	23	9	134.3	2
19869	518.7	316.3	7	23	9	134.9	2
19875	518.6	316.4	7	23	9	135.3	2
19881	518.4	316.6	7	23	9	134.1	2
19888	518.3	315.5	7	23	8	133.8	2
19894	518.2	314.5	7	23	8	133.5	2
19900	518.1	313.5	7	23	8	133.3	2
19906	518.0	312.6	7	23	8	133.0	2
19912	517.9	311.8	7	23	8	132.8	2
19918	517.8	311.0	7	23	8	132.5	2
19924	517.7	310.2	7	23	8	132.3	2
19930	517.7	309.5	7	23	8	132.0	2
19936	517.6	308.7	7	23	8	131.8	2
19945	517.5	307.7	7	23	8	131.4	2
19951	517.4	307.0	7	23	8	131.1	2
19957	517.3	306.4	7	23	8	130.9	2
19963	517.3	305.8	7	23	8	130.7	2
19969	517.2	305.2	7	23	8	130.4	2
19975	517.1	304.6	7	23	8	130.1	2
19981	517.1	304.1	7	23	8	129.9	2
19988	517.0	303.5	7	23	8	129.6	2
19993	516.9	303.0	7	23	8	129.4	2
20000	516.9	302.5	7	23	8	129.1	2
20006	516.8	302.0	7	23	8	128.9	2
20012	516.8	301.6	7	23	8	128.6	2
20018	516.7	301.1	7	23	8	128.3	2
20024	516.7	300.7	7	23	8	128.1	2
20031	516.6	300.3	7	23	8	127.8	2
20038	515.3	299.9	7	23	8	128.3	2
20044	515.3	299.5	7	23	8	128.0	2
20050	515.3	299.1	7	23	8	127.7	2
20056	515.3	298.8	7	23	8	127.5	2
20062	515.3	298.4	7	23	8	127.2	2
20069	515.3	298.1	7	23	8	127.0	2
20075	515.3	297.8	7	23	8	126.7	2
20080	514.2	297.5	7	23	8	127.1	2
20087	514.3	297.2	7	23	8	126.8	2
20093	514.3	296.9	7	23	8	126.5	2
20100	514.4	296.6	7	23	8	126.3	2
20106	514.4	296.4	7	23	8	126.0	2
20113	513.3	296.1	7	23	8	126.4	2
20121	513.4	295.8	7	23	8	126.1	2
20128	513.5	295.6	7	23	8	125.8	2
20135	513.6	295.3	7	23	8	125.5	2
20142	513.6	295.1	7	23	8	125.2	2
20150	513.7	294.8	7	23	8	124.9	2
20157	512.5	294.6	7	23	8	125.3	2
20164	512.6	294.4	7	23	8	125.0	2
20172	512.8	294.2	7	23	8	124.7	2
20179	512.9	294.0	7	23	9	124.4	2
20186	512.0	292.8	7	22	9	125.5	2
20193	511.3	291.9	7	22	9	126.5	2
20200	510.6	290.9	7	22	9	127.6	2
20206	509.9	290.0	7	22	9	128.5	2
20213	509.3	289.1	7	22	9	129.5	2
20220	508.6	288.2	7	22	9	130.5	2
20226	508.0	287.5	7	22	9	131.5	2
20233	507.4	286.6	7	22	9	132.6	2
20240	506.9	285.9	7	22	9	133.6	2
20247	506.3	285.1	7	22	9	134.6	2
20254	505.8	284.4	7	22	9	135.7	2
20264	505.1	283.5	7	22	9	137.2	2
20271	504.6	282.8	7	22	9	138.3	2
20278	503.8	283.1	7	22	9	138.7	2
20285	503.0	283.4	7	22	9	139.3	2
20292	502.2	283.7	7	22	9	139.8	2
20299	501.5	284.0	7	22	9	140.3	2
20306	500.8	284.2	7	23	9	140.8	2
20313	500.1	284.5	7	23	9	141.4	2
20320	499.4	284.7	7	23	9	142.0	2
20327	498.9	284.9	7	23	9	142.5	2
20335	498.2	285.2	7	23	9	143.2	2
20343	497.6	285.4	7	23	9	143.8	2
20351	497.0	285.6	7	23	9	142.8	2
20357	496.5	285.8	7	23	9	141.2	2
20364	496.0	286.0	7	23	9	139.7	2
20371	495.9	285.2	7	23	9	138.5	2
20377	495.5	285.4	7	23	9	137.0	2
20385	495.5	284.6	7	23	9	135.8	2
20391	495.4	284.0	7	23	9	134.7	2
20399	494.9	284.3	7	23	9	133.0	2
20406	494.9	283.6	7	23	9	131.9	2
20413	494.9	283.0	7	23	9	130.8	2
20420	494.8	282.4	7	23	9	129.7	2
20426	494.8	281.8	7	23	9	128.8	2
20433	494.8	281.2	7	23	9	127.7	2
20440	494.7	280.7	7	23	9	126.6	2
20446	494.7	280.2	7	23	9	125.7	2
20453	494.7	279.7	7	23	9	124.7	2
20459	494.7	279.3	7	23	9	123.8	2
20465	494.6	278.9	7	23	9	122.9	2
20475	494.6	278.3	7	23	9	121.5	2
20481	494.6	277.9	7	23	9	120.6	2
20488	494.6	277.5	7	23	9	119.7	2
20494	496.6	278.0	7	23	9	120.6	2
20501	496.5	277.6	7	23	9	119.6	2
20508	498.5	278.1	7	23	9	120.6	2
20515	498.3	277.7	7	23	9	119.6	2
20521	500.3	278.2	7	23	9	120.6	2
20528	500.0	277.8	7	23	9	119.7	2
20535	502.2	278.4	7	23	9	121.7	2
20541	501.6	278.8	7	23	9	121.1	2
20551	504.2	279.5	7	23	9	123.6	2
20557	503.5	279.9	7	23	9	122.9	2
20563	502.8	280.2	7	23	9	122.2	2
20570	504.8	280.7	7	23	9	124.0	2
20576	504.0	281.0	7	23	9	123.2	2
20583	505.8	281.4	7	23	8	124.9	2
20589	507.5	281.7	7	23	8	126.5	2
20596	509.0	282.1	7	23	8	128.0	2
20603	510.6	282.4	7	23	8	129.6	2
20610	512.0	282.7	7	23	8	131.2	2
20617	513.6	283.1	7	23	8	132.9	2
20624	514.9	283.4	7	23	8	134.4	2
20631	515.0	283.6	7	23	8	134.6	2
20639	515.0	283.9	7	23	8	134.9	2
20645	515.0	284.2	7	23	8	135.0	2
20652	515.0	284.4	7	23	8	135.2	2
20658	515.0	284.7	7	23	8	135.2	2
20664	515.1	284.8	7	23	8	135.0	2
20670	515.1	285.1	7	23	8	134.7	2
20676	515.1	285.2	7	23	8	134.5	2
20683	515.1	285.4	7	23	8	134.2	2
20689	515.1	285.6	7	23	8	134.0	2
20695	516.2	285.8	7	23	8	134.7	2
20701	516.2	285.9	7	23	8	134.4	2
20707	516.1	286.1	7	23	8	134.1	2
20714	516.1	286.2	7	23	8	133.9	2
20721	516.1	286.4	7	23	8	133.6	2
20727	516.1	286.5	7	23	8	133.4	2
20734	516.0	286.7	7	23	8	133.1	2
20740	516.0	286.8	7	23	8	132.8	2
20746	516.0	286.9	7	23	8	132.6	2
20753	516.0	287.1	7	23	8	132.3	2
20759	516.0	287.2	7	23	8	132.1	2
20766	515.9	287.3	7	23	8	131.8	2
20773	515.9	287.4	7	23	8	131.5	2
20779	515.9	287.5	7	23	8	131.2	2
20786	515.9	287.6	7	23	8	131.0	2
20792	515.9	287.7	7	23	8	130.7	2
20799	515.9	287.8	7	24	8	130.4	2
20806	517.2	287.9	7	24	8	131.3	2
20813	517.1	288.0	7	24	8	131.1	2
20820	517.0	288.1	7	24	8	130.7	2
20827	517.0	288.2	7	24	8	130.5	2
20834	516.9	288.2	7	24	8	130.2	2
20841	516.9	288.3	7	24	8	129.9	2
20847	516.8	288.4	7	24	8	129.7	2
20855	516.7	288.5	7	24	8	129.3	2
20861	516.7	288.5	7	24	8	129.1	2
20868	516.6	288.6	7	24	8	128.8	2
20875	516.6	288.6	7	24	8	128.5	2
20881	516.5	288.7	7	24	8	128.3	2
20888	516.5	288.7	7	24	9	128.0	2
20894	515.6	289.6	7	23	9	126.6	2
20901	514.7	290.6	7	23	9	124.9	2
20907	513.9	291.4	7	23	9	123.5	2
20913	513.1	292.2	7	23	9	122.0	2
20920	511.9	292.1	7	23	9	120.6	2
20927	510.9	292.0	7	23	9	119.3	2
20934	509.8	291.9	7	23	9	117.9	2
20940	508.8	291.8	7	23	9	116.6	2
20946	510.2	291.8	7	23	9	117.3	2
20953	509.2	291.7	7	23	9	116.0	2
20959	510.6	291.6	7	23	9	116.7	2
20966	509.6	291.6	7	23	9	115.4	2
20972	511.1	291.5	7	23	9	116.3	2
20978	510.2	291.4	7	23	9	115.1	2
20985	511.7	291.4	7	23	9	116.0	2
20990	510.8	291.3	7	23	9	114.8	2
20996	512.0	291.3	7	23	9	115.5	2
21003	510.9	291.2	7	23	9	114.1	2
21009	512.2	291.2	7	23	9	114.8	2
21016	511.1	291.1	7	23	9	113.5	2
21022	512.5	291.1	7	23	9	114.3	2
21028	511.6	291.1	7	23	9	113.2	2
21035	513.0	291.0	7	23	9	114.0	2
21040	512.0	291.0	7	23	9	112.9	2
21046	513.2	290.9	7	23	9	113.6	2
21053	512.1	290.9	7	23	9	112.3	2
21058	513.4	290.9	7	23	9	113.0	2
21065	512.3	290.8	7	23	9	111.8	2
21072	513.8	290.8	7	23	9	112.6	2
21078	512.6	290.8	7	23	9	111.3	2
21085	514.0	290.7	7	23	9	112.2	2
21091	513.0	290.7	7	23	9	111.0	2
21097	514.3	290.7	7	23	9	111.8	2
21104	513.0	290.6	7	23	9	110.3	2
21111	514.4	290.6	7	23	9	111.1	2
21119	512.9	290.6	7	24	9	109.5	2
21127	514.5	290.6	7	24	9	110.4	2
21134	513.2	290.5	7	24	9	109.0	2
21140	514.7	290.5	7	24	9	109.9	2
21147	513.6	290.5	7	24	9	108.7	2
21153	514.9	290.5	7	24	9	109.5	2
21159	513.9	290.5	7	24	9	108.3	2
21165	515.1	290.4	7	24	9	109.1	2
21172	513.9	290.4	7	24	9	107.8	2
21178	515.1	290.4	7	24	9	108.6	2
21185	513.9	290.4	7	24	9	107.2	2
21191	512.8	290.4	7	24	9	106.0	2
21197	514.2	290.4	7	24	9	106.8	2
21204	513.0	290.3	7	24	9	106.3	2
21210	514.3	290.3	7	24	9	107.8	2
21217	513.0	290.3	7	24	9	107.1	2
21223	514.3	290.3	7	24	9	108.6	2
21229	513.2	290.3	7	24	9	108.1	2
21236	512.1	290.3	7	24	9	107.4	2
21242	513.3	290.3	7	24	9	108.7	2
21248	512.2	290.3	7	24	9	108.1	2
21255	513.7	290.3	7	24	9	109.2	2
21261	512.7	290.2	7	24	9	108.2	2
21267	511.9	291.1	7	24	9	107.9	2
21273	510.9	291.0	7	24	9	106.8	2
21279	512.3	291.0	7	24	9	107.4	2
21286	511.5	291.8	7	24	9	107.1	2
21293	512.8	291.8	7	24	8	107.7	2
21302	514.7	291.7	7	24	8	108.5	2
21310	516.2	291.6	7	24	8	109.3	2
21317	516.1	291.5	7	24	8	108.9	2
21324	516.1	291.5	7	24	8	108.6	2
21331	516.1	291.4	7	24	8	108.4	2
21338	516.0	291.3	7	24	8	108.0	2
21344	516.0	291.3	7	24	8	107.8	2
21351	516.0	291.2	7	24	8	107.5	2
21357	516.0	291.2	7	24	8	107.2	2
21363	516.0	291.1	7	24	8	107.0	2
21370	515.9	291.1	7	24	8	106.7	2
21376	515.9	291.0	7	24	8	106.4	2
21382	515.9	291.0	7	24	8	106.1	2
21388	515.9	291.0	7	24	8	105.9	2
21394	515.9	290.9	7	24	8	105.6	2
21401	515.9	290.9	7	24	8	105.3	2
21407	515.9	290.9	7	24	8	105.1	2
21413	515.8	290.8	7	24	8	104.8	2
21420	515.8	290.8	7	24	8	104.5	2
21426	515.8	290.8	7	24	8	104.3	2
21432	515.8	290.7	7	24	8	104.0	2
21438	515.8	290.7	7	24	8	103.7	2
21445	515.8	290.7	7	24	8	103.5	2
21451	515.8	290.6	7	24	8	103.2	2
21457	515.8	290.6	7	24	8	102.9	2
21463	515.7	290.6	7	24	8	102.7	2
21470	515.7	290.6	7	24	8	102.4	2
21476	515.7	290.6	7	24	8	102.1	2
21482	515.7	290.5	7	24	8	101.8	2
21488	515.7	290.5	7	24	8	101.6	2
21494	515.7	290.5	7	24	8	101.3	2
21501	515.7	290.5	7	24	8	101.0	2
21507	515.7	290.5	7	24	8	100.8	2
21513	515.7	290.4	7	24	8	100.5	2
21520	515.7	290.4	7	24	8	100.2	2
21526	515.7	290.4	7	24	8	100.0	2
21533	515.7	290.4	7	24	8	99.7	2
21540	515.7	290.4	7	25	8	99.4	2
21546	515.6	290.4	7	25	8	99.1	2
21553	515.6	290.3	7	25	9	98.8	2
21559	514.8	291.2	7	24	9	98.5	2
21566	513.9	292.0	7	24	9	98.3	2
21572	513.2	292.8	7	24	9	98.1	2
21578	512.5	293.4	7	24	9	97.9	2
21584	511.8	294.1	7	24	9	97.7	2
21590	511.1	294.8	7	24	9	97.5	2
21597	510.4	295.4	7	24	9	97.3	2
21603	509.8	296.1	7	24	9	97.2	2
21609	509.2	296.7	7	24	9	97.1	2
21616	508.6	297.2	7	24	9	96.9	2
21622	508.0	297.8	7	24	9	96.8	2
21628	507.5	298.3	7	24	9	96.7	2
21634	506.9	298.8	7	24	9	96.7	2
21640	506.5	299.3	7	24	9	96.6	2
21646	506.0	299.7	7	24	9	96.6	2
21653	505.5	300.2	7	24	9	96.5	2
21659	505.1	300.6	7	24	9	96.5	2
21665	504.7	301.0	7	24	9	96.5	2
21672	504.3	301.5	7	24	9	96.5	2
21681	503.7	302.0	7	24	9	96.6	2
21688	503.3	302.4	7	24	9	96.7	2
21696	502.8	302.9	7	24	9	96.8	2
21703	502.4	303.3	7	24	9	96.9	2
21709	502.1	303.6	7	24	9	97.0	2
21716	501.8	303.9	7	24	9	97.1	2
21723	501.5	304.2	7	24	9	97.2	2
21730	501.2	304.5	7	24	9	97.4	2
21737	500.8	304.8	7	24	9	97.6	2
21743	500.6	305.1	7	24	9	97.7	2
21749	500.3	305.3	7	24	9	97.9	2
21755	500.1	305.5	7	24	9	98.1	2
21761	499.9	305.8	7	24	9	98.3	2
21768	499.6	306.0	7	24	9	98.6	2
21774	499.4	306.2	7	24	9	98.8	2
21780	499.2	306.4	7	24	9	99.0	2
21787	499.0	306.6	7	24	9	99.3	2
21792	500.4	306.8	7	24	9	100.1	2
21799	500.2	307.0	7	24	9	100.4	2
21806	499.9	307.1	7	24	9	100.7	2
21811	501.3	307.3	7	24	9	101.5	2
21818	501.0	307.5	7	24	9	101.8	2
21824	502.4	307.6	7	24	9	102.6	2
21830	502.1	307.8	7	24	9	102.8	2
21836	501.7	307.9	7	24	9	103.2	2
21842	503.4	307.2	7	24	9	103.2	2
21848	503.1	307.4	7	24	9	103.5	2
21855	502.7	307.5	7	25	9	103.9	2
21860	504.3	306.9	7	25	9	103.9	2
21867	503.9	307.1	7	25	9	104.3	2
21873	505.4	306.4	7	25	9	104.1	2
21879	505.1	306.6	7	25	9	104.3	2
21885	504.6	306.8	7	25	9	104.6	2
21892	506.3	306.1	7	25	9	103.0	2
21899	505.9	306.3	7	25	9	103.3	2
21905	505.4	306.5	7	25	9	103.6	2
21911	506.8	305.9	7	25	9	102.3	2
21919	506.2	306.2	7	25	9	102.7	2
21929	505.5	306.5	7	25	9	102.9	2
21937	507.5	305.7	7	25	9	101.3	2
21943	506.7	305.1	7	25	9	102.1	2
21949	508.3	304.5	7	25	9	100.6	2
21955	509.7	304.0	7	25	8	99.3	2
21962	511.1	303.4	7	25	8	97.8	2
21968	512.4	302.9	7	25	8	96.4	2
21974	512.5	302.4	7	25	8	96.1	2
21980	512.7	301.9	7	25	8	95.9	2
21987	512.8	301.4	7	25	8	95.6	2
21993	512.9	301.0	7	25	8	95.3	2
21999	513.0	300.6	7	25	8	95.1	2
22006	513.1	300.2	7	25	8	94.8	2
22012	513.2	298.6	7	25	8	94.9	2
22019	513.3	298.2	7	25	8	94.6	2
22028	513.4	296.1	7	25	8	94.8	2
22036	513.5	295.8	7	25	8	94.5	2
22042	513.6	295.6	7	25	8	94.3	2
22048	513.6	294.3	7	25	8	94.4	2
22054	513.7	294.1	7	25	8	94.1	2
22060	513.8	293.9	7	25	8	93.9	2
22067	513.9	292.5	7	25	8	94.1	2
22073	513.9	292.4	7	25	8	93.8	2
22079	514.0	292.4	7	25	8	93.6	2
22086	514.0	292.3	7	25	8	93.3	2
22092	514.1	292.2	7	25	8	93.0	2
22098	514.2	290.9	7	25	8	93.2	2
22105	514.2	290.9	7	25	8	92.9	2
22111	514.3	290.9	7	25	8	92.7	2
22117	514.3	290.8	7	25	8	92.4	2
22124	514.4	289.6	7	25	8	92.6	2
22130	514.4	289.6	7	25	8	92.3	2
22137	514.4	289.6	7	25	8	92.0	2
22144	514.5	289.6	7	25	8	91.7	2
22151	514.5	289.6	7	25	8	91.4	2
22158	514.6	288.3	7	25	8	91.7	2
22164	514.6	288.4	7	25	8	91.4	2
22171	514.7	288.5	7	25	8	91.1	2
22177	514.7	288.5	7	25	8	90.9	2
22184	514.7	288.6	7	25	8	90.6	2
22191	514.8	287.4	7	25	8	90.8	2
22198	514.8	287.5	7	25	8	90.6	2
22205	514.8	287.6	7	25	8	90.3	2
22211	514.8	287.7	7	25	8	90.0	2
22218	514.9	287.8	7	25	8	89.7	2
22225	514.9	286.6	7	25	8	90.0	2
22232	514.9	286.7	7	26	8	89.7	2
22238	514.9	286.9	7	26	8	89.4	2
22245	515.0	287.0	7	26	8	89.1	2
22252	515.0	287.1	7	26	9	88.8	2
22258	515.0	286.0	7	25	9	89.1	2
22265	515.0	285.0	7	25	9	89.4	2
22271	515.0	284.0	7	25	9	89.7	2
22277	514.3	283.4	7	25	9	90.5	2
22283	514.3	282.4	7	25	9	90.8	2
22290	514.4	281.6	7	25	9	91.0	2
22296	514.4	280.8	7	25	9	90.8	2
22302	514.5	279.9	7	25	9	90.6	2
22308	514.5	279.2	7	25	9	90.5	2
22315	514.5	278.3	7	25	9	90.3	2
22321	513.7	278.0	7	25	9	89.2	2
22328	513.8	277.2	7	25	9	89.1	2
22335	513.9	276.5	7	25	9	89.0	2
22342	513.9	275.7	7	25	9	88.9	2
22349	514.0	275.0	7	25	9	88.8	2
22356	513.2	274.7	7	25	9	87.7	2
22363	513.3	274.1	7	25	9	87.7	2
22370	513.4	273.5	7	25	9	87.7	2
22376	513.4	272.9	7	25	9	87.7	2
22386	512.3	272.7	7	25	9	86.3	2
22393	512.4	272.2	7	25	9	86.3	2
22400	512.6	271.6	7	25	9	86.4	2
22406	512.7	271.2	7	25	9	86.4	2
22413	512.8	270.7	7	25	9	86.5	2
22419	512.9	270.2	7	25	9	86.6	2
22426	512.1	270.2	7	25	9	85.8	2
22433	512.3	269.7	7	25	9	86.0	2
22439	512.4	269.3	7	25	9	86.1	2
22446	512.5	268.9	7	25	9	86.3	2
22452	511.8	268.9	7	25	9	85.5	2
22459	511.9	268.6	7	25	9	85.7	2
22466	512.1	268.2	7	25	9	86.0	2
22472	512.2	267.8	7	25	9	86.2	2
22478	512.3	267.5	7	25	9	86.4	2
22484	511.6	267.6	7	25	9	85.8	2
22491	511.8	267.3	7	25	9	86.0	2
22497	511.9	267.0	7	25	9	86.3	2
22504	512.1	266.6	7	25	9	86.7	2
22511	512.2	266.4	7	25	9	87.0	2
22518	511.4	266.5	7	25	9	86.3	2
22524	511.6	266.2	7	25	9	86.7	2
22530	511.7	266.0	7	25	9	87.0	2
22537	511.9	265.7	7	25	9	87.5	2
22543	512.0	265.5	7	25	9	87.8	2
22550	512.2	265.2	7	25	9	88.3	2
22559	512.3	264.9	7	25	9	88.9	2
22565	512.5	264.7	7	25	9	89.3	2
22572	512.6	264.5	7	25	9	89.8	2
22578	512.7	264.4	7	25	9	90.2	2
22585	512.8	264.2	7	25	9	91.6	2
22591	512.9	264.0	7	25	9	92.8	2
22596	513.0	263.8	7	25	9	93.9	2
22603	513.1	263.7	7	25	9	95.1	2
22609	513.2	263.5	7	25	9	96.2	2
22616	513.3	263.4	7	26	9	97.5	2
22623	513.4	263.2	7	26	9	98.8	2
22629	513.5	263.1	7	26	9	99.9	2
22638	513.6	262.9	7	26	9	101.6	2
22644	513.7	262.8	7	26	9	102.7	2
23268	513.8	262.5	7	26	8	105.1	3
23274	513.9	262.4	7	26	8	106.1	3
23280	513.9	262.3	7	26	8	107.1	3
23286	514.0	262.2	7	26	8	108.2	3
23293	514.1	262.1	7	26	8	109.3	3
23299	514.1	262.0	7	26	8	109.3	3
23309	514.2	261.9	7	26	8	107.6	3
23315	514.2	261.8	7	26	8	106.6	3
23321	514.3	261.7	7	26	8	105.5	3
23327	514.3	261.6	7	26	8	104.6	3
23334	514.4	261.6	7	26	8	103.6	3
23340	514.4	262.6	7	26	8	103.3	3
23345	514.5	263.6	7	26	8	103.1	3
23352	514.5	264.7	7	26	8	102.9	3
23358	514.5	265.6	7	26	8	102.7	3
23364	514.6	265.3	7	26	8	101.7	3
23370	514.6	266.3	7	26	8	101.5	3
23376	514.6	267.2	7	26	8	101.3	3
23383	514.7	268.1	7	26	8	101.0	3
23389	514.7	269.0	7	26	8	100.8	3
23395	514.7	269.8	7	26	8	100.6	3
23401	514.8	269.4	7	26	8	99.6	3
23407	514.8	270.2	7	26	8	99.3	3
23413	514.8	270.9	7	26	8	99.1	3
23420	514.9	271.6	7	26	8	98.9	3
23426	514.9	272.3	7	26	8	98.7	3
23432	514.9	273.0	7	26	8	98.4	3
23438	514.9	272.5	7	26	8	97.4	3
23444	514.9	273.1	7	26	8	97.2	3
23451	515.0	273.8	7	26	8	97.0	3
23457	515.0	274.4	7	26	8	96.8	3
23462	515.0	275.0	7	26	8	96.6	3
23472	515.0	274.1	7	26	8	95.1	3
23477	515.1	274.6	7	26	8	94.9	3
23484	515.1	275.3	7	26	8	94.6	3
23490	515.1	275.8	7	26	8	94.4	3
23496	515.1	276.3	7	26	9	94.2	3
23503	514.2	277.8	7	25	9	93.8	3
23508	513.5	279.0	7	25	9	93.4	3
23515	512.7	280.3	7	25	9	93.1	3
23521	512.0	281.5	7	25	9	92.8	3
23527	511.4	282.5	7	25	9	92.5	3
23534	510.6	283.8	7	25	9	92.1	3
23540	510.0	284.9	7	25	9	91.8	3
23547	509.3	286.0	7	25	9	91.5	3
23556	508.5	287.4	7	25	9	91.2	3
23563	507.8	288.5	7	25	9	90.9	3
23571	507.2	289.5	7	25	9	90.7	3
23576	506.7	290.3	7	25	9	90.5	3
23583	506.2	291.2	7	25	9	90.3	3
23589	505.7	292.0	7	25	9	90.1	3
23595	505.3	292.7	7	25	9	90.0	3
23602	504.9	293.4	7	25	9	89.9	3
23608	504.4	294.1	7	25	9	89.8	3
23614	504.1	294.8	7	25	9	89.7	3
23620	503.6	295.5	7	26	9	89.6	3
23626	503.3	296.1	7	26	9	89.5	3
23633	502.9	296.7	7	26	9	89.5	3
23640	502.5	297.3	7	26	9	89.4	3
23646	502.2	297.8	7	26	9	89.4	3
23652	501.9	298.4	7	26	9	89.4	3
23658	501.6	298.8	7	26	9	89.5	3
23664	501.3	299.3	7	26	9	89.5	3
23671	501.0	299.8	7	26	9	89.5	3
23677	500.8	300.2	7	26	9	89.6	3
23685	500.5	300.8	7	26	9	89.7	3
23692	500.2	301.2	7	26	9	89.8	3
23698	499.9	301.6	7	26	9	90.0	3
23704	499.7	302.0	7	26	9	90.1	3
23710	499.5	302.4	7	26	9	90.2	3
23720	499.2	302.9	7	26	9	90.5	3
23729	498.9	303.4	7	26	9	90.8	3
23736	498.7	303.7	7	26	9	91.0	3
23742	498.5	304.0	7	26	9	92.0	3
23748	498.4	304.3	7	26	9	93.0	3
23755	498.2	304.6	7	26	9	94.1	3
23762	498.0	304.9	7	26	9	95.1	3
23771	497.8	305.2	7	26	9	96.4	3
23777	497.7	305.5	7	26	9	96.5	3
23785	497.5	305.8	7	26	9	95.0	3
23792	497.3	306.0	7	26	9	93.6	3
23799	497.2	306.2	7	26	9	92.3	3
23805	497.1	306.4	7	26	9	91.1	3
23811	497.0	306.6	7	26	9	89.9	3
23818	496.8	306.8	7	26	9	88.7	3
23824	496.7	305.3	7	26	9	89.2	3
23830	496.6	305.5	7	26	9	88.1	3
23837	496.5	305.8	7	26	9	86.9	3
23843	497.3	304.0	7	26	9	87.8	3
23849	497.2	304.3	7	26	9	86.7	3
23855	497.9	302.6	7	26	9	87.7	3
23861	497.7	302.9	7	26	9	86.6	3
23867	498.5	301.1	7	26	9	87.6	3
23874	498.3	301.5	7	26	9	86.5	3
23880	498.1	301.9	7	26	9	85.4	3
23886	498.9	300.1	7	26	9	86.4	3
23892	498.7	300.5	7	26	9	85.4	3
23899	499.4	298.7	7	26	8	86.5	3
23906	500.1	297.1	7	26	8	87.6	3
23912	500.7	295.7	7	26	8	88.5	3
23919	501.3	294.2	7	26	8	89.5	3
23925	501.8	292.9	7	26	8	90.5	3
23931	502.4	292.8	7	26	8	90.2	3
23941	503.2	292.6	7	27	8	89.8	3
23948	503.7	292.5	7	27	8	89.5	3
23954	504.2	292.4	7	27	8	89.3	3
23961	504.6	291.2	7	27	8	90.2	3
23967	505.0	291.1	7	27	8	89.9	3
23974	505.5	291.1	7	27	8	89.7	3
23980	505.9	291.0	7	27	8	89.4	3
23987	506.3	291.0	7	27	8	89.1	3
23993	506.6	290.9	7	27	8	88.9	3
24000	507.0	290.9	7	27	8	88.6	3
24006	507.3	290.9	7	27	8	88.3	3
24012	507.6	290.8	7	27	8	88.1	3
24019	506.7	290.8	7	27	9	87.8	3
24025	506.2	289.9	7	26	9	88.4	3
24031	505.7	289.1	7	26	9	89.1	3
24038	505.3	288.3	7	26	9	89.7	3
24044	504.9	287.6	7	26	9	90.3	3
24051	504.4	286.7	7	26	9	91.1	3
24057	504.8	285.7	7	26	9	92.0	3
24063	505.2	284.8	7	26	9	92.9	3
24069	505.6	283.8	7	26	9	93.9	3
24075	505.2	283.2	7	26	9	94.5	3
24082	504.7	282.6	7	26	9	95.2	3
24089	505.2	281.7	7	26	9	96.2	3
24094	505.5	280.9	7	26	9	97.2	3
24101	506.0	280.0	7	26	9	98.2	3
24107	506.3	279.3	7	26	9	99.1	3
24113	506.7	278.5	7	26	9	100.0	3
24120	507.0	277.7	7	26	9	101.1	3
24126	507.3	277.1	7	26	9	102.0	3
24132	507.6	276.4	7	26	9	102.9	3
24138	508.0	275.8	7	26	9	102.4	3
24144	508.2	275.1	7	26	9	101.1	3
24151	508.5	274.5	7	26	9	99.7	3
24158	508.8	273.9	7	26	9	98.2	3
24164	510.0	275.4	7	26	9	99.2	3
24171	510.2	274.7	7	26	9	97.8	3
24177	511.2	276.1	7	26	9	98.6	3
24184	511.4	275.4	7	26	9	97.1	3
24190	512.4	276.8	7	26	9	98.0	3
24197	512.5	276.2	7	26	9	96.8	3
24203	513.5	277.7	7	26	9	97.8	3
24209	513.6	277.0	7	26	9	96.5	3
24217	513.7	276.2	7	26	9	95.0	3
24223	514.7	277.7	7	26	9	96.0	3
24230	514.7	277.1	7	26	9	94.8	3
24236	515.7	278.5	7	26	9	95.8	3
24243	515.7	277.8	7	26	9	94.5	3
24250	515.7	277.0	7	26	9	93.1	3
24256	516.5	278.5	7	26	9	94.1	3
24262	516.5	277.8	7	26	9	92.8	3
24269	517.4	279.2	7	26	9	93.9	3
24275	517.3	278.5	7	26	9	92.6	3
24282	517.2	277.7	7	26	9	91.2	3
24289	518.0	279.1	7	26	9	92.3	3
24295	517.9	278.3	7	26	9	91.8	3
24302	517.8	277.6	7	26	9	91.2	3
24310	518.9	279.5	7	26	9	93.6	3
24317	518.8	278.7	7	26	9	93.0	3
24324	518.6	277.9	7	26	9	92.4	3
24330	518.5	277.2	7	26	9	91.8	3
24337	519.3	278.7	7	26	9	93.6	3
24343	519.2	278.0	7	26	9	93.0	3
24350	519.0	277.3	7	26	9	92.3	3
24356	519.8	278.7	7	27	9	93.9	3
24362	519.6	278.0	7	27	9	93.3	3
24369	519.4	277.2	7	27	9	92.5	3
24375	520.1	278.5	7	27	9	93.9	3
24381	519.9	277.8	7	27	9	93.3	3
24388	519.7	277.0	7	27	9	92.4	3
24394	520.4	278.3	7	27	9	93.9	3
24403	520.2	277.4	7	27	9	92.9	3
24410	520.0	276.7	7	27	9	92.0	3
24417	520.8	278.3	7	27	9	93.8	3
24424	521.4	279.7	7	27	8	95.2	3
24431	521.2	281.5	7	27	8	96.5	3
24438	521.0	281.8	7	27	8	96.6	3
24443	520.7	282.1	7	27	8	96.7	3
24450	520.5	282.4	7	27	8	96.9	3
24456	520.3	282.7	7	27	8	97.0	3
24462	520.2	283.0	7	27	8	97.1	3
24469	520.0	283.3	7	27	8	97.2	3
24475	519.8	283.5	7	27	8	97.2	3
24481	519.6	283.8	7	27	8	97.3	3
24488	519.5	284.0	7	27	8	97.4	3
24494	519.3	284.3	7	27	8	97.4	3
24500	519.2	284.5	7	27	8	97.4	3
24507	519.0	284.7	7	27	8	97.4	3
24513	518.9	284.9	7	27	8	97.2	3
24520	518.7	285.1	7	27	8	96.9	3
24526	518.6	285.3	7	27	8	96.7	3
24534	518.5	285.5	7	27	8	96.4	3
24540	518.3	285.7	7	27	8	96.1	3
24546	518.2	285.9	7	27	8	95.9	3
24553	518.1	286.1	7	27	8	95.6	3
24559	518.0	286.2	7	27	8	95.4	3
24566	517.9	286.4	7	27	8	95.1	3
24573	517.8	286.5	7	27	8	95.7	3
24578	517.7	286.6	7	27	8	96.2	3
24585	517.6	286.8	7	27	8	96.7	3
24591	517.6	286.9	7	27	8	97.1	3
24598	517.5	287.0	7	27	8	97.1	3
24605	517.4	287.2	7	27	8	97.0	3
24611	517.3	287.3	7	27	8	96.9	3
24618	516.0	287.4	7	27	8	96.1	3
24624	516.0	287.5	7	27	8	96.0	3
24631	516.0	287.6	7	27	8	95.9	3
24637	514.7	287.7	7	27	8	95.0	3
24643	514.7	287.8	7	27	8	94.9	3
24650	513.4	287.9	7	27	8	94.0	3
24658	513.5	288.0	7	27	8	93.9	3
24664	513.6	288.0	7	27	8	93.8	3
24671	512.4	288.1	7	27	8	92.8	3
24677	512.5	288.2	7	28	8	92.7	3
24684	512.6	288.3	7	28	8	92.6	3
24690	511.5	288.3	7	28	8	91.8	3
24696	511.7	288.4	7	28	8	91.6	3
24703	511.8	288.5	7	28	8	91.5	3
24709	510.8	288.5	7	28	8	90.7	3
24717	511.0	288.6	7	28	8	90.5	3
24723	511.2	288.7	7	28	8	90.4	3
24729	510.3	288.7	7	28	8	89.6	3
24736	510.5	288.8	7	28	8	89.4	3
24742	509.5	288.8	7	28	8	88.6	3
24749	509.8	288.9	7	28	8	88.5	3
24756	510.0	288.9	7	28	8	88.3	3
24762	509.0	288.9	7	28	8	87.5	3
24769	509.3	289.0	7	28	8	87.4	3
24775	509.6	289.0	7	28	8	87.2	3
24782	508.5	289.1	7	28	8	86.3	3
24789	508.8	289.1	7	28	8	86.1	3
24796	509.1	289.1	7	28	8	85.9	3
24804	507.9	289.2	7	28	8	84.9	3
24811	508.2	289.2	7	28	8	84.7	3
24818	508.6	289.3	7	28	8	84.5	3
24825	507.6	289.3	7	28	9	94.0	3
24831	507.1	288.5	7	27	9	93.3	3
24837	506.6	287.7	7	27	9	92.1	3
24843	506.1	287.0	7	27	9	90.9	3
24850	505.6	286.2	7	27	9	89.6	3
24856	505.1	285.5	7	27	9	88.3	3
24862	504.7	284.9	7	27	9	87.2	3
24869	504.3	284.2	7	27	9	85.8	3
24875	503.9	283.6	7	27	9	84.6	3
24881	503.5	283.1	7	27	9	83.4	3
24888	503.2	282.5	7	27	9	82.1	3
24894	502.8	281.9	7	27	9	80.8	3
24901	502.4	281.3	7	27	9	79.3	3
24908	502.1	280.8	7	27	9	78.0	3
24915	501.7	280.3	7	27	9	76.6	3
24922	501.4	279.8	7	27	9	75.1	3
24929	501.1	279.3	7	27	9	73.7	3
24937	500.7	278.8	7	27	9	72.1	3
24943	501.4	278.0	7	27	9	70.8	3
24951	502.1	277.1	7	27	9	69.3	3
24961	504.2	279.2	7	27	9	70.9	3
24969	503.7	278.7	7	27	9	69.4	3
24979	504.5	277.6	7	27	9	67.4	3
24986	506.1	279.2	7	27	9	68.7	3
24993	506.4	278.5	7	27	9	67.6	3
25000	506.8	277.7	7	27	9	66.2	3
25006	508.1	279.1	7	27	9	67.3	3
25013	508.4	278.4	7	27	9	66.1	3
25020	508.7	277.5	7	27	9	64.7	3
25026	509.8	278.9	7	28	9	65.7	3
25034	510.1	278.1	7	28	9	64.4	3
25041	510.3	277.2	7	28	9	62.9	3
25048	511.5	278.7	7	28	9	64.1	3
25055	511.7	277.9	7	28	9	62.8	3
25061	511.8	277.2	7	28	9	61.7	3
25068	512.9	278.7	7	28	10	110.7	3
25074	512.2	278.3	7	27	10	111.4	3
25080	511.5	278.0	7	27	10	112.1	3
25087	510.7	277.6	7	27	10	112.9	3
25093	510.1	277.2	7	27	10	113.6	3
25101	509.4	276.8	7	27	10	114.5	3
25108	508.7	276.5	7	27	10	115.4	3
25115	508.0	276.1	7	27	10	116.3	3
25123	507.3	275.7	7	27	10	117.3	3
25130	506.8	275.4	7	27	10	118.2	3
25138	506.2	275.1	7	27	10	119.1	3
25144	505.7	274.9	7	27	10	119.9	3
25152	505.2	274.6	7	27	10	120.8	3
25158	504.7	274.3	7	27	10	121.6	3
25165	504.3	274.1	7	27	10	122.5	3
25172	503.8	273.8	7	27	10	123.4	3
25178	503.5	273.7	7	27	10	124.1	3
25185	503.1	273.5	7	27	10	124.9	3
25190	502.8	273.3	7	27	10	125.7	3
25196	502.4	273.1	7	27	10	126.4	3
25203	502.1	272.9	7	27	10	127.3	3
25209	501.8	272.7	7	27	10	128.1	3
25216	501.5	272.6	7	27	10	128.9	3
25222	502.0	273.3	7	27	10	128.7	3
25228	502.5	273.9	7	27	9	128.4	3
25238	502.0	273.5	7	27	9	129.8	3
25244	501.7	273.4	7	27	9	130.6	3
25251	501.4	273.2	7	27	9	131.5	3
25257	501.1	273.0	7	27	9	132.3	3
25263	500.8	272.8	7	27	9	133.1	3
25270	500.6	272.6	7	27	9	134.0	3
25276	500.3	272.5	7	27	9	134.8	3
25282	500.1	272.3	7	27	9	135.7	3
25289	499.8	272.2	7	27	9	136.5	3
25295	499.6	272.0	7	27	9	137.3	3
25302	499.4	271.9	7	27	9	138.2	3
25308	500.0	271.4	7	27	9	139.1	3
25314	500.6	271.0	7	27	9	140.0	3
25321	501.2	270.5	7	27	9	140.0	3
25327	500.9	270.4	7	27	9	138.9	3
25336	501.8	269.8	7	27	9	138.6	3
25343	502.3	269.4	7	27	9	138.3	3
25349	502.8	269.1	7	27	9	138.1	3
25355	502.5	269.0	7	27	9	137.0	3
25362	503.0	268.7	7	27	9	136.8	3
25368	503.5	268.3	7	27	9	136.6	3
25374	503.2	268.3	7	27	9	135.6	3
25381	503.6	268.0	7	27	9	135.4	3
25387	504.1	267.6	7	27	9	135.2	3
25393	503.7	267.7	7	27	9	134.2	3
25400	504.2	268.6	7	27	9	134.0	3
25406	504.7	269.4	7	27	9	133.7	3
25413	505.1	270.2	7	27	9	133.5	3
25419	505.5	271.0	7	27	9	133.2	3
25428	506.1	272.1	7	27	9	132.9	3
25435	506.5	272.8	7	27	9	132.6	3
25442	506.8	273.5	7	27	9	132.3	3
25448	507.2	274.2	7	28	9	132.1	3
25454	507.5	274.8	7	28	9	131.8	3
25460	507.8	275.3	7	28	9	131.6	3
25466	508.1	275.9	7	28	9	131.3	3
25473	508.4	276.5	7	28	8	131.1	3
25480	507.4	277.1	7	28	8	129.4	3
25487	506.4	277.6	7	28	8	127.7	3
25493	505.5	278.1	7	28	8	126.2	3
25501	504.6	278.7	7	28	8	124.5	3
25507	503.8	279.1	7	28	8	122.9	3
25514	503.1	279.6	7	28	8	121.4	3
25521	502.3	280.0	7	28	8	119.8	3
25527	501.6	280.4	7	28	8	118.3	3
25534	501.0	280.8	7	28	8	116.8	3
25540	500.3	281.2	7	28	8	115.2	3
25546	499.8	281.5	7	28	8	113.8	3
25553	499.1	281.9	7	28	8	112.2	3
25559	500.9	282.2	7	28	8	113.1	3
25566	500.3	282.5	7	28	8	111.6	3
25572	502.2	282.8	7	28	8	112.7	3
25578	503.8	283.1	7	28	8	113.6	3
25585	503.1	283.4	7	28	8	112.1	3
25591	504.8	283.6	7	28	8	113.1	3
25597	504.1	283.9	7	28	8	111.7	3
25604	505.8	284.1	7	28	8	112.7	3
25610	507.3	284.3	7	28	8	113.7	3
25617	506.4	284.6	7	28	8	112.2	3
25623	508.1	284.8	7	28	8	113.2	3
25629	509.5	285.0	7	28	8	114.1	3
25636	508.6	285.2	7	28	8	112.7	3
25642	510.0	285.4	7	28	8	113.6	3
25648	509.1	285.5	7	28	8	112.2	3
25655	510.6	285.7	7	28	8	113.2	3
25660	511.8	285.9	7	28	8	114.1	3
25667	510.7	286.1	7	28	8	112.5	3
25674	512.2	286.2	7	28	8	113.6	3
25680	513.4	286.4	7	28	8	114.5	3
25688	512.0	286.5	7	28	8	112.6	3
25694	513.4	286.7	7	28	8	113.6	3
25701	514.6	286.8	7	28	8	114.6	3
25707	513.5	286.9	7	28	8	113.1	3
25717	515.5	287.1	7	28	8	114.7	3
25723	514.3	287.2	7	28	8	113.2	3
25729	515.5	287.3	7	28	8	114.2	3
25737	516.9	287.5	7	28	9	115.3	3
25743	517.6	288.4	7	27	9	115.8	3
25753	518.8	289.7	7	27	9	116.7	3
25759	519.5	290.6	7	27	9	117.2	3
25765	520.2	291.4	7	27	9	117.8	3
25772	520.9	292.2	7	28	9	118.4	3
25778	521.5	293.0	7	28	9	119.0	3
25785	522.1	293.7	7	28	9	119.6	3
25791	522.7	294.4	7	28	9	120.2	3
25797	523.2	295.1	7	28	9	120.8	3
25804	523.8	295.7	7	28	9	121.5	3
25810	524.3	296.3	7	28	9	122.0	3
25817	524.8	297.0	7	28	9	122.7	3
25823	525.3	297.5	7	28	9	123.3	3
25829	525.8	298.1	7	28	9	124.0	3
25836	526.2	298.6	7	28	9	124.6	3
25842	526.6	299.1	7	28	9	125.3	3
25849	527.0	299.6	7	28	9	125.9	3
25855	527.4	300.1	7	28	9	126.6	3
25861	527.8	300.5	7	28	9	125.7	3
25868	528.2	300.9	7	28	9	124.2	3
25874	527.7	301.7	7	28	9	123.4	3
25880	527.2	302.4	7	28	9	122.5	3
25886	526.8	303.1	7	28	9	121.6	3
25892	526.4	301.5	7	28	9	122.0	3
25898	526.0	300.0	7	28	9	122.4	3
25904	525.6	300.8	7	28	9	121.5	3
25910	525.2	299.2	7	28	9	121.9	3
25917	524.7	297.4	7	28	9	122.4	3
25924	524.4	298.3	7	28	9	121.5	3
25929	524.1	296.8	7	28	9	121.9	3
25936	523.7	295.3	7	28	9	122.3	3
25942	523.4	296.2	7	28	9	121.5	3
25948	523.1	294.8	7	28	9	121.9	3
25954	522.8	293.4	7	28	9	122.3	3
25960	522.6	294.4	7	28	9	121.5	3
25967	522.3	292.9	7	28	9	122.0	3
25973	522.0	291.7	7	28	9	122.4	3
25979	522.6	292.4	7	28	9	121.0	3
25985	522.3	291.1	7	28	9	121.5	3
25991	522.0	290.0	7	28	9	121.9	3
25996	521.8	288.9	7	28	9	122.3	3
26003	521.5	290.1	7	28	9	121.4	3
26009	521.3	288.9	7	28	9	121.8	3
26016	521.1	287.7	7	28	9	122.3	3
26022	520.9	289.0	7	28	9	121.4	3
26028	520.7	287.9	7	28	9	121.8	3
26034	520.5	286.9	7	28	9	122.3	3
26040	520.3	288.1	7	28	9	121.4	3
26046	520.1	287.0	7	28	9	121.8	3
26052	519.9	286.0	7	28	9	122.3	3
26058	519.8	287.2	7	28	9	121.4	3
26064	519.6	286.1	7	28	9	121.9	3
26071	519.4	285.1	7	28	9	122.4	3
26076	519.3	286.3	7	28	9	121.5	3
26083	519.1	285.2	7	28	9	122.0	3
26089	519.0	284.2	7	28	9	122.5	3
26095	518.9	285.4	7	28	9	121.7	3
26104	518.7	284.1	7	28	9	122.3	3
26111	518.6	285.7	7	28	9	121.2	3
26118	518.4	284.6	7	28	9	121.8	3
26124	518.3	283.6	7	28	9	122.3	3
26131	518.2	282.6	7	28	9	122.9	3
26138	518.1	284.1	7	28	8	121.8	3
26144	518.0	283.1	7	28	8	122.4	3
26151	517.9	282.1	7	28	8	122.9	3
26157	517.8	281.3	7	28	8	123.4	3
26163	517.7	280.5	7	28	8	124.0	3
26171	517.6	279.5	7	29	8	124.6	3
26178	517.5	278.7	7	29	8	125.2	3
26185	517.4	277.8	7	29	8	125.9	3
26191	517.3	277.1	7	29	8	126.5	3
26197	517.3	276.4	7	29	8	127.0	3
26204	517.2	275.7	7	29	8	127.7	3
26211	517.1	275.1	7	29	8	128.3	3
26217	517.1	275.7	7	29	8	128.0	3
26224	517.0	276.3	7	29	8	127.7	3
26230	516.9	275.7	7	29	8	128.3	3
26238	516.9	276.3	7	29	8	128.0	3
26244	516.8	276.8	7	29	8	127.8	3
26251	516.8	276.1	7	29	8	128.5	3
26257	516.7	276.6	7	29	8	128.2	3
26263	516.7	277.1	7	29	9	128.0	3
26270	515.3	277.7	7	28	9	128.7	3
26276	514.2	278.1	7	28	9	129.4	3
26282	513.1	278.6	7	28	9	130.0	3
26288	511.9	279.0	7	28	9	130.7	3
26294	511.0	279.4	7	28	9	131.3	3
26302	509.8	279.9	7	28	9	132.0	3
26308	508.8	280.3	7	28	9	131.1	3
26315	507.9	280.7	7	28	9	130.1	3
26324	506.5	281.3	7	28	9	128.7	3
26331	505.7	281.6	7	28	9	127.8	3
26337	504.9	282.0	7	28	9	126.9	3
26343	504.1	282.3	7	28	9	126.1	3
26349	503.4	282.6	7	28	9	125.2	3
26356	502.7	282.8	7	28	9	124.4	3
26362	502.1	283.1	7	28	9	123.6	3
26368	501.4	283.4	7	28	9	122.7	3
26374	500.8	283.6	7	28	9	121.9	3
26380	500.2	283.9	7	28	9	121.1	3
26387	499.6	284.1	7	28	9	120.2	3
26393	499.0	284.4	7	28	9	119.4	3
26401	498.4	284.6	7	28	9	118.5	3
26408	497.8	284.8	7	28	9	117.7	3
26414	497.3	285.0	7	28	9	116.9	3
26422	496.8	285.3	7	28	9	116.0	3
26428	496.3	285.5	7	28	9	115.2	3
26440	496.2	284.3	7	28	9	115.6	3
26451	496.0	283.3	7	28	9	116.0	3
26458	495.5	283.6	7	28	9	115.2	3
26466	495.5	282.9	7	28	9	115.5	3
26472	495.4	282.3	7	28	9	115.8	3
26479	495.3	281.8	7	28	9	116.1	3
26486	494.9	282.1	7	28	9	115.3	3
26495	496.1	280.9	7	28	9	116.7	3
26502	495.6	281.3	7	28	9	116.9	3
26508	495.2	281.6	7	28	9	117.0	3
26515	496.0	280.7	7	28	9	118.8	3
26522	495.6	281.1	7	28	9	118.9	3
26528	495.2	281.4	7	28	9	119.0	3
26534	494.8	281.8	7	28	9	119.1	3
26541	494.4	282.1	7	28	9	119.2	3
26548	495.3	281.2	7	28	9	120.8	3
26554	494.9	281.5	7	28	9	120.9	3
26560	494.5	281.8	7	28	9	120.9	3
26568	494.1	282.2	7	28	9	121.0	3
26574	495.0	281.3	7	28	9	122.5	3
26581	494.6	281.7	7	28	9	122.5	3
26588	494.2	282.0	7	28	9	122.5	3
26594	495.0	281.1	7	29	9	124.0	3
26601	494.6	281.5	7	29	9	124.0	3
26607	494.2	281.9	7	29	9	124.0	3
26614	493.9	282.2	7	29	9	123.9	3
26620	494.8	281.2	7	29	9	125.4	3
26626	494.4	281.6	7	29	9	125.4	3
26633	494.0	281.9	7	29	9	125.3	3
26639	493.7	282.2	7	29	9	125.3	3
26645	494.5	281.4	7	29	9	126.3	3
26652	494.1	281.8	7	29	9	125.5	3
26658	493.8	282.1	7	29	9	124.8	3
26663	494.6	281.2	7	29	8	125.6	3
26673	494.0	281.8	7	29	8	124.5	3
26679	493.7	282.1	7	29	8	123.7	3
26686	494.6	281.2	7	29	8	124.7	3
26691	494.3	281.5	7	29	8	124.0	3
26697	493.9	281.8	7	29	8	123.3	3
26704	493.6	282.1	7	29	8	122.6	3
26710	494.4	281.3	7	29	8	123.5	3
26716	494.0	281.6	7	29	8	122.8	3
26723	493.7	282.0	7	29	8	122.1	3
26729	493.3	282.3	7	29	8	121.5	3
26735	494.3	281.3	7	29	8	122.4	3
26741	493.9	281.7	7	29	8	121.8	3
26747	493.6	282.0	7	29	8	121.2	3
26754	493.2	282.3	7	29	8	120.5	3
26760	494.1	281.5	7	29	8	121.4	3
26766	493.7	281.8	7	29	8	120.8	3
26773	493.4	282.1	7	29	8	120.2	3
26779	493.1	282.4	7	29	8	119.6	3
26785	494.0	281.5	7	29	9	120.6	3
26791	493.7	281.8	7	28	9	120.1	3
26797	493.4	282.1	7	28	9	119.5	3
26807	492.9	282.5	7	28	9	118.7	3
26813	492.6	282.8	7	28	9	118.2	3
26820	492.3	283.2	7	28	9	117.6	3
26826	492.0	283.4	7	28	9	117.1	3
26834	491.7	283.7	7	28	9	116.5	3
26843	491.4	284.1	7	28	9	115.8	3
26849	491.1	284.3	7	28	9	115.3	3
26855	490.9	284.5	7	28	9	114.9	3
26861	490.7	284.7	7	28	9	114.5	3
26867	490.5	284.9	7	28	9	114.0	3
26873	490.3	285.1	7	28	9	113.6	3
26879	490.1	285.3	7	28	9	113.2	3
26886	489.9	285.5	7	28	9	112.8	3
26892	489.7	285.6	7	28	9	112.5	3
26898	489.5	285.8	7	28	9	112.2	3
26904	489.4	286.0	7	28	9	111.8	3
26910	490.4	285.0	7	28	9	112.8	3
26917	490.2	285.2	7	29	9	112.4	3
26923	490.0	285.4	7	29	9	112.1	3
26929	489.8	285.5	7	29	9	111.8	3
26936	490.9	284.4	7	29	9	112.9	3
26942	490.7	284.6	7	29	8	112.6	3
26949	491.8	286.2	7	29	8	110.9	3
26956	492.7	285.1	7	29	8	112.0	3
26962	493.6	284.2	7	29	8	112.9	3
26968	494.5	285.6	7	29	8	111.4	3
26974	495.3	284.6	7	29	8	112.4	3
26981	496.1	286.0	7	29	8	110.9	3
26988	497.0	284.8	7	29	8	112.1	3
26997	498.0	286.8	7	29	8	110.0	3
27004	498.8	285.6	7	29	8	111.1	3
27010	499.4	284.6	7	29	8	112.1	3
27017	500.0	286.1	7	29	8	110.5	3
27024	500.7	285.0	7	29	8	111.6	3
27029	501.2	284.1	7	29	8	112.5	3
27036	501.8	285.5	7	29	8	111.0	3
27042	502.3	284.5	7	29	8	112.0	3
27048	502.8	283.6	7	29	8	113.7	3
27055	503.3	285.1	7	29	8	113.0	3
27061	503.8	286.4	7	29	8	112.2	3
27068	504.3	287.8	7	29	8	111.4	3
27074	504.7	286.8	7	29	8	113.1	3
27080	505.1	288.0	7	29	8	112.3	3
27086	505.5	289.3	7	29	8	111.5	3
27092	505.9	288.2	7	29	8	113.0	3
27098	506.2	289.4	7	29	8	112.2	3
27105	506.7	290.8	7	29	8	111.2	3
27111	507.0	289.6	7	29	8	112.7	3
27121	507.5	291.3	7	29	8	111.3	3
27127	507.8	290.0	7	29	8	113.0	3
27135	508.1	291.3	7	29	8	111.9	3
27141	508.4	290.0	7	29	8	113.4	3
27147	508.7	291.1	7	29	8	112.5	3
27156	510.2	292.2	7	29	8	111.7	3
27161	510.4	291.0	7	29	8	113.1	3
27170	510.6	292.4	7	29	8	111.8	3
27175	510.8	291.1	7	29	8	113.2	3
27182	511.0	292.3	7	29	8	112.1	3
27189	512.1	293.1	7	29	7	111.4	3
27195	512.2	291.7	7	29	7	112.8	3
27202	512.4	290.3	7	29	7	114.4	3
27209	512.5	289.0	7	29	7	115.8	3
27219	512.7	287.5	7	29	7	117.6	3
27226	512.8	286.1	7	29	7	119.4	3
27234	512.9	284.8	7	29	7	120.9	3
27240	513.0	283.8	7	29	7	122.3	3
27246	513.1	282.9	7	29	7	123.6	3
27253	513.2	281.9	7	29	7	124.9	3
27260	513.3	281.0	7	29	7	126.3	3
27269	513.4	279.8	7	30	7	128.0	3
27276	513.5	279.0	7	30	7	129.4	3
27283	513.6	279.5	7	30	7	129.4	3
27290	513.7	279.9	7	30	7	129.4	3
27296	513.8	280.3	7	30	7	129.4	3
27304	513.9	280.8	7	30	7	129.4	3
27310	513.9	281.2	7	30	7	129.3	3
27320	514.0	281.7	7	30	7	129.3	3
27327	514.1	282.0	7	30	7	129.2	3
27335	514.1	282.4	7	30	8	170.6	3
27342	514.2	284.0	7	29	8	169.1	3
27350	514.3	285.7	7	29	8	167.4	3
27357	514.3	287.4	7	29	8	165.7	3
27363	514.4	288.7	7	29	8	164.3	3
27370	514.4	290.1	7	29	8	162.7	3
27376	514.5	291.2	7	29	8	161.4	3
27386	514.5	292.7	7	29	8	159.6	3
27393	514.6	294.1	7	29	8	157.8	3
27401	514.6	295.3	7	29	8	156.1	3
27408	514.6	296.5	7	29	8	154.5	3
27416	514.7	297.5	7	29	8	152.9	3
27424	514.7	298.7	7	29	8	151.1	3
27430	514.8	299.6	7	29	8	149.7	3
27437	514.8	300.5	7	29	8	148.2	3
27443	514.8	301.2	7	29	8	146.8	3
27451	514.9	302.1	7	29	8	145.2	3
27457	514.9	302.8	7	29	8	143.8	3
27464	514.9	303.5	7	29	8	142.4	3
27471	514.9	304.2	7	29	8	141.0	3
27477	514.9	304.8	7	29	8	139.7	3
27484	515.0	305.5	7	29	8	138.1	3
27490	515.0	306.1	7	29	8	136.8	3
27496	515.0	306.6	7	29	8	135.5	3
27503	515.0	307.2	7	29	8	134.0	3
27510	515.1	307.8	7	29	8	132.5	3
27518	515.1	308.4	7	29	8	130.8	3
27525	515.1	308.9	7	29	8	129.3	3
27533	515.1	309.4	7	29	8	127.8	3
27539	515.1	309.9	7	29	8	126.3	3
27546	515.1	310.3	7	29	8	124.9	3
27553	515.2	310.8	7	29	8	123.4	3
27560	515.2	311.1	7	29	8	122.0	3
27570	515.2	311.7	7	29	8	119.9	3
27577	515.2	312.0	7	29	8	118.5	3
27584	515.2	309.6	7	29	8	119.5	3
27591	515.2	307.6	7	29	8	120.3	3
27597	515.2	308.1	7	29	8	119.0	3
27604	515.3	306.1	7	29	8	119.9	3
27610	515.3	306.6	7	29	8	118.6	3
27618	515.3	304.4	7	29	8	119.5	3
27624	515.3	302.6	7	30	8	121.2	3
27631	515.3	303.3	7	30	8	120.6	3
27638	515.3	304.0	7	30	8	120.0	3
27644	515.3	302.2	7	30	8	121.6	3
27651	515.3	303.0	7	30	8	120.9	3
27657	515.3	301.3	7	30	8	122.3	3
27664	515.3	302.0	7	30	8	121.7	3
27670	515.3	300.2	7	30	8	123.2	3
27676	515.3	301.0	7	30	8	122.6	3
27683	515.4	299.2	7	30	8	124.1	3
27689	515.4	300.0	7	30	8	123.4	3
27695	515.4	300.7	7	30	8	122.7	3
27702	515.4	299.0	7	30	8	124.1	3
27708	515.4	299.7	7	30	8	123.4	3
27713	515.4	298.2	7	30	8	124.6	3
27720	515.4	299.1	7	30	8	123.8	3
27726	515.4	297.7	7	30	8	125.0	3
27733	515.4	298.6	7	30	8	124.1	3
27739	515.4	297.1	7	30	7	125.3	3
27745	515.4	295.7	7	30	7	126.5	3
27752	515.4	294.2	7	30	7	127.6	3
27757	515.4	293.0	7	30	7	128.5	3
27764	515.4	291.7	7	30	7	129.5	3
27770	515.4	290.4	7	30	7	130.6	3
27776	515.4	289.3	7	30	7	131.5	3
27783	515.4	288.1	7	30	7	132.5	3
27789	515.4	287.0	7	30	7	133.5	3
27795	515.4	287.1	7	30	7	133.3	3
27802	515.4	287.2	7	30	7	133.0	3
27808	515.4	287.3	7	30	7	132.8	3
27814	515.4	287.4	7	30	7	132.6	3
27820	515.4	286.3	7	30	7	133.6	3
27826	515.4	286.4	7	30	7	133.4	3
27833	515.4	286.6	7	30	7	133.1	3
27840	515.4	286.7	7	30	7	132.8	3
27846	515.4	286.9	7	30	7	132.6	3
27854	515.4	287.0	7	30	7	132.3	3
27860	515.5	287.1	7	30	7	132.1	3
27867	515.5	287.2	7	30	7	131.8	3
27874	515.5	287.4	7	30	7	131.6	3
27881	515.5	286.2	7	30	7	132.6	3
27887	515.5	286.4	7	30	8	132.3	3
27893	514.6	287.4	7	29	8	131.3	3
27900	513.8	288.4	7	29	8	130.2	3
27906	513.0	289.3	7	29	8	129.2	3
27913	512.3	290.1	7	29	8	128.1	3
27920	511.5	291.1	7	29	8	126.9	3
27926	510.8	291.8	7	29	8	126.0	3
27935	509.9	292.8	7	29	8	124.6	3
27941	509.3	293.6	7	29	8	123.5	3
27949	508.6	294.4	7	29	8	122.4	3
27955	508.0	295.1	7	29	8	121.4	3
27961	507.5	295.7	7	29	8	120.4	3
27968	506.9	296.4	7	29	8	119.4	3
27974	506.5	296.9	7	29	8	118.5	3
27980	506.0	297.5	7	29	8	117.6	3
27987	505.5	298.1	7	29	8	116.6	3
27993	505.0	298.6	7	29	8	115.6	3
28000	504.6	299.2	7	29	8	114.6	3
28007	504.1	299.6	7	30	8	113.7	3
28013	503.7	300.1	7	30	8	112.8	3
28020	503.3	300.6	7	30	8	111.8	3
28026	503.8	299.0	7	30	8	112.7	3
28032	503.4	299.5	7	30	8	111.8	3
28039	503.9	297.9	7	30	8	112.8	3
28049	503.4	298.6	7	30	8	111.5	3
28056	503.9	296.9	7	30	8	112.6	3
28062	503.5	297.4	7	30	8	111.8	3
28070	504.2	295.5	7	30	8	113.1	3
28077	503.8	296.1	7	30	8	112.2	3
28084	503.3	296.8	7	30	8	111.2	3
28090	503.8	295.3	7	30	8	112.2	3
28097	503.4	295.9	7	30	8	111.4	3
28103	504.0	294.4	7	30	8	112.5	3
28109	503.6	295.0	7	30	8	111.7	3
28116	504.1	293.5	7	30	8	112.7	3
28123	503.7	294.2	7	30	8	111.9	3
28130	504.2	292.8	7	30	8	112.8	3
28140	503.6	293.9	7	30	8	111.6	3
28145	504.1	292.6	7	30	8	113.2	3
28153	503.6	293.4	7	30	8	113.2	3
28159	503.3	294.1	7	30	8	113.1	3
28165	503.7	292.7	7	30	8	114.8	3
28171	503.4	293.5	7	30	8	114.6	3
28177	503.0	294.1	7	30	8	114.5	3
28183	503.5	292.7	7	30	8	116.1	3
28189	503.2	293.4	7	30	8	116.0	3
28195	502.8	294.1	7	30	8	115.8	3
28202	503.4	292.7	7	30	8	117.4	3
28211	502.9	293.7	7	30	8	117.1	3
28217	502.5	294.4	7	30	8	116.9	3
28223	503.0	293.1	7	30	8	118.3	3
28229	502.7	293.7	7	30	8	118.1	3
28236	502.3	294.5	7	30	8	117.9	3
28241	502.8	293.2	7	30	8	119.2	3
28248	502.5	293.9	7	30	8	118.9	3
28254	503.0	292.4	7	30	8	120.4	3
28260	502.7	293.1	7	30	8	120.1	3
28266	502.4	293.8	7	30	8	119.8	3
28272	502.9	292.6	7	30	8	121.1	3
28278	502.6	293.2	7	30	8	120.8	3
28284	502.2	293.9	7	30	8	120.5	3
28290	502.7	292.7	7	30	7	121.7	3
28296	503.2	291.4	7	30	7	122.9	3
28303	503.7	290.1	7	30	7	124.2	3
28309	504.1	289.0	7	30	7	125.4	3
28316	504.6	287.7	7	30	7	126.8	3
28323	505.1	286.5	7	30	7	128.1	3
28329	505.5	285.5	7	30	7	129.3	3
28339	506.1	283.9	7	30	7	131.3	3
28345	506.5	284.1	7	30	7	131.3	3
28352	506.9	284.4	7	30	7	131.3	3
28361	507.4	284.7	7	30	7	131.4	3
28368	507.7	284.9	7	30	7	131.4	3
28374	508.0	285.1	7	30	7	131.4	3
28384	508.4	285.4	7	30	7	131.4	3
28390	508.7	284.4	7	30	7	132.5	3
28396	509.0	284.6	7	30	7	132.5	3
28403	509.2	284.8	7	31	7	132.5	3
28409	509.5	285.0	7	31	7	132.5	3
28416	509.7	285.2	7	31	7	132.4	3
28423	510.0	285.4	7	31	7	132.4	3
28429	510.2	285.6	7	31	7	132.3	3
28438	510.5	285.8	7	31	8	135.3	3
28444	511.5	286.8	7	30	8	134.3	3
28452	512.7	288.0	7	30	8	133.1	3
28458	513.6	288.9	7	30	8	132.2	3
28464	514.5	289.8	7	30	8	131.2	3
28471	515.5	290.7	7	30	8	130.2	3
28477	516.3	291.5	7	30	8	129.3	3
28483	517.1	292.2	7	30	8	128.3	3
28489	517.8	293.0	7	30	8	127.4	3
28495	518.5	293.6	7	30	8	126.6	3
28502	519.3	294.3	7	30	8	125.7	3
28507	519.9	295.0	7	30	8	124.8	3
28514	520.6	295.6	7	30	8	124.0	3
28520	521.2	296.2	7	30	8	123.0	3
28527	521.8	296.8	7	30	8	122.2	3
28534	522.5	297.5	7	30	8	121.1	3
28541	523.1	298.1	7	30	8	120.2	3
28547	523.7	298.6	7	30	8	119.4	3
28556	524.4	299.3	7	30	8	118.1	3
28563	524.9	299.8	7	30	8	117.3	3
28570	525.4	300.3	7	30	8	116.4	3
28576	525.9	300.7	7	30	8	115.6	3
28583	526.3	301.2	7	30	8	114.8	3
28592	526.9	301.7	7	30	8	113.6	3
28598	526.5	300.1	7	30	8	114.6	3
28604	526.0	300.9	7	30	8	113.2	3
28610	525.6	299.3	7	30	8	114.1	3
28617	525.2	297.7	7	30	8	115.1	3
28623	524.9	296.3	7	30	8	116.0	3
28629	524.5	297.1	7	30	8	114.6	3
28636	524.1	295.5	7	30	8	115.7	3
28642	523.8	294.1	7	30	8	116.6	3
28649	523.4	295.2	7	30	8	115.1	3
28655	523.1	293.8	7	30	8	116.1	3
28661	522.9	292.6	7	30	8	117.0	3
28668	522.6	293.7	7	30	8	115.5	3
28674	522.3	292.3	7	30	8	116.5	3
28680	522.0	291.1	7	30	8	117.4	3
28687	521.8	292.3	7	30	8	116.7	3
28693	521.5	291.1	7	30	8	118.3	3
28699	521.3	289.8	7	30	8	120.0	3
28706	521.1	291.0	7	30	8	119.3	3
28711	520.9	289.9	7	30	8	120.8	3
28718	520.6	291.1	7	30	8	120.1	3
28724	519.6	290.2	7	31	8	121.0	3
28730	519.5	291.3	7	31	8	120.3	3
28736	518.5	290.4	7	31	8	121.3	3
28742	518.3	291.5	7	31	8	120.5	3
28748	518.2	292.5	7	31	8	119.7	3
28754	517.3	291.6	7	31	8	120.6	3
28760	517.2	292.6	7	31	8	119.9	3
28767	516.3	291.6	7	31	8	120.7	3
28773	516.3	292.7	7	31	8	119.9	3
28778	516.2	293.6	7	31	8	119.1	3
28785	515.3	292.6	7	31	8	119.9	3
28791	515.3	293.6	7	31	8	119.1	3
28796	514.6	292.7	7	31	8	119.8	3
28803	514.6	293.8	7	31	8	118.8	3
28808	513.9	292.9	7	31	8	119.6	3
28814	513.9	293.8	7	31	8	118.7	3
28820	513.1	292.8	7	31	8	119.5	3
28826	513.2	293.8	7	31	8	118.6	3
28832	513.3	292.5	7	31	8	119.8	3
28838	513.4	293.6	7	31	7	118.8	3
28844	512.6	292.6	7	31	7	119.5	3
28850	512.8	291.3	7	31	7	120.8	3
28857	512.9	290.0	7	31	7	122.1	3
28863	513.0	288.9	7	31	7	123.4	3
28872	513.1	287.3	7	31	7	125.2	3
28878	513.2	286.2	7	31	7	126.4	3
28885	512.4	285.5	7	31	7	127.2	3
28891	512.5	284.5	7	31	7	128.4	3
28898	512.6	283.5	7	31	7	129.7	3
28905	512.7	282.4	7	31	7	131.1	3
28912	512.8	281.4	7	31	7	132.4	3
28919	513.0	280.5	7	31	7	133.2	3
28925	513.1	280.9	7	31	7	132.9	3
28932	513.2	281.3	7	31	7	132.6	3
28938	513.3	281.6	7	31	7	132.3	3
28944	513.3	281.9	7	31	7	132.0	3
28951	512.2	282.3	7	31	7	133.0	3
28958	512.3	282.6	7	31	7	132.7	3
28965	512.4	282.9	7	31	7	132.4	3
28971	512.6	281.9	7	31	7	132.6	3
28977	512.7	282.3	7	31	8	132.3	3
28984	511.9	283.5	7	30	8	132.6	3
28990	511.2	284.6	7	30	8	132.8	3
28996	510.6	285.5	7	30	8	133.0	3
29003	509.9	286.6	7	30	8	133.3	3
29009	509.3	287.6	7	30	8	133.6	3
29016	508.7	288.5	7	30	8	133.9	3
29022	508.1	289.4	7	30	8	134.1	3
29028	507.6	290.2	7	30	8	134.4	3
29034	507.1	291.1	7	30	8	134.7	3
29040	506.6	291.8	7	30	8	135.0	3
29046	506.1	292.5	7	30	8	135.3	3
29053	505.6	293.4	7	30	8	135.7	3
29059	505.2	294.0	7	30	8	136.0	3
29066	504.7	294.7	7	30	8	136.4	3
29072	504.3	295.4	7	30	8	136.8	3
29078	503.9	296.0	7	30	8	137.1	3
29085	504.4	297.0	7	30	8	136.5	3
29094	503.8	297.8	7	30	8	137.1	3
29101	504.3	298.8	7	30	8	136.5	3
29107	503.9	299.3	7	30	8	136.9	3
29114	504.3	300.1	7	30	8	136.4	3
29123	503.8	300.7	7	30	8	137.0	3
29129	504.2	301.5	7	30	8	136.6	3
29137	504.8	302.4	7	30	8	136.0	3
29144	504.3	302.8	7	31	8	136.5	3
29151	504.8	303.5	7	31	8	135.9	3
29157	504.3	303.8	7	31	8	134.8	3
29164	504.8	304.5	7	31	8	133.3	3
29172	505.4	305.3	7	31	8	131.3	3
29179	505.8	305.9	7	31	8	129.8	3
29186	506.2	306.5	7	31	8	128.2	3
29192	506.5	307.1	7	31	8	126.7	3
29199	506.9	307.6	7	31	8	125.2	3
29206	507.3	308.2	7	31	8	123.5	3
29212	507.6	308.6	7	31	8	122.1	3
29220	508.0	306.2	7	31	8	123.4	3
29226	508.3	304.4	7	31	8	124.3	3
29233	507.7	304.7	7	31	8	123.1	3
29239	508.0	302.9	7	31	8	124.1	3
29245	508.3	303.5	7	31	8	122.8	3
29251	508.6	301.7	7	31	8	123.8	3
29257	508.8	300.2	7	31	8	124.7	3
29263	508.3	300.6	7	31	8	123.7	3
29269	508.6	298.9	7	31	8	124.7	3
29275	508.8	299.7	7	31	8	123.4	3
29281	509.1	298.1	7	31	8	124.4	3
29288	509.4	296.5	7	31	8	125.5	3
29295	509.6	297.4	7	31	8	124.0	3
29303	509.9	295.4	7	31	8	125.4	3
29310	510.2	296.4	7	31	8	123.9	3
29316	510.4	294.9	7	31	8	125.0	3
29323	510.6	295.9	7	31	8	123.5	3
29328	510.8	294.6	7	31	8	124.4	3
29335	510.9	293.2	7	31	8	125.4	3
29341	511.1	294.2	7	31	8	124.0	3
29347	511.3	292.9	7	31	8	125.0	3
29354	511.5	291.5	7	31	8	126.1	3
29360	511.6	292.5	7	31	8	124.8	3
29366	511.8	291.1	7	31	8	125.8	3
29373	511.9	292.3	7	31	8	124.2	3
29379	512.0	291.2	7	31	7	125.1	3
29386	512.2	289.8	7	31	7	126.2	3
29392	512.3	288.7	7	31	7	127.1	3
29399	512.5	287.5	7	31	7	128.2	3
29405	512.6	286.3	7	31	7	128.5	3
29412	512.7	285.3	7	31	7	128.5	3
29420	512.8	284.0	7	31	7	128.6	3
29426	512.9	283.1	7	31	7	128.6	3
29432	513.0	282.2	7	31	7	128.7	3
29438	513.1	281.3	7	31	7	128.7	3
29445	513.2	280.5	7	31	7	128.8	3
29451	513.3	279.6	7	31	7	128.9	3
29457	513.4	280.0	7	31	7	128.6	3
29464	513.5	280.4	7	31	7	128.4	3
29471	513.6	280.9	7	31	7	128.1	3
29477	513.6	280.1	7	32	7	128.2	3
29487	513.8	280.7	7	32	7	127.8	3
29495	513.8	279.7	7	32	7	127.9	3
29505	513.9	280.3	7	32	7	127.5	3
29512	514.0	280.7	7	32	7	127.2	3
29519	514.1	281.2	7	32	7	126.9	3
29525	514.1	280.4	7	32	7	127.0	3
29531	513.0	280.7	7	32	7	127.9	3
29539	513.1	281.2	7	32	7	127.6	3
29546	513.2	280.2	7	32	7	128.7	3
29558	513.4	280.9	7	32	7	129.5	3
29567	513.5	281.4	7	32	7	130.2	3
29574	513.6	281.8	7	32	7	130.7	3
29580	513.6	282.1	7	32	7	131.0	3
29587	513.7	281.2	7	32	7	131.8	3
29592	513.8	281.5	7	32	7	132.2	3
29599	513.9	281.9	7	32	7	132.5	3
29606	513.9	282.2	7	32	7	132.8	3
29613	514.0	282.5	7	32	7	133.2	3
29622	514.1	282.9	7	32	7	133.5	3
29628	514.1	282.0	7	32	7	134.2	3
29635	514.2	282.4	7	32	7	134.0	3
29641	514.2	282.7	7	32	7	133.7	3
29649	514.3	283.0	7	32	7	133.4	3
29655	514.4	282.0	7	32	7	134.3	3
29661	514.4	282.3	7	32	7	134.0	3
29668	514.4	282.6	7	32	7	133.7	3
29674	514.5	282.9	7	32	7	133.5	3
29681	514.5	283.2	7	32	7	133.2	3
29687	514.6	282.2	7	32	7	134.1	3
29694	514.6	282.5	7	32	7	133.8	3
29700	514.6	282.8	7	32	7	133.5	3
29707	514.7	283.1	7	32	7	133.3	3
29713	514.7	283.4	7	32	7	133.0	3
29719	514.7	282.4	7	32	7	133.7	3
29726	514.8	282.7	7	32	7	133.5	3
29732	514.8	283.0	7	32	7	133.2	3
29739	514.8	283.2	7	32	7	133.0	3
29745	514.8	283.5	7	32	7	132.7	3
29752	514.9	282.5	7	32	7	132.8	3
29758	514.9	282.8	7	32	7	132.6	3
29765	514.9	283.1	7	32	7	132.3	3
29772	515.0	283.4	7	32	7	132.0	3
29779	515.0	282.5	7	32	7	132.1	3
29786	515.0	282.8	7	32	7	131.9	3
29792	515.0	283.1	7	32	7	131.6	3
29799	515.0	283.4	7	32	7	131.4	3
29806	515.1	282.4	7	32	7	131.5	3
29812	515.1	282.7	7	32	7	131.2	3
29819	515.1	283.0	7	32	7	131.0	3
29825	515.1	283.2	7	32	7	130.7	3
29831	515.1	283.5	7	32	7	131.3	3
29838	515.1	282.5	7	32	7	132.2	3
29844	515.2	282.8	7	32	7	132.7	3
29851	515.2	283.1	7	32	7	132.9	3
29857	515.2	283.4	7	32	7	132.7	3
29866	515.2	283.8	7	32	7	132.3	3
29872	515.2	282.8	7	32	7	133.1	3
29878	515.2	283.1	7	32	7	132.9	3
29885	515.2	283.4	7	32	7	132.6	3
29890	515.2	283.6	7	33	7	132.3	3
29896	515.2	283.8	7	33	7	132.1	3
29903	515.3	284.1	7	33	7	131.8	3
29908	515.3	283.2	7	33	7	132.6	3
29914	515.3	283.4	7	33	7	132.4	3
29921	515.3	283.7	7	33	7	132.1	3
29926	515.3	283.9	7	33	7	131.9	3
29933	515.3	283.0	7	33	7	132.7	3
29939	515.3	283.2	7	33	7	132.4	3
29944	515.3	283.5	7	33	7	132.2	3
29952	515.3	283.8	7	33	7	131.9	3
29957	515.3	282.9	7	33	7	132.7	3
29963	515.3	283.1	7	33	7	132.4	3
29970	515.3	283.4	7	33	7	132.1	3
29975	515.3	283.6	7	33	7	131.9	3
29983	515.4	282.6	7	33	7	132.8	3
29989	515.4	282.9	7	33	7	132.5	3
29995	515.4	283.2	7	33	7	132.3	3
30003	515.4	283.5	7	33	7	131.9	3
30013	515.4	284.0	7	33	7	131.5	3
30020	515.4	284.2	7	33	7	131.2	3
30025	515.4	284.4	7	33	7	131.0	3
30031	515.4	284.6	7	33	7	130.7	3
30037	515.4	284.8	7	33	7	130.5	3
30042	515.4	285.0	7	33	7	130.2	3
30048	515.4	285.2	7	33	7	130.0	3
30055	515.4	285.4	7	33	7	129.7	3
30061	515.4	285.5	7	33	7	129.5	3
30067	515.4	285.7	7	33	7	129.2	3
30073	515.4	285.9	7	33	7	128.9	3
30079	515.4	286.0	7	33	7	128.7	3
30085	515.4	286.2	7	33	7	128.4	3
30091	515.4	286.3	7	33	8	128.2	3
30097	515.4	286.4	7	32	8	127.9	3
30103	515.4	286.6	7	32	8	127.7	3
30109	515.4	286.7	7	32	8	127.4	3
30116	515.4	286.8	7	32	8	127.1	3
30123	515.4	287.0	7	32	8	126.9	3
30128	515.4	287.1	7	32	8	126.6	3
30135	515.4	287.2	7	32	8	126.3	3
30140	515.4	287.3	7	32	8	126.1	3
30146	515.4	287.4	7	32	8	125.9	3
30152	515.5	287.5	7	32	8	125.6	3
30157	515.5	287.6	7	32	8	125.4	3
30164	515.5	287.7	7	32	8	125.1	3
30171	515.5	287.8	7	32	8	124.8	3
30176	515.5	287.8	7	32	8	124.6	3
30183	515.5	287.9	7	32	8	124.3	3
30189	515.5	288.0	7	32	8	124.0	3
30195	515.5	288.1	7	32	8	123.8	3
30202	515.5	288.2	7	32	8	123.5	3
30208	515.5	288.2	7	33	8	123.2	3
30215	515.5	288.3	7	33	8	122.9	3
30222	515.5	288.4	7	33	8	122.7	3
30227	515.5	288.4	7	33	8	122.4	3
30235	515.5	288.5	7	33	8	122.1	3
30242	515.5	288.6	7	33	8	121.8	3
30248	515.5	288.6	7	33	8	121.5	3
30254	515.5	288.7	7	33	8	121.3	3
30260	515.5	288.7	7	33	8	121.0	3
30266	515.5	288.8	7	33	8	120.8	3
30272	515.5	288.8	7	33	8	120.5	3
30277	515.5	288.9	7	33	8	120.3	3
30284	515.5	288.9	7	33	8	120.0	3
30289	515.5	288.9	7	33	8	119.8	3
30295	515.5	289.0	7	33	8	119.6	3
30302	515.5	289.0	7	33	8	119.3	3
30308	515.5	289.1	7	33	8	119.0	3
30314	515.5	289.1	7	33	8	118.7	3
30321	515.5	289.1	7	33	8	118.5	3
30326	515.5	289.2	7	33	8	118.2	3
30332	515.5	289.2	7	33	8	118.0	3
30338	515.5	289.2	7	33	8	117.7	3
30343	515.5	289.3	7	33	8	117.5	3
30350	515.5	289.3	7	33	9	117.2	3
30356	515.5	289.3	7	32	9	117.0	3
30361	515.5	289.3	7	32	9	116.8	3
30367	515.5	289.4	7	32	9	116.5	3
30373	515.5	289.4	7	32	9	116.3	3
30378	515.5	289.4	7	32	9	116.0	3
30384	515.5	289.4	7	32	9	115.8	3
30390	515.5	289.4	7	32	9	115.5	3
30396	515.5	289.5	7	32	9	115.3	3
30402	515.5	289.5	7	32	9	115.0	3
30407	515.5	289.5	7	32	9	114.8	3
30413	515.5	289.5	7	32	9	114.5	3
30420	515.5	289.5	7	32	9	114.3	3
30425	515.5	289.6	7	32	9	114.0	3
30431	515.5	289.6	7	32	9	113.8	3
30437	515.5	289.6	7	32	9	113.5	3
30442	515.5	289.6	7	32	9	113.3	3
30448	515.5	289.6	7	32	9	113.1	3
30455	515.5	289.6	7	32	9	112.8	3
30460	515.5	289.6	7	32	9	112.6	3
30467	515.5	289.7	7	32	9	112.3	3
30473	515.5	289.7	7	32	9	112.0	3
30478	515.5	289.7	7	32	9	111.8	3
30484	515.5	289.7	7	32	9	111.6	3
30490	515.5	289.7	7	32	9	111.3	3
30495	515.5	289.7	7	32	8	111.1	3
30502	515.5	289.7	7	32	8	110.8	3
30507	515.5	289.7	7	32	8	110.6	3
30513	515.5	289.7	7	32	8	110.3	3
30519	515.5	289.8	7	32	8	110.1	3
30525	515.5	289.8	7	32	8	109.8	3
30531	515.5	289.8	7	32	8	109.6	3
30537	515.5	289.8	7	32	8	109.3	3
30543	515.5	289.8	7	32	8	109.1	3
30549	515.5	289.8	7	32	8	108.8	3
30556	515.5	289.8	7	32	8	108.5	3
30562	515.5	289.8	7	32	8	108.3	3
30571	515.5	289.8	7	32	8	107.9	3
30577	515.5	289.8	7	32	8	107.6	3
30585	515.5	289.8	7	32	8	107.3	3
30591	515.5	289.8	7	32	8	107.0	3
30598	515.5	289.8	7	32	8	106.8	3
30606	515.5	289.9	7	33	8	106.4	3
30613	515.5	289.9	7	33	8	106.1	3
30621	515.5	289.9	7	33	8	105.8	3
30627	515.5	289.9	7	33	8	105.5	3
30633	515.5	289.9	7	33	8	105.2	3
30642	515.5	289.9	7	33	8	104.9	3
30651	515.5	289.9	7	33	8	104.5	3
30659	515.5	289.9	7	33	8	104.1	3
30668	515.5	289.9	7	33	8	103.8	3
30675	515.5	289.9	7	33	8	103.4	3
30683	515.5	289.9	7	33	8	103.1	3
30689	515.5	289.9	7	33	8	102.8	3
30697	515.5	289.9	7	33	8	102.6	3
30704	515.5	289.9	7	33	8	102.2	3
30710	515.5	289.9	7	33	8	102.0	3
30716	515.5	289.9	7	33	8	101.7	3
30722	515.5	289.9	7	33	8	101.5	3
30727	515.5	289.9	7	33	8	101.2	3
30734	515.5	289.9	7	33	8	101.0	3
30740	515.5	289.9	7	33	8	100.7	3
30745	515.5	289.9	7	33	8	100.5	3
30752	515.5	289.9	7	33	7	100.2	3
30758	515.5	289.9	7	33	7	99.9	3
30764	515.5	289.9	7	33	7	99.7	3
30770	515.5	289.9	7	33	7	99.4	3
30776	515.5	290.0	7	33	7	99.2	3
30782	515.5	290.0	7	33	7	98.9	3
30788	515.5	290.0	7	33	7	98.7	3
30794	515.5	290.0	7	33	7	98.4	3
30801	515.5	290.0	7	33	7	98.1	3
30806	515.5	290.0	7	33	7	97.9	3
30812	515.5	290.0	7	33	7	97.7	3
30819	515.5	290.0	7	33	7	97.4	3
30825	515.5	290.0	7	33	7	97.1	3
30831	515.5	290.0	7	33	7	96.9	3
30837	515.5	290.0	7	33	7	96.6	3
30843	515.5	290.0	7	33	7	96.4	3
30849	515.5	290.0	7	33	7	96.1	3
30855	515.5	290.0	7	33	7	95.9	3
30860	515.5	290.0	7	33	7	95.6	3
30867	515.5	290.0	7	33	7	95.3	3
30873	515.5	290.0	7	33	7	95.1	3
30878	515.5	290.0	7	33	7	94.9	3
30885	515.5	290.0	7	33	8	94.6	3
30891	515.5	290.0	7	32	8	94.3	3
30896	515.5	290.0	7	32	8	94.1	3
30902	515.5	290.0	7	32	8	93.8	3
30908	515.5	290.0	7	32	8	93.6	3
30913	515.5	290.0	7	32	8	93.4	3
30919	515.5	290.0	7	32	8	93.1	3
30924	515.5	290.0	7	32	8	92.9	3
30930	515.5	290.0	7	32	8	92.7	3
30936	515.5	290.0	7	32	8	92.4	3
30942	515.5	290.0	7	32	8	92.2	3
30947	515.5	290.0	7	32	8	91.9	3
30954	515.5	290.0	7	32	8	91.7	3
30959	515.5	290.0	7	32	8	91.4	3
30965	515.5	290.0	7	32	8	91.2	3
30970	515.5	290.0	7	32	8	91.0	3
30976	515.5	290.0	7	32	8	90.7	3
30981	515.5	290.0	7	32	8	90.5	3
30987	515.5	290.0	7	32	8	90.2	3
30993	515.5	290.0	7	32	8	90.0	3
30998	515.5	290.0	7	32	8	89.8	3
31005	515.5	290.0	7	32	8	89.5	3
31010	515.5	290.0	7	32	8	89.3	3
31016	515.5	290.0	7	32	8	89.0	3
31022	515.5	290.0	7	33	8	88.8	3
31027	515.5	290.0	7	33	8	88.5	3
31034	515.5	290.0	7	33	8	88.3	3
31040	515.5	290.0	7	33	8	88.0	3
31045	515.5	290.0	7	33	8	87.8	3
31052	515.5	290.0	7	33	8	87.5	3
31058	515.5	290.0	7	33	8	87.3	3
31063	515.5	290.0	7	33	8	87.0	3
31070	515.5	290.0	7	33	8	86.8	3
31075	515.5	290.0	7	33	8	86.5	3
31081	515.5	290.0	7	33	8	86.3	3
31087	515.5	290.0	7	33	8	86.0	3
31093	515.5	290.0	7	33	8	85.8	3
31099	515.5	290.0	7	33	8	85.5	3
31105	515.5	290.0	7	33	8	85.2	3
31111	515.5	290.0	7	33	8	85.7	3
31118	515.5	290.0	7	33	8	86.2	3
31124	515.5	290.0	7	33	8	86.7	3
31130	515.5	290.0	7	33	8	87.1	3
31136	515.5	290.0	7	33	8	87.5	3
31142	515.5	290.0	7	33	8	87.9	3
31148	515.5	290.0	7	33	8	88.2	3
31154	515.5	290.0	7	33	8	88.6	3
31159	515.5	290.0	7	33	8	88.9	3
31165	515.5	290.0	7	33	8	89.2	3
31172	515.5	290.0	7	33	8	89.5	3
31177	515.5	290.0	7	33	8	89.8	3
31184	515.5	290.0	7	33	8	90.0	3
31189	515.5	290.0	7	33	8	90.3	3
31195	515.5	290.0	7	33	8	90.5	3
31202	515.5	290.0	7	33	8	90.7	3
31207	515.5	290.0	7	33	8	90.9	3
31213	515.5	290.0	7	33	8	91.1	3
31219	515.5	290.0	7	33	8	91.3	3
31225	515.5	290.0	7	33	8	91.4	3
31231	515.5	290.0	7	33	8	91.6	3
31237	515.5	290.0	7	33	8	91.7	3
31242	515.5	290.0	7	33	8	91.7	3
31248	515.5	290.0	7	33	8	91.5	3
31254	515.5	290.0	7	33	8	91.3	3
31259	515.5	290.0	7	33	8	91.0	3
31265	515.5	290.0	7	33	8	90.8	3
31271	515.5	290.0	7	33	8	90.6	3
31277	515.5	290.0	7	33	8	90.4	3
31284	515.5	290.0	7	33	8	90.1	3
31289	515.5	290.0	7	33	7	89.9	3
31296	515.5	290.0	7	33	7	89.7	3
31302	515.5	290.0	7	33	7	89.4	3
31308	515.5	290.0	7	33	7	89.2	3
31314	515.5	290.0	7	33	7	89.0	3
31321	515.5	290.0	7	33	7	88.7	3
31327	515.5	290.0	7	33	7	88.5	3
31337	515.5	290.0	7	34	7	88.1	3
31347	515.5	290.0	7	34	7	87.7	3
31355	515.5	290.0	7	34	7	87.4	3
31361	515.5	290.0	7	34	7	87.2	3
31367	515.5	290.0	7	34	7	87.0	3
31373	515.5	290.0	7	34	7	86.7	3
31378	515.5	290.0	7	34	7	86.5	3
31384	515.5	290.0	7	34	8	86.3	3
31390	515.5	290.0	7	33	8	86.1	3
31395	515.5	290.0	7	33	8	85.9	3
31402	515.5	290.0	7	33	8	85.6	3
31408	515.5	290.0	7	33	8	85.4	3
31414	515.5	290.0	7	33	8	85.2	3
31420	515.5	290.0	7	33	8	85.0	3
31425	515.5	290.0	7	33	8	84.8	3
31432	515.5	290.0	7	33	8	84.5	3
31438	515.5	290.0	7	33	8	84.3	3
31443	515.5	290.0	7	33	8	84.1	3
31451	515.5	290.0	7	33	8	83.8	3
31458	515.5	290.0	7	33	8	83.5	3
31465	515.5	290.0	7	33	8	83.3	3
31473	515.5	290.0	7	33	8	83.0	3
31478	515.5	290.0	7	33	8	82.8	3
31485	515.5	290.0	7	33	8	82.5	3
31490	515.5	290.0	7	33	8	82.3	3
31496	515.5	290.0	7	33	8	82.1	3
31502	515.5	290.0	7	33	8	81.9	3
31507	515.5	290.0	7	33	8	81.7	3
31513	515.5	290.0	7	33	8	81.5	3
31518	515.5	290.0	7	33	8	81.2	3
31524	515.5	290.0	7	33	8	81.0	3
31529	515.5	290.0	7	33	8	80.8	3
31536	515.5	290.0	7	33	8	80.6	3
31541	515.5	290.0	7	33	8	80.4	3
31547	515.5	290.0	7	33	8	80.2	3
31553	515.5	290.0	7	33	8	79.9	3
31559	515.5	290.0	7	33	8	79.7	3
31565	515.5	290.0	7	33	8	79.5	3
31572	515.5	290.0	7	33	8	79.2	3
31577	515.5	290.0	7	33	8	79.0	3
31584	515.5	290.0	7	33	8	78.8	3
31590	515.5	290.0	7	33	8	78.5	3
31596	515.5	290.0	7	33	8	78.3	3
31603	515.5	290.0	7	33	8	78.1	3
31608	515.5	290.0	7	33	8	77.8	3
31615	515.5	290.0	7	33	8	77.6	3
31621	515.5	290.0	7	33	8	77.3	3
31628	515.5	290.0	7	33	8	77.1	3
31635	515.5	290.0	7	33	8	76.8	3
31641	515.5	290.0	7	33	8	76.6	3
31647	515.5	290.0	7	33	8	76.4	3
31653	515.5	290.0	7	33	8	76.9	3
31659	515.5	290.0	7	33	8	77.4	3
31666	515.5	290.0	7	33	8	77.9	3
31673	515.5	290.0	7	33	8	78.4	3
31679	515.5	290.0	7	34	8	78.8	3
31685	515.5	290.0	7	34	8	79.3	3
31691	515.5	290.0	7	34	8	79.7	3
31698	515.5	290.0	7	34	8	80.1	3
31705	515.5	290.0	7	34	8	80.5	3
31711	515.5	290.0	7	34	8	80.8	3
31717	515.5	290.0	7	34	8	81.1	3
31723	515.5	290.0	7	34	8	81.4	3
31728	515.5	290.0	7	34	8	81.7	3
31736	515.5	290.0	7	34	8	82.0	3
31741	515.5	290.0	7	34	8	82.2	3
31747	515.5	290.0	7	34	8	82.4	3
31755	515.5	290.0	7	34	8	82.7	3
31760	515.5	290.0	7	34	8	82.9	3
31767	515.5	290.0	7	34	8	82.8	3
31773	515.5	290.0	7	34	8	82.6	3
31778	515.5	290.0	7	34	8	82.4	3
31788	515.5	290.0	7	34	7	82.0	3
31794	515.5	290.0	7	34	7	81.8	3
31801	515.5	290.0	7	34	7	81.5	3
31806	515.5	290.0	7	34	7	81.3	3
31813	515.5	290.0	7	34	7	81.1	3
31822	515.5	290.0	7	34	7	80.7	3
31828	515.5	290.0	7	34	7	80.5	3
31836	515.5	290.0	7	34	7	80.2	3
31841	515.5	290.0	7	34	7	80.0	3
31847	515.5	290.0	7	34	7	79.7	3
31854	515.5	290.0	7	34	7	79.5	3
31859	515.5	290.0	7	34	7	79.3	3
31866	515.5	290.0	7	34	7	79.0	3
31872	515.5	290.0	7	34	7	78.8	3
31877	515.5	290.0	7	34	7	78.6	3
31884	515.5	290.0	7	34	7	78.3	3
31890	515.5	290.0	7	34	7	78.1	3
31895	515.5	290.0	7	34	7	77.9	3
31902	515.5	290.0	7	34	7	77.6	3
31907	515.5	290.0	7	34	7	77.4	3
31913	515.5	290.0	7	34	7	77.2	3
31919	515.5	290.0	7	34	7	77.0	3
31925	515.5	290.0	7	34	8	76.7	3
31931	515.5	290.0	7	33	8	76.5	3
31937	515.5	290.0	7	33	8	76.3	3
31943	515.5	290.0	7	33	8	76.1	3
31950	515.5	290.0	7	33	8	75.8	3
31956	515.5	290.0	7	33	8	75.5	3
31962	515.5	290.0	7	33	8	75.3	3
31968	515.5	290.0	7	33	8	75.1	3
31974	515.5	290.0	7	33	8	74.8	3
31980	515.5	290.0	7	33	8	74.6	3
31987	515.5	290.0	7	33	8	74.4	3
31992	515.5	290.0	7	33	8	74.1	3
31999	515.5	290.0	7	33	8	73.9	3
32005	515.5	290.0	7	33	8	73.7	3
32010	515.5	290.0	7	33	8	73.4	3
32017	515.5	290.0	7	33	8	73.2	3
32022	515.5	290.0	7	33	8	73.0	3
32028	515.5	290.0	7	33	8	72.8	3
32036	515.5	290.0	7	33	8	72.5	3
32043	515.5	290.0	7	33	8	72.2	3
32049	515.5	290.0	7	33	8	71.9	3
32055	515.5	290.0	7	33	8	71.7	3
32060	515.5	290.0	7	33	8	71.5	3
32067	515.5	290.0	7	33	8	71.3	3
32072	515.5	290.0	7	33	8	71.0	3
32078	515.5	290.0	7	33	8	70.8	3
32084	515.5	290.0	7	33	8	70.6	3
32090	515.5	290.0	7	33	8	70.4	3
32095	515.5	290.0	7	34	8	70.2	3
32103	515.5	290.0	7	34	8	69.9	3
32108	515.5	290.0	7	34	8	69.6	3
32115	515.5	290.0	7	34	8	69.4	3
32121	515.5	290.0	7	34	8	69.2	3
32126	515.5	290.0	7	34	8	69.0	3
32134	515.5	290.0	7	34	8	68.7	3
32140	515.5	290.0	7	34	8	68.4	3
32147	515.5	290.0	7	34	8	68.2	3
32153	515.5	290.0	7	34	8	67.9	3
32159	515.5	290.0	7	34	8	67.7	3
32165	515.5	290.0	7	34	8	67.5	3
32172	515.5	290.0	7	34	8	67.2	3
32177	515.5	290.0	7	34	8	67.0	3
32184	515.5	290.0	7	34	8	66.7	3
32190	515.5	290.0	7	34	9	84.6	3
32195	515.5	290.0	7	33	9	84.3	3
32201	515.5	290.0	7	33	9	84.1	3
32207	515.5	290.0	7	33	9	83.8	3
32213	515.5	290.0	7	33	9	83.6	3
32219	515.5	290.0	7	33	9	83.3	3
32225	515.5	290.0	7	33	9	83.0	3
32230	515.5	290.0	7	33	9	82.8	3
32236	515.5	290.0	7	33	9	82.5	3
32242	515.5	290.0	7	33	9	82.3	3
32250	515.5	290.0	7	33	9	82.0	3
32256	515.5	290.0	7	33	9	81.7	3
32263	515.5	290.0	7	33	9	81.4	3
32270	515.5	290.0	7	33	9	81.0	3
32277	515.5	290.0	7	33	9	80.8	3
32283	515.5	290.0	7	33	9	80.5	3
32289	515.5	290.0	7	33	9	80.2	3
32295	515.5	290.0	7	33	9	80.0	3
32302	515.5	290.0	7	33	9	79.7	3
32308	515.5	290.0	7	33	9	79.4	3
32315	515.5	290.0	7	33	9	79.1	3
32321	515.5	290.0	7	33	9	78.8	3
32326	515.5	290.0	7	33	8	78.6	3
32333	515.5	290.0	7	33	8	78.3	3
32339	515.5	290.0	7	33	8	78.0	3
32344	515.5	290.0	7	33	8	77.8	3
32351	515.5	290.0	7	33	8	77.5	3
32356	515.5	290.0	7	33	8	77.3	3
32361	515.5	290.0	7	33	8	77.1	3
32368	515.5	290.0	7	33	8	76.8	3
32373	515.5	290.0	7	33	8	76.5	3
32379	515.5	290.0	7	33	8	76.3	3
32385	515.5	290.0	7	33	8	76.0	3
32391	515.5	290.0	7	33	8	75.7	3
32398	515.5	290.0	7	33	8	75.5	3
32404	515.5	290.0	7	33	8	75.2	3
32410	515.5	290.0	7	33	8	74.9	3
32417	515.5	290.0	7	33	8	74.6	3
32423	515.5	290.0	7	33	8	74.3	3
32429	515.5	290.0	7	33	8	74.1	3
32435	515.5	290.0	7	33	8	73.8	3
32441	515.5	290.0	7	33	8	73.6	3
32447	515.5	290.0	7	33	8	73.3	3
32454	515.5	290.0	7	33	8	73.0	3
32460	515.5	290.0	7	33	8	72.7	3
32466	515.5	290.0	7	33	8	72.5	3
32472	515.5	290.0	7	33	8	73.0	3
32478	515.5	290.0	7	33	8	73.4	3
32485	515.5	290.0	7	33	8	73.9	3
32491	515.5	290.0	7	34	8	74.3	3
32498	515.5	290.0	7	34	8	74.7	3
32504	515.5	290.0	7	34	8	75.1	3
32510	515.5	290.0	7	34	8	75.5	3
32517	515.5	290.0	7	34	8	75.9	3
32523	515.5	290.0	7	34	8	76.2	3
32529	515.5	290.0	7	34	8	76.5	3
32536	515.5	290.0	7	34	8	76.8	3
32542	515.5	290.0	7	34	8	77.0	3
32548	515.5	290.0	7	34	8	77.3	3
32554	515.5	290.0	7	34	8	77.5	3
32560	515.5	290.0	7	34	8	77.7	3
32566	515.5	290.0	7	34	8	77.9	3
32574	515.5	290.0	7	34	8	78.1	3
32580	515.5	290.0	7	34	8	77.9	3
32587	515.5	290.0	7	34	8	77.6	3
32592	515.5	290.0	7	34	7	77.4	3
32600	515.5	290.0	7	34	7	77.2	3
32606	515.5	290.0	7	34	7	76.9	3
32612	515.5	290.0	7	34	7	76.7	3
32619	515.5	290.0	7	34	7	76.4	3
32625	515.5	290.0	7	34	7	76.2	3
32632	515.5	290.0	7	34	7	75.9	3
32639	515.5	290.0	7	34	7	75.7	3
32645	515.5	290.0	7	34	7	75.5	3
32652	515.5	290.0	7	34	7	75.2	3
32658	515.5	290.0	7	34	7	75.0	3
32664	515.5	290.0	7	34	7	74.8	3
32670	515.5	290.0	7	34	7	74.5	3
32676	515.5	290.0	7	34	7	74.3	3
32682	515.5	290.0	7	34	7	74.1	3
32688	515.5	290.0	7	34	7	73.9	3
32694	515.5	290.0	7	34	7	73.7	3
32700	515.5	290.0	7	34	7	73.4	3
32706	515.5	290.0	7	34	7	73.2	3
32712	515.5	290.0	7	34	7	73.0	3
32719	515.5	290.0	7	34	7	72.7	3
32726	515.5	290.0	7	34	7	72.5	3
32733	515.5	290.0	7	34	7	72.2	3
32740	515.5	290.0	7	34	7	72.0	3
32747	515.5	290.0	7	34	8	71.7	3
32754	515.5	290.0	7	33	8	71.4	3
32761	515.5	290.0	7	33	8	71.2	3
32768	515.5	290.0	7	33	8	70.9	3
32774	515.5	290.0	7	33	8	70.7	3
32781	515.5	290.0	7	33	8	70.5	3
32787	515.5	290.0	7	33	8	70.2	3
32793	515.5	290.0	7	33	8	70.0	3
32800	515.5	290.0	7	34	8	69.7	3
32806	515.5	290.0	7	34	8	69.5	3
32812	515.5	290.0	7	34	8	69.3	3
32819	515.5	290.0	7	34	8	69.0	3
32825	515.5	290.0	7	34	8	68.8	3
32831	515.5	290.0	7	34	8	68.6	3
32838	515.5	290.0	7	34	8	68.3	3
32844	515.5	290.0	7	34	8	68.1	3
32853	515.5	290.0	7	34	8	67.8	3
32859	515.5	290.0	7	34	8	67.5	3
32867	515.5	290.0	7	34	8	67.3	3
32874	515.5	290.0	7	34	8	67.0	3
32880	515.5	290.0	7	34	8	66.7	3
32887	515.5	290.0	7	34	8	66.5	3
32893	515.5	290.0	7	34	8	66.3	3
32899	515.5	290.0	7	34	8	66.0	3
32905	515.5	290.0	7	34	8	65.8	3
32912	515.5	290.0	7	34	8	65.6	3
32918	515.5	290.0	7	34	8	65.4	3
32924	515.5	290.0	7	34	8	65.1	3
32930	515.5	290.0	7	34	8	64.9	3
32936	515.5	290.0	7	34	8	64.7	3
32942	515.5	290.0	7	34	8	64.5	3
32947	515.5	290.0	7	34	8	64.3	3
32954	515.5	290.0	7	34	8	64.0	3
32959	515.5	290.0	7	34	8	63.8	3
32966	515.5	290.0	7	34	8	63.6	3
32972	515.5	290.0	7	34	8	63.3	3
32978	515.5	290.0	7	34	8	63.1	3
32985	515.5	290.0	7	34	8	62.9	3
32992	515.5	290.0	7	34	8	63.4	3
32998	515.5	290.0	7	34	8	63.9	3
33004	515.5	290.0	7	34	8	64.5	3
33010	515.5	290.0	7	34	8	64.9	3
33016	515.5	290.0	7	34	8	65.3	3
33022	515.5	290.0	7	34	8	65.8	3
33028	515.5	290.0	7	34	8	66.1	3
33034	515.5	290.0	7	34	8	66.5	3
33040	515.5	290.0	7	34	8	66.9	3
33047	515.5	290.0	7	34	8	67.2	3
33053	515.5	290.0	7	34	8	67.6	3
33059	515.5	290.0	7	34	8	67.9	3
33065	515.5	290.0	7	34	8	68.2	3
33071	515.5	290.0	7	34	8	68.4	3
33077	515.5	290.0	7	34	8	68.7	3
33083	515.5	290.0	7	34	8	68.9	3
33089	515.5	290.0	7	34	8	69.2	3
33094	515.5	290.0	7	34	8	69.4	3
33101	515.5	290.0	7	34	8	69.6	3
33106	515.5	290.0	7	34	8	69.7	3
33111	515.5	290.0	7	34	8	69.9	3
33117	515.5	290.0	7	34	8	70.1	3
33123	515.5	290.0	7	34	8	70.2	3
33128	515.5	290.0	7	34	8	70.4	3
33134	515.5	290.0	7	34	8	70.5	3
33140	515.5	290.0	7	34	8	70.6	3
33146	515.5	290.0	7	34	8	70.7	3
33153	515.5	290.0	7	34	7	70.9	3
33160	515.5	290.0	7	34	7	71.0	3
33167	515.5	290.0	7	34	7	71.1	3
33174	515.5	290.0	7	34	7	71.2	3
33181	515.5	290.0	7	34	7	71.2	3
33187	515.5	290.0	7	34	7	71.3	3
33193	515.5	290.0	7	34	7	71.3	3
33201	515.5	290.0	7	34	7	71.4	3
33208	515.5	290.0	7	34	7	71.4	3
33215	515.5	290.0	7	34	7	71.4	3
33222	515.5	290.0	7	35	7	71.5	3
33228	515.5	290.0	7	35	7	71.5	3
33235	515.5	290.0	7	35	7	71.5	3
33241	515.5	290.0	7	35	7	71.5	3
33247	515.5	290.0	7	35	7	71.4	3
33253	515.5	290.0	7	35	7	71.4	3
33259	515.5	290.0	7	35	7	71.4	3
33265	515.5	290.0	7	35	7	71.3	3
33271	515.5	290.0	7	35	8	74.8	3
33277	515.5	290.0	7	34	8	74.5	3
33284	515.5	290.0	7	34	8	74.3	3
33290	515.5	290.0	7	34	8	74.0	3
33296	515.5	290.0	7	34	8	73.8	3
33302	515.5	290.0	7	34	8	73.5	3
33308	515.5	290.0	7	34	8	73.3	3
33314	515.5	290.0	7	34	8	73.0	3
33320	515.5	290.0	7	34	8	72.8	3
33325	515.5	290.0	7	34	8	72.6	3
33332	515.5	290.0	7	34	8	72.3	3
33338	515.5	290.0	7	34	8	72.1	3
33343	515.5	290.0	7	34	8	71.8	3
33349	515.5	290.0	7	34	8	71.6	3
33355	515.5	290.0	7	34	8	71.4	3
33360	515.5	290.0	7	34	8	71.2	3
33366	515.5	290.0	7	34	8	70.9	3
33372	515.5	290.0	7	34	8	70.7	3
33377	515.5	290.0	7	34	8	70.5	3
33384	515.5	290.0	7	34	8	70.2	3
33389	515.5	290.0	7	34	8	70.0	3
33395	515.5	290.0	7	34	8	69.8	3
33402	515.5	290.0	7	34	8	69.5	3
33407	515.5	290.0	7	34	8	69.2	3
33414	515.5	290.0	7	34	8	69.0	3
33420	515.5	290.0	7	34	8	68.7	3
33425	515.5	290.0	7	34	8	68.5	3
33432	515.5	290.0	7	34	8	68.3	3
33438	515.5	290.0	7	34	8	68.0	3
33443	515.5	290.0	7	34	8	67.8	3
33450	515.5	290.0	7	34	8	67.5	3
33456	515.5	290.0	7	34	8	67.3	3
33462	515.5	290.0	7	34	8	67.0	3
33468	515.5	290.0	7	34	8	66.8	3
33474	515.5	290.0	7	34	8	66.5	3
33480	515.5	290.0	7	34	8	66.3	3
33487	515.5	290.0	7	34	8	66.0	3
33493	515.5	290.0	7	34	8	65.8	3
33500	515.5	290.0	7	34	8	65.5	3
33506	515.5	290.0	7	34	8	65.2	3
33512	515.5	290.0	7	34	8	65.0	3
33518	515.5	290.0	7	34	8	64.8	3
33524	515.5	290.0	7	34	8	64.5	3
33530	515.5	290.0	7	35	8	64.3	3
33537	515.5	290.0	7	35	8	64.0	3
33542	515.5	290.0	7	35	8	64.5	3
33549	515.5	290.0	7	35	8	65.0	3
33554	515.5	290.0	7	35	8	65.4	3
33560	515.5	290.0	7	35	8	65.8	3
33566	515.5	290.0	7	35	8	66.2	3
33572	515.5	290.0	7	35	8	66.6	3
33578	515.5	290.0	7	35	8	67.0	3
33584	515.5	290.0	7	35	8	67.4	3
33590	515.5	290.0	7	35	8	67.7	3
33596	515.5	290.0	7	35	8	68.0	3
33602	515.5	290.0	7	35	8	68.3	3
33607	515.5	290.0	7	35	8	68.6	3
33613	515.5	290.0	7	35	8	68.9	3
33619	515.5	290.0	7	35	8	69.1	3
33625	515.5	290.0	7	35	8	69.4	3
33632	515.5	290.0	7	35	8	69.6	3
33638	515.5	290.0	7	35	8	69.8	3
33643	515.5	290.0	7	35	8	70.0	3
33649	515.5	290.0	7	35	8	70.2	3
33655	515.5	290.0	7	35	8	70.4	3
33661	515.5	290.0	7	35	8	70.5	3
33667	515.5	290.0	7	35	8	70.7	3
33672	515.5	290.0	7	35	7	70.8	3
33678	515.5	290.0	7	35	7	71.0	3
33684	515.5	290.0	7	35	7	71.1	3
33690	515.5	290.0	7	35	7	71.2	3
33695	515.5	290.0	7	35	7	71.3	3
33701	515.5	290.0	7	35	7	71.4	3
33706	515.5	290.0	7	35	7	71.4	3
33711	515.5	290.0	7	35	7	71.5	3
33718	515.5	290.0	7	35	7	71.6	3
33723	515.5	290.0	7	35	7	71.6	3
33729	515.5	290.0	7	35	7	71.7	3
33735	515.5	290.0	7	35	7	71.7	3
33741	515.5	290.0	7	35	7	71.7	3
33746	515.5	290.0	7	35	7	71.8	3
33752	515.5	290.0	7	35	7	71.8	3
33758	515.5	290.0	7	35	7	71.8	3
33764	515.5	290.0	7	35	7	71.8	3
33770	515.5	290.0	7	35	7	71.8	3
33775	515.5	290.0	7	35	7	71.8	3
33781	515.5	290.0	7	35	7	71.7	3
33787	515.5	290.0	7	35	7	71.7	3
33793	515.5	290.0	7	35	7	71.7	3
33799	515.5	290.0	7	35	7	71.7	3
33804	515.5	290.0	7	35	7	71.6	3
33810	515.5	290.0	7	35	7	71.6	3
33816	515.5	290.0	7	35	8	90.7	3
33822	515.5	290.0	7	34	8	90.4	3
33827	515.5	290.0	7	34	8	90.2	3
33833	515.5	290.0	7	34	8	89.9	3
33839	515.5	290.0	7	34	8	89.7	3
33844	515.5	290.0	7	34	8	89.5	3
33851	515.5	290.0	7	34	8	89.2	3
33856	515.5	290.0	7	34	8	89.0	3
33862	515.5	290.0	7	34	8	88.8	3
33868	515.5	290.0	7	34	8	88.5	3
33874	515.5	290.0	7	34	8	88.3	3
33880	515.5	290.0	7	34	8	88.0	3
33887	515.5	290.0	7	34	8	87.7	3
33892	515.5	290.0	7	34	8	87.5	3
33899	515.5	290.0	7	34	8	87.3	3
33905	515.5	290.0	7	34	8	87.0	3
33910	515.5	290.0	7	35	8	86.8	3
33917	515.5	290.0	7	35	8	86.5	3
33923	515.5	290.0	7	35	8	86.3	3
33928	515.5	290.0	7	35	8	86.0	3
33935	515.5	290.0	7	35	8	85.8	3
33941	515.5	290.0	7	35	8	85.5	3
33947	515.5	290.0	7	35	8	85.3	3
33953	515.5	290.0	7	35	8	85.0	3
33959	515.5	290.0	7	35	8	84.8	3
33965	515.5	290.0	7	35	8	84.5	3
33971	515.5	290.0	7	35	8	84.3	3
33977	515.5	290.0	7	35	8	84.0	3
33983	515.5	290.0	7	35	8	83.8	3
33989	515.5	290.0	7	35	8	83.5	3
33995	515.5	290.0	7	35	8	83.3	3
34001	515.5	290.0	7	35	8	83.0	3
34007	515.5	290.0	7	35	8	82.8	3
34013	515.5	290.0	7	35	8	82.5	3
34020	515.5	290.0	7	35	8	82.3	3
34026	515.5	290.0	7	35	8	82.0	3
34032	515.5	290.0	7	35	8	81.8	3
34038	515.5	290.0	7	35	8	81.5	3
34044	515.5	290.0	7	35	8	81.3	3
34050	515.5	290.0	7	35	8	81.0	3
34057	515.5	290.0	7	35	8	80.8	3
34062	515.5	290.0	7	35	8	80.5	3
34069	515.5	290.0	7	35	8	80.3	3
34074	515.5	290.0	7	35	8	80.0	3
34080	515.5	290.0	7	35	8	79.8	3
34086	515.5	290.0	7	35	8	79.6	3
34091	515.5	290.0	7	35	8	79.3	3
34098	515.5	290.0	7	35	8	79.1	3
34104	515.5	290.0	7	35	8	78.8	3
34110	515.5	290.0	7	35	8	78.6	3
34116	515.5	290.0	7	35	8	79.1	3
34122	515.5	290.0	7	35	8	79.6	3
34128	515.5	290.0	7	35	8	80.0	3
34134	515.5	290.0	7	35	8	80.5	3
34140	515.5	290.0	7	35	8	80.9	3
34146	515.5	290.0	7	35	8	81.3	3
34152	515.5	290.0	7	35	8	81.6	3
34157	515.5	290.0	7	35	8	81.9	3
34163	515.5	290.0	7	35	8	82.3	3
34169	515.5	290.0	7	35	8	82.6	3
34175	515.5	290.0	7	35	8	82.9	3
34181	515.5	290.0	7	35	8	83.2	3
34187	515.5	290.0	7	35	8	83.4	3
34192	515.5	290.0	7	35	8	83.7	3
34198	515.5	290.0	7	35	8	83.9	3
34205	515.5	290.0	7	35	8	84.1	3
34210	515.5	290.0	7	35	8	84.3	3
34216	515.5	290.0	7	35	7	84.5	3
34223	515.5	290.0	7	35	7	84.7	3
34228	515.5	290.0	7	35	7	84.9	3
34235	515.5	290.0	7	35	7	85.1	3
34240	515.5	290.0	7	35	7	85.2	3
34245	515.5	290.0	7	35	7	85.3	3
34251	515.5	290.0	7	35	7	85.5	3
34257	515.5	290.0	7	35	7	85.6	3
34262	515.5	290.0	7	35	7	85.7	3
34269	515.5	290.0	7	35	7	85.8	3
34274	515.5	290.0	7	35	7	85.8	3
34279	515.5	290.0	7	35	7	85.9	3
34285	515.5	290.0	7	36	7	86.0	3
34291	515.5	290.0	7	36	7	86.0	3
34297	515.5	290.0	7	36	7	86.1	3
34303	515.5	290.0	7	36	7	86.1	3
34309	515.5	290.0	7	36	7	86.2	3
34315	515.5	290.0	7	36	7	86.2	3
34321	515.5	290.0	7	36	7	86.2	3
34327	515.5	290.0	7	36	7	86.2	3
34334	515.5	290.0	7	36	7	86.2	3
34340	515.5	290.0	7	36	7	86.2	3
34346	515.5	290.0	7	36	7	86.2	3
34352	515.5	290.0	7	36	7	86.2	3
34357	515.5	290.0	7	36	7	86.2	3
34364	515.5	290.0	7	36	7	86.1	3
34370	515.5	290.0	7	36	7	85.9	3
34376	515.5	290.0	7	36	7	85.7	3
34383	515.5	290.0	7	36	7	85.4	3
34389	515.5	290.0	7	36	8	85.2	3
34395	515.5	290.0	7	35	8	85.0	3
34402	515.5	290.0	7	35	8	84.7	3
34408	515.5	290.0	7	35	8	84.4	3
34414	515.5	290.0	7	35	8	84.2	3
34420	515.5	290.0	7	35	8	84.0	3
34426	515.5	290.0	7	35	8	83.8	3
34432	515.5	290.0	7	35	8	83.5	3
34438	515.5	290.0	7	35	8	83.3	3
34443	515.5	290.0	7	35	8	83.1	3
34450	515.5	290.0	7	35	8	82.8	3
34456	515.5	290.0	7	35	8	82.6	3
34463	515.5	290.0	7	35	8	82.3	3
34469	515.5	290.0	7	35	8	82.1	3
34475	515.5	290.0	7	35	8	81.8	3
34480	515.5	290.0	7	35	8	81.6	3
34487	515.5	290.0	7	35	8	81.4	3
34493	515.5	290.0	7	35	8	81.2	3
34499	515.5	290.0	7	35	8	80.9	3
34505	515.5	290.0	7	35	8	80.7	3
34510	515.5	290.0	7	35	8	80.5	3
34516	515.5	290.0	7	35	8	80.2	3
34522	515.5	290.0	7	35	8	80.0	3
34528	515.5	290.0	7	35	8	79.8	3
34535	515.5	290.0	7	35	8	79.5	3
34541	515.5	290.0	7	35	8	79.3	3
34547	515.5	290.0	7	35	8	79.1	3
34557	515.5	290.0	7	35	8	78.7	3
34564	515.5	290.0	7	35	8	78.4	3
34571	515.5	290.0	7	35	8	78.1	3
34578	515.5	290.0	7	35	8	77.9	3
34584	515.5	290.0	7	35	8	77.6	3
34590	515.5	290.0	7	35	8	77.4	3
34595	515.5	290.0	7	35	8	77.2	3
34602	515.5	290.0	7	35	8	76.9	3
34607	515.5	290.0	7	35	8	76.7	3
34614	515.5	290.0	7	35	8	76.4	3
34621	515.5	290.0	7	35	8	76.2	3
34627	515.5	290.0	7	35	8	75.9	3
34634	515.5	290.0	7	35	8	75.7	3
34640	515.5	290.0	7	35	8	75.4	3
34646	515.5	290.0	7	35	8	75.2	3
34652	515.5	290.0	7	35	8	75.4	3
34657	515.5	290.0	7	35	8	75.2	3
34663	515.5	290.0	7	35	8	74.9	3
34670	515.5	290.0	7	35	8	74.7	3
34675	515.5	290.0	7	35	8	74.4	3
34682	515.5	290.0	7	36	8	74.2	3
34688	515.5	290.0	7	36	8	73.9	3
34695	515.5	290.0	7	36	8	73.6	3
34701	515.5	290.0	7	36	8	73.4	3
34707	515.5	290.0	7	36	8	73.1	3
34713	515.5	290.0	7	36	8	72.9	3
34720	515.5	290.0	7	36	8	72.6	3
34725	515.5	290.0	7	36	8	72.4	3
34731	515.5	290.0	7	36	8	72.1	3
34737	515.5	290.0	7	36	8	71.9	3
34743	515.5	290.0	7	36	8	71.6	3
34748	515.5	290.0	7	36	8	71.4	3
34754	515.5	290.0	7	36	8	71.2	3
34760	515.5	290.0	7	36	8	70.9	3
34765	515.5	290.0	7	36	8	70.7	3
34771	515.5	290.0	7	36	8	70.4	3
34776	515.5	290.0	7	36	8	70.2	3
34782	515.5	290.0	7	36	8	70.0	3
34788	515.5	290.0	7	36	8	69.7	3
34794	515.5	290.0	7	36	7	69.5	3
34801	515.5	290.0	7	36	7	69.2	3
34806	515.5	290.0	7	36	7	69.0	3
34811	515.5	290.0	7	36	7	68.8	3
34818	515.5	290.0	7	36	7	68.5	3
34824	515.5	290.0	7	36	7	68.2	3
34830	515.5	290.0	7	36	7	68.0	3
34836	515.5	290.0	7	36	7	67.7	3
34842	515.5	290.0	7	36	7	67.5	3
34848	515.5	290.0	7	36	7	67.3	3
34854	515.5	290.0	7	36	7	67.0	3
34859	515.5	290.0	7	36	7	66.8	3
34866	515.5	290.0	7	36	7	66.5	3
34872	515.5	290.0	7	36	7	66.2	3
34878	515.5	290.0	7	36	7	66.0	3
34884	515.5	290.0	7	36	7	65.7	3
34890	515.5	290.0	7	36	7	65.5	3
34896	515.5	290.0	7	36	7	65.2	3
34903	515.5	290.0	7	36	7	64.9	3
34908	515.5	290.0	7	36	7	64.7	3
34915	515.5	290.0	7	36	7	64.5	3
34921	515.5	290.0	7	36	7	64.2	3
34926	515.5	290.0	7	36	8	64.0	3
34933	515.5	290.0	7	35	8	63.7	3
34939	515.5	290.0	7	35	8	63.4	3
34944	515.5	290.0	7	35	8	63.2	3
34951	515.5	290.0	7	35	8	62.9	3
34956	515.5	290.0	7	35	8	62.7	3
34961	515.5	290.0	7	35	8	62.5	3
34968	515.5	290.0	7	35	8	62.2	3
34974	515.5	290.0	7	35	8	62.0	3
34979	515.5	290.0	7	35	8	61.8	3
34985	515.5	290.0	7	35	8	61.5	3
34991	515.5	290.0	7	35	8	61.3	3
34997	515.5	290.0	7	35	8	61.0	3
35003	515.5	290.0	7	35	8	60.7	3
35008	515.5	290.0	7	35	8	60.5	3
35014	515.5	290.0	7	35	8	60.3	3
35020	515.5	290.0	7	35	8	60.0	3
35026	515.5	290.0	7	35	8	59.8	3
35032	515.5	290.0	7	35	8	59.6	3
35038	515.5	290.0	7	35	8	59.3	3
35044	515.5	290.0	7	35	8	59.0	3
35051	515.5	290.0	7	35	8	58.8	3
35057	515.5	290.0	7	35	8	58.5	3
35063	515.5	290.0	7	35	8	58.3	3
35069	515.5	290.0	7	35	8	58.0	3
35075	515.5	290.0	7	35	8	57.7	3
35081	515.5	290.0	7	35	8	57.5	3
35087	515.5	290.0	7	35	8	57.2	3
35093	515.5	290.0	7	36	8	57.0	3
35099	515.5	290.0	7	36	8	56.7	3
35106	515.5	290.0	7	36	8	56.5	3
35111	515.5	290.0	7	36	8	56.2	3
35118	515.5	290.0	7	36	8	56.0	3
35124	515.5	290.0	7	36	8	55.7	3
35129	515.5	290.0	7	36	8	55.5	3
35136	515.5	290.0	7	36	8	55.2	3
35142	515.5	290.0	7	36	8	55.0	3
35148	515.5	290.0	7	36	8	54.7	3
35154	515.5	290.0	7	36	8	55.2	3
35159	515.5	290.0	7	36	8	55.7	3
35165	515.5	290.0	7	36	8	56.1	3
35171	515.5	290.0	7	36	8	56.5	3
35177	515.5	290.0	7	36	8	56.9	3
35184	515.5	290.0	7	36	8	57.3	3
35189	515.5	290.0	7	36	8	57.7	3
35196	515.5	290.0	7	36	8	58.0	3
35202	515.5	290.0	7	36	8	58.4	3
35209	515.5	290.0	7	36	8	58.8	3
35218	515.5	290.0	7	36	8	59.2	3
35225	515.5	290.0	7	36	8	59.5	3
35234	515.5	290.0	7	36	8	59.9	3
35241	515.5	290.0	7	36	8	60.1	3
35247	515.5	290.0	7	36	8	60.4	3
35256	515.5	290.0	7	36	8	60.6	3
35263	515.5	290.0	7	36	8	60.9	3
35270	515.5	290.0	7	36	8	61.1	3
35276	515.5	290.0	7	36	8	61.2	3
35283	515.5	290.0	7	36	8	61.4	3
35290	515.5	290.0	7	36	8	61.5	3
35295	515.5	290.0	7	36	8	61.6	3
35306	515.5	290.0	7	36	8	61.8	3
35315	515.5	290.0	7	36	8	61.9	3
35325	515.5	290.0	7	36	8	62.0	3
35332	515.5	290.0	7	36	7	62.1	3
35340	515.5	290.0	7	36	7	62.1	3
35347	515.5	290.0	7	36	7	62.2	3
35354	515.5	290.0	7	36	7	62.2	3
35359	515.5	290.0	7	36	7	62.2	3
35365	515.5	290.0	7	36	7	62.2	3
35371	515.5	290.0	7	36	7	62.2	3
35377	515.5	290.0	7	36	7	62.2	3
35383	515.5	290.0	7	36	7	62.2	3
35389	515.5	290.0	7	36	7	62.2	3
35395	515.5	290.0	7	36	7	62.1	3
35402	515.5	290.0	7	36	7	62.1	3
35407	515.5	290.0	7	36	7	62.0	3
35414	515.5	290.0	7	37	7	62.0	3
35420	515.5	290.0	7	37	7	61.9	3
35426	515.5	290.0	7	37	7	61.9	3
35432	515.5	290.0	7	37	8	66.1	3
35438	515.5	290.0	7	36	8	65.8	3
35443	515.5	290.0	7	36	8	65.6	3
35450	515.5	290.0	7	36	8	65.3	3
35456	515.5	290.0	7	36	8	65.1	3
35462	515.5	290.0	7	36	8	64.9	3
35468	515.5	290.0	7	36	8	64.6	3
35474	515.5	290.0	7	36	8	64.4	3
35479	515.5	290.0	7	36	8	64.2	3
35485	515.5	290.0	7	36	8	63.9	3
35491	515.5	290.0	7	36	8	63.7	3
35497	515.5	290.0	7	36	8	63.5	3
35503	515.5	290.0	7	36	8	63.2	3
35509	515.5	290.0	7	36	8	63.0	3
35514	515.5	290.0	7	36	8	62.8	3
35520	515.5	290.0	7	36	8	62.6	3
35526	515.5	290.0	7	36	8	62.3	3
35531	515.5	290.0	7	36	8	62.1	3
35537	515.5	290.0	7	36	8	61.9	3
35543	515.5	290.0	7	36	8	61.7	3
35549	515.5	290.0	7	36	8	61.4	3
35555	515.5	290.0	7	36	8	61.2	3
35560	515.5	290.0	7	36	8	61.0	3
35567	515.5	290.0	7	36	8	60.7	3
35573	515.5	290.0	7	36	8	60.5	3
35578	515.5	290.0	7	36	8	60.2	3
35585	515.5	290.0	7	36	8	60.0	3
35591	515.5	290.0	7	36	8	59.7	3
35597	515.5	290.0	7	36	8	59.5	3
35603	515.5	290.0	7	36	8	59.2	3
35609	515.5	290.0	7	36	8	59.0	3
35615	515.5	290.0	7	36	8	58.8	3
35621	515.5	290.0	7	36	8	58.5	3
35627	515.5	290.0	7	36	8	58.3	3
35634	515.5	290.0	7	36	8	58.0	3
35641	515.5	290.0	7	36	8	57.7	3
35647	515.5	290.0	7	36	8	57.5	3
35654	515.5	290.0	7	36	8	57.2	3
35659	515.5	290.0	7	36	8	57.0	3
35665	515.5	290.0	7	36	8	56.8	3
35671	515.5	290.0	7	36	8	56.5	3
35677	515.5	290.0	7	36	8	56.3	3
35684	515.5	290.0	7	36	8	56.0	3
35690	515.5	290.0	7	36	8	55.8	3
35696	515.5	290.0	7	36	8	55.5	3
35703	515.5	290.0	7	36	8	56.1	3
35708	515.5	290.0	7	36	8	56.6	3
35715	515.5	290.0	7	36	8	56.6	3
35721	515.5	290.0	7	36	8	56.3	3
35727	515.5	290.0	7	36	8	56.1	3
35733	515.5	290.0	7	36	8	55.8	3
35740	515.5	290.0	7	36	8	55.6	3
35745	515.5	290.0	7	36	8	55.4	3
35752	515.5	290.0	7	37	8	55.1	3
35757	515.5	290.0	7	37	8	54.9	3
35763	515.5	290.0	7	37	8	54.6	3
35770	515.5	290.0	7	37	8	54.4	3
35775	515.5	290.0	7	37	8	54.2	3
35781	515.5	290.0	7	37	8	53.9	3
35787	515.5	290.0	7	37	8	53.7	3
35793	515.5	290.0	7	37	8	53.4	3
35799	515.5	290.0	7	37	8	53.2	3
35805	515.5	290.0	7	37	8	52.9	3
35811	515.5	290.0	7	37	8	52.7	3
35817	515.5	290.0	7	37	8	52.5	3
35823	515.5	290.0	7	37	8	52.2	3
35828	515.5	290.0	7	37	8	52.0	3
35834	515.5	290.0	7	37	7	51.8	3
35840	515.5	290.0	7	37	7	51.5	3
35846	515.5	290.0	7	37	7	51.3	3
35852	515.5	290.0	7	37	7	51.1	3
35857	515.5	290.0	7	37	7	50.8	3
35863	515.5	290.0	7	37	7	50.6	3
35869	515.5	290.0	7	37	7	50.4	3
35874	515.5	290.0	7	37	7	50.2	3
35880	515.5	290.0	7	37	7	49.9	3
35886	515.5	290.0	7	37	7	49.7	3
35891	515.5	290.0	7	37	7	49.5	3
35897	515.5	290.0	7	37	7	49.2	3
35903	515.5	290.0	7	37	7	49.0	3
35909	515.5	290.0	7	37	7	48.8	3
35915	515.5	290.0	7	37	7	48.5	3
35921	515.5	290.0	7	37	7	48.3	3
35926	515.5	290.0	7	37	7	48.1	3
35933	515.5	290.0	7	37	7	47.8	3
35939	515.5	290.0	7	37	7	47.6	3
35944	515.5	290.0	7	37	7	47.3	3
35952	515.5	290.0	7	37	7	47.0	3
35959	515.5	290.0	7	37	7	46.8	3
35966	515.5	290.0	7	37	7	46.5	3
35973	515.5	290.0	7	37	7	46.2	3
35979	515.5	290.0	7	37	7	46.0	3
35985	515.5	290.0	7	37	7	45.7	3
35991	515.5	290.0	7	37	7	45.5	3
35996	515.5	290.0	7	37	7	45.2	3
36002	515.5	290.0	7	37	7	45.0	3
36008	515.5	290.0	7	37	7	44.8	3
36013	515.5	290.0	7	37	7	44.6	3
36019	515.5	290.0	7	37	7	44.3	3
36025	515.5	290.0	7	37	7	44.1	3
36030	515.5	290.0	7	37	7	43.9	3
36036	515.5	290.0	7	37	7	43.6	3
36042	515.5	290.0	7	37	7	43.4	3
36047	515.5	290.0	7	37	7	43.2	3
36053	515.5	290.0	7	37	7	43.0	3
36058	515.5	290.0	7	37	7	42.7	3
36064	515.5	290.0	7	37	7	42.5	3
36070	515.5	290.0	7	37	7	42.3	3
36075	515.5	290.0	7	37	7	42.1	3
36082	515.5	290.0	7	37	7	41.8	3
36088	515.5	290.0	7	37	7	41.6	3
36093	515.5	290.0	7	37	7	41.3	3
36100	515.5	290.0	7	37	7	41.1	3
36106	515.5	290.0	7	37	7	40.8	3
36112	515.5	290.0	7	37	7	40.6	3
36118	515.5	290.0	7	37	7	40.3	3
36124	515.5	290.0	7	37	7	40.1	3
36130	515.5	290.0	7	37	7	39.9	3
36136	515.5	290.0	7	37	7	39.6	3
36142	515.5	290.0	7	37	7	39.4	3
36148	515.5	290.0	7	37	7	39.1	3
36154	515.5	290.0	7	37	7	38.9	3
36160	515.5	290.0	7	37	7	38.7	3
36167	515.5	290.0	7	38	7	38.4	3
36174	515.5	290.0	7	38	7	38.1	3
36182	515.5	290.0	7	38	7	37.8	3
36189	515.5	290.0	7	38	7	37.5	3
36195	515.5	290.0	7	38	7	37.3	3
36202	515.5	290.0	7	38	7	37.0	3
36209	515.5	290.0	7	38	7	36.7	3
36215	515.5	290.0	7	38	7	36.4	3
36221	515.5	290.0	7	38	7	36.2	3
36227	515.5	290.0	7	38	7	36.0	3
36233	515.5	290.0	7	38	7	35.7	3
36239	515.5	290.0	7	38	7	35.5	3
36245	515.5	290.0	7	38	8	35.3	3
36251	515.5	290.0	7	37	8	35.0	3
36257	515.5	290.0	6	37	8	34.8	3
36263	515.5	290.0	6	37	8	34.5	3
36270	515.5	290.0	6	37	8	34.3	3
36275	515.5	290.0	6	37	8	34.0	3
36281	515.5	290.0	6	37	8	33.8	3
36287	515.5	290.0	6	37	8	33.6	3
36293	515.5	290.0	6	37	8	33.3	3
36299	515.5	290.0	6	37	8	33.1	3
36305	515.5	290.0	6	37	8	32.8	3
36310	515.5	290.0	6	37	8	32.6	3
36317	515.5	290.0	6	37	8	32.3	3
36323	515.5	290.0	6	37	8	32.1	3
36329	515.5	290.0	6	37	8	31.9	3
36335	515.5	290.0	6	37	8	31.6	3
36341	515.5	290.0	6	37	8	31.4	3
36347	515.5	290.0	6	37	8	31.2	3
36354	515.5	290.0	6	37	8	30.9	3
36359	515.5	290.0	6	37	8	30.7	3
36365	515.5	290.0	6	37	8	30.4	3
36371	515.5	290.0	6	37	8	30.2	3
36377	515.5	290.0	6	37	8	29.9	3
36383	515.5	290.0	6	37	8	29.7	3
36388	515.5	290.0	6	37	8	29.5	3
36394	515.5	290.0	6	37	8	29.3	3
36400	515.5	290.0	6	37	8	29.0	3
36406	515.5	290.0	6	37	8	28.8	3
36412	515.5	290.0	6	37	8	28.5	3
36418	515.5	290.0	6	37	8	28.3	3
36423	515.5	290.0	6	37	8	28.1	3
36429	515.5	290.0	6	37	8	27.9	3
36435	515.5	290.0	6	37	8	27.6	3
36441	515.5	290.0	6	37	8	27.4	3
36446	515.5	290.0	6	37	8	27.2	3
36452	515.5	290.0	6	37	8	26.9	3
36458	515.5	290.0	6	37	8	26.7	3
36464	515.5	290.0	6	37	8	26.4	3
36471	515.5	290.0	6	37	8	26.2	3
36477	515.5	290.0	6	37	8	25.9	3
36484	515.5	290.0	6	38	8	25.6	3
36491	515.5	290.0	6	38	8	25.4	3
36497	515.5	290.0	6	38	8	25.9	3
36504	515.5	290.0	6	38	8	26.4	3
36509	515.5	290.0	6	38	8	26.8	3
36516	515.5	290.0	6	38	8	27.3	3
36522	515.5	290.0	6	38	8	27.8	3
36528	515.5	290.0	6	38	8	28.1	3
36534	515.5	290.0	6	38	8	28.5	3
36540	515.5	290.0	6	38	8	28.3	3
36545	515.5	290.0	6	38	8	28.1	3
36552	515.5	290.0	6	38	8	27.9	3
36558	515.5	290.0	6	38	8	27.7	3
36563	515.5	290.0	6	38	8	27.5	3
36569	515.5	290.0	6	38	8	27.2	3
36575	515.5	290.0	6	38	8	27.0	3
36581	515.5	290.0	6	38	8	26.8	3
36588	515.5	290.0	6	38	8	26.5	3
36593	515.5	290.0	6	38	8	26.3	3
36600	515.5	290.0	6	38	8	26.1	3
36605	515.5	290.0	6	38	8	25.9	3
36611	515.5	290.0	6	38	8	25.7	3
36617	515.5	290.0	6	38	8	25.4	3
36623	515.5	290.0	6	38	8	25.2	3
36629	515.5	290.0	6	38	8	25.0	3
36635	515.5	290.0	6	38	8	24.8	3
36641	515.5	290.0	6	38	8	24.5	3
36647	515.5	290.0	6	38	7	24.3	3
36654	515.5	290.0	6	38	7	24.1	3
36659	515.5	290.0	6	38	7	23.9	3
36665	515.5	290.0	6	38	7	23.6	3
36671	515.5	290.0	6	38	7	23.4	3
36677	515.5	290.0	6	38	7	23.2	3
36683	515.5	290.0	6	38	7	23.0	3
36690	515.5	290.0	6	38	7	22.7	3
36695	515.5	290.0	6	38	7	22.5	3
36701	515.5	290.0	6	38	7	22.3	3
36707	515.5	290.0	6	38	7	22.1	3
36714	515.5	290.0	6	38	7	21.8	3
36720	515.5	290.0	6	38	7	21.6	3
36726	515.5	290.0	6	38	7	21.3	3
36733	515.5	290.0	6	38	7	21.1	3
36740	515.5	290.0	6	38	7	20.9	3
36745	515.5	290.0	6	38	7	20.6	3
36752	515.5	290.0	6	38	7	20.4	3
36758	515.5	290.0	6	38	7	20.2	3
36764	515.5	290.0	6	38	8	20.0	3
36770	515.5	290.0	6	37	8	19.7	3
36776	515.5	290.0	6	37	8	19.5	3
36782	515.5	290.0	6	37	8	19.3	3
36788	515.5	290.0	6	37	8	19.0	3
36793	515.5	290.0	6	37	8	18.8	3
36800	515.5	290.0	6	37	8	18.6	3
36806	515.5	290.0	6	37	8	18.4	3
36812	515.5	290.0	6	37	8	18.1	3
36818	515.5	290.0	6	37	8	17.9	3
36824	515.5	290.0	6	37	8	17.7	3
36830	515.5	290.0	6	37	8	17.5	3
36836	515.5	290.0	6	37	8	17.2	3
36842	515.5	290.0	6	37	8	17.0	3
36849	515.5	290.0	6	37	8	16.8	3
36855	515.5	290.0	6	37	8	16.5	3
36861	515.5	290.0	6	37	8	16.3	3
36867	515.5	290.0	6	37	8	16.1	3
36873	515.5	290.0	6	37	8	15.8	3
36878	515.5	290.0	6	38	8	15.6	3
36884	515.5	290.0	6	38	8	15.4	3
36890	515.5	290.0	6	38	8	15.2	3
36895	515.5	290.0	6	38	8	15.0	3
36902	515.5	290.0	6	38	8	14.8	3
36908	515.5	290.0	6	38	8	14.5	3
36913	515.5	290.0	6	38	8	14.3	3
36920	515.5	290.0	6	38	8	14.1	3
36926	515.5	290.0	6	38	8	13.8	3
36933	515.5	290.0	6	38	8	13.6	3
36939	515.5	290.0	6	38	8	13.4	3
36945	515.5	290.0	6	38	8	13.1	3
36951	515.5	290.0	6	38	8	12.9	3
36957	515.5	290.0	6	38	8	12.7	3
36963	515.5	290.0	6	38	8	12.5	3
36969	515.5	290.0	6	38	8	12.2	3
36975	515.5	290.0	6	38	8	12.0	3
36981	515.5	290.0	6	38	8	11.8	3
36988	515.5	290.0	6	38	8	11.5	3
36994	515.5	290.0	6	38	8	11.3	3
37001	515.5	290.0	6	38	8	11.0	3
37007	515.5	290.0	6	38	8	10.8	3
37013	515.5	290.0	6	38	8	10.6	3
37021	515.5	290.0	6	38	8	10.3	3
37028	515.5	290.0	6	38	8	10.0	3
37034	515.5	290.0	6	38	8	9.8	3
37040	515.5	290.0	6	38	8	10.3	3
37046	515.5	290.0	6	38	8	10.8	3
37052	515.5	290.0	6	38	8	11.3	3
37058	515.5	290.0	6	38	8	11.7	3
37064	515.5	290.0	6	38	8	12.1	3
37070	515.5	290.0	6	38	8	12.5	3
37075	515.5	290.0	6	38	8	12.9	3
37082	515.5	290.0	6	38	8	13.3	3
37088	515.5	290.0	6	38	8	13.7	3
37093	515.5	290.0	6	38	8	14.0	3
37100	515.5	290.0	6	38	8	14.3	3
37106	515.5	290.0	6	38	8	14.6	3
37111	515.5	290.0	6	38	8	14.9	3
37118	515.5	290.0	6	38	8	15.2	3
37124	515.5	290.0	6	38	8	15.5	3
37130	515.5	290.0	6	38	8	15.7	3
37136	515.5	290.0	6	38	8	15.9	3
37142	515.5	290.0	6	38	8	16.1	3
37147	515.5	290.0	6	38	8	16.3	3
37153	515.5	290.0	6	38	8	16.5	3
37158	515.5	290.0	6	38	8	16.7	3
37163	515.5	290.0	6	38	8	16.8	3
37169	515.5	290.0	6	38	7	17.0	3
37175	515.5	290.0	6	38	7	17.1	3
37182	515.5	290.0	6	38	7	16.9	3
37188	515.5	290.0	6	38	7	16.6	3
37193	515.5	290.0	6	38	7	16.4	3
37199	515.5	290.0	6	38	7	16.2	3
37204	515.5	290.0	6	38	7	16.0	3
37210	515.5	290.0	6	38	7	15.8	3
37216	515.5	290.0	6	38	7	15.6	3
37222	515.5	290.0	6	38	7	15.3	3
37228	515.5	290.0	6	38	7	15.1	3
37234	515.5	290.0	6	38	7	14.9	3
37239	515.5	290.0	6	38	7	14.7	3
37245	515.5	290.0	6	38	7	14.5	3
37251	515.5	290.0	6	38	7	14.2	3
37257	515.5	290.0	6	38	7	14.0	3
37262	515.5	290.0	5	38	7	13.8	3
37268	515.5	290.0	5	38	7	13.6	3
37274	515.5	290.0	5	38	7	13.4	3
37281	515.5	290.0	5	38	7	13.1	3
37287	515.5	290.0	5	38	7	12.9	3
37292	515.5	290.0	5	38	7	12.7	3
37299	515.5	290.0	5	38	7	12.4	3
37305	515.5	290.0	5	39	8	12.2	3
37311	515.5	290.0	5	38	8	12.0	3
37318	515.5	290.0	5	38	8	11.7	3
37324	515.5	290.0	5	38	8	11.5	3
37330	515.5	290.0	5	38	8	11.2	3
37337	515.5	290.0	5	38	8	11.0	3
37342	515.5	290.0	5	38	8	10.8	3
37349	515.5	290.0	5	38	8	10.5	3
37356	515.5	290.0	5	38	8	10.3	3
37361	515.5	290.0	5	38	8	10.1	3
37368	515.5	290.0	5	38	8	9.8	3
37374	515.5	290.0	5	38	8	9.6	3
37380	515.5	290.0	5	38	8	9.4	3
37386	515.5	290.0	5	38	8	9.1	3
37391	515.5	290.0	5	38	8	8.9	3
37398	515.5	290.0	5	38	8	8.7	3
37404	515.5	290.0	5	38	8	8.4	3
37409	515.5	290.0	5	38	8	8.2	3
37417	515.5	290.0	5	38	8	8.0	3
37423	515.5	290.0	5	38	8	7.7	3
37428	515.5	290.0	5	38	8	7.5	3
37436	515.5	290.0	5	38	8	7.2	3
37441	515.5	290.0	5	38	8	7.0	3
37448	515.5	290.0	5	38	8	6.8	3
37455	515.5	290.0	5	38	8	6.5	3
37460	515.5	290.0	5	38	8	6.3	3
37467	515.5	290.0	5	38	8	6.0	3
37473	515.5	290.0	5	38	8	5.8	3
37479	515.5	290.0	5	38	8	5.6	3
37486	515.5	290.0	5	38	8	5.3	3
37492	515.5	290.0	5	38	8	5.1	3
37499	515.5	290.0	5	38	8	4.9	3
37505	515.5	290.0	5	38	8	4.9	3
37511	515.5	290.0	5	38	8	4.9	3
37520	515.5	290.0	5	38	8	4.9	3
37528	515.5	290.0	5	38	8	4.9	3
37538	515.5	290.0	5	38	8	4.9	3
37544	515.5	290.0	5	38	8	4.9	3
37552	515.5	290.0	5	38	8	4.9	3
37558	515.5	290.0	5	38	8	4.9	3
37563	515.5	290.0	5	38	8	4.9	3
37569	515.5	290.0	5	38	8	4.9	3
37575	515.5	290.0	5	38	8	4.9	3
37581	515.5	290.0	5	38	8	4.9	3
37587	515.5	290.0	5	38	8	4.9	3
37593	515.5	290.0	5	38	8	4.9	3
37598	515.5	290.0	5	38	8	4.9	3
37604	515.5	290.0	5	38	8	4.9	3
37610	515.5	290.0	5	38	8	4.9	3
37616	515.5	290.0	5	38	8	4.9	3
37622	515.5	290.0	5	39	8	4.9	3
37627	515.5	290.0	5	39	8	4.9	3
37633	515.5	290.0	5	39	8	4.9	3
37640	515.5	290.0	5	39	8	4.9	3
37647	515.5	290.0	5	39	8	4.9	3
37655	515.5	290.0	5	39	8	4.9	3
37663	515.5	290.0	5	39	8	4.9	3
37672	515.5	290.0	5	39	8	4.9	3
37681	515.5	290.0	5	39	8	4.9	3
37690	515.5	290.0	5	39	8	4.9	3
37698	515.5	290.0	5	39	8	4.9	3
37705	515.5	290.0	5	39	8	4.9	3
37712	515.5	290.0	5	39	7	4.9	3
37719	515.5	290.0	5	39	7	4.9	3
37725	515.5	290.0	5	39	7	4.9	3
37731	515.5	290.0	5	39	7	4.9	3
37737	515.5	290.0	5	39	7	4.9	3
37742	515.5	290.0	5	39	7	4.9	3
37749	515.5	290.0	5	39	7	4.9	3
37755	515.5	290.0	5	39	7	4.9	3
37760	515.5	290.0	5	39	7	4.9	3
37767	515.5	290.0	5	39	7	4.9	3
37772	515.5	290.0	5	39	7	4.9	3
37778	515.5	290.0	5	39	7	4.9	3
37784	515.5	290.0	5	39	7	4.9	3
37790	515.5	290.0	5	39	7	4.9	3
37795	515.5	290.0	5	39	7	4.9	3
37801	515.5	290.0	5	39	7	4.9	3
37808	515.5	290.0	5	39	7	4.9	3
37815	515.5	290.0	5	39	7	4.9	3
37821	515.5	290.0	5	39	7	4.9	3
37827	515.5	290.0	5	39	7	4.9	3
37835	515.5	290.0	5	39	7	4.9	3
37843	515.5	290.0	5	39	7	4.9	3
37851	515.5	290.0	5	39	8	4.9	3
37857	515.5	290.0	5	38	8	4.9	3
37863	515.5	290.0	5	38	8	4.9	3
37869	515.5	290.0	5	38	8	4.9	3
37875	515.5	290.0	5	38	8	4.9	3
37881	515.5	290.0	5	38	8	4.9	3
37887	515.5	290.0	5	38	8	4.9	3
37892	515.5	290.0	5	38	8	4.9	3
37899	515.5	290.0	5	38	8	4.9	3
37905	515.5	290.0	5	38	8	4.9	3
37910	515.5	290.0	5	38	8	4.9	3
37916	515.5	290.0	5	38	8	4.9	3
37922	515.5	290.0	5	38	8	4.9	3
37928	515.5	290.0	5	38	8	4.9	3
37936	515.5	290.0	5	38	8	4.9	3
37942	515.5	290.0	5	38	8	4.9	3
37949	515.5	290.0	5	38	8	4.9	3
37956	515.5	290.0	5	38	8	4.9	3
37963	515.5	290.0	5	38	8	4.9	3
37970	515.5	290.0	5	38	8	4.9	3
37976	515.5	290.0	5	38	8	4.9	3
37983	515.5	290.0	5	38	8	4.9	3
37990	515.5	290.0	5	38	8	4.9	3
37996	515.5	290.0	5	39	8	4.9	3
38004	515.5	290.0	5	39	8	4.9	3
38010	515.5	290.0	5	39	8	4.9	3
38017	515.5	290.0	5	39	8	4.9	3
38023	515.5	290.0	5	39	8	4.9	3
38031	515.5	290.0	5	39	8	4.9	3
38038	515.5	290.0	5	39	8	4.9	3
38044	515.5	290.0	5	39	8	4.9	3
38051	515.5	290.0	5	39	8	4.9	3
38058	515.5	290.0	5	39	8	4.9	3
38064	515.5	290.0	5	39	8	4.9	3
38071	515.5	290.0	5	39	8	4.9	3
38077	515.5	290.0	5	39	8	4.9	3
38085	515.5	290.0	5	39	8	4.9	3
38091	515.5	290.0	5	39	8	4.9	3
38098	515.5	290.0	5	39	8	4.9	3
38104	515.5	290.0	5	39	8	4.9	3
38110	515.5	290.0	5	39	8	4.9	3
38117	515.5	290.0	5	39	8	4.9	3
38123	515.5	290.0	5	39	8	4.9	3
38129	515.5	290.0	5	39	8	5.0	3
38136	515.5	290.0	5	39	8	5.0	3
38141	515.5	290.0	5	39	8	5.0	3
38148	515.5	290.0	5	39	8	5.0	3
38154	515.5	290.0	5	39	8	5.0	3
38161	515.5	290.0	5	39	8	5.0	3
38168	515.5	290.0	5	39	8	5.0	3
38174	515.5	290.0	5	39	8	5.0	3
38181	515.5	290.0	5	39	8	5.0	3
38187	515.5	290.0	5	39	8	5.0	3
38193	515.5	290.0	5	39	8	5.0	3
38199	515.5	290.0	5	39	8	5.0	3
38205	515.5	290.0	5	39	8	5.0	3
38210	515.5	290.0	5	39	8	5.0	3
38216	515.5	290.0	5	39	8	5.0	3
38221	515.5	290.0	5	39	8	5.0	3
38227	515.5	290.0	5	39	8	5.0	3
38232	515.5	290.0	5	39	8	5.0	3
38238	515.5	290.0	5	39	8	5.0	3
38243	515.5	290.0	5	39	8	5.0	3
38249	515.5	290.0	5	39	8	5.0	3
38255	515.5	290.0	5	39	7	5.0	3
38260	515.5	290.0	5	39	7	5.0	3
38266	515.5	290.0	5	39	7	5.0	3
38272	515.5	290.0	5	39	7	5.0	3
38277	515.5	290.0	5	39	7	5.0	3
38283	515.5	290.0	5	39	7	5.0	3
38289	515.5	290.0	5	39	7	5.0	3
38294	515.5	290.0	5	39	7	5.0	3
38300	515.5	290.0	5	39	7	5.0	3
38306	515.5	290.0	5	39	7	5.0	3
38311	515.5	290.0	5	39	7	5.0	3
38317	515.5	290.0	5	39	7	5.0	3
38323	515.5	290.0	5	39	7	5.0	3
38329	515.5	290.0	5	39	7	5.0	3
38335	515.5	290.0	5	39	7	5.0	3
38341	515.5	290.0	5	39	7	5.0	3
38347	515.5	290.0	5	39	7	5.0	3
38353	515.5	290.0	5	39	7	5.0	3
38358	515.5	290.0	5	39	7	5.0	3
38365	515.5	290.0	5	39	7	5.0	3
38371	515.5	290.0	5	39	7	5.0	3
38377	515.5	290.0	5	40	7	5.0	3
38383	515.5	290.0	5	40	7	5.0	3
38388	515.5	290.0	5	40	7	5.0	3
38394	515.5	290.0	5	40	7	5.0	3
38400	515.5	290.0	5	40	7	5.0	3
38406	515.5	290.0	5	40	7	5.0	3
38412	515.5	290.0	5	40	7	5.0	3
38418	515.5	290.0	4	40	7	5.0	3
38424	515.5	290.0	4	40	7	5.0	3
38429	515.5	290.0	4	40	7	5.0	3
38436	515.5	290.0	4	40	7	5.0	3
38442	515.5	290.0	4	40	7	5.0	3
38448	515.5	290.0	4	40	7	5.0	3
38454	515.5	290.0	4	40	7	5.0	3
38460	515.5	290.0	4	40	7	5.0	3
38466	515.5	290.0	4	40	7	5.0	3
38471	515.5	290.0	4	40	7	5.0	3
38477	515.5	290.0	4	40	7	5.0	3
38483	515.5	290.0	4	40	7	5.0	3
38489	515.5	290.0	4	40	7	5.0	3
38494	515.5	290.0	4	40	7	5.0	3
38501	515.5	290.0	4	40	7	5.0	3
38507	515.5	290.0	4	40	7	5.0	3
38513	515.5	290.0	4	40	7	5.0	3
38519	515.5	290.0	4	40	7	5.0	3
38525	515.5	290.0	4	40	7	5.0	3
38531	515.5	290.0	4	40	7	5.0	3
38538	515.5	290.0	4	40	7	5.0	3
38544	515.5	290.0	4	40	7	5.0	3
38553	515.5	290.0	4	40	7	5.0	3
38560	515.5	290.0	4	40	7	5.0	3
38569	515.5	290.0	4	40	7	5.0	3
38577	515.5	290.0	4	40	7	5.0	3
38587	515.5	290.0	4	40	7	5.0	3
38594	515.5	290.0	4	40	7	5.0	3
38603	515.5	290.0	4	40	7	5.0	3
38609	515.5	290.0	4	40	7	5.0	3
38615	515.5	290.0	4	40	7	5.0	3
38621	515.5	290.0	4	40	7	5.0	3
38627	515.5	290.0	4	40	7	5.0	3
38634	515.5	290.0	4	40	7	5.0	3
38640	515.5	290.0	4	40	7	5.0	3
38645	515.5	290.0	4	40	7	5.0	3
38652	515.5	290.0	4	40	7	5.0	3
38658	515.5	290.0	4	40	7	5.0	3
38664	515.5	290.0	4	40	8	5.0	3
38670	515.5	290.0	4	39	8	5.0	3
38675	515.5	290.0	4	39	8	5.0	3
38681	515.5	290.0	4	39	8	5.0	3
38688	515.5	290.0	4	39	8	5.0	3
38693	515.5	290.0	4	39	8	5.0	3
38699	515.5	290.0	4	39	8	5.0	3
38705	515.5	290.0	4	39	8	5.0	3
38711	515.5	290.0	4	39	8	5.0	3
38717	515.5	290.0	4	39	8	5.0	3
38723	515.5	290.0	4	39	8	5.0	3
38728	515.5	290.0	4	39	8	5.0	3
38734	515.5	290.0	4	39	8	5.0	3
38740	515.5	290.0	4	39	8	5.0	3
38745	515.5	290.0	4	39	8	5.0	3
38751	515.5	290.0	4	39	8	5.0	3
38758	515.5	290.0	4	39	8	5.0	3
38764	515.5	290.0	4	39	8	5.0	3
38771	515.5	290.0	4	39	8	4.8	3
38777	515.5	290.0	4	40	8	4.8	3
38783	515.5	290.0	4	40	8	4.8	3
38789	515.5	290.0	4	40	8	4.9	3
38795	515.5	290.0	4	40	8	4.9	3
38802	515.5	290.0	4	40	8	4.9	3
38807	515.5	290.0	4	40	8	4.9	3
38813	515.5	290.0	4	40	8	5.0	3
38819	515.5	290.0	4	40	8	5.0	3
38825	515.5	290.0	4	40	8	5.0	3
38830	515.5	290.0	4	40	8	4.8	3
38837	515.5	290.0	4	40	8	4.9	3
38843	515.5	290.0	4	40	8	4.9	3
38849	515.5	290.0	4	40	8	4.9	3
38855	515.5	290.0	4	40	8	4.9	3
38861	515.5	290.0	4	40	8	4.9	3
38867	515.5	290.0	4	40	8	4.9	3
38872	515.5	290.0	4	40	8	5.0	3
38878	515.5	290.0	4	40	8	5.0	3
38884	515.5	290.0	4	40	8	5.0	3
38889	515.5	290.0	4	40	8	5.0	3
38895	515.5	290.0	4	40	8	4.8	3
38901	515.5	290.0	4	40	8	4.8	3
38907	515.5	290.0	4	40	8	4.9	3
38913	515.5	290.0	4	40	8	4.9	3
38919	515.5	290.0	4	40	8	4.9	3
38924	515.5	290.0	4	40	8	4.9	3
38930	515.5	290.0	4	40	8	4.9	3
38936	515.5	290.0	4	40	9	5.0	3
38942	515.5	290.0	4	39	9	5.0	3
38948	515.5	290.0	4	39	9	5.0	3
38954	515.5	290.0	4	39	9	5.0	3
38960	515.5	290.0	4	39	9	5.0	3
38966	515.5	290.0	4	39	9	5.0	3
38972	515.5	290.0	4	39	9	5.0	3
38978	515.5	290.0	4	39	9	5.0	3
38984	515.5	290.0	4	39	9	5.0	3
38989	515.5	290.0	4	39	9	5.0	3
38995	515.5	290.0	4	39	9	5.0	3
39001	515.5	290.0	4	39	9	5.0	3
39007	515.5	290.0	4	39	9	5.0	3
39012	515.5	290.0	4	39	9	5.0	3
39019	515.5	290.0	4	39	9	5.0	3
39024	515.5	290.0	4	39	9	5.0	3
39030	515.5	290.0	4	39	9	5.0	3
39036	515.5	290.0	4	39	9	5.0	3
39042	515.5	290.0	4	39	9	5.0	3
39047	515.5	290.0	4	39	9	5.0	3
39053	515.5	290.0	4	39	9	5.0	3
39059	515.5	290.0	4	39	9	5.0	3
39065	515.5	290.0	4	39	8	5.0	3
39071	515.5	290.0	4	39	8	5.0	3
39076	515.5	290.0	4	39	8	5.0	3
39082	515.5	290.0	4	39	8	5.0	3
39088	515.5	290.0	4	40	8	5.0	3
39093	515.5	290.0	4	40	8	5.0	3
39100	515.5	290.0	4	40	8	5.0	3
39105	515.5	290.0	4	40	8	5.0	3
39111	515.5	290.0	4	40	8	5.0	3
39117	515.5	290.0	4	40	8	5.0	3
39123	515.5	290.0	4	40	8	5.0	3
39128	515.5	290.0	4	40	8	5.0	3
39135	515.5	290.0	4	40	8	5.0	3
39140	515.5	290.0	4	40	8	5.0	3
39146	515.5	290.0	4	40	8	5.0	3
39152	515.5	290.0	4	40	8	5.0	3
39158	515.5	290.0	4	40	8	5.0	3
39163	515.5	290.0	4	40	8	5.0	3
39169	515.5	290.0	4	40	8	5.0	3
39175	515.5	290.0	4	40	8	5.0	3
39181	515.5	290.0	4	40	8	5.0	3
39187	515.5	290.0	4	40	8	5.0	3
39192	515.5	290.0	4	40	8	5.0	3
39198	515.5	290.0	4	40	8	5.0	3
39204	515.5	290.0	4	40	8	5.0	3
39209	515.5	290.0	4	40	9	12.8	3
39216	515.5	290.0	4	39	9	12.5	3
39222	515.5	290.0	4	39	9	12.3	3
39228	515.5	290.0	4	39	9	12.0	3
39235	515.5	290.0	4	39	9	11.7	3
39241	515.5	290.0	4	39	9	11.5	3
39247	515.5	290.0	4	39	9	11.2	3
39254	515.5	290.0	4	39	9	10.9	3
39259	515.5	290.0	4	39	9	10.7	3
39265	515.5	290.0	4	39	9	10.4	3
39271	515.5	290.0	4	39	9	10.2	3
39276	515.5	290.0	4	39	9	10.0	3
39282	515.5	290.0	4	39	9	9.7	3
39288	515.5	290.0	4	39	9	9.5	3
39293	515.5	290.0	4	39	9	9.3	3
39299	515.5	290.0	4	39	9	9.0	3
39305	515.5	290.0	4	39	9	8.8	3
39310	515.5	290.0	4	39	9	8.6	3
39317	515.5	290.0	4	39	9	8.3	3
39323	515.5	290.0	4	39	9	8.0	3
39329	515.5	290.0	4	39	9	7.8	3
39335	515.5	290.0	4	39	9	7.5	3
39341	515.5	290.0	4	39	8	7.2	3
39348	515.5	290.0	4	39	8	7.0	3
39354	515.5	290.0	4	39	8	6.7	3
39360	515.5	290.0	4	39	8	6.4	3
39366	515.5	290.0	4	39	8	6.2	3
39372	515.5	290.0	4	39	8	5.9	3
39378	515.5	290.0	4	39	8	5.7	3
39385	515.5	290.0	4	39	8	5.4	3
39391	515.5	290.0	4	39	8	5.1	3
39397	515.5	290.0	4	39	8	4.9	3
39403	515.5	290.0	4	39	8	4.9	3
39409	515.5	290.0	4	39	8	4.9	3
39415	515.5	290.0	4	39	8	4.9	3
39421	515.5	290.0	4	39	8	4.9	3
39426	515.5	290.0	4	39	8	4.9	3
39432	515.5	290.0	4	39	8	4.9	3
39438	515.5	290.0	4	39	8	4.9	3
39444	515.5	290.0	4	39	8	4.9	3
39450	515.5	290.0	4	39	8	4.9	3
39456	515.5	290.0	4	39	8	4.9	3
39462	515.5	290.0	4	39	8	4.9	3
39468	515.5	290.0	4	39	8	4.9	3
39473	515.5	290.0	4	39	8	4.9	3
39479	515.5	290.0	4	39	8	4.9	3
39485	515.5	290.0	4	39	8	4.9	3
39490	515.5	290.0	4	39	8	4.9	3
39496	515.5	290.0	4	39	8	4.9	3
39502	515.5	290.0	4	39	8	4.9	3
39507	515.5	290.0	4	39	8	4.9	3
39513	515.5	290.0	4	40	8	4.9	3
39519	515.5	290.0	4	40	8	4.9	3
39524	515.5	290.0	4	40	8	4.9	3
39530	515.5	290.0	4	40	8	4.9	3
39537	515.5	290.0	4	40	8	4.9	3
39542	515.5	290.0	4	40	8	4.9	3
39548	515.5	290.0	4	40	8	4.9	3
39555	515.5	290.0	4	40	8	4.9	3
39561	515.5	290.0	4	40	8	4.9	3
39568	515.5	290.0	4	40	8	4.9	3
39574	515.5	290.0	4	40	8	4.9	3
39580	515.5	290.0	4	40	8	4.9	3
39587	515.5	290.0	4	40	8	4.9	3
39594	515.5	290.0	4	40	8	4.9	3
39600	515.5	290.0	4	40	8	4.9	3
39606	515.5	290.0	4	40	8	4.9	3
39612	515.5	290.0	4	40	7	4.9	3
39619	515.5	290.0	4	40	7	4.9	3
39625	515.5	290.0	4	40	7	4.9	3
39630	515.5	290.0	4	40	7	4.9	3
39636	515.5	290.0	4	40	7	4.9	3
39642	515.5	290.0	4	40	7	4.9	3
39649	515.5	290.0	4	40	7	4.9	3
39655	515.5	290.0	4	40	7	4.9	3
39661	515.5	290.0	4	40	7	4.9	3
39667	515.5	290.0	4	40	7	4.9	3
39673	515.5	290.0	4	40	7	4.9	3
39679	515.5	290.0	4	40	7	4.9	3
39687	515.5	290.0	4	40	7	4.9	3
39692	515.5	290.0	4	40	7	4.9	3
39699	515.5	290.0	4	40	7	4.9	3
39706	515.5	290.0	4	40	7	4.9	3
39712	515.5	290.0	4	40	7	4.9	3
39719	515.5	290.0	4	40	7	4.9	3
39725	515.5	290.0	4	40	7	4.9	3
39731	515.5	290.0	4	40	7	4.9	3
39738	515.5	290.0	4	40	7	4.9	3
39744	515.5	290.0	4	40	7	4.9	3
39752	515.5	290.0	4	40	8	4.9	3
39757	515.5	290.0	4	39	8	4.9	3
39763	515.5	290.0	4	39	8	4.9	3
39769	515.5	290.0	4	39	8	4.9	3
39775	515.5	290.0	4	39	8	4.9	3
39780	515.5	290.0	4	39	8	4.9	3
39786	515.5	290.0	4	39	8	4.9	3
39792	515.5	290.0	4	39	8	4.9	3
39798	515.5	290.0	4	39	8	4.9	3
39804	515.5	290.0	4	39	8	4.9	3
39810	515.5	290.0	4	39	8	4.9	3
39815	515.5	290.0	4	39	8	4.9	3
39821	515.5	290.0	4	39	8	4.9	3
39827	515.5	290.0	4	40	8	4.9	3
39833	515.5	290.0	4	40	8	4.9	3
39839	515.5	290.0	4	40	8	4.9	3
39844	515.5	290.0	4	40	8	4.9	3
39851	515.5	290.0	4	40	8	4.9	3
39857	515.5	290.0	4	40	8	4.9	3
39863	515.5	290.0	4	40	8	4.9	3
39873	515.5	290.0	3	40	8	4.9	3
39879	515.5	290.0	3	40	8	4.9	3
39887	515.5	290.0	3	40	8	4.9	3
39893	515.5	290.0	3	40	8	4.9	3
39899	515.5	290.0	3	40	8	4.9	3
39906	515.5	290.0	3	40	8	4.9	3
39911	515.5	290.0	3	40	8	4.9	3
39921	515.5	290.0	3	40	8	4.9	3
39927	515.5	290.0	3	40	8	4.9	3
39934	515.5	290.0	3	40	8	4.9	3
39941	515.5	290.0	3	40	8	4.9	3
39946	515.5	290.0	3	40	8	4.9	3
39953	515.5	290.0	3	40	8	4.9	3
39959	515.5	290.0	3	40	8	4.9	3
39964	515.5	290.0	3	40	8	4.9	3
39971	515.5	290.0	3	40	8	4.9	3
39976	515.5	290.0	3	40	8	4.9	3
39983	515.5	290.0	3	40	8	4.9	3
39989	515.5	290.0	3	40	8	4.9	3
39994	515.5	290.0	3	40	8	4.9	3
40001	515.5	290.0	3	40	8	4.9	3
40007	515.5	290.0	3	40	8	4.9	3
40013	515.5	290.0	3	40	8	4.9	3
40019	515.5	290.0	3	40	8	4.9	3
40024	515.5	290.0	3	40	8	4.9	3
40030	515.5	290.0	3	40	8	5.6	3
40036	515.5	290.0	3	40	8	6.1	3
40042	515.5	290.0	3	40	8	6.5	3
40047	515.5	290.0	3	40	8	6.9	3
40054	515.5	290.0	3	40	8	7.3	3
40059	515.5	290.0	3	40	8	7.7	3
40066	515.5	290.0	3	40	8	8.1	3
40072	515.5	290.0	3	40	8	8.4	3
40077	515.5	290.0	3	40	8	8.7	3
40084	515.5	290.0	3	40	8	9.1	3
40090	515.5	290.0	3	40	8	9.4	3
40096	515.5	290.0	3	40	8	9.6	3
40102	515.5	290.0	3	40	8	9.9	3
40108	515.5	290.0	3	40	8	10.1	3
40114	515.5	290.0	3	40	8	10.4	3
40120	515.5	290.0	3	40	8	10.6	3
40126	515.5	290.0	3	40	8	10.8	3
40131	515.5	290.0	3	40	8	11.0	3
40138	515.5	290.0	3	40	8	11.2	3
40144	515.5	290.0	3	40	8	11.3	3
40151	515.5	290.0	3	40	8	11.5	3
40157	515.5	290.0	3	40	7	11.7	3
40163	515.5	290.0	3	40	7	11.8	3
40169	515.5	290.0	3	40	7	11.9	3
40175	515.5	290.0	3	40	7	12.0	3
40181	515.5	290.0	3	40	7	12.1	3
40187	515.5	290.0	3	40	7	12.2	3
40192	515.5	290.0	3	40	7	12.3	3
40198	515.5	290.0	3	40	7	12.3	3
40206	515.5	290.0	3	40	7	12.4	3
40211	515.5	290.0	3	41	7	12.4	3
40218	515.5	290.0	3	41	7	12.5	3
40224	515.5	290.0	3	41	7	12.5	3
40231	515.5	290.0	3	41	7	12.5	3
40238	515.5	290.0	3	41	7	12.5	3
40244	515.5	290.0	3	41	7	12.5	3
40251	515.5	290.0	3	41	7	12.5	3
40257	515.5	290.0	3	41	7	12.5	3
40264	515.5	290.0	3	41	7	12.5	3
40270	515.5	290.0	3	41	7	12.5	3
40276	515.5	290.0	3	41	7	12.4	3
40282	515.5	290.0	3	41	7	12.4	3
40288	515.5	290.0	3	41	7	12.3	3
40294	515.5	290.0	3	41	7	12.3	3
40300	515.5	290.0	3	41	7	12.2	3
40306	515.5	290.0	3	41	7	12.1	3
40311	515.5	290.0	3	41	7	12.1	3
40318	515.5	290.0	3	41	7	12.0	3
40324	515.5	290.0	3	41	7	11.9	3
40330	515.5	290.0	3	41	7	11.8	3
40337	515.5	290.0	3	41	7	11.7	3
40343	515.5	290.0	3	41	7	11.6	3
40351	515.5	290.0	3	41	7	11.5	3
40358	515.5	290.0	3	41	7	11.3	3
40364	515.5	290.0	3	41	7	11.2	3
40372	515.5	290.0	3	41	7	11.1	3
40378	515.5	290.0	3	41	7	10.9	3
40384	515.5	290.0	3	41	7	10.8	3
40389	515.5	290.0	3	41	7	10.7	3
40395	515.5	290.0	3	41	7	10.6	3
40401	515.5	290.0	3	41	7	10.4	3
40408	515.5	290.0	3	41	7	10.3	3
40413	515.5	290.0	3	41	7	10.1	3
40420	515.5	290.0	3	41	7	10.0	3
40425	515.5	290.0	3	41	7	9.8	3
40432	515.5	290.0	3	41	7	9.7	3
40438	515.5	290.0	3	41	7	9.5	3
40443	515.5	290.0	3	41	7	9.4	3
40449	515.5	290.0	3	41	7	9.2	3
40455	515.5	290.0	3	41	7	9.0	3
40461	515.5	290.0	3	41	7	8.9	3
40468	515.5	290.0	3	41	7	8.7	3
40474	515.5	290.0	3	41	7	8.5	3
40481	515.5	290.0	3	41	7	8.3	3
40489	515.5	290.0	3	41	7	8.1	3
40495	515.5	290.0	3	41	7	7.9	3
40501	515.5	290.0	3	41	7	7.7	3
40507	515.5	290.0	3	41	7	7.5	3
40514	515.5	290.0	3	41	7	7.3	3
40520	515.5	290.0	3	41	7	7.1	3
40526	515.5	290.0	3	41	7	6.9	3
40533	515.5	290.0	3	41	7	6.7	3
40540	515.5	290.0	3	41	7	6.5	3
40546	515.5	290.0	3	41	7	6.3	3
40556	515.5	290.0	3	41	7	6.0	3
40563	515.5	290.0	3	41	7	5.7	3
40573	515.5	290.0	3	41	7	5.4	3
40579	515.5	290.0	3	41	7	5.1	3
40588	515.5	290.0	3	41	7	4.9	3
40593	515.5	290.0	3	42	7	4.9	3
40600	515.5	290.0	3	42	7	5.0	3
40606	515.5	290.0	3	42	7	5.0	3
40612	515.5	290.0	3	42	7	4.8	3
40618	515.5	290.0	3	42	7	4.8	3
40624	515.5	290.0	3	42	7	4.9	3
40629	515.5	290.0	3	42	7	4.9	3
40636	515.5	290.0	3	42	7	5.0	3
40642	515.5	290.0	3	42	7	5.0	3
40648	515.5	290.0	3	42	7	5.0	3
40653	515.5	290.0	3	42	7	4.8	3
40659	515.5	290.0	3	42	7	4.8	3
40665	515.5	290.0	3	42	7	4.9	3
40671	515.5	290.0	3	42	7	4.9	3
40676	515.5	290.0	3	42	7	4.9	3
40682	515.5	290.0	3	42	7	4.9	3
40687	515.5	290.0	3	42	7	5.0	3
40692	515.5	290.0	3	42	7	5.0	3
40699	515.5	290.0	3	42	7	5.0	3
40705	515.5	290.0	3	42	7	4.8	3
40711	515.5	290.0	3	42	7	4.8	3
40719	515.5	290.0	3	42	7	4.8	3
40726	515.5	290.0	3	42	7	4.9	3
40733	515.5	290.0	3	42	7	4.9	3
40740	515.5	290.0	3	42	7	4.9	3
40746	515.5	290.0	3	42	7	4.9	3
40753	515.5	290.0	3	42	7	5.0	3
40759	515.5	290.0	3	42	7	5.0	3
40765	515.5	290.0	3	42	7	5.0	3
40771	515.5	290.0	3	42	7	4.7	3
40776	515.5	290.0	3	42	7	4.8	3
40783	515.5	290.0	3	42	7	4.8	3
40788	515.5	290.0	3	42	7	4.8	3
40794	515.5	290.0	3	42	7	4.8	3
40800	515.5	290.0	3	42	7	4.8	3
40806	515.5	290.0	3	42	7	4.8	3
40811	515.5	290.0	3	42	7	4.9	3
40818	515.5	290.0	3	42	7	4.9	3
40824	515.5	290.0	3	42	7	4.9	3
40830	515.5	290.0	3	42	7	4.9	3
40836	515.5	290.0	3	42	7	4.9	3
40842	515.5	290.0	3	42	7	4.9	3
40849	515.5	290.0	3	42	7	4.9	3
40855	515.5	290.0	3	42	7	5.0	3
40861	515.5	290.0	3	42	7	5.0	3
40868	515.5	290.0	3	42	7	5.0	3
40873	515.5	290.0	2	42	7	5.0	3
40879	515.5	290.0	2	42	7	5.0	3
40886	515.5	290.0	2	42	7	5.0	3
40891	515.5	290.0	2	42	7	4.8	3
40897	515.5	290.0	2	42	7	4.8	3
40903	515.5	290.0	2	42	7	4.8	3
40909	515.5	290.0	2	42	7	4.8	3
40915	515.5	290.0	2	42	7	4.8	3
40921	515.5	290.0	2	42	7	4.8	3
40926	515.5	290.0	2	42	7	4.8	3
40932	515.5	290.0	2	42	7	4.8	3
40938	515.5	290.0	2	42	7	4.9	3
40944	515.5	290.0	2	42	7	4.9	3
40950	515.5	290.0	2	42	7	4.9	3
40955	515.5	290.0	2	42	7	4.9	3
40961	515.5	290.0	2	42	7	4.9	3
40967	515.5	290.0	2	42	7	4.9	3
40973	515.5	290.0	2	42	7	4.9	3
40978	515.5	290.0	2	42	7	4.9	3
40985	515.5	290.0	2	43	7	4.9	3
40990	515.5	290.0	2	43	7	4.9	3
40996	515.5	290.0	2	43	7	4.9	3
41002	515.5	290.0	2	43	7	4.9	3
41008	515.5	290.0	2	43	7	4.9	3
41015	515.5	290.0	2	43	7	4.9	3
41021	515.5	290.0	2	43	7	4.9	3
41026	515.5	290.0	2	43	7	4.9	3
41033	515.5	290.0	2	43	7	5.0	3
41039	515.5	290.0	2	43	7	5.0	3
41044	515.5	290.0	2	43	7	5.0	3
41050	515.5	290.0	2	43	7	5.0	3
41056	515.5	290.0	2	43	7	5.0	3
41061	515.5	290.0	2	43	7	5.0	3
41067	515.5	290.0	2	43	7	5.0	3
41073	515.5	290.0	2	43	7	5.0	3
41078	515.5	290.0	2	43	7	5.0	3
41085	515.5	290.0	2	43	7	5.0	3
41090	515.5	290.0	2	43	7	5.0	3
41096	515.5	290.0	2	43	7	5.0	3
41102	515.5	290.0	2	43	7	5.0	3
41108	515.5	290.0	2	43	8	5.0	3
41113	515.5	290.0	2	42	8	5.0	3
41119	515.5	290.0	2	42	8	5.0	3
41125	515.5	290.0	2	42	8	5.0	3
41130	515.5	290.0	2	42	8	5.0	3
41137	515.5	290.0	2	42	8	5.0	3
41142	515.5	290.0	2	42	8	5.0	3
41148	515.5	290.0	2	42	8	5.0	3
41155	515.5	290.0	2	42	8	5.0	3
41160	515.5	290.0	2	42	8	5.0	3
41166	515.5	290.0	2	42	8	5.0	3
41172	515.5	290.0	2	42	8	5.0	3
41178	515.5	290.0	2	42	8	5.0	3
41184	515.5	290.0	2	42	8	5.0	3
41190	515.5	290.0	2	42	8	5.0	3
41195	515.5	290.0	2	42	8	5.0	3
41201	515.5	290.0	2	42	8	5.0	3
41206	515.5	290.0	2	42	8	5.0	3
41212	515.5	290.0	2	42	8	5.0	3
41218	515.5	290.0	2	42	8	5.0	3
41224	515.5	290.0	2	42	8	5.0	3
41230	515.5	290.0	2	42	8	5.0	3
41236	515.5	290.0	2	42	8	5.0	3
41241	515.5	290.0	2	42	8	5.0	3
41247	515.5	290.0	2	42	8	5.0	3
41253	515.5	290.0	2	42	8	5.0	3
41258	515.5	290.0	2	42	8	5.0	3
41264	515.5	290.0	2	42	8	5.0	3
41270	515.5	290.0	2	42	8	5.0	3
41275	515.5	290.0	2	42	8	5.0	3
41281	515.5	290.0	2	42	8	4.9	3
41287	515.5	290.0	2	42	8	4.9	3
41292	515.5	290.0	2	42	8	4.9	3
41299	515.5	290.0	2	43	8	4.9	3
41305	515.5	290.0	2	43	8	4.9	3
41310	515.5	290.0	2	43	8	4.9	3
41317	515.5	290.0	2	43	8	4.9	3
41323	515.5	290.0	2	43	8	4.9	3
41328	515.5	290.0	2	43	8	4.9	3
41336	515.5	290.0	2	43	8	4.9	3
41342	515.5	290.0	2	43	8	4.9	3
41349	515.5	290.0	2	43	8	4.9	3
41355	515.5	290.0	2	43	8	4.9	3
41361	515.5	290.0	2	43	8	4.9	3
41367	515.5	290.0	2	43	8	4.9	3
41373	515.5	290.0	2	43	8	4.9	3
41379	515.5	290.0	2	43	9	4.9	3
41386	515.5	290.0	2	42	9	4.9	3
41392	515.5	290.0	2	42	9	4.9	3
41400	515.5	290.0	2	42	9	4.9	3
41407	515.5	290.0	2	42	9	4.9	3
41413	515.5	290.0	2	42	9	4.9	3
41420	515.5	290.0	2	42	9	4.9	3
41427	515.5	290.0	2	42	9	4.9	3
41435	515.5	290.0	2	42	9	4.9	3
41441	515.5	290.0	2	42	9	4.9	3
41448	515.5	290.0	2	42	9	4.9	3
41454	515.5	290.0	2	42	9	4.9	3
41461	515.5	290.0	2	42	9	4.9	3
41471	515.5	290.0	2	42	9	4.9	3
41478	515.5	290.0	2	42	9	4.9	3
41486	515.5	290.0	2	42	9	4.9	3
41492	515.5	290.0	2	42	9	4.9	3
41498	515.5	290.0	2	42	9	4.9	3
41504	515.5	290.0	2	42	9	4.9	3
41510	515.5	290.0	2	42	8	4.9	3
41517	515.5	290.0	2	42	8	4.9	3
41523	515.5	290.0	2	42	8	4.9	3
41529	515.5	290.0	2	42	8	4.9	3
41536	515.5	290.0	2	42	8	4.9	3
41543	515.5	290.0	2	42	8	4.9	3
41551	515.5	290.0	2	42	8	4.9	3
41557	515.5	290.0	2	42	8	4.9	3
41564	515.5	290.0	2	42	8	4.9	3
41571	515.5	290.0	2	42	8	4.9	3
41578	515.5	290.0	2	42	8	4.9	3
41584	515.5	290.0	2	42	8	4.9	3
41590	515.5	290.0	2	42	8	4.9	3
41597	515.5	290.0	2	42	8	4.9	3
41604	515.5	290.0	2	42	8	4.9	3
41610	515.5	290.0	2	42	8	4.9	3
41616	515.5	290.0	2	42	8	4.9	3
41621	515.5	290.0	2	42	8	4.9	3
41627	515.5	290.0	2	42	8	4.9	3
41633	515.5	290.0	2	42	8	4.9	3
41639	515.5	290.0	2	42	8	4.9	3
41644	515.5	290.0	2	42	8	4.9	3
41650	515.5	290.0	2	42	8	4.9	3
41656	515.5	290.0	2	42	8	4.9	3
41661	515.5	290.0	2	42	8	4.9	3
41667	515.5	290.0	2	43	8	4.9	3
41673	515.5	290.0	2	43	8	4.9	3
41678	515.5	290.0	2	43	8	4.9	3
41684	515.5	290.0	2	43	8	4.9	3
41690	515.5	290.0	2	43	8	4.9	3
41696	515.5	290.0	2	43	8	4.9	3
41702	515.5	290.0	2	43	8	4.9	3
41707	515.5	290.0	2	43	8	4.9	3
41713	515.5	290.0	2	43	8	4.9	3
41719	515.5	290.0	2	43	8	4.9	3
41725	515.5	290.0	2	43	8	4.9	3
41731	515.5	290.0	2	43	8	4.9	3
41737	515.5	290.0	2	43	8	4.9	3
41742	515.5	290.0	2	43	8	4.9	3
41748	515.5	290.0	2	43	8	4.9	3
41754	515.5	290.0	2	43	8	4.9	3
41760	515.5	290.0	2	43	8	4.9	3
41766	515.5	290.0	2	43	8	4.9	3
41772	515.5	290.0	2	43	8	4.9	3
41778	515.5	290.0	2	43	8	4.9	3
41784	515.5	290.0	2	43	7	4.9	3
41790	515.5	290.0	2	43	7	4.9	3
41796	515.5	290.0	2	43	7	4.9	3
41803	515.5	290.0	2	43	7	4.9	3
41808	515.5	290.0	2	43	7	4.9	3
41814	515.5	290.0	2	43	7	4.9	3
41821	515.5	290.0	2	43	7	4.9	3
41826	515.5	290.0	2	43	7	4.9	3
41833	515.5	290.0	2	43	7	4.9	3
41839	515.5	290.0	2	43	7	4.9	3
41844	515.5	290.0	2	43	7	4.9	3
41851	515.5	290.0	2	43	7	4.9	3
41857	515.5	290.0	2	43	7	4.9	3
41862	515.5	290.0	2	43	7	4.9	3
41870	515.5	290.0	2	43	7	4.9	3
41876	515.5	290.0	1	43	7	4.9	3
41883	515.5	290.0	1	43	7	4.9	3
41889	515.5	290.0	1	43	7	4.9	3
41895	515.5	290.0	1	43	7	4.9	3
41901	515.5	290.0	1	43	7	4.9	3
41907	515.5	290.0	1	43	7	4.9	3
41912	515.5	290.0	1	43	7	4.9	3
41919	515.5	290.0	1	43	7	4.9	3
41925	515.5	290.0	1	43	7	4.9	3
41931	515.5	290.0	1	43	7	4.9	3
41938	515.5	290.0	1	43	7	4.9	3
41944	515.5	290.0	1	43	7	4.9	3
41952	515.5	290.0	1	43	7	4.9	3
41958	515.5	290.0	1	43	7	4.9	3
41965	515.5	290.0	1	43	7	4.9	3
41971	515.5	290.0	1	43	7	4.9	3
41976	515.5	290.0	1	43	7	4.9	3
41983	515.5	290.0	1	43	7	4.9	3
41989	515.5	290.0	1	43	7	4.9	3
41994	515.5	290.0	1	43	7	4.9	3
42000	515.5	290.0	1	43	7	4.9	3
42006	515.5	290.0	1	43	7	4.9	3
42011	515.5	290.0	1	43	7	4.9	3
42019	515.5	290.0	1	44	7	4.9	3
42025	515.5	290.0	1	44	7	4.9	3
42032	515.5	290.0	1	44	7	4.9	3
42039	515.5	290.0	1	44	7	4.9	3
42045	515.5	290.0	1	44	7	4.9	3
42052	515.5	290.0	1	44	7	4.9	3
42058	515.5	290.0	1	44	7	4.9	3
42064	515.5	290.0	1	44	7	4.9	3
42071	515.5	290.0	1	44	7	4.9	3
42076	515.5	290.0	1	44	7	4.9	3
42084	515.5	290.0	1	44	7	4.7	3
42090	515.5	290.0	1	44	7	4.7	3
42096	515.5	290.0	1	44	7	4.7	3
42103	515.5	290.0	1	44	7	4.7	3
42109	515.5	290.0	1	44	7	4.7	3
42116	515.5	290.0	1	44	7	4.7	3
42123	515.5	290.0	1	44	7	4.7	3
42129	515.5	290.0	1	44	7	4.7	3
42137	515.5	290.0	1	44	7	4.7	3
42143	515.5	290.0	1	44	7	4.7	3
42151	515.5	290.0	1	44	7	4.7	3
42158	515.5	290.0	1	44	7	4.7	3
42167	515.5	290.0	1	44	7	4.7	3
42178	515.5	290.0	1	44	7	4.7	3
42189	515.5	290.0	1	44	7	4.7	3
42195	515.5	290.0	1	44	7	4.7	3
42205	515.5	290.0	1	44	7	4.7	3
42211	515.5	290.0	1	44	7	4.7	3
42218	515.5	290.0	1	44	7	4.7	3
42224	515.5	290.0	1	45	7	4.7	3
42230	515.5	290.0	1	45	7	4.7	3
42237	515.5	290.0	1	45	7	4.7	3
42242	515.5	290.0	1	45	7	4.7	3
42250	515.5	290.0	1	45	7	4.7	3
42256	515.5	290.0	1	45	7	4.7	3
42262	515.5	290.0	1	45	7	4.7	3
42269	515.5	290.0	1	45	7	4.7	3
42274	515.5	290.0	1	45	7	4.7	3
42280	515.5	290.0	1	45	7	4.7	3
42287	515.5	290.0	1	45	7	4.7	3
42292	515.5	290.0	1	45	7	4.7	3
42299	515.5	290.0	1	45	7	4.7	3
42305	515.5	290.0	1	45	7	4.7	3
42310	515.5	290.0	1	45	7	4.7	3
42316	515.5	290.0	1	45	7	4.7	3
42322	515.5	290.0	1	45	7	4.7	3
42328	515.5	290.0	1	45	7	4.7	3
42334	515.5	290.0	1	45	7	4.7	3
42340	515.5	290.0	1	45	7	4.7	3
42345	515.5	290.0	1	45	7	4.7	3
42351	515.5	290.0	1	45	7	4.7	3
42357	515.5	290.0	1	45	7	4.7	3
42362	515.5	290.0	1	45	7	4.7	3
42368	515.5	290.0	1	45	7	4.7	3
42374	515.5	290.0	1	45	7	4.7	3
42379	515.5	290.0	1	45	7	4.7	3
42385	515.5	290.0	1	45	7	4.7	3
42391	515.5	290.0	1	45	7	4.7	3
42397	515.5	290.0	1	45	7	4.7	3
42403	515.5	290.0	1	45	7	4.7	3
42409	515.5	290.0	1	45	7	4.7	3
42415	515.5	290.0	1	45	7	4.7	3
42421	515.5	290.0	1	45	7	4.7	3
42427	515.5	290.0	1	45	7	4.7	3
42433	515.5	290.0	1	45	7	4.7	3
42439	515.5	290.0	1	45	7	4.7	3
42445	515.5	290.0	1	45	7	4.7	3
42451	515.5	290.0	1	45	7	4.7	3
42456	515.5	290.0	1	45	7	4.7	3
42462	515.5	290.0	1	45	7	4.7	3
42468	515.5	290.0	1	45	8	4.7	3
42474	515.5	290.0	1	44	8	4.7	3
42480	515.5	290.0	1	44	8	4.7	3
42486	515.5	290.0	1	44	8	4.7	3
42492	515.5	290.0	1	44	8	4.7	3
42498	515.5	290.0	1	44	8	4.7	3
42504	515.5	290.0	1	44	8	4.7	3
42509	515.5	290.0	1	44	8	4.7	3
42516	515.5	290.0	1	44	8	4.7	3
42522	515.5	290.0	1	44	8	4.7	3
42527	515.5	290.0	1	44	8	4.7	3
42534	515.5	290.0	1	44	8	4.7	3
42540	515.5	290.0	1	45	8	4.7	3
42545	515.5	290.0	1	45	8	4.7	3
42552	515.5	290.0	1	45	8	4.7	3
42557	515.5	290.0	1	45	8	4.7	3
42563	515.5	290.0	1	45	8	4.7	3
42570	515.5	290.0	1	45	8	4.7	3
42576	515.5	290.0	1	45	8	4.7	3
42582	515.5	290.0	1	45	8	4.7	3
42588	515.5	290.0	1	45	8	4.7	3
42593	515.5	290.0	1	45	8	4.7	3
42600	515.5	290.0	1	45	8	4.7	3
42606	515.5	290.0	1	45	8	4.7	3
42613	515.5	290.0	1	45	8	4.7	3
42620	515.5	290.0	1	45	8	4.7	3
42626	515.5	290.0	1	45	8	4.7	3
42632	515.5	290.0	1	45	8	4.7	3
42638	515.5	290.0	1	45	8	4.7	3
42644	515.5	290.0	1	45	8	4.7	3
42650	515.5	290.0	1	45	8	4.7	3
42655	515.5	290.0	1	45	8	4.7	3
42661	515.5	290.0	1	45	8	4.7	3
42667	515.5	290.0	1	45	8	4.7	3
42673	515.5	290.0	1	45	8	4.7	3
42678	515.5	290.0	1	45	8	4.7	3
42684	515.5	290.0	1	45	8	4.7	3
42690	515.5	290.0	1	45	8	4.7	3
42696	515.5	290.0	1	45	8	4.7	3
42702	515.5	290.0	1	45	8	4.7	3
42708	515.5	290.0	1	45	8	4.7	3
42714	515.5	290.0	1	45	8	4.7	3
42720	515.5	290.0	1	45	8	4.7	3
42726	515.5	290.0	1	45	8	4.7	3
42732	515.5	290.0	1	45	8	4.7	3
42738	515.5	290.0	1	45	8	4.7	3
42744	515.5	290.0	1	45	8	4.7	3
42750	515.5	290.0	1	45	8	4.7	3
42756	515.5	290.0	1	45	8	4.7	3
42762	515.5	290.0	1	45	8	4.7	3
42771	515.5	290.0	1	45	8	4.7	3
42777	515.5	290.0	1	45	8	4.7	3
42784	515.5	290.0	1	45	8	4.7	3
42790	515.5	290.0	1	45	8	4.7	3
42796	515.5	290.0	1	45	8	4.7	3
42805	515.5	290.0	1	46	8	4.7	3
42810	515.5	290.0	1	46	8	4.7	3
42817	515.5	290.0	1	46	8	4.7	3
42823	515.5	290.0	1	46	8	4.7	3
42828	515.5	290.0	1	46	8	4.7	3
42834	515.5	290.0	1	46	8	4.7	3
42839	515.5	290.0	1	46	8	4.7	3
42845	515.5	290.0	1	46	8	4.7	3
42851	515.5	290.0	1	46	8	4.7	3
42856	515.5	290.0	1	46	8	4.7	3
42862	515.5	290.0	1	46	8	4.7	3
42868	515.5	290.0	1	46	8	4.7	3
42874	515.5	290.0	1	46	7	4.7	3
42882	515.5	290.0	0	46	7	4.7	3
42890	515.5	290.0	0	46	7	4.7	3
42896	515.5	290.0	0	46	7	4.7	3
42906	515.5	290.0	0	46	7	4.7	3
42912	515.5	290.0	0	46	7	4.7	3
42920	515.5	290.0	0	46	7	4.7	3
42926	515.5	290.0	0	46	7	4.7	3
42932	515.5	290.0	0	46	7	4.7	3
42938	515.5	290.0	0	46	7	4.7	3
42943	515.5	290.0	0	46	7	4.7	3
42949	515.5	290.0	0	46	7	4.7	3
42955	515.5	290.0	0	46	7	4.7	3
42961	515.5	290.0	0	46	7	4.7	3
42967	515.5	290.0	0	46	7	4.7	3
42973	515.5	290.0	0	46	7	4.7	3
42980	515.5	290.0	0	46	7	4.7	3
42986	515.5	290.0	0	46	7	4.7	3
42992	515.5	290.0	0	46	7	4.7	3
42999	515.5	290.0	0	46	7	4.7	3
43005	515.5	290.0	0	46	7	4.7	3
43011	515.5	290.0	0	46	7	4.7	3
43018	515.5	290.0	0	46	7	4.7	3
43024	515.5	290.0	0	46	7	4.7	3
43029	515.5	290.0	0	46	7	4.7	3
43035	515.5	290.0	0	46	7	4.7	3
43041	515.5	290.0	0	46	7	4.7	3
43047	515.5	290.0	0	46	7	4.7	3
43053	515.5	290.0	0	46	7	4.7	3
43059	515.5	290.0	0	46	7	4.7	3
43065	515.5	290.0	0	46	7	4.7	3
43071	515.5	290.0	0	46	7	4.7	3
43076	515.5	290.0	0	46	7	4.7	3
43083	515.5	290.0	0	46	7	4.7	3
43089	515.5	290.0	0	46	7	4.7	3
43095	515.5	290.0	0	46	7	4.7	3
43102	515.5	290.0	0	46	7	4.7	3
43108	515.5	290.0	0	46	7	4.7	3
43117	515.5	290.0	0	46	7	4.7	3
43126	515.5	290.0	0	46	7	4.7	3
43136	515.5	290.0	0	46	7	4.7	3
43143	515.5	290.0	0	46	7	4.7	3
43152	515.5	290.0	0	46	7	4.7	3
43159	515.5	290.0	0	46	7	4.7	3
43167	515.5	290.0	0	46	7	4.7	3
43174	515.5	290.0	0	46	7	4.7	3
43181	515.5	290.0	0	46	7	4.7	3
43188	515.5	290.0	0	46	7	4.7	3
43194	515.5	290.0	0	46	7	4.7	3
43201	515.5	290.0	0	46	7	4.7	3
43208	515.5	290.0	0	46	7	4.7	3
43214	515.5	290.0	0	46	7	4.7	3
43221	515.5	290.0	0	46	7	4.7	3
43227	515.5	290.0	0	46	7	4.7	3
43234	515.5	290.0	0	46	7	4.7	3
43240	515.5	290.0	0	46	7	4.7	3
43247	515.5	290.0	0	46	7	4.7	3
43253	515.5	290.0	0	46	7	4.7	3
43259	515.5	290.0	0	46	7	4.7	3
43267	515.5	290.0	0	46	7	4.7	3
43273	515.5	290.0	0	46	7	4.7	3
43278	515.5	290.0	0	46	7	4.7	3
43286	515.5	290.0	0	46	7	4.7	3
43291	515.5	290.0	0	46	7	4.7	3
43298	515.5	290.0	0	46	7	4.7	3
43304	515.5	290.0	0	46	7	4.7	3
43310	515.5	290.0	0	46	7	4.7	3
43318	515.5	290.0	0	46	7	4.7	3
43324	515.5	290.0	0	46	7	4.7	3
43330	515.5	290.0	0	46	7	4.7	3
43337	515.5	290.0	0	46	7	4.7	3
43343	515.5	290.0	0	46	7	4.7	3
43350	515.5	290.0	0	46	7	4.7	3
43356	515.5	290.0	0	46	7	4.7	3
43363	515.5	290.0	0	46	7	4.7	3
43370	515.5	290.0	0	46	7	4.7	3
43376	515.5	290.0	0	46	7	4.7	3
43382	515.5	290.0	0	46	7	4.7	3
43389	515.5	290.0	0	46	7	4.7	3
43395	515.5	290.0	0	46	7	4.7	3
43402	515.5	290.0	0	46	7	4.7	3
43408	515.5	290.0	0	46	7	4.7	3
43415	515.5	290.0	0	46	7	4.7	3
43421	515.5	290.0	0	46	7	4.7	3
43427	515.5	290.0	0	46	7	4.7	3
43435	515.5	290.0	0	46	7	4.7	3
43441	515.5	290.0	0	46	7	4.7	3
43446	515.5	290.0	0	46	7	4.7	3
43453	515.5	290.0	0	46	7	4.7	3
43459	515.5	290.0	0	46	7	4.7	3
43466	515.5	290.0	0	46	7	4.7	3
43472	515.5	290.0	0	46	7	4.7	3
43477	515.5	290.0	0	46	7	4.7	3
43484	515.5	290.0	0	46	7	4.7	3
43490	515.5	290.0	0	46	7	4.7	3
43496	515.5	290.0	0	46	7	4.7	3
43502	515.5	290.0	0	46	7	4.7	3
43508	515.5	290.0	0	46	7	4.7	3
43514	515.5	290.0	0	46	7	4.7	3
43520	515.5	290.0	0	46	7	4.7	3
43526	515.5	290.0	0	46	7	4.7	3
43531	515.5	290.0	0	46	7	4.7	3
43538	515.5	290.0	0	46	7	4.7	3
43543	515.5	290.0	0	46	7	4.7	3
43550	515.5	290.0	0	46	7	4.7	3
43556	515.5	290.0	0	46	7	4.7	3
43562	515.5	290.0	0	46	7	4.7	3
43568	515.5	290.0	0	46	7	4.7	3
43574	515.5	290.0	0	46	7	4.7	3
43580	515.5	290.0	0	46	7	4.7	3
43587	515.5	290.0	0	46	7	4.7	3
43592	515.5	290.0	0	46	7	4.7	3
43598	515.5	290.0	0	46	7	4.7	3
43605	515.5	290.0	0	46	7	4.7	3
43610	515.5	290.0	0	46	7	4.7	3
43617	515.5	290.0	0	46	7	4.7	3
43623	515.5	290.0	0	46	7	4.7	3
43628	515.5	290.0	0	46	7	4.7	3
43635	515.5	290.0	0	46	7	4.7	3
43640	515.5	290.0	0	46	7	4.7	3
43646	515.5	290.0	0	46	7	4.7	3
43652	515.5	290.0	0	46	7	4.7	3
43657	515.5	290.0	0	46	7	4.7	3
43663	515.5	290.0	0	46	7	4.7	3
43669	515.5	290.0	0	46	7	4.7	3
43674	515.5	290.0	0	46	7	4.7	3
43680	515.5	290.0	0	46	7	4.7	3
43686	515.5	290.0	0	46	7	4.7	3
43691	515.5	290.0	0	46	7	4.7	3
43698	515.5	290.0	0	46	7	4.7	3
43704	515.5	290.0	0	46	7	4.7	3
43710	515.5	290.0	0	46	7	4.7	3
43717	515.5	290.0	0	46	7	4.7	3
43723	515.5	290.0	0	46	7	4.7	3
43729	515.5	290.0	0	46	7	4.7	3
43735	515.5	290.0	0	46	7	4.7	3
43741	515.5	290.0	0	46	7	4.7	3
43747	515.5	290.0	0	46	7	4.7	3
43753	515.5	290.0	0	46	7	4.7	3
43759	515.5	290.0	0	46	7	4.7	3
43765	515.5	290.0	0	46	7	4.7	3
43772	515.5	290.0	0	46	7	4.7	3
43777	515.5	290.0	0	46	7	4.7	3
43783	515.5	290.0	0	46	7	4.7	3
43789	515.5	290.0	0	46	7	4.7	3
43794	515.5	290.0	0	46	7	4.7	3
43800	515.5	290.0	0	46	7	4.7	3
43806	515.5	290.0	0	46	7	4.7	3
43813	515.5	290.0	0	46	7	4.7	3
43819	515.5	290.0	0	46	7	4.7	3
43824	515.5	290.0	0	46	7	4.7	3
43830	515.5	290.0	0	46	7	4.7	3
43837	515.5	290.0	0	46	7	4.7	3
43843	515.5	290.0	0	46	7	4.7	3
43850	515.5	290.0	0	46	7	4.7	3
43856	515.5	290.0	0	46	7	4.7	3
43861	515.5	290.0	0	46	7	4.7	3
43867	515.5	290.0	0	46	7	4.7	3
43873	515.5	290.0	0	46	7	4.7	3
43882	515.5	290.0	0	46	7	4.7	3