t	heroX	heroY	hp	enemies	gems	nearest	level
0	515.5	290.0	7	0	0	9999.0	1
10	515.5	290.0	7	0	0	9999.0	1
18	515.5	290.0	7	0	0	9999.0	1
24	515.5	290.0	7	0	0	9999.0	1
31	515.5	290.0	7	0	0	9999.0	1
37	515.5	290.0	7	0	0	9999.0	1
45	515.5	290.0	7	0	0	9999.0	1
51	515.5	290.0	7	0	0	9999.0	1
58	515.5	290.0	7	0	0	9999.0	1
66	515.5	290.0	7	0	0	9999.0	1
72	515.5	290.0	7	0	0	9999.0	1
80	515.5	290.0	7	0	0	373.8	1
86	515.5	290.0	7	5	0	373.5	1
93	515.5	290.0	7	5	0	373.3	1
100	515.5	290.0	7	5	0	373.0	1
106	515.5	290.0	7	5	0	372.8	1
114	515.5	290.0	7	5	0	372.5	1
120	515.5	290.0	7	5	0	372.3	1
128	515.5	290.0	7	5	0	372.0	1
134	515.5	290.0	7	5	0	371.7	1
141	515.5	290.0	7	5	0	371.5	1
147	515.5	290.0	7	5	0	371.2	1
154	515.5	290.0	7	5	0	371.0	1
161	515.5	290.0	7	5	0	370.7	1
168	515.5	290.0	7	5	0	370.5	1
175	515.5	290.0	7	5	0	370.2	1
181	515.5	290.0	7	5	0	370.0	1
188	515.5	290.0	7	5	0	369.7	1
196	515.5	290.0	7	5	0	369.4	1
202	515.5	290.0	7	5	0	369.2	1
210	515.5	290.0	7	5	0	368.9	1
217	515.5	290.0	7	5	0	368.6	1
224	515.5	290.0	7	5	0	368.4	1
232	515.5	290.0	7	5	0	368.1	1
239	515.5	290.0	7	5	0	367.8	1
247	515.5	290.0	7	5	0	367.5	1
254	515.5	290.0	7	5	0	367.2	1
262	515.5	290.0	7	5	0	366.9	1
269	515.5	290.0	7	5	0	366.7	1
277	515.5	290.0	7	5	0	366.4	1
284	515.5	290.0	7	5	0	366.1	1
291	515.5	290.0	7	5	0	365.9	1
298	515.5	290.0	7	5	0	365.6	1
304	515.5	290.0	7	5	0	365.4	1
312	515.5	290.0	7	5	0	365.1	1
318	515.5	290.0	7	5	0	364.8	1
326	515.5	290.0	7	5	0	364.6	1
332	515.5	290.0	7	5	0	364.3	1
339	515.5	290.0	7	5	0	364.1	1
347	515.5	290.0	7	5	0	363.8	1
353	515.5	290.0	7	5	0	363.5	1
360	515.5	290.0	7	5	0	363.2	1
366	515.5	290.0	7	5	0	363.0	1
374	515.5	290.0	7	5	0	362.8	1
381	515.5	290.0	7	5	0	362.5	1
388	515.5	290.0	7	5	0	362.2	1
397	515.5	290.0	7	5	0	361.9	1
403	515.5	290.0	7	5	0	361.6	1
412	515.5	290.0	7	5	0	361.3	1
418	515.5	290.0	7	5	0	361.1	1
425	515.5	290.0	7	5	0	360.8	1
432	515.5	290.0	7	5	0	360.6	1
438	515.5	290.0	7	5	0	360.3	1
446	515.5	290.0	7	5	0	360.0	1
452	515.5	290.0	7	5	0	359.8	1
459	515.5	290.0	7	6	0	359.5	1
467	515.5	290.0	7	6	0	359.3	1
474	515.5	290.0	7	6	0	359.0	1
481	515.5	290.0	7	6	0	358.7	1
487	515.5	290.0	7	6	0	358.5	1
495	515.5	290.0	7	6	0	358.2	1
501	515.5	290.0	7	6	0	358.0	1
510	515.5	290.0	7	6	0	357.6	1
517	515.5	290.0	7	6	0	357.4	1
524	515.5	290.0	7	6	0	357.1	1
531	515.5	290.0	7	6	0	356.8	1
537	515.5	290.0	7	6	0	356.6	1
545	515.5	290.0	7	6	0	356.3	1
552	515.5	290.0	7	6	0	356.1	1
560	515.5	290.0	7	6	0	355.7	1
567	515.5	290.0	7	6	0	355.5	1
574	515.5	290.0	7	6	0	355.3	1
581	515.5	290.0	7	6	0	355.0	1
587	515.5	290.0	7	6	0	354.7	1
595	515.5	290.0	7	6	0	354.5	1
601	515.5	290.0	7	6	0	354.2	1
609	515.5	290.0	7	6	0	353.9	1
615	515.5	290.0	7	6	0	353.7	1
621	515.5	290.0	7	6	0	353.5	1
629	515.5	290.0	7	6	0	353.2	1
635	515.5	290.0	7	6	0	352.9	1
643	515.5	290.0	7	6	0	352.6	1
650	515.5	290.0	7	6	0	352.4	1
656	515.5	290.0	7	6	0	352.2	1
663	515.5	290.0	7	6	0	351.9	1
669	515.5	290.0	7	6	0	351.7	1
676	515.5	290.0	7	6	0	351.4	1
682	515.5	290.0	7	6	0	351.2	1
688	515.5	290.0	7	6	0	351.0	1
695	515.5	290.0	7	6	0	350.7	1
701	515.5	290.0	7	6	0	350.5	1
709	515.5	290.0	7	6	0	350.2	1
715	515.5	290.0	7	6	0	349.9	1
721	515.5	290.0	7	6	0	349.7	1
729	515.5	290.0	7	6	0	349.4	1
735	515.5	290.0	7	6	0	349.2	1
743	515.5	290.0	7	6	0	348.9	1
749	515.5	290.0	7	6	0	348.6	1
757	515.5	290.0	7	6	0	348.4	1
764	515.5	290.0	7	6	0	348.1	1
771	515.5	290.0	7	6	0	347.8	1
780	515.5	290.0	7	6	0	347.5	1
786	515.5	290.0	7	6	0	347.3	1
794	515.5	290.0	7	6	0	347.0	1
800	515.5	290.0	7	6	0	346.7	1
809	515.5	290.0	7	6	0	346.4	1
815	515.5	290.0	7	6	0	346.2	1
821	515.5	290.0	7	6	0	345.9	1
829	515.5	290.0	7	6	0	345.7	1
835	515.5	290.0	7	6	0	345.4	1
842	515.5	290.0	7	6	0	345.2	1
848	515.5	290.0	7	6	0	344.9	1
855	515.5	290.0	7	6	0	344.7	1
862	515.5	290.0	7	6	0	344.4	1
868	515.5	290.0	7	6	0	344.2	1
876	515.5	290.0	7	6	0	343.9	1
883	515.5	290.0	7	6	0	343.6	1
890	515.5	290.0	7	6	0	343.4	1
897	515.5	290.0	7	6	0	343.1	1
903	515.5	290.0	7	6	0	342.9	1
910	515.5	290.0	7	6	0	342.6	1
917	515.5	290.0	7	6	0	342.4	1
924	515.5	290.0	7	6	0	342.1	1
932	515.5	290.0	7	7	0	341.8	1
938	515.5	290.0	7	7	0	341.6	1
946	515.5	290.0	7	7	0	341.3	1
952	515.5	290.0	7	7	0	341.0	1
959	515.5	290.0	7	7	0	340.8	1
966	515.5	290.0	7	7	0	340.5	1
972	515.5	290.0	7	7	0	340.3	1
979	515.5	290.0	7	7	0	340.0	1
985	515.5	290.0	7	7	0	339.8	1
992	515.5	290.0	7	7	0	339.5	1
998	515.5	290.0	7	7	0	339.3	1
1004	515.5	290.0	7	7	0	339.1	1
1012	515.5	290.0	7	7	0	338.8	1
1018	515.5	290.0	7	7	0	338.6	1
1026	515.5	290.0	7	7	0	338.3	1
1033	515.5	290.0	7	7	0	338.0	1
1039	515.5	290.0	7	7	0	337.8	1
1047	515.5	290.0	7	7	0	337.5	1
1053	515.5	290.0	7	7	0	337.2	1
1061	515.5	290.0	7	7	0	336.9	1
1067	515.5	290.0	7	7	0	336.7	1
1075	515.5	290.0	7	7	0	336.4	1
1082	515.5	290.0	7	7	0	336.2	1
1088	515.5	290.0	7	7	0	335.9	1
1096	515.5	290.0	7	7	0	335.6	1
1102	515.5	290.0	7	7	0	335.4	1
1110	515.5	290.0	7	7	0	335.1	1
1117	515.5	290.0	7	7	0	334.9	1
1124	515.5	290.0	7	7	0	334.6	1
1131	515.5	290.0	7	7	0	334.3	1
1136	515.5	290.0	7	7	0	334.1	1
1143	515.5	290.0	7	7	0	333.9	1
1150	515.5	290.0	7	7	0	333.6	1
1156	515.5	290.0	7	7	0	333.4	1
1163	515.5	290.0	7	7	0	333.1	1
1169	515.5	290.0	7	7	0	332.9	1
1177	515.5	290.0	7	7	0	332.6	1
1184	515.5	290.0	7	7	0	332.3	1
1191	515.5	290.0	7	7	0	332.1	1
1198	515.5	290.0	7	7	0	331.8	1
1204	515.5	290.0	7	7	0	331.6	1
1212	515.5	290.0	7	7	0	331.3	1
1218	515.5	290.0	7	7	0	331.0	1
1226	515.5	290.0	7	7	0	330.7	1
1233	515.5	290.0	7	7	0	330.5	1
1240	515.5	290.0	7	7	0	330.2	1
1247	515.5	290.0	7	7	0	329.9	1
1254	515.5	290.0	7	7	0	329.7	1
1262	515.5	290.0	7	7	0	329.4	1
1268	515.5	290.0	7	7	0	329.2	1
1277	515.5	290.0	7	7	0	328.9	1
1284	515.5	290.0	7	7	0	328.6	1
1291	515.5	290.0	7	7	0	328.3	1
1298	515.5	290.0	7	7	0	328.0	1
1304	515.5	290.0	7	7	0	327.8	1
1312	515.5	290.0	7	7	0	327.5	1
1318	515.5	290.0	7	7	0	327.3	1
1325	515.5	290.0	7	7	0	327.0	1
1332	515.5	290.0	7	7	0	326.8	1
1338	515.5	290.0	7	7	0	326.5	1
1346	515.5	290.0	7	7	0	326.3	1
1351	515.5	290.0	7	7	0	326.0	1
1359	515.5	290.0	7	7	0	325.8	1
1365	515.5	290.0	7	7	0	325.5	1
1371	515.5	290.0	7	7	0	325.3	1
1379	515.5	290.0	7	7	0	325.0	1
1385	515.5	290.0	7	7	0	324.8	1
1393	515.5	290.0	7	7	0	324.5	1
1400	515.5	290.0	7	8	0	324.2	1
1407	515.5	290.0	7	8	0	324.0	1
1414	515.5	290.0	7	8	0	323.7	1
1420	515.5	290.0	7	8	0	323.5	1
1428	515.5	290.0	7	8	0	323.2	1
1435	515.5	290.0	7	8	0	322.9	1
1442	515.5	290.0	7	8	0	322.7	1
1448	515.5	290.0	7	8	0	322.4	1
1454	515.5	290.0	7	8	0	322.2	1
1462	515.5	290.0	7	8	0	321.9	1
1468	515.5	290.0	7	8	0	321.7	1
1476	515.5	290.0	7	8	0	321.4	1
1482	515.5	290.0	7	8	0	321.1	1
1488	515.5	290.0	7	8	0	320.9	1
1496	515.5	290.0	7	8	0	320.6	1
1502	515.5	290.0	7	8	0	320.4	1
1510	515.5	290.0	7	8	0	320.1	1
1516	515.5	290.0	7	8	0	319.9	1
1523	515.5	290.0	7	8	0	319.6	1
1530	515.5	290.0	7	8	0	319.3	1
1537	515.5	290.0	7	8	0	319.1	1
1546	515.5	290.0	7	8	0	318.8	1
1552	515.5	290.0	7	8	0	318.5	1
1564	515.5	290.0	7	8	0	318.1	1
1570	515.5	290.0	7	8	0	317.8	1
1579	515.5	290.0	7	8	0	317.5	1
1585	515.5	290.0	7	8	0	317.3	1
1594	515.5	290.0	7	8	0	316.9	1
1600	515.5	290.0	7	8	0	316.7	1
1608	515.5	290.0	7	8	0	316.4	1
1614	515.5	290.0	7	8	0	316.2	1
1620	515.5	290.0	7	8	0	316.0	1
1628	515.5	290.0	7	8	0	315.7	1
1634	515.5	290.0	7	8	0	315.4	1
1641	515.5	290.0	7	8	0	315.2	1
1648	515.5	290.0	7	8	0	314.9	1
1654	515.5	290.0	7	8	0	314.7	1
1662	515.5	290.0	7	8	0	314.4	1
1668	515.5	290.0	7	8	0	314.2	1
1676	515.5	290.0	7	8	0	313.9	1
1682	515.5	290.0	7	8	0	313.6	1
1689	515.5	290.0	7	8	0	313.4	1
1696	515.5	290.0	7	8	0	313.1	1
1702	515.5	290.0	7	8	0	312.9	1
1709	515.5	290.0	7	8	0	312.6	1
1716	515.5	290.0	7	8	0	312.4	1
1722	515.5	290.0	7	8	0	312.1	1
1730	515.5	290.0	7	8	0	311.8	1
1736	515.5	290.0	7	8	0	311.6	1
1744	515.5	290.0	7	8	0	311.3	1
1750	515.5	290.0	7	8	0	311.1	1
1756	515.5	290.0	7	8	0	310.9	1
1762	515.5	290.0	7	8	0	310.6	1
1768	515.5	290.0	7	8	0	310.4	1
1775	515.5	290.0	7	8	0	310.1	1
1782	515.5	290.0	7	8	0	309.9	1
1788	515.5	290.0	7	8	0	309.7	1
1796	515.5	290.0	7	8	0	309.4	1
1802	515.5	290.0	7	8	0	309.1	1
1810	515.5	290.0	7	8	0	308.8	1
1816	515.5	290.0	7	8	0	308.6	1
1822	515.5	290.0	7	8	0	308.4	1
1830	515.5	290.0	7	8	0	308.1	1
1836	515.5	290.0	7	8	0	307.9	1
1845	515.5	290.0	7	8	0	307.5	1
1852	515.5	290.0	7	8	0	307.2	1
1866	515.5	290.0	7	8	0	306.8	1
1877	515.5	290.0	7	9	0	306.4	1
1885	515.5	290.0	7	9	0	306.0	1
1896	515.5	290.0	7	9	0	305.6	1
1904	515.5	290.0	7	9	0	305.3	1
1921	515.5	290.0	7	9	0	304.7	1
1942	515.5	290.0	7	9	0	304.0	1
1962	515.5	290.0	7	9	0	303.2	1
1980	515.5	290.0	7	9	0	302.5	1
1996	515.5	290.0	7	9	0	301.9	1
2013	515.5	290.0	7	9	0	301.5	1
2025	515.5	290.0	7	9	0	300.8	1
2034	515.5	290.0	7	9	0	300.4	1
2044	515.5	290.0	7	9	0	300.0	1
2053	515.5	290.0	7	9	0	299.7	1
2062	515.5	290.0	7	9	0	299.4	1
2069	515.5	290.0	7	9	0	299.1	1
2077	515.5	290.0	7	9	0	298.8	1
2084	515.5	290.0	7	9	0	298.5	1
2091	515.5	290.0	7	9	0	298.3	1
2098	515.5	290.0	7	9	0	298.0	1
2106	515.5	290.0	7	9	0	297.7	1
2114	515.5	290.0	7	9	0	297.4	1
2122	515.5	290.0	7	9	0	297.1	1
2130	515.5	290.0	7	9	0	296.8	1
2138	515.5	290.0	7	9	0	296.5	1
2146	515.5	290.0	7	9	0	296.2	1
2152	515.5	290.0	7	9	0	296.0	1
2159	515.5	290.0	7	9	0	295.7	1
2166	515.5	290.0	7	9	0	295.5	1
2173	515.5	290.0	7	9	0	295.2	1
2180	515.5	290.0	7	9	0	294.9	1
2187	515.5	290.0	7	9	0	294.7	1
2195	515.5	290.0	7	9	0	294.4	1
2201	515.5	290.0	7	9	0	294.1	1
2209	515.5	290.0	7	9	0	293.9	1
2216	515.5	290.0	7	9	0	293.6	1
2222	515.5	290.0	7	9	0	293.4	1
2229	515.5	290.0	7	9	0	293.1	1
2236	515.5	290.0	7	9	0	292.8	1
2244	515.5	290.0	7	9	0	292.6	1
2250	515.5	290.0	7	9	0	292.3	1
2257	515.5	290.0	7	9	0	292.0	1
2265	515.5	290.0	7	9	0	291.8	1
2271	515.5	290.0	7	9	0	291.5	1
2279	515.5	290.0	7	9	0	291.2	1
2286	515.5	290.0	7	9	0	291.0	1
2295	515.5	290.0	7	9	0	290.6	1
2303	515.5	290.0	7	9	0	290.3	1
2314	515.5	290.0	7	9	0	289.9	1
2323	515.5	290.0	7	9	0	289.6	1
2331	515.5	290.0	7	10	0	289.3	1
2338	515.5	290.0	7	10	0	289.0	1
2346	515.5	290.0	7	10	0	288.7	1
2354	515.5	290.0	7	10	0	288.4	1
2365	515.5	290.0	7	10	1	288.0	1
2377	515.5	290.0	7	9	1	287.6	1
2384	515.5	290.0	7	9	1	287.3	1
2391	515.5	290.0	7	9	1	287.0	1
2397	515.5	290.0	7	9	1	286.8	1
2403	515.5	290.0	7	9	1	286.6	1
2410	515.5	290.0	7	9	1	286.3	1
2417	515.5	290.0	7	9	1	286.0	1
2424	515.5	290.0	7	9	1	285.8	1
2432	515.5	290.0	7	9	1	285.5	1
2439	515.5	290.0	7	9	1	285.2	1
2447	515.5	290.0	7	9	1	284.9	1
2454	515.5	290.0	7	9	1	284.7	1
2463	515.5	290.0	7	9	1	284.3	1
2469	515.5	290.0	7	9	1	284.1	1
2478	515.5	290.0	7	9	1	283.8	1
2484	515.5	290.0	7	9	1	283.5	1
2491	515.5	290.0	7	9	1	283.3	1
2500	515.5	290.0	7	9	1	282.9	1
2508	515.5	290.0	7	9	1	282.7	1
2516	515.5	290.0	7	9	1	282.3	1
2523	515.5	290.0	7	9	1	282.1	1
2532	515.5	290.0	7	9	1	281.7	1
2540	515.5	290.0	7	9	1	281.5	1
2549	515.5	290.0	7	9	1	281.1	1
2558	515.5	290.0	7	9	1	280.8	1
2567	515.5	290.0	7	9	1	280.4	1
2576	515.5	290.0	7	9	1	280.1	1
2584	515.5	290.0	7	9	1	279.8	1
2593	515.5	290.0	7	9	1	279.5	1
2600	515.5	290.0	7	9	1	279.2	1
2608	515.5	290.0	7	9	1	278.9	1
2619	515.5	290.0	7	9	1	278.5	1
2630	515.5	290.0	7	9	1	278.1	1
2636	515.5	290.0	7	9	1	277.8	1
2648	515.5	290.0	7	9	1	277.4	1
2655	515.5	290.0	7	9	1	277.1	1
2663	515.5	290.0	7	9	1	276.8	1
2669	515.5	290.0	7	9	1	276.6	1
2678	515.5	290.0	7	9	1	276.3	1
2686	515.5	290.0	7	9	1	276.0	1
2696	515.5	290.0	7	9	1	275.6	1
2703	515.5	290.0	7	9	1	275.3	1
2712	515.5	290.0	7	9	1	275.0	1
2718	515.5	290.0	7	9	1	274.7	1
2726	515.5	290.0	7	9	1	274.5	1
2733	515.5	290.0	7	9	1	274.2	1
2740	515.5	290.0	7	9	1	273.9	1
2748	515.5	290.0	7	9	1	273.6	1
2755	515.5	290.0	7	9	1	274.2	1
2763	515.5	290.0	7	9	1	274.9	1
2769	515.5	290.0	7	9	1	275.3	1
2779	515.5	290.0	7	9	1	276.0	1
2785	515.5	290.0	7	9	1	276.5	1
2795	515.5	290.0	7	9	1	277.0	1
2802	515.5	290.0	7	9	1	277.5	1
2813	515.5	290.0	7	9	1	278.1	1
2820	515.5	290.0	7	10	1	278.5	1
2829	515.5	290.0	7	10	1	278.9	1
2837	515.5	290.0	7	10	1	279.2	1
2848	515.5	290.0	7	10	1	279.7	1
2854	515.5	290.0	7	10	1	279.9	1
2862	515.5	290.0	7	10	1	280.2	1
2869	515.5	290.0	7	10	1	280.4	1
2877	515.5	290.0	7	10	1	280.6	1
2884	515.5	290.0	7	10	1	280.8	1
2891	515.5	290.0	7	10	1	281.0	1
2898	515.5	290.0	7	10	1	281.2	1
2904	515.5	290.0	7	10	1	281.3	1
2913	515.5	290.0	7	10	1	281.5	1
2920	515.5	290.0	7	10	1	281.6	1
2930	515.5	290.0	7	10	1	281.7	1
2937	515.5	290.0	7	10	1	281.8	1
2947	515.5	290.0	7	10	1	281.9	1
2954	515.5	290.0	7	10	1	282.0	1
2963	515.5	290.0	7	10	1	282.0	1
2970	515.5	290.0	7	10	1	282.0	1
2980	515.5	290.0	7	10	1	282.1	1
2988	515.5	290.0	7	10	1	282.1	1
2996	515.5	290.0	7	10	1	282.1	1
3003	515.5	290.0	7	10	1	282.1	1
3016	515.5	290.0	7	10	1	282.0	1
3025	515.5	290.0	7	10	1	282.0	1
3033	515.5	290.0	7	10	1	281.9	1
3041	515.5	290.0	7	10	1	281.9	1
3049	515.5	290.0	7	10	1	281.8	1
3055	515.5	290.0	7	10	1	281.7	1
3064	515.5	290.0	7	10	1	281.6	1
3072	515.5	290.0	7	10	1	281.5	1
3080	515.5	290.0	7	10	1	281.4	1
3086	515.5	290.0	7	10	1	281.3	1
3095	515.5	290.0	7	10	1	281.2	1
3102	515.5	290.0	7	10	1	281.1	1
3111	515.5	290.0	7	10	2	342.3	1
3118	515.5	290.0	7	9	2	342.0	1
3125	515.5	290.0	7	9	2	341.8	1
3132	515.5	290.0	7	9	2	341.5	1
3139	515.5	290.0	7	9	2	341.3	1
3147	515.5	290.0	7	9	2	340.9	1
3153	515.5	290.0	7	9	2	340.7	1
3162	515.5	290.0	7	9	2	340.4	1
3169	515.5	290.0	7	9	2	340.1	1
3178	515.5	290.0	7	9	2	339.8	1
3185	515.5	290.0	7	9	2	339.5	1
3194	515.5	290.0	7	9	2	339.2	1
3201	515.5	290.0	7	9	2	338.9	1
3209	515.5	290.0	7	9	2	338.7	1
3216	515.5	290.0	7	9	2	338.4	1
3224	515.5	290.0	7	9	2	338.1	1
3232	515.5	290.0	7	9	2	337.8	1
3239	515.5	290.0	7	9	2	337.5	1
3248	515.5	290.0	7	9	2	337.2	1
3254	515.5	290.0	7	9	2	337.0	1
3263	515.5	290.0	7	9	2	336.6	1
3269	515.5	290.0	7	9	2	336.4	1
3279	515.5	290.0	7	9	2	328.0	1
3285	515.5	290.0	7	10	2	327.8	1
3292	515.5	290.0	7	10	2	327.5	1
3299	515.5	290.0	7	10	2	327.3	1
3306	515.5	290.0	7	10	2	327.0	1
3314	515.5	290.0	7	10	2	326.7	1
3321	515.5	290.0	7	10	2	326.5	1
3329	515.5	290.0	7	10	2	326.1	1
3336	515.5	290.0	7	10	2	325.9	1
3346	515.5	290.0	7	10	2	325.6	1
3355	515.5	290.0	7	10	2	325.2	1
3363	515.5	290.0	7	10	2	324.9	1
3369	515.5	290.0	7	10	2	324.7	1
3377	515.5	290.0	7	10	2	324.4	1
3384	515.5	290.0	7	10	2	324.1	1
3392	515.5	290.0	7	10	2	323.9	1
3399	515.5	290.0	7	10	2	323.6	1
3407	515.5	290.0	7	10	2	323.3	1
3415	515.5	290.0	7	10	2	323.0	1
3421	515.5	290.0	7	10	2	322.8	1
3430	515.5	290.0	7	10	2	322.5	1
3436	515.5	290.0	7	10	2	322.2	1
3445	515.5	290.0	7	10	2	321.9	1
3452	515.5	290.0	7	10	2	321.6	1
3461	515.5	290.0	7	10	2	321.3	1
3468	515.5	290.0	7	10	2	321.1	1
3478	515.5	290.0	7	10	2	320.7	1
3485	515.5	290.0	7	10	2	320.5	1
3494	515.5	290.0	7	10	2	320.1	1
3501	515.5	290.0	7	10	2	319.9	1
3511	515.5	290.0	7	10	2	319.5	1
3518	515.5	290.0	7	10	2	319.2	1
3527	515.5	290.0	7	10	2	318.9	1
3533	515.5	290.0	7	10	2	318.7	1
3542	515.5	290.0	7	10	2	318.4	1
3550	515.5	290.0	7	10	2	318.1	1
3559	515.5	290.0	7	10	2	317.8	1
3566	515.5	290.0	7	10	2	317.5	1
3573	515.5	290.0	7	10	2	317.2	1
3582	515.5	290.0	7	10	2	316.9	1
3593	515.5	290.0	7	10	2	316.6	1
3600	515.5	290.0	7	10	2	316.2	1
3607	515.5	290.0	7	10	2	316.0	1
3615	515.5	290.0	7	10	2	315.7	1
3622	515.5	290.0	7	10	2	315.4	1
3631	515.5	290.0	7	10	2	315.1	1
3638	515.5	290.0	7	10	2	314.8	1
3646	515.5	290.0	7	10	2	314.5	1
3653	515.5	290.0	7	10	2	314.3	1
3662	515.5	290.0	7	10	2	314.0	1
3668	515.5	290.0	7	10	2	313.7	1
3677	515.5	290.0	7	10	2	313.4	1
3684	515.5	290.0	7	10	2	313.1	1
3692	515.5	290.0	7	10	2	312.9	1
3699	515.5	290.0	7	10	2	312.6	1
3707	515.5	290.0	7	10	2	312.3	1
3717	515.5	290.0	7	10	2	311.9	1
3725	515.5	290.0	7	10	2	311.7	1
3733	515.5	290.0	7	11	2	311.3	1
3739	515.5	290.0	7	11	2	311.1	1
3747	515.5	290.0	7	11	2	310.8	1
3753	515.5	290.0	7	11	2	310.6	1
3761	515.5	290.0	7	11	2	310.3	1
3768	515.5	290.0	7	11	2	310.1	1
3777	515.5	290.0	7	11	2	309.8	1
3786	515.5	290.0	7	11	2	309.4	1
3794	515.5	290.0	7	11	2	309.1	1
3801	515.5	290.0	7	11	2	308.8	1
3811	515.5	290.0	7	11	2	308.5	1
3818	515.5	290.0	7	11	2	308.2	1
3827	515.5	290.0	7	11	2	307.9	1
3834	515.5	290.0	7	11	2	307.6	1
3844	515.5	290.0	7	11	2	307.3	1
3851	515.5	290.0	7	11	2	307.0	1
3860	515.5	290.0	7	11	2	306.7	1
3867	515.5	290.0	7	11	2	306.4	1
3876	515.5	290.0	7	11	2	306.1	1
3883	515.5	290.0	7	11	2	305.8	1
3894	515.5	290.0	7	11	3	305.5	1
3902	515.5	290.0	7	10	3	305.1	1
3913	515.5	290.0	7	10	3	304.8	1
3920	515.5	290.0	7	10	3	304.5	1
3930	515.5	290.0	7	10	3	304.1	1
3936	515.5	290.0	7	10	3	303.9	1
3947	515.5	290.0	7	10	3	303.5	1
3955	515.5	290.0	7	10	3	303.2	1
3965	515.5	290.0	7	10	3	302.8	1
3972	515.5	290.0	7	10	3	302.6	1
3982	515.5	290.0	7	10	3	302.2	1
3989	515.5	290.0	7	10	3	302.0	1
3997	515.5	290.0	7	10	3	301.6	1
4003	515.5	290.0	7	10	3	301.4	1
4013	515.5	290.0	7	10	3	301.1	1
4019	515.5	290.0	7	10	3	300.8	1
4027	515.5	290.0	7	10	3	300.5	1
4034	515.5	290.0	7	10	3	300.3	1
4041	515.5	290.0	7	10	3	300.0	1
4049	515.5	290.0	7	10	3	299.8	1
4056	515.5	290.0	7	10	3	299.5	1
4064	515.5	290.0	7	10	3	299.2	1
4071	515.5	290.0	7	10	3	298.9	1
4079	515.5	290.0	7	10	3	298.6	1
4086	515.5	290.0	7	10	3	298.4	1
4094	515.5	290.0	7	10	3	298.1	1
4101	515.5	290.0	7	10	3	297.8	1
4110	515.5	290.0	7	10	3	297.5	1
4117	515.5	290.0	7	10	3	297.3	1
4126	515.5	290.0	7	10	3	297.0	1
4133	515.5	290.0	7	10	3	296.7	1
4142	515.5	290.0	7	10	3	296.4	1
4149	515.5	290.0	7	10	3	296.1	1
4157	515.5	290.0	7	10	3	295.8	1
4165	515.5	290.0	7	10	3	295.5	1
4172	515.5	290.0	7	10	3	295.2	1
4180	515.5	290.0	7	10	3	294.9	1
4187	515.5	290.0	7	10	3	294.7	1
4195	515.5	290.0	7	10	3	294.4	1
4201	515.5	290.0	7	10	3	294.1	1
4209	515.5	290.0	7	11	3	293.9	1
4216	515.5	290.0	7	11	3	293.6	1
4225	515.5	290.0	7	11	3	293.3	1
4232	515.5	290.0	7	11	3	293.0	1
4240	515.5	290.0	7	11	3	292.8	1
4247	515.5	290.0	7	11	3	292.5	1
4254	515.5	290.0	7	11	3	292.2	1
4263	515.5	290.0	7	11	3	291.9	1
4270	515.5	290.0	7	11	3	291.6	1
4278	515.5	290.0	7	11	3	291.3	1
4285	515.5	290.0	7	11	3	291.1	1
4293	515.5	290.0	7	11	3	290.8	1
4300	515.5	290.0	7	11	3	290.5	1
4309	515.5	290.0	7	11	3	290.2	1
4316	515.5	290.0	7	11	3	290.0	1
4322	515.5	290.0	7	11	3	289.7	1
4330	515.5	290.0	7	11	3	289.4	1
4336	515.5	290.0	7	11	3	289.2	1
4345	515.5	290.0	7	11	3	288.9	1
4352	515.5	290.0	7	11	3	288.6	1
4361	515.5	290.0	7	11	3	288.3	1
4367	515.5	290.0	7	11	3	288.1	1
4376	515.5	290.0	7	11	3	287.8	1
4383	515.5	290.0	7	11	3	287.5	1
4391	515.5	290.0	7	11	3	287.3	1
4400	515.5	290.0	7	11	3	286.9	1
4408	515.5	290.0	7	11	3	286.6	1
4415	515.5	290.0	7	11	3	286.3	1
4422	515.5	290.0	7	11	3	286.1	1
4430	515.5	290.0	7	11	3	285.8	1
4437	515.5	290.0	7	11	3	285.5	1
4445	515.5	290.0	7	11	3	285.2	1
4451	515.5	290.0	7	11	3	285.0	1
4461	515.5	290.0	7	11	3	284.7	1
4468	515.5	290.0	7	11	3	284.4	1
4477	515.5	290.0	7	11	3	284.0	1
4484	515.5	290.0	7	11	3	283.8	1
4494	515.5	290.0	7	11	3	283.4	1
4501	515.5	290.0	7	11	3	283.2	1
4509	515.5	290.0	7	11	3	282.9	1
4516	515.5	290.0	7	11	3	282.6	1
4521	515.5	290.0	7	11	3	282.4	1
4529	515.5	290.0	7	11	3	282.1	1
4535	515.5	290.0	7	11	3	281.9	1
4542	515.5	290.0	7	11	3	281.7	1
4548	515.5	290.0	7	11	3	281.4	1
4554	515.5	290.0	7	11	3	281.2	1
4561	515.5	290.0	7	11	3	280.9	1
4567	515.5	290.0	7	11	3	280.7	1
4575	515.5	290.0	7	11	3	280.4	1
4582	515.5	290.0	7	11	3	280.2	1
4590	515.5	290.0	7	11	3	279.9	1
4597	515.5	290.0	7	11	3	279.6	1
4604	515.5	290.0	7	11	3	279.4	1
4612	515.5	290.0	7	11	3	279.1	1
4618	515.5	290.0	7	11	3	278.9	1
4624	515.5	290.0	7	11	3	278.7	1
4631	515.5	290.0	7	11	3	278.4	1
4638	515.5	290.0	7	11	3	278.1	1
4646	515.5	290.0	7	11	3	277.8	1
4652	515.5	290.0	7	11	3	277.6	1
4660	515.5	290.0	7	11	3	277.3	1
4667	515.5	290.0	7	11	3	277.1	1
4676	515.5	290.0	7	11	3	276.8	1
4683	515.5	290.0	7	11	3	276.5	1
4690	515.5	290.0	7	12	3	276.3	1
4698	515.5	290.0	7	12	3	275.9	1
4705	515.5	290.0	7	12	3	275.7	1
4713	515.5	290.0	7	12	3	275.4	1
4719	515.5	290.0	7	12	3	275.2	1
4730	515.5	290.0	7	12	3	274.8	1
4736	515.5	290.0	7	12	3	274.5	1
4746	515.5	290.0	7	12	3	274.2	1
4752	515.5	290.0	7	12	3	274.0	1
4761	515.5	290.0	7	12	3	273.6	1
4768	515.5	290.0	7	12	3	273.4	1
4777	515.5	290.0	7	12	3	273.0	1
4784	515.5	290.0	7	12	3	272.8	1
4792	515.5	290.0	7	12	3	272.5	1
4800	515.5	290.0	7	12	3	272.2	1
4807	515.5	290.0	7	12	3	272.0	1
4815	515.5	290.0	7	12	3	271.6	1
4822	515.5	290.0	7	12	3	271.4	1
4829	515.5	290.0	7	12	3	271.1	1
4836	515.5	290.0	7	12	3	270.9	1
4845	515.5	290.0	7	12	3	270.6	1
4851	515.5	290.0	7	12	3	270.3	1
4861	515.5	290.0	7	12	3	270.0	1
4868	515.5	290.0	7	12	3	269.7	1
4878	515.5	290.0	7	12	3	269.4	1
4885	515.5	290.0	7	12	3	269.1	1
4894	515.5	290.0	7	12	3	268.7	1
4901	515.5	290.0	7	12	3	268.5	1
4913	515.5	290.0	7	12	3	268.1	1
4920	515.5	290.0	7	12	3	267.8	1
4931	515.5	290.0	7	12	3	267.4	1
4937	515.5	290.0	7	12	3	267.2	1
4946	515.5	290.0	7	12	3	266.8	1
4952	515.5	290.0	7	12	3	266.6	1
4962	515.5	290.0	7	12	3	266.3	1
4969	515.5	290.0	7	12	3	266.0	1
4977	515.5	290.0	7	12	3	265.7	1
4983	515.5	290.0	7	12	3	265.5	1
4990	515.5	290.0	7	12	3	265.2	1
4998	515.5	290.0	7	12	3	264.9	1
5004	515.5	290.0	7	12	3	264.7	1
5013	515.5	290.0	7	12	4	264.4	1
5019	515.5	290.0	7	11	4	264.2	1
5028	515.5	290.0	7	11	4	263.8	1
5034	515.5	290.0	7	11	4	263.6	1
5042	515.5	290.0	7	11	4	263.3	1
5050	515.5	290.0	7	11	4	263.0	1
5058	515.5	290.0	7	11	4	262.8	1
5065	515.5	290.0	7	11	4	262.5	1
5072	515.5	290.0	7	11	4	262.2	1
5080	515.5	290.0	7	11	4	261.9	1
5087	515.5	290.0	7	11	4	261.7	1
5096	515.5	290.0	7	11	4	261.4	1
5102	515.5	290.0	7	11	4	261.1	1
5110	515.5	290.0	7	11	4	260.8	1
5117	515.5	290.0	7	11	4	260.6	1
5123	515.5	290.0	7	11	4	260.4	1
5131	515.5	290.0	7	11	4	260.1	1
5138	515.5	290.0	7	11	4	259.8	1
5147	515.5	290.0	7	11	4	259.5	1
5153	515.5	290.0	7	12	4	259.2	1
5161	515.5	290.0	7	12	4	259.0	1
5167	515.5	290.0	7	12	4	258.7	1
5176	515.5	290.0	7	12	4	258.4	1
5183	515.5	290.0	7	12	4	258.2	1
5189	515.5	290.0	7	12	4	257.9	1
5197	515.5	290.0	7	12	4	257.6	1
5204	515.5	290.0	7	12	4	257.4	1
5212	515.5	290.0	7	12	4	257.1	1
5218	515.5	290.0	7	12	4	256.9	1
5225	515.5	290.0	7	12	4	256.6	1
5231	515.5	290.0	7	12	4	256.4	1
5238	515.5	290.0	7	12	4	256.1	1
5246	515.5	290.0	7	12	4	255.9	1
5253	515.5	290.0	7	12	4	255.6	1
5262	515.5	290.0	7	12	4	255.3	1
5269	515.5	290.0	7	12	4	255.0	1
5277	515.5	290.0	7	12	4	254.7	1
5284	515.5	290.0	7	12	4	254.4	1
5293	515.5	290.0	7	12	4	254.2	1
5300	515.5	290.0	7	12	4	253.9	1
5309	515.5	290.0	7	12	4	253.6	1
5316	515.5	290.0	7	12	4	253.3	1
5323	515.5	290.0	7	12	4	253.0	1
5332	515.5	290.0	7	12	4	252.7	1
5340	515.5	290.0	7	12	4	252.4	1
5349	515.5	290.0	7	12	4	252.0	1
5358	515.5	290.0	7	12	4	251.8	1
5366	515.5	290.0	7	12	4	251.4	1
5373	515.5	290.0	7	12	4	251.2	1
5381	515.5	290.0	7	12	4	250.9	1
5388	515.5	290.0	7	12	4	250.6	1
5398	515.5	290.0	7	12	4	250.3	1
5405	515.5	290.0	7	12	4	250.0	1
5413	515.5	290.0	7	12	4	249.7	1
5420	515.5	290.0	7	12	4	249.5	1
5430	515.5	290.0	7	12	4	249.1	1
5437	515.5	290.0	7	12	4	248.8	1
5446	515.5	290.0	7	12	4	248.5	1
5453	515.5	290.0	7	12	4	248.3	1
5462	515.5	290.0	7	12	4	247.9	1
5468	515.5	290.0	7	12	4	247.7	1
5477	515.5	290.0	7	12	4	247.4	1
5484	515.5	290.0	7	12	4	247.1	1
5492	515.5	290.0	7	12	4	246.9	1
5499	515.5	290.0	7	12	4	246.6	1
5506	515.5	290.0	7	12	4	246.3	1
5515	515.5	290.0	7	12	4	246.0	1
5521	515.5	290.0	7	12	4	245.7	1
5529	515.5	290.0	7	12	4	245.4	1
5536	515.5	290.0	7	12	4	245.2	1
5545	515.5	290.0	7	12	4	244.9	1
5552	515.5	290.0	7	12	4	245.4	1
5560	515.5	290.0	7	12	4	246.1	1
5567	515.5	290.0	7	12	4	246.6	1
5576	515.5	290.0	7	12	4	247.2	1
5582	515.5	290.0	7	12	4	247.7	1
5592	515.5	290.0	7	12	4	248.2	1
5599	515.5	290.0	7	12	4	248.8	1
5607	515.5	290.0	7	12	4	249.2	1
5615	515.5	290.0	7	12	4	249.7	1
5622	515.5	290.0	7	13	4	250.0	1
5631	515.5	290.0	7	13	4	250.4	1
5636	515.5	290.0	7	13	4	250.7	1
5644	515.5	290.0	7	13	4	251.0	1
5650	515.5	290.0	7	13	4	251.2	1
5659	515.5	290.0	7	13	4	251.5	1
5667	515.5	290.0	7	13	4	251.8	1
5675	515.5	290.0	7	13	4	252.0	1
5683	515.5	290.0	7	13	4	252.3	1
5691	515.5	290.0	7	13	4	252.4	1
5701	515.5	290.0	7	13	4	252.7	1
5711	515.5	290.0	7	13	4	252.8	1
5718	515.5	290.0	7	13	4	253.0	1
5725	515.5	290.0	7	13	4	253.1	1
5731	515.5	290.0	7	13	4	253.2	1
5738	515.5	290.0	7	13	4	253.2	1
5745	515.5	290.0	7	13	4	253.3	1
5752	515.5	290.0	7	13	4	253.4	1
5760	515.5	290.0	7	13	4	253.4	1
5767	515.5	290.0	7	13	4	253.5	1
5773	515.5	290.0	7	13	4	253.5	1
5783	515.5	290.0	7	13	4	253.5	1
5790	515.5	290.0	7	13	4	253.5	1
5799	515.5	290.0	7	13	4	253.5	1
5806	515.5	290.0	7	13	4	253.5	1
5815	515.5	290.0	7	13	4	253.5	1
5821	515.5	290.0	7	13	4	253.4	1
5829	515.5	290.0	7	13	4	253.4	1
5836	515.5	290.0	7	13	4	253.4	1
5845	515.5	290.0	7	13	4	253.3	1
5851	515.5	290.0	7	13	4	253.2	1
5860	515.5	290.0	7	13	4	253.1	1
5868	515.5	290.0	7	13	4	253.0	1
5878	515.5	290.0	7	13	4	252.9	1
5886	515.5	290.0	7	13	4	252.8	1
5896	515.5	290.0	7	13	4	252.7	1
5903	515.5	290.0	7	13	4	252.6	1
5911	515.5	290.0	7	13	5	310.9	1
5918	515.5	290.0	7	12	5	310.6	1
5928	515.5	290.0	7	12	5	310.2	1
5935	515.5	290.0	7	12	5	309.9	1
5944	515.5	290.0	7	12	5	309.6	1
5951	515.5	290.0	7	12	5	309.3	1
5960	515.5	290.0	7	12	5	309.0	1
5967	515.5	290.0	7	12	5	308.7	1
5972	515.5	290.0	7	12	5	308.5	1
5980	515.5	290.0	7	12	5	308.2	1
5987	515.5	290.0	7	12	5	307.9	1
5996	515.5	290.0	7	12	5	307.5	1
6002	515.5	290.0	7	12	5	307.3	1
6011	515.5	290.0	7	12	5	306.9	1
6018	515.5	290.0	7	12	5	306.6	1
6027	515.5	290.0	7	12	5	306.3	1
6034	515.5	290.0	7	12	5	306.0	1
6042	515.5	290.0	7	12	5	305.7	1
6049	515.5	290.0	7	12	5	305.4	1
6056	515.5	290.0	7	12	5	305.2	1
6064	515.5	290.0	7	12	5	304.8	1
6071	515.5	290.0	7	12	5	304.5	1
6079	515.5	290.0	7	12	5	304.2	1
6086	515.5	290.0	7	13	5	303.9	1
6095	515.5	290.0	7	13	5	303.6	1
6102	515.5	290.0	7	13	5	303.3	1
6110	515.5	290.0	7	13	5	303.0	1
6116	515.5	290.0	7	13	5	302.7	1
6123	515.5	290.0	7	13	5	302.5	1
6132	515.5	290.0	7	13	5	302.1	1
6138	515.5	290.0	7	13	5	301.8	1
6147	515.5	290.0	7	13	5	301.5	1
6153	515.5	290.0	7	13	5	301.2	1
6162	515.5	290.0	7	13	5	300.9	1
6168	515.5	290.0	7	13	5	300.7	1
6175	515.5	290.0	7	13	5	300.4	1
6183	515.5	290.0	7	13	5	300.1	1
6189	515.5	290.0	7	13	5	299.8	1
6197	515.5	290.0	7	13	5	299.5	1
6203	515.5	290.0	7	13	5	299.2	1
6212	515.5	290.0	7	13	5	298.9	1
6218	515.5	290.0	7	13	5	298.6	1
6226	515.5	290.0	7	13	5	298.4	1
6232	515.5	290.0	7	13	5	298.1	1
6239	515.5	290.0	7	13	5	297.8	1
6246	515.5	290.0	7	13	5	297.5	1
6252	515.5	290.0	7	13	5	297.3	1
6260	515.5	290.0	7	13	5	297.0	1
6267	515.5	290.0	7	13	5	296.7	1
6273	515.5	290.0	7	13	5	296.5	1
6280	515.5	290.0	7	13	5	296.2	1
6287	515.5	290.0	7	13	5	295.9	1
6294	515.5	290.0	7	13	5	295.6	1
6300	515.5	290.0	7	13	5	295.4	1
6308	515.5	290.0	7	13	5	295.1	1
6315	515.5	290.0	7	13	5	294.8	1
6321	515.5	290.0	7	13	5	294.6	1
6329	515.5	290.0	7	13	5	295.2	1
6336	515.5	290.0	7	13	5	295.8	1
6344	515.5	290.0	7	13	5	296.4	1
6350	515.5	290.0	7	13	5	296.8	1
6358	515.5	290.0	7	13	5	297.3	1
6365	515.5	290.0	7	13	5	297.8	1
6371	515.5	290.0	7	13	5	298.1	1
6379	515.5	290.0	7	13	5	298.5	1
6385	515.5	290.0	7	13	5	298.9	1
6392	515.5	290.0	7	13	5	299.2	1
6399	515.5	290.0	7	13	5	299.5	1
6406	515.5	290.0	7	13	5	299.8	1
6413	515.5	290.0	7	13	5	300.1	1
6420	515.5	290.0	7	13	5	300.4	1
6428	515.5	290.0	7	13	5	300.6	1
6434	515.5	290.0	7	13	5	300.9	1
6442	515.5	290.0	7	13	5	301.1	1
6449	515.5	290.0	7	13	5	301.3	1
6455	515.5	290.0	7	13	5	301.4	1
6462	515.5	290.0	7	13	5	301.6	1
6468	515.5	290.0	7	13	5	301.7	1
6476	515.5	290.0	7	13	5	301.9	1
6483	515.5	290.0	7	13	5	302.0	1
6490	515.5	290.0	7	13	5	302.1	1
6498	515.5	290.0	7	13	5	302.2	1
6504	515.5	290.0	7	13	5	302.3	1
6512	515.5	290.0	7	13	5	302.3	1
6518	515.5	290.0	7	13	5	302.4	1
6527	515.5	290.0	7	13	5	302.4	1
6534	515.5	290.0	7	13	5	302.4	1
6542	515.5	290.0	7	13	5	302.5	1
6549	515.5	290.0	7	13	5	302.5	1
6557	515.5	290.0	7	13	5	302.5	1
6565	515.5	290.0	7	14	5	302.4	1
6572	515.5	290.0	7	14	5	302.4	1
6581	515.5	290.0	7	14	5	302.4	1
6588	515.5	290.0	7	14	5	302.3	1
6600	515.5	290.0	7	14	5	302.2	1
6608	515.5	290.0	7	14	5	302.2	1
6616	515.5	290.0	7	14	5	302.1	1
6622	515.5	290.0	7	14	5	302.0	1
6631	515.5	290.0	7	14	5	301.9	1
6638	515.5	290.0	7	14	5	301.8	1
6647	515.5	290.0	7	14	5	301.7	1
6653	515.5	290.0	7	14	5	301.6	1
6662	515.5	290.0	7	14	5	301.4	1
6668	515.5	290.0	7	14	5	301.3	1
6679	515.5	290.0	7	14	6	311.5	1
6686	515.5	290.0	7	13	6	311.3	1
6696	515.5	290.0	7	13	6	310.9	1
6703	515.5	290.0	7	13	6	310.6	1
6711	515.5	290.0	7	13	6	310.3	1
6717	515.5	290.0	7	13	6	310.1	1
6726	515.5	290.0	7	13	6	309.8	1
6733	515.5	290.0	7	13	6	309.5	1
6742	515.5	290.0	7	13	6	309.2	1
6749	515.5	290.0	7	13	6	308.9	1
6756	515.5	290.0	7	13	6	308.6	1
6765	515.5	290.0	7	13	6	308.3	1
6771	515.5	290.0	7	13	6	308.0	1
6780	515.5	290.0	7	13	6	307.7	1
6786	515.5	290.0	7	13	6	307.5	1
6795	515.5	290.0	7	13	6	307.1	1
6801	515.5	290.0	7	13	6	306.9	1
6808	515.5	290.0	7	13	6	306.6	1
6816	515.5	290.0	7	13	6	306.3	1
6822	515.5	290.0	7	13	6	306.1	1
6830	515.5	290.0	7	13	6	305.8	1
6836	515.5	290.0	7	13	6	305.5	1
6845	515.5	290.0	7	13	6	305.2	1
6852	515.5	290.0	7	13	6	305.0	1
6860	515.5	290.0	7	13	6	304.7	1
6866	515.5	290.0	7	13	6	304.4	1
6872	515.5	290.0	7	13	6	304.2	1
6881	515.5	290.0	7	13	6	303.9	1
6888	515.5	290.0	7	13	6	303.6	1
6897	515.5	290.0	7	13	6	303.2	1
6907	515.5	290.0	7	13	6	302.9	1
6921	515.5	290.0	7	13	6	302.4	1
6935	515.5	290.0	7	13	6	301.8	1
6950	515.5	290.0	7	13	6	301.3	1
6961	515.5	290.0	7	13	6	300.9	1
6969	515.5	290.0	7	13	6	300.5	1
6978	515.5	290.0	7	13	6	300.2	1
6987	515.5	290.0	7	13	6	299.9	1
6998	515.5	290.0	7	13	6	299.5	1
7005	515.5	290.0	7	13	6	299.2	1
7012	515.5	290.0	7	13	6	298.9	1
7018	515.5	290.0	7	14	6	298.7	1
7025	515.5	290.0	7	14	6	298.4	1
7032	515.5	290.0	7	14	6	298.2	1
7038	515.5	290.0	7	14	6	297.9	1
7046	515.5	290.0	7	14	6	298.6	1
7053	515.5	290.0	7	14	6	299.1	1
7061	515.5	290.0	7	14	6	299.8	1
7068	515.5	290.0	7	14	6	300.3	1
7075	515.5	290.0	7	14	6	300.8	1
7082	515.5	290.0	7	14	6	301.2	1
7090	515.5	290.0	7	14	6	301.6	1
7098	515.5	290.0	7	14	6	302.1	1
7104	515.5	290.0	7	14	6	302.5	1
7112	515.5	290.0	7	14	6	302.8	1
7118	515.5	290.0	7	14	6	303.1	1
7126	515.5	290.0	7	14	6	303.5	1
7132	515.5	290.0	7	14	6	303.7	1
7138	515.5	290.0	7	14	6	304.0	1
7146	515.5	290.0	7	14	6	304.2	1
7152	515.5	290.0	7	14	6	304.5	1
7159	515.5	290.0	7	14	6	304.7	1
7165	515.5	290.0	7	14	6	304.9	1
7171	515.5	290.0	7	14	6	305.0	1
7178	515.5	290.0	7	14	6	305.2	1
7185	515.5	290.0	7	14	6	305.4	1
7192	515.5	290.0	7	14	6	305.5	1
7198	515.5	290.0	7	14	6	305.6	1
7205	515.5	290.0	7	14	6	305.7	1
7212	515.5	290.0	7	14	6	305.9	1
7219	515.5	290.0	7	14	6	306.0	1
7228	515.5	290.0	7	14	6	306.1	1
7236	515.5	290.0	7	14	6	306.1	1
7244	515.5	290.0	7	14	6	306.2	1
7252	515.5	290.0	7	14	6	306.2	1
7262	515.5	290.0	7	14	6	306.3	1
7271	515.5	290.0	7	14	6	306.3	1
7280	515.5	290.0	7	14	6	306.3	1
7288	515.5	290.0	7	14	6	306.3	1
7299	515.5	290.0	7	14	6	306.3	1
7311	515.5	290.0	7	14	6	306.2	1
7319	515.5	290.0	7	14	6	306.1	1
7330	515.5	290.0	7	14	6	306.1	1
7342	515.5	290.0	7	14	6	305.9	1
7351	515.5	290.0	7	14	6	305.8	1
7362	515.5	290.0	7	14	6	305.7	1
7370	515.5	290.0	7	14	6	305.6	1
7380	515.5	290.0	7	14	6	305.5	1
7389	515.5	290.0	7	14	6	305.3	1
7402	515.5	290.0	7	14	7	316.9	1
7413	515.5	290.0	7	13	7	316.4	1
7421	515.5	290.0	7	13	7	316.0	1
7430	515.5	290.0	7	13	7	315.6	1
7436	515.5	290.0	7	13	7	315.4	1
7446	515.5	290.0	7	13	7	314.9	1
7454	515.5	290.0	7	13	7	314.6	1
7463	515.5	290.0	7	13	7	314.2	1
7469	515.5	290.0	7	13	7	314.0	1
7477	515.5	290.0	7	13	7	313.6	1
7484	515.5	290.0	7	13	7	313.3	1
7491	515.5	290.0	7	14	7	313.0	1
7498	515.5	290.0	7	14	7	312.7	1
7505	515.5	290.0	7	14	7	312.4	1
7514	515.5	290.0	7	14	7	312.0	1
7520	515.5	290.0	7	14	7	311.8	1
7528	515.5	290.0	7	14	7	311.4	1
7534	515.5	290.0	7	14	7	311.2	1
7541	515.5	290.0	7	14	7	310.9	1
7548	515.5	290.0	7	14	7	310.6	1
7554	515.5	290.0	7	14	7	310.3	1
7562	515.5	290.0	7	14	7	310.0	1
7568	515.5	290.0	7	14	7	309.7	1
7575	515.5	290.0	7	14	7	309.4	1
7582	515.5	290.0	7	14	7	309.1	1
7589	515.5	290.0	7	14	7	308.8	1
7597	515.5	290.0	7	14	7	308.5	1
7604	515.5	290.0	7	14	7	308.2	1
7614	515.5	290.0	7	14	7	307.8	1
7620	515.5	290.0	7	14	7	307.5	1
7629	515.5	290.0	7	14	7	307.1	1
7636	515.5	290.0	7	14	7	306.8	1
7648	515.5	290.0	7	14	7	306.3	1
7655	515.5	290.0	7	14	7	306.0	1
7665	515.5	290.0	7	14	7	305.6	1
7673	515.5	290.0	7	14	7	305.3	1
7680	515.5	290.0	7	14	7	304.9	1
7687	515.5	290.0	7	14	7	304.6	1
7695	515.5	290.0	7	14	7	304.3	1
7702	515.5	290.0	7	14	7	304.0	1
7711	515.5	290.0	7	14	7	303.6	1
7717	515.5	290.0	7	14	7	303.3	1
7724	515.5	290.0	7	14	7	303.0	1
7732	515.5	290.0	7	14	7	302.7	1
7739	515.5	290.0	7	14	7	302.4	1
7747	515.5	290.0	7	14	7	302.1	1
7753	515.5	290.0	7	14	7	301.8	1
7761	515.5	290.0	7	14	7	301.5	1
7768	515.5	290.0	7	14	7	301.2	1
7776	515.5	290.0	7	14	7	300.8	1
7783	515.5	290.0	7	14	7	300.5	1
7789	515.5	290.0	7	14	7	300.3	1
7797	515.5	290.0	7	14	7	299.9	1
7804	515.5	290.0	7	14	7	299.6	1
7811	515.5	290.0	7	14	7	299.3	1
7817	515.5	290.0	7	14	7	299.1	1
7823	515.5	290.0	7	14	7	298.8	1
7830	515.5	290.0	7	14	7	298.5	1
7836	515.5	290.0	7	14	7	298.2	1
7843	515.5	290.0	7	14	7	297.9	1
7849	515.5	290.0	7	14	7	297.7	1
7856	515.5	290.0	7	14	7	297.4	1
7863	515.5	290.0	7	14	7	297.1	1
7870	515.5	290.0	7	14	7	296.8	1
7878	515.5	290.0	7	14	7	296.5	1
7884	515.5	290.0	7	14	7	296.2	1
7891	515.5	290.0	7	14	7	295.9	1
7898	515.5	290.0	7	14	7	295.6	1
7905	515.5	290.0	7	14	7	295.3	1
7912	515.5	290.0	7	14	7	295.0	1
7919	515.5	290.0	7	14	7	294.7	1
7926	515.5	290.0	7	14	7	294.4	1
7932	515.5	290.0	7	14	7	294.1	1
7938	515.5	290.0	7	14	7	293.9	1
7946	515.5	290.0	7	14	7	293.6	1
7952	515.5	290.0	7	15	7	293.3	1
7959	515.5	290.0	7	15	7	293.0	1
7966	515.5	290.0	7	15	7	292.7	1
7973	515.5	290.0	7	15	7	292.4	1
7980	515.5	290.0	7	15	7	292.1	1
7987	515.5	290.0	7	15	7	291.8	1
7995	515.5	290.0	7	15	7	291.4	1
8002	515.5	290.0	7	15	7	291.1	1
8009	515.5	290.0	7	15	7	290.8	1
8016	515.5	290.0	7	15	7	290.5	1
8023	515.5	290.0	7	15	7	290.3	1
8030	515.5	290.0	7	15	7	289.9	1
8036	515.5	290.0	7	15	7	289.7	1
8043	515.5	290.0	7	15	7	289.4	1
8050	515.5	290.0	7	15	7	289.1	1
8057	515.5	290.0	7	15	7	288.8	1
8064	515.5	290.0	7	15	7	288.5	1
8070	515.5	290.0	7	15	7	288.2	1
8077	515.5	290.0	7	15	7	287.9	1
8084	515.5	290.0	7	15	7	287.6	1
8092	515.5	290.0	7	15	7	287.3	1
8099	515.5	290.0	7	15	7	288.0	1
8107	515.5	290.0	7	15	7	288.5	1
8115	515.5	290.0	7	15	7	289.2	1
8121	515.5	290.0	7	15	7	289.6	1
8128	515.5	290.0	7	15	7	290.0	1
8134	515.5	290.0	7	15	7	290.4	1
8141	515.5	290.0	7	15	7	290.8	1
8148	515.5	290.0	7	15	7	291.1	1
8155	515.5	290.0	7	15	7	291.5	1
8162	515.5	290.0	7	15	7	291.8	1
8169	515.5	290.0	7	15	7	292.1	1
8176	515.5	290.0	7	15	7	292.4	1
8183	515.5	290.0	7	15	7	292.6	1
8190	515.5	290.0	7	15	7	292.9	1
8197	515.5	290.0	7	15	7	293.1	1
8203	515.5	290.0	7	15	7	293.3	1
8210	515.5	290.0	7	15	7	293.5	1
8216	515.5	290.0	7	15	7	293.6	1
8223	515.5	290.0	7	15	7	293.8	1
8230	515.5	290.0	7	15	7	293.9	1
8236	515.5	290.0	7	15	7	294.0	1
8244	515.5	290.0	7	15	7	294.2	1
8251	515.5	290.0	7	15	7	294.3	1
8257	515.5	290.0	7	15	7	294.3	1
8264	515.5	290.0	7	15	7	294.4	1
8270	515.5	290.0	7	15	7	294.5	1
8277	515.5	290.0	7	15	7	294.5	1
8284	515.5	290.0	7	15	7	294.6	1
8292	515.5	290.0	7	15	7	294.6	1
8299	515.5	290.0	7	15	7	294.6	1
8307	515.5	290.0	7	15	7	294.6	1
8314	515.5	290.0	7	15	7	294.5	1
8320	515.5	290.0	7	15	7	294.2	1
8329	515.5	290.0	7	15	7	293.9	1
8335	515.5	290.0	7	15	7	293.7	1
8344	515.5	290.0	7	15	7	293.4	1
8351	515.5	290.0	7	15	7	293.1	1
8361	515.5	290.0	7	15	7	292.8	1
8368	515.5	290.0	7	15	7	292.5	1
8377	515.5	290.0	7	15	7	292.2	1
8384	515.5	290.0	7	15	7	291.9	1
8393	515.5	290.0	7	15	7	291.5	1
8400	515.5	290.0	7	15	7	291.3	1
8408	515.5	290.0	7	15	7	291.0	1
8415	515.5	290.0	7	15	7	290.7	1
8422	515.5	290.0	7	16	7	290.5	1
8430	515.5	290.0	7	16	7	290.2	1
8437	515.5	290.0	7	16	7	289.9	1
8445	515.5	290.0	7	16	7	289.6	1
8451	515.5	290.0	7	16	8	289.4	1
8459	515.5	290.0	7	15	8	289.1	1
8466	515.5	290.0	7	15	8	288.8	1
8475	515.5	290.0	7	15	8	288.5	1
8484	515.5	290.0	7	15	8	288.2	1
8492	515.5	290.0	7	15	8	287.9	1
8499	515.5	290.0	7	15	8	287.6	1
8507	515.5	290.0	7	15	8	287.4	1
8515	515.5	290.0	7	15	8	287.0	1
8522	515.5	290.0	7	15	8	286.8	1
8532	515.5	290.0	7	15	8	286.4	1
8539	515.5	290.0	7	15	8	286.2	1
8548	515.5	290.0	7	15	8	285.8	1
8554	515.5	290.0	7	15	8	285.6	1
8563	515.5	290.0	7	15	8	285.3	1
8569	515.5	290.0	7	15	8	285.0	1
8579	515.5	290.0	7	15	8	284.7	1
8585	515.5	290.0	7	15	8	284.4	1
8596	515.5	290.0	7	15	8	284.1	1
8602	515.5	290.0	7	15	8	283.8	1
8611	515.5	290.0	7	15	8	283.5	1
8618	515.5	290.0	7	15	8	283.2	1
8626	515.5	290.0	7	15	8	283.0	1
8633	515.5	290.0	7	15	8	282.7	1
8639	515.5	290.0	7	15	8	282.5	1
8646	515.5	290.0	7	15	8	282.2	1
8652	515.5	290.0	7	15	8	282.0	1
8659	515.5	290.0	7	15	8	281.7	1
8666	515.5	290.0	7	15	8	281.5	1
8672	515.5	290.0	7	15	8	281.3	1
8679	515.5	290.0	7	15	8	281.0	1
8686	515.5	290.0	7	15	8	280.8	1
8694	515.5	290.0	7	15	8	280.5	1
8700	515.5	290.0	7	15	8	280.2	1
8709	515.5	290.0	7	15	8	279.9	1
8716	515.5	290.0	7	15	8	279.6	1
8722	515.5	290.0	7	15	8	279.4	1
8729	515.5	290.0	7	15	8	279.1	1
8736	515.5	290.0	7	15	8	278.9	1
8745	515.5	290.0	7	15	8	278.6	1
8752	515.5	290.0	7	15	8	278.3	1
8760	515.5	290.0	7	15	8	278.0	1
8766	515.5	290.0	7	15	8	277.8	1
8773	515.5	290.0	7	15	8	277.5	1
8781	515.5	290.0	7	15	9	282.5	1
8787	515.5	290.0	7	14	9	282.3	1
8795	515.5	290.0	7	14	9	281.9	1
8802	515.5	290.0	7	14	9	281.6	1
8810	515.5	290.0	7	14	9	281.3	1
8817	515.5	290.0	7	14	9	281.0	1
8824	515.5	290.0	7	14	9	280.7	1
8831	515.5	290.0	7	14	9	280.4	1
8837	515.5	290.0	7	14	9	280.1	1
8845	515.5	290.0	7	14	9	279.8	1
8851	515.5	290.0	7	14	9	279.5	1
8859	515.5	290.0	7	14	9	279.2	1
8865	515.5	290.0	7	14	9	278.9	1
8872	515.5	290.0	7	14	9	278.6	1
8880	515.5	290.0	7	14	9	278.3	1
8886	515.5	290.0	7	14	9	278.0	1
8893	515.5	290.0	7	15	9	277.7	1
8899	515.5	290.0	7	15	9	277.4	1
8906	515.5	290.0	7	15	9	277.2	1
8913	515.5	290.0	7	15	9	276.8	1
8920	515.5	290.0	7	15	9	276.6	1
8928	515.5	290.0	7	15	9	276.2	1
8934	515.5	290.0	7	15	9	275.9	1
8942	515.5	290.0	7	15	9	275.6	1
8949	515.5	290.0	7	15	9	275.3	1
8955	515.5	290.0	7	15	9	275.1	1
8963	515.5	290.0	7	15	9	274.7	1
8969	515.5	290.0	7	15	9	274.4	1
8978	515.5	290.0	7	15	9	274.1	1
8985	515.5	290.0	7	15	9	273.8	1
8994	515.5	290.0	7	15	9	273.4	1
9000	515.5	290.0	7	15	9	273.1	1
9007	515.5	290.0	7	15	9	272.8	1
9014	515.5	290.0	7	15	9	272.5	1
9021	515.5	290.0	7	15	9	272.2	1
9029	515.5	290.0	7	15	9	271.9	1
9035	515.5	290.0	7	15	9	271.6	1
9043	515.5	290.0	7	15	9	271.3	1
9049	515.5	290.0	7	15	9	271.0	1
9056	515.5	290.0	7	15	9	270.7	1
9064	515.5	290.0	7	15	9	270.4	1
9070	515.5	290.0	7	15	9	270.1	1
9081	515.5	290.0	7	15	9	269.7	1
9088	515.5	290.0	7	15	9	269.4	1
9097	515.5	290.0	7	15	9	269.0	1
9104	515.5	290.0	7	15	9	268.7	1
9114	515.5	290.0	7	15	9	268.3	1
9121	515.5	290.0	7	15	9	267.9	1
9128	515.5	290.0	7	15	9	268.5	1
9134	515.5	290.0	7	15	9	269.0	1
9142	515.5	290.0	7	15	9	269.3	1
9149	515.5	290.0	7	15	9	269.0	1
9155	515.5	290.0	7	15	9	268.8	1
9162	515.5	290.0	7	15	9	268.4	1
9169	515.5	290.0	7	15	9	268.2	1
9176	515.5	290.0	7	15	9	267.9	1
9183	515.5	290.0	7	15	9	267.6	1
9189	515.5	290.0	7	15	9	267.3	1
9196	515.5	290.0	7	15	9	267.0	1
9202	515.5	290.0	7	15	9	266.8	1
9209	515.5	290.0	7	15	9	266.5	1
9215	515.5	290.0	7	15	9	266.2	1
9222	515.5	290.0	7	15	9	265.9	1
9229	515.5	290.0	7	15	9	265.6	1
9235	515.5	290.0	7	15	9	265.4	1
9242	515.5	290.0	7	15	9	265.1	1
9249	515.5	290.0	7	15	9	264.8	1
9257	515.5	290.0	7	15	9	264.5	1
9266	515.5	290.0	7	15	9	264.1	1
9272	515.5	290.0	7	15	9	263.8	1
9281	515.5	290.0	7	15	9	263.4	1
9287	515.5	290.0	7	15	9	263.1	1
9295	515.5	290.0	7	15	9	262.8	1
9302	515.5	290.0	7	15	9	262.5	1
9310	515.5	290.0	7	15	9	262.2	1
9317	515.5	290.0	7	15	9	261.9	1
9324	515.5	290.0	7	15	9	261.6	1
9331	515.5	290.0	7	15	9	261.3	1
9337	515.5	290.0	7	15	9	261.0	1
9346	515.5	290.0	7	15	9	260.7	1
9353	515.5	290.0	7	15	9	260.4	1
9361	515.5	290.0	7	16	9	260.0	1
9367	515.5	290.0	7	16	9	259.8	1
9374	515.5	290.0	7	16	9	259.5	1
9381	515.5	290.0	7	16	9	259.1	1
9388	515.5	290.0	7	16	9	258.9	1
9396	515.5	290.0	7	16	9	258.5	1
9403	515.5	290.0	7	16	9	258.2	1
9411	515.5	290.0	7	16	9	257.9	1
9418	515.5	290.0	7	16	9	257.6	1
9427	515.5	290.0	7	16	9	257.2	1
9434	515.5	290.0	7	16	9	256.9	1
9442	515.5	290.0	7	16	9	256.6	1
9448	515.5	290.0	7	16	9	256.3	1
9455	515.5	290.0	7	16	9	256.0	1
9464	515.5	290.0	7	16	9	255.6	1
9472	515.5	290.0	7	16	9	255.3	1
9482	515.5	290.0	7	16	10	254.9	1
9488	515.5	290.0	7	15	10	254.6	1
9496	515.5	290.0	7	15	10	254.3	1
9502	515.5	290.0	7	15	10	254.0	1
9511	515.5	290.0	7	15	10	253.6	1
9517	515.5	290.0	7	15	10	253.4	1
9525	515.5	290.0	7	15	10	253.1	1
9532	515.5	290.0	7	15	10	252.7	1
9538	515.5	290.0	7	15	10	252.5	1
9547	515.5	290.0	7	15	10	252.1	1
9554	515.5	290.0	7	15	10	251.8	1
9564	515.5	290.0	7	15	10	251.4	1
9570	515.5	290.0	7	15	10	251.1	1
9580	515.5	290.0	7	15	10	250.7	1
9587	515.5	290.0	7	15	10	250.4	1
9597	515.5	290.0	7	15	10	250.0	1
9603	515.5	290.0	7	15	10	249.7	1
9611	515.5	290.0	7	15	10	249.4	1
9618	515.5	290.0	7	15	10	249.1	1
9626	515.5	290.0	7	15	10	248.8	1
9633	515.5	290.0	7	15	10	248.5	1
9641	515.5	290.0	7	15	10	248.2	1
9648	515.5	290.0	7	15	10	247.8	1
9654	515.5	290.0	7	15	10	247.5	1
9663	515.5	290.0	7	15	10	247.2	1
9669	515.5	290.0	7	15	10	246.9	1
9678	515.5	290.0	7	15	10	246.5	1
9685	515.5	290.0	7	15	10	246.2	1
9692	515.5	290.0	7	15	10	246.0	1
9699	515.5	290.0	7	15	10	245.6	1
9706	515.5	290.0	7	15	10	245.4	1
9714	515.5	290.0	7	15	10	245.0	1
9721	515.5	290.0	7	15	10	244.7	1
9729	515.5	290.0	7	15	10	244.4	1
9736	515.5	290.0	7	15	10	244.1	1
9744	515.5	290.0	7	15	10	243.7	1
9750	515.5	290.0	7	15	10	243.5	1
9758	515.5	290.0	7	15	10	243.1	1
9764	515.5	290.0	7	15	10	242.9	1
9770	515.5	290.0	7	15	10	242.6	1
9777	515.5	290.0	7	15	10	242.3	1
9783	515.5	290.0	7	15	10	242.1	1
9790	515.5	290.0	7	15	10	241.8	1
9797	515.5	290.0	7	15	10	242.4	1
9804	515.5	290.0	7	15	10	242.9	1
9811	515.5	290.0	7	15	10	243.4	1
9818	515.5	290.0	7	15	10	243.6	1
9825	515.5	290.0	7	15	10	243.3	1
9831	515.5	290.0	7	16	10	243.0	1
9837	515.5	290.0	7	16	10	242.8	1
9845	515.5	290.0	7	16	10	242.4	1
9851	515.5	290.0	7	16	10	242.2	1
9858	515.5	290.0	7	16	10	241.9	1
9865	515.5	290.0	7	16	10	241.6	1
9871	515.5	290.0	7	16	10	241.4	1
9879	515.5	290.0	7	16	10	241.0	1
9886	515.5	290.0	7	16	10	240.7	1
9895	515.5	290.0	7	16	10	240.4	1
9901	515.5	290.0	7	16	10	240.1	1
9908	515.5	290.0	7	16	10	239.8	1
9915	515.5	290.0	7	16	10	239.5	1
9922	515.5	290.0	7	16	10	239.3	1
9930	515.5	290.0	7	16	10	238.9	1
9936	515.5	290.0	7	16	10	238.7	1
9944	515.5	290.0	7	16	10	238.3	1
9951	515.5	290.0	7	16	10	238.0	1
9960	515.5	290.0	7	16	10	237.7	1
9967	515.5	290.0	7	16	10	237.4	1
9973	515.5	290.0	7	16	10	237.1	1
9980	515.5	290.0	7	16	10	236.8	1
9987	515.5	290.0	7	16	10	236.5	1
9995	515.5	290.0	7	16	10	236.2	1
10001	515.5	290.0	7	16	10	235.9	1
10009	515.5	290.0	7	16	10	235.6	1
10015	515.5	290.0	7	16	10	235.4	1
10023	515.5	290.0	7	16	10	235.1	1
10032	515.5	290.0	7	16	10	234.7	1
10039	515.5	290.0	7	16	10	234.4	1
10047	515.5	290.0	7	16	10	234.0	1
10053	515.5	290.0	7	16	10	233.8	1
10061	515.5	290.0	7	16	10	233.4	1
10068	515.5	290.0	7	16	10	233.2	1
10075	515.5	290.0	7	16	10	232.9	1
10082	515.5	290.0	7	16	10	232.6	1
10088	515.5	290.0	7	16	10	232.3	1
10096	515.5	290.0	7	16	10	232.0	1
10103	515.5	290.0	7	16	10	231.7	1
10112	515.5	290.0	7	16	10	231.3	1
10119	515.5	290.0	7	16	10	231.0	1
10128	515.5	290.0	7	16	10	230.7	1
10134	515.5	290.0	7	16	10	230.4	1
10142	515.5	290.0	7	16	10	230.1	1
10149	515.5	290.0	7	16	11	229.8	1
10156	515.5	290.0	7	15	11	229.5	1
10163	515.5	290.0	7	15	11	229.2	1
10170	515.5	290.0	7	15	11	228.9	1
10180	515.5	290.0	7	15	11	228.5	1
10187	515.5	290.0	7	15	11	228.2	1
10197	515.5	290.0	7	15	11	227.8	1
10205	515.5	290.0	7	15	11	227.5	1
10217	515.5	290.0	7	15	11	227.0	1
10228	515.5	290.0	7	15	11	226.5	1
10237	515.5	290.0	7	15	11	226.1	1
10247	515.5	290.0	7	15	11	225.7	1
10254	515.5	290.0	7	15	11	225.4	1
10263	515.5	290.0	7	15	11	225.1	1
10270	515.5	290.0	7	15	11	224.7	1
10279	515.5	290.0	7	15	11	224.4	1
10285	515.5	290.0	7	15	11	224.1	1
10294	515.5	290.0	7	15	11	223.8	1
10300	515.5	290.0	7	15	11	223.5	1
10309	515.5	290.0	7	16	11	223.1	1
10320	515.5	290.0	7	16	11	222.7	1
10331	515.5	290.0	7	16	11	222.2	1
10343	515.5	290.0	7	16	11	221.7	1
10351	515.5	290.0	7	16	11	221.4	1
10358	515.5	290.0	7	16	11	221.1	1
10365	515.5	290.0	7	16	11	220.8	1
10371	515.5	290.0	7	16	11	220.5	1
10381	515.5	290.0	7	16	11	220.2	1
10388	515.5	290.0	7	16	11	219.8	1
10397	515.5	290.0	7	16	11	219.5	1
10406	515.5	290.0	7	16	11	219.1	1
10416	515.5	290.0	7	16	11	218.7	1
10424	515.5	290.0	7	16	11	218.4	1
10432	515.5	290.0	7	16	11	218.0	1
10439	515.5	290.0	7	16	11	217.7	1
10447	515.5	290.0	7	16	11	217.4	1
10455	515.5	290.0	7	16	11	217.1	1
10463	515.5	290.0	7	16	11	216.7	1
10470	515.5	290.0	7	16	11	217.2	1
10478	515.5	290.0	7	16	11	217.9	1
10485	515.5	290.0	7	16	11	218.4	1
10493	515.5	290.0	7	16	11	218.9	1
10499	515.5	290.0	7	16	11	219.4	1
10506	515.5	290.0	7	16	11	219.7	1
10513	515.5	290.0	7	16	11	220.2	1
10519	515.5	290.0	7	16	11	220.5	1
10526	515.5	290.0	7	16	11	220.9	1
10533	515.5	290.0	7	16	11	221.2	1
10539	515.5	290.0	7	16	11	221.4	1
10546	515.5	290.0	7	16	11	221.7	1
10552	515.5	290.0	7	16	11	222.0	1
10559	515.5	290.0	7	16	11	222.2	1
10566	515.5	290.0	7	16	11	222.5	1
10572	515.5	290.0	7	16	11	222.7	1
10579	515.5	290.0	7	16	11	222.9	1
10585	515.5	290.0	7	16	11	223.1	1
10593	515.5	290.0	7	16	11	223.2	1
10599	515.5	290.0	7	16	11	223.4	1
10606	515.5	290.0	7	16	11	223.5	1
10613	515.5	290.0	7	16	11	223.7	1
10619	515.5	290.0	7	16	11	223.8	1
10628	515.5	290.0	7	16	11	223.9	1
10639	515.5	290.0	7	16	11	224.0	1
10651	515.5	290.0	7	16	11	224.1	1
10658	515.5	290.0	7	16	11	224.2	1
10666	515.5	290.0	7	16	11	224.2	1
10673	515.5	290.0	7	16	11	224.2	1
10680	515.5	290.0	7	16	11	224.2	1
10687	515.5	290.0	7	16	11	224.2	1
10696	515.5	290.0	7	16	11	224.2	1
10702	515.5	290.0	7	16	11	224.2	1
10709	515.5	290.0	7	16	11	224.2	1
10716	515.5	290.0	7	16	11	224.1	1
10723	515.5	290.0	7	16	11	224.1	1
10731	515.5	290.0	7	16	11	224.0	1
10737	515.5	290.0	7	16	11	224.0	1
10746	515.5	290.0	7	16	11	223.9	1
10752	515.5	290.0	7	16	11	223.8	1
10762	515.5	290.0	7	16	11	223.7	1
10768	515.5	290.0	7	16	11	223.6	1
10777	515.5	290.0	7	17	11	223.5	1
10784	515.5	290.0	7	17	11	223.3	1
10793	515.5	290.0	7	17	11	223.2	1
10800	515.5	290.0	7	17	11	223.1	1
10809	515.5	290.0	7	17	11	222.9	1
10816	515.5	290.0	7	17	11	222.7	1
10822	515.5	290.0	7	17	12	238.9	1
10833	515.5	290.0	7	16	12	238.5	1
10840	515.5	290.0	7	16	12	238.2	1
10848	515.5	290.0	7	16	12	237.9	1
10854	515.5	290.0	7	16	12	237.6	1
10861	515.5	290.0	7	16	12	237.3	1
10868	515.5	290.0	7	16	12	237.1	1
10874	515.5	290.0	7	16	12	236.8	1
10881	515.5	290.0	7	16	12	236.5	1
10887	515.5	290.0	7	16	12	236.3	1
10895	515.5	290.0	7	16	12	236.0	1
10901	515.5	290.0	7	16	12	235.7	1
10908	515.5	290.0	7	16	12	235.5	1
10916	515.5	290.0	7	16	12	235.1	1
10923	515.5	290.0	7	16	12	234.9	1
10930	515.5	290.0	7	16	12	234.6	1
10936	515.5	290.0	7	16	12	234.3	1
10943	515.5	290.0	7	16	12	234.0	1
10949	515.5	290.0	7	16	12	233.8	1
10956	515.5	290.0	7	16	12	233.5	1
10963	515.5	290.0	7	16	12	233.2	1
10969	515.5	290.0	7	16	12	233.0	1
10977	515.5	290.0	7	16	12	232.7	1
10983	515.5	290.0	7	16	12	232.4	1
10989	515.5	290.0	7	16	12	232.2	1
10997	515.5	290.0	7	16	12	231.9	1
11004	515.5	290.0	7	16	12	231.6	1
11011	515.5	290.0	7	16	12	231.3	1
11018	515.5	290.0	7	16	12	231.0	1
11025	515.5	290.0	7	16	12	230.7	1
11032	515.5	290.0	7	16	12	230.4	1
11040	515.5	290.0	7	16	12	230.1	1
11049	515.5	290.0	7	16	12	229.8	1
11057	515.5	290.0	7	16	12	229.5	1
11065	515.5	290.0	7	16	12	229.1	1
11071	515.5	290.0	7	16	12	228.8	1
11080	515.5	290.0	7	16	12	228.5	1
11086	515.5	290.0	7	16	12	228.3	1
11094	515.5	290.0	7	16	12	227.9	1
11100	515.5	290.0	7	16	12	227.7	1
11108	515.5	290.0	7	16	12	227.4	1
11115	515.5	290.0	7	16	12	227.1	1
11121	515.5	290.0	7	16	12	226.8	1
11129	515.5	290.0	7	16	12	226.5	1
11135	515.5	290.0	7	16	12	226.3	1
11143	515.5	290.0	7	16	12	226.0	1
11150	515.5	290.0	7	16	12	225.7	1
11157	515.5	290.0	7	16	12	225.4	1
11167	515.5	290.0	7	16	12	225.0	1
11176	515.5	290.0	7	16	12	224.7	1
11184	515.5	290.0	7	16	13	231.2	1
11191	515.5	290.0	7	15	13	230.9	1
11198	515.5	290.0	7	15	13	230.6	1
11204	515.5	290.0	7	15	13	230.4	1
11213	515.5	290.0	7	15	13	230.1	1
11219	515.5	290.0	7	15	13	229.9	1
11227	515.5	290.0	7	15	13	229.6	1
11233	515.5	290.0	7	16	13	229.4	1
11239	515.5	290.0	7	16	13	229.2	1
11247	515.5	290.0	7	16	13	228.9	1
11253	515.5	290.0	7	16	13	228.7	1
11261	515.5	290.0	7	16	13	228.4	1
11268	515.5	290.0	7	16	13	228.1	1
11276	515.5	290.0	7	16	13	227.9	1
11282	515.5	290.0	7	16	13	227.6	1
11288	515.5	290.0	7	16	13	227.4	1
11296	515.5	290.0	7	16	13	227.1	1
11302	516.2	289.3	7	16	13	227.7	1
11310	517.1	288.4	7	16	13	228.5	1
11316	517.8	287.7	7	16	13	229.1	1
11324	518.5	287.0	7	16	13	229.7	1
11331	519.2	286.3	7	16	13	230.5	1
11338	519.8	285.7	7	16	13	231.1	1
11346	520.6	284.9	7	16	13	231.9	1
11352	521.1	284.4	7	16	13	232.5	1
11360	521.7	283.8	7	16	13	233.2	1
11368	522.3	283.2	7	16	13	233.9	1
11377	522.9	282.6	7	16	13	232.5	1
11386	523.6	281.9	7	16	13	230.8	1
11394	524.1	281.4	7	16	13	229.6	1
11401	524.5	281.0	7	16	13	228.4	1
11409	524.9	280.6	7	16	13	227.2	1
11417	525.4	280.1	7	16	13	225.8	1
11425	525.8	279.7	7	16	13	224.7	1
11432	526.2	279.3	7	16	13	223.1	1
11440	526.6	278.9	7	16	13	222.0	1
11448	527.0	278.5	7	16	13	220.6	1
11454	527.2	278.3	7	16	13	219.6	1
11463	527.6	277.9	7	16	13	218.2	1
11469	527.8	277.7	7	16	13	217.1	1
11478	528.2	277.3	7	16	13	215.6	1
11485	528.4	277.1	7	16	13	214.5	1
11493	528.7	276.8	7	16	13	213.2	1
11500	529.0	276.5	7	16	13	212.1	1
11507	529.2	276.3	7	16	13	211.0	1
11515	529.4	276.1	7	16	13	209.6	1
11527	529.7	275.8	7	16	13	207.6	1
11534	529.9	275.6	7	16	13	206.6	1
11543	530.1	275.4	7	16	13	205.3	1
11549	530.3	275.2	7	16	13	204.1	1
11556	530.5	275.0	7	16	13	203.2	1
11563	530.6	274.9	7	16	13	201.9	1
11569	530.8	274.7	7	16	13	201.0	1
11577	530.9	274.6	7	16	13	199.8	1
11583	531.0	274.5	7	16	13	198.9	1
11588	531.1	274.4	7	16	13	198.0	1
11598	531.3	274.2	7	16	13	196.6	1
11607	531.4	274.1	7	16	13	195.3	1
11614	531.6	273.9	7	16	13	194.0	1
11620	531.7	273.8	7	16	13	193.1	1
11628	531.8	273.7	7	16	13	192.0	1
11634	531.9	273.6	7	16	13	191.0	1
11642	532.0	273.5	7	16	13	189.9	1
11650	532.1	273.4	7	16	13	188.7	1
11657	532.2	273.3	7	16	13	187.6	1
11670	532.3	273.2	7	16	13	185.6	1
11687	532.4	273.1	7	16	13	183.1	1
11700	532.5	273.0	7	16	13	181.2	1
11712	532.6	272.9	7	16	13	179.6	1
11718	532.7	272.8	7	17	13	178.5	1
11725	532.7	272.8	7	17	13	177.6	1
11732	532.8	272.7	7	17	13	176.6	1
11738	532.8	272.7	7	17	13	175.7	1
11745	532.9	272.6	7	17	13	174.7	1
11755	533.0	272.5	7	17	13	173.3	1
11764	533.0	272.5	7	17	13	172.1	1
11770	533.1	272.4	7	17	13	171.2	1
11778	533.1	272.4	7	17	13	170.1	1
11785	533.2	272.3	7	17	13	169.2	1
11792	533.2	272.3	7	17	13	168.2	1
11799	533.2	272.3	7	17	13	167.3	1
11805	533.3	272.2	7	17	13	166.5	1
11813	533.3	272.2	7	17	13	165.5	1
11819	533.3	272.2	7	17	13	164.7	1
11826	533.4	272.1	7	17	13	163.7	1
11833	533.4	272.1	7	17	13	162.8	1
11840	533.4	272.1	7	17	13	162.0	1
11847	532.6	272.9	7	17	12	161.7	1
11862	532.7	272.8	7	17	12	159.8	1
11868	532.7	272.8	7	17	12	158.9	1
11879	532.8	272.7	7	17	12	157.5	1
11885	532.9	272.6	7	17	12	156.7	1
11893	532.9	272.6	7	17	12	155.8	1
11900	533.0	272.5	7	17	12	155.0	1
11906	533.0	272.5	7	17	12	154.2	1
11913	533.1	272.4	7	17	12	153.4	1
11920	533.1	272.4	7	17	12	152.6	1
11929	533.2	272.3	7	17	12	151.5	1
11936	533.2	272.3	7	17	12	150.7	1
11945	533.2	272.3	7	17	12	149.6	1
11952	533.3	272.2	7	17	12	148.8	1
11963	533.3	272.2	7	17	13	147.5	1
11970	533.3	272.2	7	16	13	146.8	1
11979	533.4	272.1	7	16	13	145.7	1
11986	533.4	272.1	7	16	13	145.0	1
11995	533.4	272.1	7	16	13	144.0	1
12001	533.5	272.0	7	16	13	143.3	1
12014	533.5	272.0	7	16	13	142.0	1
12020	533.5	272.0	7	16	13	141.3	1
12029	533.5	272.0	7	16	13	140.4	1
12036	533.6	271.9	7	16	13	139.7	1
12045	533.6	271.9	7	16	13	138.8	1
12052	533.6	271.9	7	16	13	138.1	1
12061	533.6	271.9	7	16	13	137.0	1
12067	533.7	271.8	7	16	13	135.9	1
12075	533.7	271.8	7	16	13	134.5	1
12085	533.7	271.8	7	16	13	132.5	1
12094	533.7	271.8	7	16	13	130.9	1
12101	534.0	272.6	7	16	13	129.4	1
12109	534.4	273.4	7	16	13	127.8	1
12116	534.7	274.1	7	16	13	126.4	1
12126	535.1	275.0	7	16	13	124.5	1
12134	535.5	275.9	7	16	13	122.6	1
12145	535.4	275.6	7	16	13	120.6	1
12153	535.3	275.4	7	16	13	119.2	1
12166	535.2	275.1	7	16	13	116.9	1
12174	535.1	274.9	7	17	13	115.4	1
12183	535.1	274.7	7	17	12	113.8	1
12196	532.2	274.5	7	17	12	114.6	1
12204	530.4	274.3	7	17	12	115.1	1
12217	527.9	274.1	7	17	12	115.9	1
12228	526.1	274.0	7	17	12	116.5	1
12235	525.5	273.4	7	17	12	116.0	1
12246	524.9	272.8	7	17	12	115.5	1
12255	524.3	272.3	7	17	12	114.9	1
12264	523.8	271.8	7	17	12	114.5	1
12270	523.5	271.5	7	17	12	114.2	1
12278	523.1	271.1	7	17	12	113.8	1
12284	522.8	270.9	7	17	12	113.5	1
12292	522.5	270.5	7	17	12	113.2	1
12299	522.2	270.2	7	17	12	112.9	1
12309	520.6	272.5	7	17	11	113.7	1
12316	521.3	272.5	7	17	11	112.5	1
12323	521.7	272.4	7	17	11	111.5	1
12331	521.4	272.0	7	17	11	111.2	1
12337	521.9	272.0	7	17	11	110.2	1
12345	521.6	271.6	7	17	11	109.9	1
12352	522.1	271.6	7	17	11	108.8	1
12360	521.8	271.2	7	17	11	108.6	1
12366	522.3	271.2	7	17	11	107.6	1
12373	522.1	270.9	7	17	11	107.4	1
12380	521.8	270.6	7	17	11	107.2	1
12386	522.2	270.6	7	17	11	106.3	1
12394	522.8	270.7	7	17	11	105.1	1
12401	522.5	270.3	7	17	11	105.0	1
12409	523.1	270.4	7	17	11	103.8	1
12417	522.7	270.1	7	17	11	103.6	1
12426	523.3	270.2	7	17	11	102.4	1
12433	523.0	269.9	7	17	11	102.3	1
12442	523.6	270.0	7	17	11	101.1	1
12449	523.2	269.7	7	17	12	101.0	1
12457	521.6	270.6	7	16	12	102.0	1
12464	520.0	271.6	7	16	12	103.0	1
12472	518.6	272.4	7	16	12	103.9	1
12480	517.1	273.3	7	16	12	105.0	1
12488	515.8	274.1	7	16	11	105.9	1
12497	514.4	275.0	7	16	11	107.0	1
12508	512.6	276.0	7	16	11	108.5	1
12516	511.5	276.7	7	16	11	109.4	1
12523	510.5	277.3	7	16	11	110.3	1
12531	509.5	277.9	7	16	11	111.3	1
12538	508.6	278.4	7	16	11	112.3	1
12547	509.9	278.1	7	16	11	111.1	1
12554	508.9	278.7	7	16	11	112.1	1
12563	510.1	278.3	7	16	11	111.0	1
13208	507.5	279.8	7	16	10	113.7	2
13214	507.1	279.5	7	16	10	114.3	2
13220	506.7	279.2	7	16	10	114.9	2
13227	506.3	278.8	7	16	10	115.6	2
13233	505.9	278.5	7	16	10	116.2	2
13241	505.5	278.2	7	16	10	117.1	2
13248	505.1	277.9	7	16	10	117.7	2
13254	504.8	277.6	7	16	10	118.4	2
13262	504.5	277.4	7	16	10	119.1	2
13268	504.2	277.1	7	17	10	119.8	2
13275	503.9	276.9	7	17	10	120.5	2
13281	503.6	276.7	7	17	10	121.2	2
13288	503.3	276.5	7	17	10	121.8	2
13295	503.0	276.2	7	17	10	122.6	2
13301	502.8	276.0	7	17	10	123.3	2
13308	502.5	275.9	7	17	10	123.9	2
13315	502.3	275.7	7	17	10	124.7	2
13321	502.1	275.5	7	17	10	125.3	2
13328	501.8	275.3	7	17	10	126.1	2
13335	501.7	275.2	7	17	10	126.8	2
13342	501.4	275.0	7	17	10	127.5	2
13348	501.3	274.8	7	17	10	128.3	2
13355	501.1	274.7	7	17	10	128.9	2
13364	500.9	274.5	7	17	10	130.0	2
13370	500.7	274.4	7	17	10	130.6	2
13379	500.5	274.2	7	17	10	131.6	2
13386	500.4	274.1	7	17	10	132.3	2
13393	500.2	274.0	7	17	10	133.2	2
13400	500.1	273.9	7	17	10	133.9	2
13414	499.8	273.7	7	17	10	135.4	2
13425	499.7	273.6	7	17	10	136.5	2
13432	499.5	273.5	7	17	11	266.4	2
13439	499.4	273.4	7	16	11	267.3	2
13447	499.3	273.3	7	16	11	268.3	2
13454	499.2	273.2	7	16	11	269.2	2
13462	499.1	273.1	7	16	11	270.2	2
13468	499.0	273.1	7	16	11	271.0	2
13475	499.7	273.7	7	16	10	270.7	2
13483	501.4	275.5	7	16	10	269.0	2
13490	502.8	276.9	7	16	10	267.5	2
13499	504.5	278.7	7	16	10	265.6	2
13506	505.8	279.9	7	16	10	264.2	2
13517	507.7	281.9	7	16	10	261.7	2
13526	508.8	283.0	7	16	10	260.3	2
13534	510.3	284.5	7	16	10	258.2	2
13542	511.4	285.6	7	16	10	256.7	2
13549	512.5	286.8	7	16	10	254.9	2
13556	513.4	287.6	7	16	10	253.6	2
13563	514.4	288.6	7	16	10	251.9	2
13569	515.1	289.4	7	16	10	250.7	2
13577	516.0	290.3	7	16	10	249.1	2
13582	516.7	290.9	7	16	10	247.8	2
13588	517.3	291.6	7	16	10	246.6	2
13596	518.1	292.4	7	16	10	245.0	2
13602	518.7	293.0	7	16	10	243.7	2
13610	519.4	293.7	7	16	10	242.1	2
13616	520.0	294.3	7	16	10	240.7	2
13623	520.6	294.9	7	16	10	239.3	2
13630	521.2	295.5	7	16	10	237.7	2
13637	521.8	296.1	7	16	10	236.2	2
13646	522.4	296.7	7	16	10	234.4	2
13653	523.2	296.5	7	16	10	233.4	2
13661	524.2	296.1	7	16	10	232.1	2
13668	524.9	295.9	7	16	10	231.0	2
13676	525.4	296.5	7	16	10	229.3	2
13683	526.1	296.2	7	16	10	228.2	2
13690	526.7	295.9	7	16	10	227.2	2
13698	527.1	296.6	7	16	10	225.5	2
13704	527.7	296.3	7	16	10	224.6	2
13712	528.4	296.0	7	16	10	223.3	2
13720	528.6	296.6	7	16	10	221.7	2
13728	529.3	296.2	7	16	10	220.5	2
13735	529.8	296.0	7	16	10	219.5	2
13743	530.0	296.6	7	16	10	217.8	2
13750	530.6	296.3	7	17	10	216.7	2
13758	531.1	296.0	7	17	10	215.7	2
13765	531.2	296.7	7	17	10	213.9	2
13773	531.7	296.4	7	17	10	212.9	2
13784	532.4	295.9	7	17	10	211.1	2
13794	532.5	296.6	7	17	10	209.1	2
13801	532.9	296.4	7	17	10	208.1	2
13810	533.4	296.0	7	17	10	206.8	2
13817	533.7	295.7	7	17	10	205.7	2
13827	533.8	296.4	7	17	10	203.9	2
13834	534.2	296.1	7	17	9	202.7	2
13844	533.0	295.7	7	17	9	202.3	2
13852	532.2	295.4	7	17	9	202.0	2
13860	531.4	295.2	7	17	9	201.6	2
13868	530.6	294.9	7	17	9	201.3	2
13876	529.8	294.7	7	17	9	200.9	2
13883	529.2	294.5	7	17	9	200.6	2
13891	528.6	294.3	7	17	9	200.4	2
13899	527.9	294.0	7	17	9	200.0	2
13905	527.4	293.9	7	17	10	297.1	2
13914	527.8	294.6	7	16	10	295.4	2
13919	528.0	295.2	7	16	10	294.2	2
13927	528.3	295.8	7	16	10	292.7	2
13933	528.5	296.2	7	16	10	291.5	2
13939	528.7	296.7	7	16	10	290.2	2
13950	529.0	297.5	7	16	10	288.0	2
13957	529.3	297.9	7	16	10	286.7	2
13965	529.5	298.5	7	16	10	285.1	2
13971	529.7	298.9	7	16	10	283.8	2
13979	529.9	299.3	7	16	10	282.2	2
13985	530.1	299.7	7	16	10	281.0	2
13996	530.3	300.3	7	16	10	278.6	2
14003	530.5	300.6	7	16	10	277.3	2
14012	530.7	301.1	7	16	10	275.6	2
14022	530.9	301.5	7	16	10	273.6	2
14031	531.0	301.9	7	16	10	271.7	2
14037	531.2	302.2	7	16	10	270.4	2
14047	531.3	302.5	7	16	10	268.6	2
14053	531.4	302.8	7	16	10	267.3	2
14061	531.6	303.0	7	16	10	265.8	2
14067	531.7	303.3	7	16	10	264.4	2
14075	531.8	303.5	7	16	10	262.9	2
14083	531.9	303.8	7	16	10	261.4	2
14091	532.0	304.0	7	16	10	259.9	2
14100	532.1	304.3	7	16	10	257.9	2
14110	532.2	304.5	7	16	10	256.2	2
14118	532.3	304.7	7	16	10	254.2	2
14129	532.4	305.0	7	16	10	252.1	2
14136	532.5	305.1	7	16	10	250.7	2
14145	532.6	305.3	7	16	10	248.9	2
14152	532.6	305.4	7	16	10	247.5	2
14161	532.7	305.6	7	16	10	245.7	2
14169	532.8	305.7	7	16	10	244.3	2
14178	532.8	305.9	7	16	10	242.3	2
14186	532.9	306.0	7	16	10	240.9	2
14195	533.0	306.2	7	16	10	239.0	2
14202	533.0	306.3	7	16	10	237.6	2
14211	533.1	306.4	7	17	10	235.9	2
14217	533.1	306.5	7	17	10	234.5	2
14225	533.1	306.6	7	17	10	233.1	2
14235	533.2	306.7	7	17	10	231.0	2
14246	533.2	306.8	7	17	10	228.8	2
14253	533.3	306.9	7	17	10	227.6	2
14260	533.3	307.0	7	17	10	226.2	2
14267	533.3	307.0	7	17	10	224.9	2
14274	533.4	307.1	7	17	10	223.5	2
14282	533.4	307.2	7	17	10	221.8	2
14289	533.4	307.2	7	17	10	220.5	2
14297	533.5	307.3	7	17	10	218.9	2
14303	533.5	307.3	7	17	10	217.7	2
14312	533.5	307.4	7	17	10	216.0	2
14319	533.5	307.5	7	17	10	214.6	2
14328	533.6	307.5	7	17	11	229.2	2
14335	533.6	307.6	7	16	11	227.9	2
14345	533.6	307.6	7	16	11	226.2	2
14352	533.6	307.7	7	16	11	224.9	2
14361	533.7	307.7	7	16	11	223.5	2
14367	533.7	307.7	7	16	11	222.3	2
14377	533.7	307.8	7	16	11	220.6	2
14384	533.7	307.8	7	16	11	219.4	2
14391	533.7	307.8	7	16	11	218.3	2
14398	533.7	307.9	7	16	11	217.0	2
14404	533.8	307.9	7	16	11	215.9	2
14413	533.8	307.9	7	16	11	214.4	2
14420	533.8	308.0	7	16	11	213.2	2
14430	533.8	308.0	7	16	11	211.6	2
14437	533.8	308.0	7	16	11	210.4	2
14453	533.8	308.0	7	16	11	207.7	2
14464	533.8	308.1	7	16	11	205.7	2
14470	533.8	308.1	7	16	11	204.7	2
14480	533.8	308.1	7	16	11	203.2	2
14487	533.8	308.1	7	16	11	201.9	2
14498	533.8	308.1	7	16	11	200.1	2
14504	533.8	308.2	7	16	11	199.0	2
14514	533.8	308.2	7	16	11	197.4	2
14523	533.9	308.2	7	16	11	196.0	2
14532	533.9	308.2	7	16	11	194.5	2
14539	533.9	308.2	7	16	11	193.4	2
14547	533.9	308.2	7	16	11	192.1	2
14553	533.9	308.3	7	16	11	191.0	2
14561	533.9	308.3	7	16	11	189.7	2
14568	533.9	308.3	7	16	11	188.6	2
14576	533.9	308.3	7	16	11	187.3	2
14583	533.1	307.5	7	16	10	187.0	2
14593	533.1	307.5	7	16	10	185.6	2
14601	533.2	307.6	7	16	10	184.2	2
14610	533.2	307.6	7	16	10	182.8	2
14617	533.3	307.7	7	16	11	282.7	2
14628	533.3	307.7	7	15	11	280.7	2
14635	533.3	307.8	7	15	11	279.2	2
14644	533.4	307.8	7	15	11	277.6	2
14654	533.4	307.8	7	15	11	275.6	2
14663	533.4	307.9	7	15	11	274.0	2
14670	533.5	307.9	7	15	11	272.6	2
14681	533.5	307.9	7	15	11	270.4	2
14688	533.5	308.0	7	16	11	269.1	2
14698	533.6	308.0	7	16	11	267.2	2
14705	533.6	308.0	7	16	11	265.9	2
14716	533.6	308.0	7	16	11	263.9	2
14724	533.6	308.1	7	16	11	262.6	2
14735	533.6	308.1	7	16	11	260.2	2
14743	533.6	308.1	7	16	11	258.7	2
14750	533.7	308.1	7	16	11	257.4	2
14759	533.7	308.1	7	16	11	256.0	2
14766	533.7	308.2	7	16	11	254.5	2
14773	533.7	308.2	7	16	11	253.2	2
14784	533.7	308.2	7	16	11	251.1	2
14794	533.7	308.2	7	16	11	249.4	2
14801	533.8	308.2	7	16	11	247.8	2
14809	533.8	308.2	7	16	11	246.4	2
14817	534.1	307.4	7	16	11	245.8	2
14825	534.1	307.4	7	16	11	244.4	2
14834	534.6	306.4	7	16	11	243.7	2
14841	534.6	306.5	7	16	11	242.3	2
14849	534.9	305.7	7	16	11	241.7	2
14861	535.4	304.6	7	16	11	240.8	2
14868	535.3	304.8	7	16	11	239.4	2
14877	535.6	304.0	7	16	11	238.8	2
14884	535.9	303.3	7	16	11	238.2	2
14893	535.9	303.5	7	16	11	236.9	2
14901	536.2	302.7	7	16	11	236.2	2
14910	536.1	303.0	7	16	11	234.7	2
14918	536.4	302.3	7	16	11	234.1	2
14928	536.7	301.7	7	16	11	233.5	2
14935	536.5	302.0	7	16	11	232.0	2
14944	536.8	301.4	7	16	11	231.4	2
14951	537.0	300.9	7	16	11	230.9	2
14959	536.9	301.2	7	16	11	229.6	2
14966	537.1	300.7	7	16	11	229.1	2
14973	537.3	300.3	7	16	11	228.6	2
14981	537.2	300.7	7	16	11	227.2	2
14987	537.3	300.3	7	16	11	226.8	2
14995	537.5	299.8	7	16	11	226.3	2
15002	537.7	299.4	7	16	11	225.9	2
15010	537.5	299.8	7	16	12	303.0	2
15017	537.7	299.4	7	15	12	303.7	2
15026	536.6	298.9	7	15	11	303.4	2
15037	536.4	297.0	7	15	10	304.8	2
15046	535.2	296.6	7	15	10	304.4	2
15052	534.4	296.4	7	15	10	304.1	2
15060	533.5	296.1	7	15	10	303.8	2
15067	532.7	295.8	7	15	10	303.5	2
15078	531.7	295.5	7	15	10	303.1	2
15085	530.9	295.2	7	15	10	302.8	2
15094	530.1	294.9	7	15	10	302.4	2
15101	529.4	294.7	7	15	10	302.1	2
15110	528.8	294.5	7	15	10	301.8	2
15117	528.1	294.2	7	15	10	301.4	2
15126	527.5	294.0	7	15	10	301.1	2
15133	526.8	293.8	7	15	10	300.7	2
15142	526.3	293.6	7	15	10	300.4	2
15150	525.7	293.4	7	16	10	300.0	2
15160	525.3	293.3	7	16	10	299.7	2
15168	524.6	293.1	7	16	10	299.2	2
15183	523.8	292.8	7	16	10	298.6	2
15195	523.2	292.6	7	16	10	298.1	2
15202	522.9	292.5	7	16	10	297.8	2
15209	522.5	292.4	7	16	10	297.5	2
15216	522.2	292.3	7	16	10	297.2	2
15222	522.0	292.2	7	16	10	297.0	2
15230	521.7	292.1	7	16	10	296.6	2
15237	521.4	292.0	7	16	10	296.3	2
15244	521.1	291.9	7	16	10	296.0	2
15251	520.9	291.8	7	16	10	295.7	2
15259	520.6	291.7	7	16	10	295.4	2
15267	520.4	291.6	7	16	10	295.1	2
15275	520.1	291.6	7	16	10	294.7	2
15283	519.9	291.5	7	16	10	294.4	2
15292	519.7	291.4	7	16	10	294.0	2
15299	519.5	291.3	7	16	10	293.7	2
15307	519.3	291.3	7	16	10	293.4	2
15315	519.1	291.2	7	16	10	293.0	2
15323	518.9	291.2	7	16	10	292.7	2
15333	518.7	291.1	7	16	10	292.3	2
15341	518.6	291.0	7	16	10	291.9	2
15349	518.4	291.0	7	16	10	291.6	2
15358	518.3	290.9	7	16	10	291.2	2
15366	518.1	290.9	7	16	10	290.8	2
15376	518.0	290.8	7	16	10	290.5	2
15385	517.8	290.8	7	16	10	290.1	2
15393	517.7	290.7	7	16	10	289.7	2
15401	517.6	290.7	7	16	10	289.4	2
15410	517.5	290.7	7	16	10	289.0	2
15418	517.4	290.6	7	16	10	288.7	2
15426	517.3	290.6	7	16	10	288.3	2
15434	517.2	290.6	7	16	11	309.7	2
15442	517.1	290.5	7	15	11	309.3	2
15449	517.0	290.5	7	15	11	309.0	2
15456	517.0	290.5	7	15	11	308.7	2
15465	516.9	290.5	7	15	11	308.3	2
15472	516.8	290.4	7	15	11	308.1	2
15481	516.8	290.4	7	15	11	307.6	2
15488	516.7	290.4	7	15	11	307.4	2
15496	516.6	290.4	7	15	11	307.0	2
15503	516.6	290.4	7	15	11	306.7	2
15511	516.5	290.3	7	15	11	306.4	2
15517	516.5	290.3	7	15	11	306.1	2
15525	516.5	290.3	7	15	11	305.8	2
15532	516.4	290.3	7	15	11	305.5	2
15538	516.4	290.3	7	15	11	305.2	2
15546	516.3	290.3	7	15	11	304.9	2
15553	516.3	290.3	7	15	11	304.6	2
15560	516.3	290.3	7	15	11	304.3	2
15567	516.2	290.2	7	15	11	304.0	2
15575	516.2	290.2	7	15	11	303.7	2
15583	516.2	290.2	7	15	11	303.3	2
15590	516.1	290.2	7	15	11	303.0	2
15599	516.1	290.2	7	15	11	302.6	2
15607	516.1	290.2	7	15	11	302.3	2
15615	516.0	290.2	7	15	11	301.9	2
15622	516.0	290.2	7	16	11	301.6	2
15630	516.0	290.2	7	16	11	301.3	2
15637	516.0	290.2	7	16	11	301.0	2
15645	515.9	290.2	7	16	11	300.6	2
15652	515.9	290.1	7	16	11	300.3	2
15661	515.9	290.1	7	16	11	300.0	2
15669	515.9	290.1	7	16	11	299.6	2
15679	515.9	290.1	7	16	11	299.2	2
15686	515.8	290.1	7	16	11	298.9	2
15694	515.8	290.1	7	16	11	298.5	2
15700	515.8	290.1	7	16	11	298.3	2
15708	515.8	290.1	7	16	11	298.0	2
15714	515.8	290.1	7	16	11	297.7	2
15721	515.8	290.1	7	16	11	297.4	2
15728	515.8	290.1	7	16	11	297.1	2
15735	515.8	290.1	7	16	11	296.8	2
15742	515.7	290.1	7	16	11	296.5	2
15749	515.7	290.1	7	16	11	296.2	2
15757	515.7	290.1	7	16	11	295.9	2
15764	515.7	290.1	7	16	11	295.5	2
15771	515.7	290.1	7	16	11	295.3	2
15779	515.7	290.1	7	16	11	294.9	2
15786	515.7	290.1	7	16	11	294.6	2
15794	515.7	290.1	7	16	11	294.3	2
15802	515.7	290.1	7	16	12	345.4	2
15812	515.7	290.1	7	15	12	345.0	2
15819	515.6	290.1	7	15	12	344.7	2
15827	515.6	290.0	7	15	12	344.4	2
15834	515.6	290.0	7	15	12	344.1	2
15842	515.6	290.0	7	15	12	343.8	2
15850	515.6	290.0	7	15	12	343.6	2
15857	515.6	290.0	7	15	12	343.3	2
15864	515.6	290.0	7	15	12	343.0	2
15871	515.6	290.0	7	15	12	342.8	2
15878	515.6	290.0	7	15	12	342.5	2
15885	515.6	290.0	7	15	12	342.2	2
15892	515.6	290.0	7	15	12	341.9	2
15899	515.6	290.0	7	15	12	341.7	2
15906	515.6	290.0	7	15	12	341.4	2
15914	515.6	290.0	7	15	12	341.1	2
15921	515.6	290.0	7	15	12	340.9	2
15930	515.6	290.0	7	15	12	340.5	2
15937	515.6	290.0	7	15	12	340.2	2
15945	515.6	290.0	7	15	12	339.9	2
15952	515.6	290.0	7	15	12	339.6	2
15959	515.6	290.0	7	15	12	339.3	2
15966	515.6	290.0	7	15	12	339.0	2
15973	515.6	290.0	7	15	12	338.8	2
15980	515.6	290.0	7	15	12	338.5	2
15987	515.6	290.0	7	15	12	338.2	2
15995	515.5	290.0	7	15	12	337.9	2
16002	515.5	290.0	7	15	12	337.6	2
16010	515.5	290.0	7	15	12	337.3	2
16018	515.5	290.0	7	15	12	337.0	2
16026	515.5	290.0	7	15	12	336.6	2
16035	515.5	290.0	7	15	12	336.2	2
16046	515.5	290.0	7	15	12	335.8	2
16061	515.5	290.0	7	15	12	335.3	2
16072	515.5	290.0	7	15	12	334.8	2
16082	515.5	290.0	7	16	12	334.4	2
16089	515.5	290.0	7	16	12	334.1	2
16099	515.5	290.0	7	16	12	333.7	2
16110	515.5	290.0	7	16	12	333.3	2
16119	515.5	290.0	7	16	12	332.9	2
16129	515.5	290.0	7	16	12	332.5	2
16136	515.5	290.0	7	16	12	332.2	2
16146	515.5	290.0	7	16	12	331.8	2
16152	515.5	290.0	7	16	12	331.5	2
16159	515.5	290.0	7	16	12	331.3	2
16166	515.5	290.0	7	16	12	331.0	2
16172	515.5	290.0	7	16	12	330.7	2
16179	515.5	290.0	7	16	12	330.5	2
16185	515.5	290.0	7	16	12	330.2	2
16193	515.5	290.0	7	16	12	329.9	2
16201	515.5	290.0	7	16	12	329.6	2
16208	515.5	290.0	7	16	12	329.3	2
16214	515.5	290.0	7	16	12	329.0	2
16220	515.5	290.0	7	16	12	328.8	2
16228	515.5	290.0	7	16	12	328.5	2
16235	515.5	290.0	7	16	12	328.2	2
16244	515.5	290.0	7	16	12	327.9	2
16251	515.5	290.0	7	16	12	327.6	2
16260	515.5	290.0	7	16	12	327.2	2
16268	515.5	290.0	7	16	12	326.9	2
16276	515.5	290.0	7	16	13	326.6	2
16283	515.5	290.0	7	15	13	326.3	2
16294	515.5	290.0	7	15	13	325.9	2
16301	515.5	290.0	7	15	13	325.5	2
16310	515.5	290.0	7	15	13	325.2	2
16317	515.5	290.0	7	15	13	324.9	2
16327	515.5	290.0	7	15	13	324.6	2
16334	515.5	290.0	7	15	13	324.2	2
16344	515.5	290.0	7	15	13	323.9	2
16351	515.5	290.0	7	15	13	323.6	2
16358	515.5	290.0	7	15	13	323.3	2
16367	515.5	290.0	7	15	13	322.9	2
16374	515.5	290.0	7	15	13	322.6	2
16382	515.5	290.0	7	15	13	322.3	2
16388	515.5	290.0	7	15	13	322.0	2
16396	515.5	290.0	7	15	13	321.7	2
16403	515.5	290.0	7	15	13	321.4	2
16412	515.5	290.0	7	15	13	321.1	2
16419	515.5	290.0	7	15	13	320.8	2
16429	515.5	290.0	7	15	13	320.4	2
16435	515.5	290.0	7	15	13	320.1	2
16444	515.5	290.0	7	15	13	319.8	2
16451	515.5	290.0	7	15	13	319.5	2
16461	515.5	290.0	7	15	13	319.1	2
16468	515.5	290.0	7	15	13	318.8	2
16478	515.5	290.0	7	15	13	318.5	2
16486	515.5	290.0	7	15	13	318.1	2
16496	515.5	290.0	7	15	13	317.7	2
16503	515.5	290.0	7	15	13	317.4	2
16515	515.5	290.0	7	15	13	317.0	2
16521	515.5	290.0	7	15	13	316.7	2
16531	515.5	290.0	7	15	13	316.3	2
16538	515.5	290.0	7	15	14	317.6	2
16547	515.5	290.0	7	14	14	317.3	2
16553	515.5	290.0	7	15	14	317.0	2
16562	515.5	290.0	7	15	14	316.7	2
16568	515.5	290.0	7	15	14	316.4	2
16577	515.5	290.0	7	15	14	316.1	2
16584	515.5	290.0	7	15	14	315.9	2
16594	515.5	290.0	7	15	14	315.5	2
16602	515.5	290.0	7	15	14	315.2	2
16611	515.5	290.0	7	15	14	314.8	2
16618	515.5	290.0	7	15	14	314.6	2
16628	515.5	290.0	7	15	14	314.2	2
16635	515.5	290.0	7	15	14	313.9	2
16643	515.5	290.0	7	15	14	313.6	2
16651	515.5	290.0	7	15	14	313.3	2
16659	515.5	290.0	7	15	14	313.0	2
16667	515.5	290.0	7	15	14	312.7	2
16676	515.5	290.0	7	15	14	312.4	2
16683	515.5	290.0	7	15	14	312.1	2
16689	515.5	290.0	7	15	14	311.9	2
16698	515.5	290.0	7	15	14	311.5	2
16704	515.5	290.0	7	15	14	311.3	2
16716	515.5	290.0	7	15	14	310.9	2
16725	515.5	290.0	7	15	14	310.6	2
16733	515.5	290.0	7	15	14	310.2	2
16745	515.5	290.0	7	15	14	309.9	2
16753	515.5	290.0	7	15	14	309.5	2
16763	515.5	290.0	7	15	14	309.1	2
16770	515.5	290.0	7	15	14	308.8	2
16778	515.5	290.0	7	15	14	308.5	2
16785	515.5	290.0	7	15	14	308.3	2
16793	515.5	290.0	7	15	14	307.9	2
16800	515.5	290.0	7	15	14	307.7	2
16809	515.5	290.0	7	15	14	307.4	2
16816	515.5	290.0	7	15	14	307.1	2
16824	515.5	290.0	7	15	14	306.8	2
16832	515.5	290.0	7	15	14	306.5	2
16839	515.5	290.0	7	15	14	306.2	2
16848	515.5	290.0	7	15	14	305.9	2
16855	515.5	290.0	7	15	14	305.6	2
16865	515.5	290.0	7	15	14	305.3	2
16871	515.5	290.0	7	15	14	305.0	2
16880	515.5	290.0	7	15	14	304.7	2
16887	515.5	290.0	7	15	14	304.4	2
16896	515.5	290.0	7	15	14	304.1	2
16902	515.5	290.0	7	15	14	303.9	2
16910	515.5	290.0	7	15	14	303.6	2
16917	515.5	290.0	7	15	14	303.3	2
16925	515.5	290.0	7	15	14	303.0	2
16932	515.5	290.0	7	15	14	302.7	2
16938	515.5	290.0	7	15	14	302.5	2
16946	515.5	290.0	7	15	14	302.2	2
16953	515.5	290.0	7	15	14	301.9	2
16962	515.5	290.0	7	15	14	301.6	2
16969	515.5	290.0	7	15	14	301.3	2
16980	515.5	290.0	7	15	14	301.0	2
16987	515.5	290.0	7	15	14	300.7	2
16995	515.5	290.0	7	15	14	300.3	2
17002	515.5	290.0	7	15	14	300.1	2
17012	515.5	290.0	7	15	14	299.7	2
17019	515.5	290.0	7	15	14	299.5	2
17027	515.5	290.0	7	16	14	299.2	2
17033	515.5	290.0	7	16	14	298.9	2
17041	515.5	290.0	7	16	14	298.6	2
17048	515.5	290.0	7	16	14	298.3	2
17054	515.5	290.0	7	16	14	298.1	2
17062	515.5	290.0	7	16	14	297.8	2
17068	515.5	290.0	7	16	14	297.6	2
17077	515.5	290.0	7	16	14	297.2	2
17084	515.5	290.0	7	16	14	297.0	2
17094	515.5	290.0	7	16	15	296.7	2
17100	515.5	290.0	7	15	15	296.4	2
17110	515.5	290.0	7	15	15	296.1	2
17118	515.5	290.0	7	15	15	295.7	2
17128	515.5	290.0	7	15	15	295.3	2
17134	515.5	290.0	7	15	15	295.1	2
17144	515.5	290.0	7	15	15	294.7	2
17151	515.5	290.0	7	15	15	294.5	2
17161	515.5	290.0	7	15	15	294.1	2
17169	515.5	290.0	7	15	15	293.8	2
17179	515.5	290.0	7	15	15	293.4	2
17186	515.5	290.0	7	15	15	293.1	2
17196	515.5	290.0	7	15	15	292.8	2
17203	515.5	290.0	7	15	16	426.1	2
17214	515.5	290.0	7	14	16	425.6	2
17222	515.5	290.0	7	14	16	425.3	2
17233	515.5	290.0	7	14	16	424.8	2
17243	515.5	290.0	7	14	16	424.5	2
17251	515.5	290.0	7	14	16	424.1	2
17259	515.5	290.0	7	14	16	423.8	2
17266	515.5	290.0	7	14	16	423.5	2
17273	515.5	290.0	7	14	16	423.2	2
17282	515.5	290.0	7	14	16	422.8	2
17289	515.5	290.0	7	14	16	422.5	2
17298	515.5	290.0	7	14	16	422.2	2
17304	515.5	290.0	7	14	16	421.9	2
17313	515.5	290.0	7	14	16	421.5	2
17320	515.5	290.0	7	14	16	421.2	2
17329	515.5	290.0	7	14	16	420.9	2
17336	515.5	290.0	7	14	16	420.6	2
17345	515.5	290.0	7	14	16	420.2	2
17352	515.5	290.0	7	14	16	419.9	2
17360	515.5	290.0	7	14	16	419.6	2
17367	515.5	290.0	7	14	16	419.3	2
17374	515.5	290.0	7	14	16	419.0	2
17382	515.5	290.0	7	14	16	418.7	2
17389	515.5	290.0	7	14	16	418.4	2
17397	515.5	290.0	7	14	16	418.0	2
17404	515.5	290.0	7	14	16	417.8	2
17414	515.5	290.0	7	14	16	417.4	2
17420	515.5	290.0	7	14	16	417.1	2
17429	515.5	290.0	7	14	16	416.7	2
17436	515.5	290.0	7	14	16	416.4	2
17446	515.5	290.0	7	14	16	416.0	2
17453	515.5	290.0	7	14	16	415.7	2
17461	515.5	290.0	7	14	16	415.4	2
17468	515.5	290.0	7	14	16	415.1	2
17476	515.5	290.0	7	14	16	414.8	2
17483	515.5	290.0	7	15	16	414.5	2
17491	515.5	290.0	7	15	16	414.2	2
17498	515.5	290.0	7	15	16	413.9	2
17506	515.5	290.0	7	15	16	413.6	2
17515	515.5	290.0	7	15	16	413.2	2
17522	515.5	290.0	7	15	16	412.9	2
17532	515.5	290.0	7	15	16	412.5	2
17539	515.5	290.0	7	15	16	412.2	2
17548	515.5	290.0	7	15	16	411.8	2
17554	515.5	290.0	7	15	16	411.6	2
17563	515.5	290.0	7	15	16	411.2	2
17569	515.5	290.0	7	15	16	410.9	2
17579	515.5	290.0	7	15	16	410.5	2
17587	515.5	290.0	7	15	16	410.2	2
17597	515.5	290.0	7	15	16	409.8	2
17607	515.5	290.0	7	15	16	409.4	2
17619	515.5	290.0	7	15	16	408.9	2
17632	515.5	290.0	7	15	16	408.4	2
17644	515.5	290.0	7	15	16	407.9	2
17655	515.5	290.0	7	15	16	407.4	2
17664	515.5	290.0	7	15	16	407.0	2
17673	515.5	290.0	7	15	16	406.7	2
17681	515.5	290.0	7	15	16	406.3	2
17689	515.5	290.0	7	15	16	406.0	2
17697	515.5	290.0	7	15	16	405.7	2
17704	515.5	290.0	7	15	16	405.4	2
17714	515.5	290.0	7	15	17	413.3	2
17722	515.5	290.0	7	14	17	413.0	2
17732	515.5	290.0	7	14	17	412.5	2
17746	515.5	290.0	7	14	17	411.9	2
17757	515.5	290.0	7	14	17	411.5	2
17770	515.5	290.0	7	14	17	410.9	2
17786	515.5	290.0	7	14	17	410.2	2
17794	515.5	290.0	7	14	17	409.7	2
17801	515.5	290.0	7	14	17	409.5	2
17809	515.5	290.0	7	14	17	409.1	2
17816	515.5	290.0	7	14	17	408.8	2
17823	515.5	290.0	7	14	17	408.5	2
17830	515.5	290.0	7	14	17	408.2	2
17836	515.5	290.0	7	14	17	407.9	2
17844	515.5	290.0	7	14	17	407.6	2
17850	515.5	290.0	7	14	17	407.3	2
17858	515.5	290.0	7	14	17	407.0	2
17865	515.5	290.0	7	14	17	406.6	2
17872	515.5	290.0	7	14	17	406.3	2
17879	515.5	290.0	7	14	17	406.0	2
17886	515.5	290.0	7	14	17	405.7	2
17894	515.5	290.0	7	14	17	405.4	2
17900	515.5	290.0	7	14	17	405.1	2
17908	515.5	290.0	7	14	17	404.8	2
17915	515.5	290.0	7	14	17	404.4	2
17922	515.5	290.0	7	14	17	404.2	2
17930	515.5	290.0	7	14	17	403.8	2
17936	515.5	290.0	7	14	17	403.5	2
17947	515.5	290.0	7	14	17	403.1	2
17959	515.5	290.0	7	14	17	402.6	2
17968	515.5	290.0	7	15	17	402.1	2
17977	515.5	290.0	7	15	17	401.8	2
17984	515.5	290.0	7	15	17	401.4	2
17992	515.5	290.0	7	15	17	401.1	2
17999	515.5	290.0	7	15	17	400.8	2
18005	515.5	290.0	7	15	17	400.5	2
18015	515.5	290.0	7	15	17	400.1	2
18022	515.5	290.0	7	15	17	399.7	2
18033	515.5	290.0	7	15	17	399.3	2
18041	515.5	290.0	7	15	17	399.0	2
18049	515.5	290.0	7	15	17	398.5	2
18056	515.5	290.0	7	15	17	398.3	2
18065	515.5	290.0	7	15	17	397.9	2
18072	515.5	290.0	7	15	17	397.6	2
18081	515.5	290.0	7	15	17	397.2	2
18088	515.5	290.0	7	15	17	396.9	2
18096	515.5	290.0	7	15	17	396.5	2
18102	515.5	290.0	7	15	17	396.2	2
18111	515.5	290.0	7	15	17	395.9	2
18118	515.5	290.0	7	15	18	395.5	2
18126	515.5	290.0	7	14	18	395.2	2
18133	515.5	290.0	7	14	18	394.9	2
18141	515.5	290.0	7	14	18	394.6	2
18150	515.5	290.0	7	14	18	394.1	2
18157	515.5	290.0	7	14	18	393.8	2
18166	515.5	290.0	7	14	18	393.4	2
18173	515.5	290.0	7	14	18	393.1	2
18182	515.5	290.0	7	14	18	392.7	2
18188	515.5	290.0	7	14	18	392.4	2
18196	515.5	290.0	7	14	18	392.1	2
18202	515.5	290.0	7	14	18	391.8	2
18212	515.5	290.0	7	14	18	391.4	2
18219	515.5	290.0	7	14	18	391.1	2
18228	515.5	290.0	7	14	18	390.7	2
18234	515.5	290.0	7	14	18	390.4	2
18241	515.5	290.0	7	14	18	390.1	2
18249	515.5	290.0	7	14	18	389.8	2
18256	515.5	290.0	7	14	18	389.5	2
18264	515.5	290.0	7	14	18	389.1	2
18270	515.5	290.0	7	14	18	388.8	2
18279	515.5	290.0	7	14	18	388.5	2
18285	515.5	290.0	7	14	18	388.2	2
18294	515.5	290.0	7	14	18	387.8	2
18301	515.5	290.0	7	14	18	387.5	2
18310	515.5	290.0	7	14	18	387.1	2
18318	515.5	290.0	7	14	18	386.8	2
18329	515.5	290.0	7	14	18	386.3	2
18336	515.5	290.0	7	14	18	386.0	2
18345	515.5	290.0	7	14	18	385.5	2
18352	515.5	290.0	7	14	18	385.2	2
18361	515.5	290.0	7	14	18	384.8	2
18368	515.5	290.0	7	14	18	384.5	2
18377	515.5	290.0	7	14	18	384.2	2
18384	515.5	290.0	7	14	18	383.9	2
18390	515.5	290.0	7	14	18	383.6	2
18398	515.5	290.0	7	14	18	383.2	2
18404	515.5	290.0	7	14	18	383.0	2
18415	515.5	290.0	7	14	19	382.5	2
18422	515.5	290.0	7	13	19	382.2	2
18432	515.5	290.0	7	13	19	381.8	2
18439	515.5	290.0	7	14	19	381.5	2
18448	515.5	290.0	7	14	19	381.1	2
18455	515.5	290.0	7	14	19	380.7	2
18466	515.5	290.0	7	14	19	380.2	2
18473	515.5	290.0	7	14	19	379.9	2
18483	515.5	290.0	7	14	19	379.5	2
18495	515.5	290.0	7	14	19	379.0	2
18502	515.5	290.0	7	14	19	378.6	2
18511	515.5	290.0	7	14	19	378.3	2
18518	515.5	290.0	7	14	19	378.0	2
18525	515.5	290.0	7	14	19	377.7	2
18532	515.5	290.0	7	14	19	377.4	2
18538	515.5	290.0	7	14	19	377.1	2
18546	515.5	290.0	7	14	19	376.7	2
18553	515.5	290.0	7	14	19	376.4	2
18562	515.5	290.0	7	14	19	376.0	2
18569	515.5	290.0	7	14	19	375.7	2
18578	515.5	290.0	7	14	19	375.3	2
18585	515.5	290.0	7	14	19	375.0	2
18596	515.5	290.0	7	14	19	374.5	2
18604	515.5	290.0	7	14	19	374.2	2
18617	515.5	290.0	7	14	19	373.6	2
18629	515.5	290.0	7	14	19	373.2	2
18636	515.5	290.0	7	14	19	372.8	2
18644	515.5	290.0	7	14	19	372.4	2
18651	515.5	290.0	7	14	19	372.1	2
18660	515.5	290.0	7	14	19	371.8	2
18666	515.5	290.0	7	14	19	371.4	2
18673	515.5	290.0	7	14	19	371.2	2
18681	515.5	290.0	7	14	19	370.8	2
18688	515.5	290.0	7	14	19	370.5	2
18702	515.5	290.0	7	14	19	369.9	2
18712	515.5	290.0	7	14	19	369.4	2
18720	515.5	290.0	7	14	19	369.1	2
18730	515.5	290.0	7	14	19	368.6	2
18737	515.5	290.0	7	14	19	368.3	2
18747	515.5	290.0	7	14	19	367.9	2
18753	515.5	290.0	7	14	19	367.6	2
18762	515.5	290.0	7	14	19	367.2	2
18769	515.5	290.0	7	14	19	366.9	2
18778	515.5	290.0	7	14	19	366.6	2
18784	515.5	290.0	7	14	19	366.3	2
18793	515.5	290.0	7	14	19	365.9	2
18800	515.5	290.0	7	14	20	365.6	2
18807	515.5	290.0	7	13	20	365.3	2
18815	515.5	290.0	7	13	20	364.9	2
18822	515.5	290.0	7	13	20	364.6	2
18830	515.5	290.0	7	13	20	364.2	2
18837	515.5	290.0	7	13	20	364.0	2
18845	515.5	290.0	7	13	20	363.6	2
18852	515.5	290.0	7	13	20	363.3	2
18861	515.5	290.0	7	13	20	362.9	2
18867	515.5	290.0	7	13	20	362.6	2
18877	515.5	290.0	7	13	20	362.2	2
18884	515.5	290.0	7	13	20	361.9	2
18892	515.5	290.0	7	13	20	329.5	2
18899	515.5	290.0	7	14	20	329.2	2
18906	515.5	290.0	7	14	20	329.0	2
18914	515.5	290.0	7	14	20	328.7	2
18920	515.5	290.0	7	14	20	328.4	2
18929	515.5	290.0	7	14	20	328.1	2
18935	515.5	290.0	7	14	20	327.9	2
18942	515.5	290.0	7	14	20	327.6	2
18949	515.5	290.0	7	14	20	327.4	2
18956	515.5	290.0	7	14	20	327.1	2
18964	515.5	290.0	7	14	20	326.8	2
18970	515.5	290.0	7	14	20	326.6	2
18979	515.5	290.0	7	14	20	326.2	2
18985	515.5	290.0	7	14	20	326.0	2
18993	515.5	290.0	7	14	20	325.7	2
18999	515.5	290.0	7	14	20	325.5	2
19006	515.5	290.0	7	14	20	325.3	2
19014	515.5	290.0	7	14	20	325.0	2
19020	515.5	290.0	7	14	20	324.7	2
19028	515.5	290.0	7	14	20	324.4	2
19035	515.5	290.0	7	14	20	324.2	2
19042	515.5	290.0	7	14	20	323.9	2
19049	515.5	290.0	7	14	20	323.6	2
19057	515.5	290.0	7	14	20	323.4	2
19065	515.5	290.0	7	14	21	323.1	2
19072	515.5	290.0	7	13	21	322.8	2
19081	515.5	290.0	7	13	21	322.5	2
19088	515.5	290.0	7	13	21	322.2	2
19097	515.5	290.0	7	13	21	321.9	2
19104	515.5	290.0	7	13	21	321.6	2
19113	515.5	290.0	7	13	21	321.3	2
19120	515.5	290.0	7	13	21	321.0	2
19131	515.5	290.0	7	13	21	320.6	2
19137	515.5	290.0	7	13	21	320.4	2
19147	515.5	290.0	7	13	21	320.0	2
19153	515.5	290.0	7	13	21	319.8	2
19162	515.5	290.0	7	13	21	319.5	2
19168	515.5	290.0	7	13	21	319.2	2
19176	515.5	290.0	7	13	21	318.9	2
19183	515.5	290.0	7	13	21	318.7	2
19192	515.5	290.0	7	13	21	318.4	2
19199	515.5	290.0	7	13	21	318.1	2
19206	515.5	290.0	7	13	21	317.9	2
19214	515.5	290.0	7	13	21	317.5	2
19221	515.5	290.0	7	13	21	317.3	2
19230	515.5	290.0	7	13	21	317.0	2
19236	515.5	290.0	7	13	21	316.7	2
19245	515.5	290.0	7	13	21	316.4	2
19253	515.5	290.0	7	13	21	316.1	2
19262	515.5	290.0	7	13	21	315.8	2
19270	515.5	290.0	7	13	21	315.5	2
19280	515.5	290.0	7	13	21	315.1	2
19287	515.5	290.0	7	13	21	314.8	2
19296	515.5	290.0	7	13	21	314.5	2
19303	515.5	290.0	7	13	21	314.2	2
19312	515.5	290.0	7	13	21	313.9	2
19318	515.5	290.0	7	13	21	313.7	2
19329	515.5	290.0	7	13	21	313.3	2
19335	515.5	290.0	7	13	21	313.1	2
19344	515.5	290.0	7	13	21	312.7	2
19351	515.5	290.0	7	13	21	312.5	2
19361	515.5	290.0	7	13	21	312.1	2
19368	515.5	290.0	7	14	21	311.8	2
19377	515.5	290.0	7	14	21	311.5	2
19384	515.5	290.0	7	14	21	311.3	2
19392	515.5	290.0	7	14	21	311.0	2
19400	515.5	290.0	7	14	21	310.6	2
19410	515.5	290.0	7	14	21	310.3	2
19417	515.5	290.0	7	14	21	310.0	2
19425	515.5	290.0	7	14	22	309.8	2
19432	515.5	290.0	7	13	22	309.5	2
19438	515.5	290.0	7	13	22	309.2	2
19446	515.5	290.0	7	13	22	309.0	2
19452	515.5	290.0	7	13	22	308.7	2
19460	515.5	290.0	7	13	22	308.4	2
19467	515.5	290.0	7	13	22	308.2	2
19476	515.5	290.0	7	13	22	307.9	2
19485	515.5	290.0	7	13	22	307.5	2
19495	515.5	290.0	7	13	22	307.2	2
19502	515.5	290.0	7	13	22	306.9	2
19510	515.5	290.0	7	13	22	306.6	2
19517	515.5	290.0	7	13	22	306.3	2
19526	515.5	290.0	7	13	22	306.0	2
19534	515.5	290.0	7	13	22	305.7	2
19544	515.5	290.0	7	13	22	305.3	2
19551	515.5	290.0	7	13	22	305.0	2
19559	515.5	290.0	7	13	22	304.8	2
19567	515.5	290.0	7	13	22	304.4	2
19574	515.5	290.0	7	13	22	304.2	2
19582	515.5	290.0	7	13	22	303.9	2
19588	515.5	290.0	7	13	22	303.7	2
19596	515.5	290.0	7	13	22	303.4	2
19603	515.5	290.0	7	13	22	303.1	2
19613	515.5	290.0	7	13	22	302.8	2
19620	515.5	290.0	7	13	22	302.5	2
19630	515.5	290.0	7	13	22	302.1	2
19636	515.5	290.0	7	13	22	301.9	2
19646	515.5	290.0	7	13	22	301.5	2
19653	515.5	290.0	7	13	22	301.3	2
19662	515.5	290.0	7	13	22	300.9	2
19669	515.5	290.0	7	13	22	300.7	2
19678	515.5	290.0	7	13	22	300.4	2
19684	515.5	290.0	7	13	22	300.1	2
19694	515.5	290.0	7	13	22	299.8	2
19701	515.5	290.0	7	13	22	299.5	2
19710	515.5	290.0	7	13	22	299.2	2
19718	515.5	290.0	7	13	22	298.9	2
19726	515.5	290.0	7	13	22	298.6	2
19733	515.5	290.0	7	13	22	298.3	2
19742	515.5	290.0	7	13	22	298.0	2
19750	515.5	290.0	7	13	22	297.7	2
19758	515.5	290.0	7	13	22	297.4	2
19765	515.5	290.0	7	13	22	297.1	2
19773	515.5	290.0	7	13	22	296.8	2
19781	515.5	290.0	7	13	22	296.5	2
19787	515.5	290.0	7	13	22	296.3	2
19796	515.5	290.0	7	13	22	296.0	2
19802	515.5	290.0	7	13	22	295.7	2
19811	515.5	290.0	7	13	22	295.4	2
19818	515.5	290.0	7	13	22	295.2	2
19826	515.5	290.0	7	13	22	294.9	2
19833	515.5	290.0	7	14	22	294.6	2
19840	515.5	290.0	7	14	22	294.4	2
19848	515.5	290.0	7	14	22	294.0	2
19855	515.5	290.0	7	14	22	293.8	2
19863	515.5	290.0	7	14	22	293.5	2
19869	515.5	290.0	7	14	22	293.3	2
19879	515.5	290.0	7	14	22	292.9	2
19886	515.5	290.0	7	14	22	292.6	2
19895	515.5	290.0	7	14	22	292.3	2
19901	515.5	290.0	7	14	22	292.1	2
19911	515.5	290.0	7	14	22	291.7	2
19918	515.5	290.0	7	14	22	291.5	2
19932	515.5	290.0	7	14	22	291.0	2
19940	515.5	290.0	7	14	22	290.7	2
19950	515.5	290.0	7	14	22	290.3	2
19958	515.5	290.0	7	14	22	290.0	2
19966	515.5	290.0	7	14	22	289.7	2
19973	515.5	290.0	7	14	22	289.4	2
19981	515.5	290.0	7	14	22	289.1	2
19987	515.5	290.0	7	14	22	288.9	2
19997	515.5	290.0	7	14	22	288.5	2
20003	515.5	290.0	7	14	22	288.3	2
20012	515.5	290.0	7	14	22	288.0	2
20019	515.5	290.0	7	14	22	287.7	2
20029	515.5	290.0	7	14	22	287.3	2
20035	515.5	290.0	7	14	22	287.1	2
20045	515.5	290.0	7	14	22	286.8	2
20051	515.5	290.0	7	14	22	286.5	2
20059	515.5	290.0	7	14	22	286.2	2
20066	515.5	290.0	7	14	22	286.0	2
20072	515.5	290.0	7	14	22	285.7	2
20080	515.5	290.0	7	14	22	285.4	2
20086	515.5	290.0	7	14	22	285.2	2
20095	515.5	290.0	7	14	22	284.9	2
20101	515.5	290.0	7	14	22	284.7	2
20111	515.5	290.0	7	14	23	284.3	2
20118	515.5	290.0	7	13	23	284.0	2
20127	515.5	290.0	7	13	23	283.7	2
20134	515.5	290.0	7	13	23	283.4	2
20143	515.5	290.0	7	13	23	283.2	2
20150	515.5	290.0	7	13	23	282.9	2
20159	515.5	290.0	7	13	23	282.6	2
20167	515.5	290.0	7	13	23	282.2	2
20176	515.5	290.0	7	13	23	282.0	2
20183	515.5	290.0	7	13	23	281.6	2
20191	515.5	290.0	7	13	23	281.4	2
20202	515.5	290.0	7	13	23	280.9	2
20212	515.5	290.0	7	13	23	280.6	2
20219	515.5	290.0	7	13	23	280.3	2
20227	515.5	290.0	7	13	23	280.0	2
20234	515.5	290.0	7	13	23	279.8	2
20242	515.5	290.0	7	13	23	279.5	2
20249	515.5	290.0	7	13	23	279.2	2
20255	515.5	290.0	7	13	23	279.0	2
20263	515.5	290.0	7	13	23	278.7	2
20270	515.5	290.0	7	13	23	278.4	2
20278	515.5	290.0	7	13	23	278.1	2
20285	515.5	290.0	7	13	23	277.8	2
20294	515.5	290.0	7	13	23	277.5	2
20301	515.5	290.0	7	14	23	277.3	2
20309	515.5	290.0	7	14	23	277.0	2
20316	515.5	290.0	7	14	23	276.7	2
20322	515.5	290.0	7	14	23	276.5	2
20331	515.5	290.0	7	14	23	276.2	2
20337	515.5	290.0	7	14	23	275.9	2
20347	515.5	290.0	7	14	23	275.5	2
20354	515.5	290.0	7	14	23	275.3	2
20363	515.5	290.0	7	14	23	274.9	2
20370	515.5	290.0	7	14	23	274.7	2
20380	515.5	290.0	7	14	23	274.3	2
20387	515.5	290.0	7	14	23	274.1	2
20396	515.5	290.0	7	14	23	273.7	2
20403	515.5	290.0	7	14	23	273.5	2
20411	515.5	290.0	7	14	23	273.2	2
20418	515.5	290.0	7	14	23	272.9	2
20427	515.5	290.0	7	14	23	272.6	2
20433	515.5	290.0	7	14	23	272.3	2
20441	515.5	290.0	7	14	23	272.1	2
20448	515.5	290.0	7	14	23	271.8	2
20457	515.5	290.0	7	14	23	271.5	2
20467	515.5	290.0	7	14	23	271.1	2
20475	515.5	290.0	7	14	23	270.9	2
20482	515.5	290.0	7	14	23	270.5	2
20490	515.5	290.0	7	14	23	270.3	2
20499	515.5	290.0	7	14	23	269.9	2
20507	515.5	290.0	7	14	23	269.7	2
20516	515.5	290.0	7	14	23	269.3	2
20522	515.5	290.0	7	14	23	269.1	2
20531	515.5	290.0	7	14	23	268.7	2
20537	515.5	290.0	7	14	23	268.5	2
20546	515.5	290.0	7	14	23	268.2	2
20552	515.5	290.0	7	14	23	268.0	2
20560	515.5	290.0	7	14	23	267.7	2
20566	515.5	290.0	7	14	23	267.4	2
20572	515.5	290.0	7	14	23	267.2	2
20580	515.5	290.0	7	14	23	266.9	2
20586	515.5	290.0	7	14	23	266.7	2
20594	515.5	290.0	7	14	23	266.4	2
20601	515.5	290.0	7	14	23	266.1	2
20609	515.5	290.0	7	14	23	265.8	2
20616	515.5	290.0	7	14	23	265.6	2
20622	515.5	290.0	7	14	23	265.4	2
20630	515.5	290.0	7	14	23	265.1	2
20637	515.5	290.0	7	14	23	264.8	2
20645	515.5	290.0	7	14	23	264.5	2
20651	515.5	290.0	7	14	23	264.3	2
20658	515.5	290.0	7	14	23	264.0	2
20665	515.5	290.0	7	14	23	263.8	2
20671	515.5	290.0	7	14	23	263.5	2
20679	515.5	290.0	7	14	23	263.2	2
20686	515.5	290.0	7	14	23	263.0	2
20693	515.5	290.0	7	14	23	262.7	2
20700	515.5	290.0	7	14	24	326.3	2
20708	515.5	290.0	7	13	24	326.0	2
20716	515.5	290.0	7	13	24	325.7	2
20722	515.5	290.0	7	13	24	325.5	2
20730	515.5	290.0	7	13	24	325.2	2
20736	515.5	290.0	7	13	24	324.9	2
20745	515.5	290.0	7	13	24	324.6	2
20751	515.5	290.0	7	13	24	324.3	2
20759	515.5	290.0	7	13	24	324.1	2
20766	515.5	290.0	7	13	24	323.8	2
20772	515.5	290.0	7	13	24	323.6	2
20780	515.5	290.0	7	13	24	323.3	2
20786	515.5	290.0	7	13	24	323.0	2
20795	515.5	290.0	7	13	24	322.7	2
20801	515.5	290.0	7	14	24	322.5	2
20809	515.5	290.0	7	14	24	322.2	2
20816	515.5	290.0	7	14	24	321.9	2
20823	515.5	290.0	7	14	24	321.6	2
20831	515.5	290.0	7	14	24	321.4	2
20837	515.5	290.0	7	14	24	321.1	2
20845	515.5	290.0	7	14	24	320.8	2
20852	515.5	290.0	7	14	24	320.5	2
20861	515.5	290.0	7	14	24	320.2	2
20867	515.5	290.0	7	14	24	320.0	2
20876	515.5	290.0	7	14	24	319.7	2
20883	515.5	290.0	7	14	24	319.4	2
20889	515.5	290.0	7	14	24	319.1	2
20897	515.5	290.0	7	14	24	318.8	2
20904	515.5	290.0	7	14	24	318.6	2
20912	515.5	290.0	7	14	24	318.3	2
20919	515.5	290.0	7	14	24	318.0	2
20928	515.5	290.0	7	14	24	317.7	2
20934	515.5	290.0	7	14	24	317.4	2
20945	515.5	290.0	7	14	24	317.1	2
20953	515.5	290.0	7	14	24	316.7	2
20963	515.5	290.0	7	14	24	316.4	2
20970	515.5	290.0	7	14	24	316.1	2
20979	515.5	290.0	7	14	24	315.8	2
20986	515.5	290.0	7	14	24	315.5	2
20994	515.5	290.0	7	14	24	315.2	2
21001	515.5	290.0	7	14	24	314.9	2
21007	515.5	290.0	7	14	24	314.7	2
21015	515.5	290.0	7	14	24	314.4	2
21021	515.5	290.0	7	14	24	314.2	2
21029	515.5	290.0	7	14	24	313.9	2
21035	515.5	290.0	7	14	24	313.6	2
21043	515.5	290.0	7	14	24	313.4	2
21050	515.5	290.0	7	14	24	313.1	2
21056	515.5	290.0	7	14	24	312.9	2
21064	515.5	290.0	7	14	24	312.6	2
21070	515.5	290.0	7	14	24	312.3	2
21078	515.5	290.0	7	14	24	312.0	2
21084	515.5	290.0	7	14	24	311.8	2
21091	515.5	290.0	7	14	24	311.5	2
21098	515.5	290.0	7	14	24	311.3	2
21104	515.5	290.0	7	14	24	311.0	2
21112	515.5	290.0	7	14	24	310.7	2
21118	515.5	290.0	7	15	24	310.5	2
21125	515.5	290.0	7	15	24	310.2	2
21132	515.5	290.0	7	15	24	310.0	2
21138	515.5	290.0	7	15	24	309.8	2
21146	515.5	290.0	7	15	24	309.5	2
21152	515.5	290.0	7	15	24	309.2	2
21161	515.5	290.0	7	15	24	308.9	2
21167	515.5	290.0	7	15	24	308.7	2
21174	515.5	290.0	7	15	25	308.4	2
21182	515.5	290.0	7	14	25	308.1	2
21188	515.5	290.0	7	14	25	307.9	2
21196	515.5	290.0	7	14	25	307.6	2
21203	515.5	290.0	7	14	25	307.3	2
21210	515.5	290.0	7	14	25	307.0	2
21217	515.5	290.0	7	14	25	306.8	2
21224	515.5	290.0	7	14	25	306.5	2
21231	515.5	290.0	7	14	25	306.3	2
21237	515.5	290.0	7	14	25	306.0	2
21245	515.5	290.0	7	14	25	305.7	2
21252	515.5	290.0	7	14	25	305.5	2
21260	515.5	290.0	7	14	25	305.2	2
21267	515.5	290.0	7	14	25	304.9	2
21274	515.5	290.0	7	14	25	304.7	2
21282	515.5	290.0	7	14	25	304.3	2
21289	515.5	290.0	7	14	25	304.1	2
21298	515.5	290.0	7	14	25	303.7	2
21304	515.5	290.0	7	14	25	303.5	2
21313	515.5	290.0	7	14	25	303.2	2
21319	515.5	290.0	7	14	25	302.9	2
21327	515.5	290.0	7	14	25	302.6	2
21334	515.5	290.0	7	14	25	302.3	2
21344	515.5	290.0	7	14	25	302.0	2
21352	515.5	290.0	7	14	25	301.7	2
21360	515.5	290.0	7	14	25	301.4	2
21367	515.5	290.0	7	14	25	301.1	2
21374	515.5	290.0	7	14	25	300.8	2
21382	515.5	290.0	7	14	25	300.6	2
21388	515.5	290.0	7	14	25	300.3	2
21397	515.5	290.0	7	14	25	300.0	2
21403	515.5	290.0	7	14	25	299.7	2
21412	515.5	290.0	7	14	25	299.4	2
21419	515.5	290.0	7	14	25	299.2	2
21426	515.5	290.0	7	14	25	298.9	2
21433	515.5	290.0	7	14	25	298.6	2
21440	515.5	290.0	7	14	25	298.4	2
21447	515.5	290.0	7	14	25	298.1	2
21453	515.5	290.0	7	14	25	297.9	2
21461	515.5	290.0	7	14	25	297.6	2
21467	515.5	290.0	7	14	25	297.3	2
21474	515.5	290.0	7	14	25	297.1	2
21481	515.5	290.0	7	14	25	296.8	2
21487	515.5	290.0	7	14	25	296.6	2
21495	515.5	290.0	7	14	25	296.3	2
21502	515.5	290.0	7	14	25	296.0	2
21510	515.5	290.0	7	14	25	295.7	2
21517	515.5	290.0	7	14	25	295.5	2
21525	515.5	290.0	7	14	25	295.2	2
21533	515.5	290.0	7	14	25	294.9	2
21540	515.5	290.0	7	15	25	294.6	2
21548	515.5	290.0	7	15	25	294.3	2
21554	515.5	290.0	7	15	25	294.1	2
21562	515.5	290.0	7	15	25	293.8	2
21569	515.5	290.0	7	15	25	293.5	2
21576	515.5	290.0	7	15	25	293.2	2
21583	515.5	290.0	7	15	25	293.0	2
21589	515.5	290.0	7	15	25	292.7	2
21597	515.5	290.0	7	15	25	292.4	2
21603	515.5	290.0	7	15	25	292.2	2
21612	515.5	290.0	7	15	25	291.9	2
21618	515.5	290.0	7	15	25	291.6	2
21627	515.5	290.0	7	15	25	291.3	2
21633	515.5	290.0	7	15	25	291.1	2
21639	515.5	290.0	7	15	25	290.8	2
21648	515.5	290.0	7	15	25	290.5	2
21655	515.5	290.0	7	15	25	290.3	2
21664	515.5	290.0	7	15	25	289.9	2
21671	515.5	290.0	7	15	25	289.7	2
21679	515.5	290.0	7	15	25	289.3	2
21686	515.5	290.0	7	15	25	289.1	2
21694	515.5	290.0	7	15	25	288.8	2
21700	515.5	290.0	7	15	25	288.5	2
21707	515.5	290.0	7	15	25	288.3	2
21714	515.5	290.0	7	15	25	288.0	2
21720	515.5	290.0	7	15	25	287.8	2
21728	515.5	290.0	7	15	25	287.5	2
21734	515.5	290.0	7	15	25	287.3	2
21741	515.5	290.0	7	15	25	287.0	2
21748	515.5	290.0	7	15	25	286.7	2
21754	515.5	290.0	7	15	25	286.5	2
21762	515.5	290.0	7	15	25	286.2	2
21768	515.5	290.0	7	15	25	286.0	2
21775	515.5	290.0	7	15	25	285.7	2
21783	515.5	290.0	7	15	25	285.4	2
21789	515.5	290.0	7	15	25	285.2	2
21798	515.5	290.0	7	15	26	288.2	2
21804	515.5	290.0	7	14	26	287.9	2
21814	515.5	290.0	7	14	26	287.5	2
21821	515.5	290.0	7	14	26	287.2	2
21832	515.5	290.0	7	14	26	286.8	2
21838	515.5	290.0	7	14	26	286.5	2
21847	515.5	290.0	7	14	26	286.1	2
21854	515.5	290.0	7	14	26	285.8	2
21864	515.5	290.0	7	15	26	285.4	2
21871	515.5	290.0	7	15	26	285.1	2
21881	515.5	290.0	7	15	26	284.7	2
21888	515.5	290.0	7	15	26	284.3	2
21897	515.5	290.0	7	15	26	283.9	2
21904	515.5	290.0	7	15	26	283.7	2
21914	515.5	290.0	7	15	26	283.2	2
21921	515.5	290.0	7	15	26	282.9	2
21930	515.5	290.0	7	15	26	282.5	2
21937	515.5	290.0	7	15	26	282.2	2
21946	515.5	290.0	7	15	26	281.8	2
21953	515.5	290.0	7	15	26	281.6	2
21961	515.5	290.0	7	15	26	281.2	2
21968	515.5	290.0	7	15	26	280.9	2
21977	515.5	290.0	7	15	26	280.5	2
21984	515.5	290.0	7	15	26	280.2	2
21993	515.5	290.0	7	15	26	279.8	2
22000	515.5	290.0	7	15	26	279.5	2
22008	515.5	290.0	7	15	26	279.2	2
22016	515.5	290.0	7	15	26	278.8	2
22023	515.5	290.0	7	15	26	278.5	2
22032	515.5	290.0	7	15	26	278.1	2
22039	515.5	290.0	7	15	26	277.8	2
22049	515.5	290.0	7	15	26	277.4	2
22059	515.5	290.0	7	15	26	277.0	2
22069	515.5	290.0	7	15	26	276.6	2
22079	515.5	290.0	7	15	26	276.1	2
22087	515.5	290.0	7	15	26	275.8	2
22095	515.5	290.0	7	15	26	275.5	2
22101	515.5	290.0	7	15	26	275.2	2
22108	515.5	290.0	7	15	26	274.9	2
22115	515.5	290.0	7	15	26	274.6	2
22121	515.5	290.0	7	15	26	274.3	2
22129	515.5	290.0	7	15	27	332.2	2
22136	515.5	290.0	7	14	27	331.9	2
22146	515.5	290.0	7	14	27	331.5	2
22153	515.5	290.0	7	14	27	331.2	2
22163	515.5	290.0	7	14	27	330.8	2
22169	515.5	290.0	7	14	27	330.6	2
22178	515.5	290.0	7	14	27	330.2	2
22184	515.5	290.0	7	14	27	329.9	2
22193	515.5	290.0	7	14	27	329.6	2
22200	515.5	290.0	7	14	27	329.3	2
22207	515.5	290.0	7	14	27	329.0	2
22214	515.5	290.0	7	14	27	328.7	2
22221	515.5	290.0	7	14	27	328.5	2
22228	515.5	290.0	7	14	27	328.2	2
22235	515.5	290.0	7	14	27	327.9	2
22242	515.5	290.0	7	15	27	327.6	2
22249	515.5	290.0	7	15	27	327.3	2
22255	515.5	290.0	7	15	27	327.1	2
22264	515.5	290.0	7	15	27	326.7	2
22271	515.5	290.0	7	15	27	326.4	2
22279	515.5	290.0	7	15	27	326.1	2
22286	515.5	290.0	7	15	27	325.9	2
22294	515.5	290.0	7	15	27	325.5	2
22301	515.5	290.0	7	15	27	325.3	2
22309	515.5	290.0	7	15	27	324.9	2
22316	515.5	290.0	7	15	27	324.6	2
22324	515.5	290.0	7	15	27	324.3	2
22331	515.5	290.0	7	15	27	324.0	2
22338	515.5	290.0	7	15	27	323.7	2
22347	515.5	290.0	7	15	27	323.4	2
22354	515.5	290.0	7	15	27	323.1	2
22362	515.5	290.0	7	15	27	322.8	2
22371	515.5	290.0	7	15	27	322.5	2
22381	515.5	290.0	7	15	27	322.0	2
22389	515.5	290.0	7	15	27	321.7	2
22401	515.5	290.0	7	15	27	321.2	2
22411	515.5	290.0	7	15	27	320.8	2
22418	515.5	290.0	7	15	27	320.5	2
22426	515.5	290.0	7	15	27	320.2	2
22434	515.5	290.0	7	15	27	319.9	2
22441	515.5	290.0	7	15	27	319.6	2
22449	515.5	290.0	7	15	27	319.3	2
22455	515.5	290.0	7	15	27	319.0	2
22463	515.5	290.0	7	15	27	318.7	2
22469	515.5	290.0	7	15	27	318.4	2
22477	515.5	290.0	7	15	27	318.1	2
22483	515.5	290.0	7	15	27	317.9	2
22490	515.5	290.0	7	15	27	317.6	2
22497	515.5	290.0	7	15	27	317.3	2
22503	515.5	290.0	7	15	27	317.1	2
22511	515.5	290.0	7	15	27	316.8	2
22517	515.5	290.0	7	15	27	316.5	2
22523	515.5	290.0	7	15	27	316.3	2
22530	515.5	290.0	7	15	27	316.0	2
22536	515.5	290.0	7	15	27	315.8	2
22545	515.5	290.0	7	15	27	315.4	2
22551	515.5	290.0	7	15	27	315.2	2
22559	515.5	290.0	7	15	28	323.5	2
22569	515.5	290.0	7	14	28	323.1	2
22577	515.5	290.0	7	14	28	322.8	2
22584	515.5	290.0	7	14	28	322.5	2
22592	515.5	290.0	7	14	28	322.2	2
22601	515.5	290.0	7	14	28	321.9	2
22611	515.5	290.0	7	14	28	321.6	2
22620	515.5	290.0	7	14	28	321.2	2
22633	515.5	290.0	7	15	28	320.7	2
22641	515.5	290.0	7	15	28	320.4	2
22650	515.5	290.0	7	15	28	320.1	2
22658	515.5	290.0	7	15	28	319.8	2
22666	515.5	290.0	7	15	28	319.5	2
22674	515.5	290.0	7	15	28	319.2	2
22683	515.5	290.0	7	15	28	318.8	2
22690	515.5	290.0	7	15	28	318.6	2
22699	515.5	290.0	7	15	28	318.3	2
22705	515.5	290.0	7	15	28	318.0	2
22714	515.5	290.0	7	15	28	317.7	2
22720	515.5	290.0	7	15	28	317.4	2
22728	515.5	290.0	7	15	28	317.2	2
22735	515.5	290.0	7	15	28	316.9	2
22742	515.5	290.0	7	15	28	316.6	2
22749	515.5	290.0	7	15	28	316.4	2
22756	515.5	290.0	7	15	28	316.1	2
22765	515.5	290.0	7	15	28	315.8	2
22772	515.5	290.0	7	15	28	315.5	2
22782	515.5	290.0	7	15	28	315.2	2
22795	515.5	290.0	7	15	28	314.7	2
22805	515.5	290.0	7	15	28	314.3	2
22817	515.5	290.0	7	15	28	313.9	2
22829	515.5	290.0	7	15	28	313.4	2
22838	515.5	290.0	7	15	28	313.1	2
22848	515.5	290.0	7	15	28	312.7	2
22857	515.5	290.0	7	15	28	312.4	2
22866	515.5	290.0	7	15	28	312.0	2
22876	515.5	290.0	7	15	28	311.7	2
22883	515.5	290.0	7	15	28	311.4	2
22891	515.5	290.0	7	15	28	311.1	2
22899	515.5	290.0	7	15	28	310.8	2
22906	515.5	290.0	7	15	28	310.6	2
22914	515.5	290.0	7	15	28	310.3	2
22920	515.5	290.0	7	15	28	310.0	2
22929	515.5	290.0	7	15	28	309.7	2
22936	515.5	290.0	7	15	28	309.4	2
22946	515.5	290.0	7	15	28	309.1	2
22953	515.5	290.0	7	16	28	308.8	2
22964	515.5	290.0	7	16	28	308.4	2
22973	515.5	290.0	7	16	28	308.1	2
22983	515.5	290.0	7	16	28	307.7	2
22990	515.5	290.0	7	16	28	307.5	2
22999	515.5	290.0	7	16	29	307.1	2
23006	515.5	290.0	7	15	29	306.8	2
23015	515.5	290.0	7	15	29	306.5	2
23021	515.5	290.0	7	15	29	306.3	2
23029	515.5	290.0	7	15	29	306.0	2
23036	515.5	290.0	7	15	29	305.7	2
23045	515.5	290.0	7	15	29	305.4	2
23051	515.5	290.0	7	15	29	305.2	2
23059	515.5	290.0	7	15	29	304.9	2
23067	515.5	290.0	7	15	29	304.6	2
23078	515.5	290.0	7	15	29	304.2	2
23085	515.5	290.0	7	15	29	303.9	2
23096	515.5	290.0	7	15	29	303.5	2
23103	515.5	290.0	7	15	29	303.3	2
23114	515.5	290.0	7	15	29	302.8	2
23121	515.5	290.0	7	15	29	302.6	2
23132	515.5	290.0	7	15	29	302.2	2
23139	515.5	290.0	7	15	29	301.9	2
23150	515.5	290.0	7	15	29	301.5	2
23158	515.5	290.0	7	15	29	301.3	2
23168	515.5	290.0	7	15	29	300.9	2
23177	515.5	290.0	7	15	29	300.5	2
23184	515.5	290.0	7	15	29	300.2	2
23192	515.5	290.0	7	15	29	300.0	2
23200	515.5	290.0	7	15	29	299.7	2
23207	515.5	290.0	7	15	29	299.4	2
23215	515.5	290.0	7	15	29	299.1	2
23222	515.5	290.0	7	15	29	298.8	2
23230	515.5	290.0	7	15	29	298.5	2
23236	515.5	290.0	7	15	29	298.3	2
23244	515.5	290.0	7	15	30	298.0	2
23251	515.5	290.0	7	14	30	297.7	2
23258	515.5	290.0	7	14	30	297.5	2
23265	515.5	290.0	7	14	30	297.2	2
23271	515.5	290.0	7	14	30	297.0	2
23279	515.5	290.0	7	14	30	296.7	2
23286	515.5	290.0	7	14	30	296.5	2
23295	515.5	290.0	7	14	30	296.1	2
23302	515.5	290.0	7	14	30	295.9	2
23309	515.5	290.0	7	14	30	295.6	2
23316	515.5	290.0	7	14	30	295.4	2
23323	515.5	290.0	7	14	30	295.1	2
23331	515.5	290.0	7	14	30	294.8	2
23338	515.5	290.0	7	14	30	294.5	2
23348	515.5	290.0	7	14	30	294.2	2
23354	515.5	290.0	7	15	30	293.9	2
23364	515.5	290.0	7	15	30	293.6	2
23370	515.5	290.0	7	15	30	293.3	2
23380	515.5	290.0	7	15	30	293.0	2
23386	515.5	290.0	7	15	30	292.7	2
23395	515.5	290.0	7	15	30	292.4	2
23402	515.5	290.0	7	15	30	292.1	2
23410	515.5	290.0	7	15	30	291.9	2
23416	515.5	290.0	7	15	30	291.6	2
23423	515.5	290.0	7	15	30	291.4	2
23433	515.5	290.0	7	15	30	291.0	2
23440	515.5	290.0	7	15	30	290.8	2
23449	515.5	290.0	7	15	30	290.4	2
23457	515.5	290.0	7	15	30	290.1	2
23469	515.5	290.0	7	15	30	289.6	2
23484	515.5	290.0	7	15	30	289.2	2
23498	515.5	290.0	7	15	30	288.6	2
23506	515.5	290.0	7	15	30	288.3	2
23518	515.5	290.0	7	15	30	287.9	2
23528	515.5	290.0	7	15	30	287.5	2
23535	515.5	290.0	7	15	30	287.2	2
23543	515.5	290.0	7	15	30	286.9	2
23551	515.5	290.0	7	15	30	286.6	2
23560	515.5	290.0	7	15	30	286.3	2
23568	515.5	290.0	7	15	30	286.0	2
23576	515.5	290.0	7	15	30	285.7	2
23584	515.5	290.0	7	15	30	285.4	2
23592	515.5	290.0	7	15	30	285.1	2
23599	515.5	290.0	7	15	31	284.8	2
23606	515.5	290.0	7	14	31	284.6	2
23614	515.5	290.0	7	14	31	284.3	2
23620	515.5	290.0	7	14	31	284.1	2
23628	515.5	290.0	7	14	31	283.8	2
23633	515.5	290.0	7	14	31	283.5	2
23640	515.5	290.0	7	14	31	283.3	2
23647	515.5	290.0	7	14	31	283.0	2
23653	515.5	290.0	7	14	31	282.8	2
23661	515.5	290.0	7	14	31	282.5	2
23667	515.5	290.0	7	14	31	282.3	2
23674	515.5	290.0	7	14	31	282.1	2
23680	515.5	290.0	7	14	31	281.8	2
23687	515.5	290.0	7	14	31	281.6	2
23696	515.5	290.0	7	14	31	281.2	2
23703	515.5	290.0	7	14	31	281.0	2
23713	515.5	290.0	7	14	31	280.6	2
23719	515.5	290.0	7	14	31	280.4	2
23727	515.5	290.0	7	14	31	280.1	2
23735	515.5	290.0	7	14	31	279.8	2
23744	515.5	290.0	7	14	31	279.4	2
23752	515.5	290.0	7	14	31	279.2	2
23760	515.5	290.0	7	14	31	278.9	2
23766	515.5	290.0	7	14	31	278.6	2
23773	515.5	290.0	7	14	31	278.4	2
23780	515.5	290.0	7	15	31	278.1	2
23787	515.5	290.0	7	15	31	277.9	2
23795	515.5	290.0	7	15	31	277.6	2
23802	515.5	290.0	7	15	31	277.3	2
23810	515.5	290.0	7	15	31	277.0	2
23818	515.5	290.0	7	15	31	276.7	2
23825	515.5	290.0	7	15	31	276.4	2
23834	515.5	290.0	7	15	31	276.1	2
23842	515.5	290.0	7	15	31	275.8	2
23849	515.5	290.0	7	15	31	275.6	2
23856	515.5	290.0	7	15	31	275.3	2
23864	515.5	290.0	7	15	31	275.0	2
23871	515.5	290.0	7	15	31	274.7	2
23879	515.5	290.0	7	15	31	274.4	2
23886	515.5	290.0	7	15	31	274.1	2
23894	515.5	290.0	7	15	31	273.8	2
23901	515.5	290.0	7	15	31	273.6	2
23908	515.5	290.0	7	15	31	273.3	2
23917	515.5	290.0	7	15	32	272.9	2
23924	515.5	290.0	7	14	32	272.6	2
23933	515.5	290.0	7	14	32	272.2	2
23941	515.5	290.0	7	14	32	272.0	2
23949	515.5	290.0	7	14	32	271.6	2
23955	515.5	290.0	7	14	32	271.4	2
23963	515.5	290.0	7	14	32	271.0	2
23970	515.5	290.0	7	14	32	270.8	2
23979	515.5	290.0	7	14	32	270.4	2
23985	515.5	290.0	7	14	32	270.1	2
23993	515.5	290.0	7	14	32	269.8	2
24000	515.5	290.0	7	14	32	269.6	2
24006	515.5	290.0	7	14	32	269.3	2
24014	515.5	290.0	7	14	32	269.0	2
24020	515.5	290.0	7	14	32	268.7	2
24030	515.5	290.0	7	14	32	268.3	2
24038	515.5	290.0	7	14	32	268.0	2
24049	515.5	290.0	7	14	32	267.6	2
24056	515.5	290.0	7	14	32	267.3	2
24066	515.5	290.0	7	14	32	266.9	2
24073	515.5	290.0	7	14	32	266.6	2
24081	515.5	290.0	7	14	32	266.3	2
24088	515.5	290.0	7	14	32	266.0	2
24097	515.5	290.0	7	14	32	265.7	2
24103	515.5	290.0	7	15	32	265.4	2
24112	515.5	290.0	7	15	32	265.1	2
24118	515.5	290.0	7	15	32	264.8	2
24126	515.5	290.0	7	15	32	264.5	2
24133	515.5	290.0	7	15	32	264.2	2
24139	515.5	290.0	7	15	32	264.0	2
24147	515.5	290.0	7	15	32	263.6	2
24154	515.5	290.0	7	15	32	263.4	2
24163	515.5	290.0	7	15	32	263.0	2
24170	515.5	290.0	7	15	32	262.7	2
24178	515.5	290.0	7	15	32	262.4	2
24185	515.5	290.0	7	15	32	262.1	2
24193	515.5	290.0	7	15	32	261.8	2
24200	515.5	290.0	7	15	32	261.5	2
24207	515.5	290.0	7	15	32	261.3	2
24214	515.5	290.0	7	15	32	260.9	2
24221	515.5	290.0	7	15	32	260.7	2
24228	515.5	290.0	7	15	32	260.4	2
24235	515.5	290.0	7	15	32	260.1	2
24243	515.5	290.0	7	15	33	272.0	2
24250	515.5	290.0	7	14	33	271.7	2
24257	515.5	290.0	7	14	33	271.5	2
24266	515.5	290.0	7	14	33	271.1	2
24273	515.5	290.0	7	14	33	270.9	2
24281	515.5	290.0	7	14	33	270.5	2
24288	515.5	290.0	7	14	33	270.2	2
24296	515.5	290.0	7	14	33	269.9	2
24302	515.5	290.0	7	14	33	269.7	2
24309	515.5	290.0	7	14	33	269.4	2
24316	515.5	290.0	7	14	33	269.1	2
24325	515.5	290.0	7	14	33	268.7	2
24332	515.5	290.0	7	14	33	268.4	2
24339	515.5	290.0	7	14	33	268.2	2
24347	515.5	290.0	7	14	33	267.8	2
24354	515.5	290.0	7	14	33	267.6	2
24362	515.5	290.0	7	14	33	267.3	2
24369	515.5	290.0	7	14	33	267.0	2
24376	515.5	290.0	7	14	33	266.7	2
24383	515.5	290.0	7	14	33	266.4	2
24389	515.5	290.0	7	14	33	266.2	2
24396	515.5	290.0	7	14	33	265.9	2
24403	515.5	290.0	7	14	33	265.6	2
24410	515.5	290.0	7	14	33	265.3	2
24417	515.5	290.0	7	14	33	265.0	2
24425	515.5	290.0	7	14	33	264.8	2
24432	515.5	290.0	7	14	33	264.4	2
24439	515.5	290.0	7	15	33	264.2	2
24448	515.5	290.0	7	15	33	263.8	2
24454	515.5	290.0	7	15	33	263.6	2
24465	515.5	290.0	7	15	33	263.1	2
24472	515.5	290.0	7	15	33	262.8	2
24482	515.5	290.0	7	15	33	262.5	2
24490	515.5	290.0	7	15	33	262.1	2
24499	515.5	290.0	7	15	33	261.8	2
24508	515.5	290.0	7	15	33	261.4	2
24517	515.5	290.0	7	15	33	261.1	2
24527	515.5	290.0	7	15	33	260.7	2
24535	515.5	290.0	7	15	33	260.3	2
24544	515.5	290.0	7	15	33	260.0	2
24552	515.5	290.0	7	15	33	259.6	2
24562	515.5	290.0	7	15	33	259.3	2
24570	515.5	290.0	7	15	33	258.9	2
24579	515.5	290.0	7	15	33	258.6	2
24586	515.5	290.0	7	15	33	258.3	2
24595	515.5	290.0	7	15	33	257.9	2
24601	515.5	290.0	7	15	33	257.7	2
24609	515.5	290.0	7	15	34	275.2	2
24616	515.5	290.0	7	14	34	274.9	2
24623	515.5	290.0	7	14	34	274.7	2
24631	515.5	290.0	7	14	34	274.4	2
24637	515.5	290.0	7	14	34	274.1	2
24645	515.5	290.0	7	14	34	273.8	2
24651	515.5	290.0	7	14	34	273.6	2
24658	515.5	290.0	7	14	34	273.4	2
24665	515.5	290.0	7	14	34	273.1	2
24672	515.5	290.0	7	14	34	272.8	2
24680	515.5	290.0	7	14	34	272.5	2
24686	515.5	290.0	7	14	34	272.3	2
24694	515.5	290.0	7	14	34	272.0	2
24701	515.5	290.0	7	14	34	271.7	2
24708	515.5	290.0	7	14	34	271.5	2
24715	515.5	290.0	7	14	34	271.2	2
24722	515.5	290.0	7	14	34	270.9	2
24730	515.5	290.0	7	14	34	270.6	2
24736	515.5	290.0	7	14	34	270.4	2
24744	515.5	290.0	7	14	34	270.1	2
24751	515.5	290.0	7	14	34	269.8	2
24757	515.5	290.0	7	14	34	269.6	2
24764	515.5	290.0	7	14	34	269.3	2
24770	515.5	290.0	7	14	34	269.1	2
24778	515.5	290.0	7	14	34	268.8	2
24785	515.5	290.0	7	14	34	268.6	2
24793	515.5	290.0	7	15	34	268.3	2
24799	515.5	290.0	7	15	34	268.0	2
24806	515.5	290.0	7	15	34	267.8	2
24814	515.5	290.0	7	15	34	267.5	2
24820	515.5	290.0	7	15	34	267.2	2
24829	515.5	290.0	7	15	34	266.9	2
24836	515.5	290.0	7	15	34	266.7	2
24842	515.5	290.0	7	15	34	266.4	2
24853	515.5	290.0	7	15	34	266.0	2
24864	515.5	290.0	7	15	34	265.6	2
24871	515.5	290.0	7	15	34	265.3	2
24881	515.5	290.0	7	15	34	264.9	2
24888	515.5	290.0	7	15	34	264.7	2
24898	515.5	290.0	7	15	34	264.3	2
24905	515.5	290.0	7	15	34	264.0	2
24916	515.5	290.0	7	15	34	263.6	2
24923	515.5	290.0	7	15	34	263.4	2
24933	515.5	290.0	7	15	34	263.0	2
24940	515.5	290.0	7	15	34	262.7	2
24949	515.5	290.0	7	15	34	262.4	2
24957	515.5	290.0	7	15	34	262.1	2
24965	515.5	290.0	7	15	34	261.8	2
24971	515.5	290.0	7	15	35	269.0	2
24981	515.5	290.0	7	14	35	268.6	2
24987	515.5	290.0	7	14	35	268.4	2
24998	515.5	290.0	7	14	35	268.0	2
25004	515.5	290.0	7	14	35	267.7	2
25012	515.5	290.0	7	14	35	267.4	2
25019	515.5	290.0	7	14	35	267.2	2
25027	515.5	290.0	7	14	35	266.9	2
25033	515.5	290.0	7	14	35	266.6	2
25041	515.5	290.0	7	14	35	266.4	2
25049	515.5	290.0	7	14	35	266.0	2
25055	515.5	290.0	7	14	35	265.8	2
25063	515.5	290.0	7	14	35	265.4	2
25070	515.5	290.0	7	14	35	265.2	2
25079	515.5	290.0	7	14	35	264.9	2
25085	515.5	290.0	7	14	35	264.6	2
25092	515.5	290.0	7	14	35	264.4	2
25098	515.5	290.0	7	14	35	264.1	2
25105	515.5	290.0	7	14	35	263.9	2
25113	515.5	290.0	7	14	35	263.5	2
25119	515.5	290.0	7	14	35	263.3	2
25127	515.5	290.0	7	14	35	263.0	2
25133	515.5	290.0	7	14	35	262.8	2
25140	515.5	290.0	7	14	35	262.5	2
25148	515.5	290.0	7	14	35	262.2	2
25154	515.5	290.0	7	14	35	262.0	2
25163	515.5	290.0	7	14	35	261.6	2
25169	515.5	290.0	7	15	35	261.4	2
25178	515.5	290.0	7	15	35	261.1	2
25184	515.5	290.0	7	15	35	260.8	2
25193	515.5	290.0	7	15	35	260.5	2
25200	515.5	290.0	7	15	35	260.2	2
25209	515.5	290.0	7	15	35	259.9	2
25216	515.5	290.0	7	15	35	259.6	2
25224	515.5	290.0	7	15	35	259.3	2
25232	515.5	290.0	7	15	35	259.0	2
25238	515.5	290.0	7	15	35	258.7	2
25248	515.5	290.0	7	15	35	258.4	2
25255	515.5	290.0	7	15	35	258.1	2
25263	515.5	290.0	7	15	35	257.8	2
25270	515.5	290.0	7	15	35	257.5	2
25279	515.5	290.0	7	15	35	257.2	2
25285	515.5	290.0	7	15	35	256.9	2
25293	515.5	290.0	7	15	35	256.7	2
25300	515.5	290.0	7	15	35	256.4	2
25307	515.5	290.0	7	15	35	256.1	2
25315	515.5	290.0	7	15	36	257.7	2
25321	515.5	290.0	7	14	36	257.4	2
25330	515.5	290.0	7	14	36	257.1	2
25336	515.5	290.0	7	14	36	256.8	2
25344	515.5	290.0	7	14	36	256.4	2
25350	515.5	290.0	7	14	36	256.2	2
25356	515.5	290.0	7	14	36	255.9	2
25364	515.5	290.0	7	14	36	255.6	2
25370	515.5	290.0	7	14	36	255.3	2
25378	515.5	290.0	7	14	36	254.9	2
25384	515.5	290.0	7	14	36	254.7	2
25392	515.5	290.0	7	14	36	254.3	2
25400	515.5	290.0	7	14	36	254.0	2
25408	515.5	290.0	7	14	36	253.7	2
25415	515.5	290.0	7	14	36	253.3	2
25422	515.5	290.0	7	14	36	253.0	2
25433	515.5	290.0	7	14	36	252.6	2
25440	515.5	290.0	7	14	36	252.2	2
25451	515.5	290.0	7	14	36	251.8	2
25460	515.5	290.0	7	14	36	251.4	2
25469	515.5	290.0	7	14	36	251.0	2
25477	515.5	290.0	7	14	36	250.6	2
25484	515.5	290.0	7	14	36	250.3	2
25491	515.5	290.0	7	14	36	250.0	2
25498	515.5	290.0	7	14	36	249.7	2
25505	515.5	290.0	7	14	36	249.4	2
25514	515.5	290.0	7	14	36	249.0	2
25522	515.5	290.0	7	14	36	248.7	2
25532	515.5	290.0	7	14	36	248.2	2
25538	515.5	290.0	7	14	36	247.9	2
25550	515.5	290.0	7	14	36	247.4	2
25557	515.5	290.0	7	14	36	247.1	2
25567	515.5	290.0	7	15	36	246.7	2
25574	515.5	290.0	7	15	36	246.4	2
25584	515.5	290.0	7	15	36	245.9	2
25592	515.5	290.0	7	15	36	245.6	2
25604	515.5	290.0	7	15	36	245.0	2
25617	515.5	290.0	7	15	36	244.5	2
25628	515.5	290.0	7	15	36	244.1	2
25636	515.5	290.0	7	15	37	260.0	2
25648	515.5	290.0	7	14	37	259.6	2
25655	515.5	290.0	7	14	37	259.3	2
25665	515.5	290.0	7	14	37	258.9	2
25671	515.5	290.0	7	14	37	258.7	2
25679	515.5	290.0	7	14	37	258.4	2
25685	515.5	290.0	7	14	37	258.1	2
25694	515.5	290.0	7	14	37	257.8	2
25702	515.5	290.0	7	14	37	257.5	2
25709	515.5	290.0	7	14	37	257.2	2
25718	515.5	290.0	7	14	37	256.9	2
25729	515.5	290.0	7	14	37	256.5	2
25736	515.5	290.0	7	14	37	256.2	2
25748	515.5	290.0	7	14	37	255.8	2
25756	515.5	290.0	7	14	37	255.5	2
25768	515.5	290.0	7	14	37	255.1	2
25779	515.5	290.0	7	14	37	254.6	2
25786	515.5	290.0	7	14	37	254.3	2
25799	515.5	290.0	7	14	37	253.9	2
25811	515.5	290.0	7	14	37	253.4	2
25820	515.5	290.0	7	14	37	253.1	2
25832	515.5	290.0	7	14	37	252.6	2
25841	515.5	290.0	7	14	37	252.3	2
25851	515.5	290.0	7	14	37	251.9	2
25861	515.5	290.0	7	14	37	251.5	2
25869	515.5	290.0	7	14	37	251.2	2
25879	515.5	290.0	7	14	37	250.9	2
25886	515.5	290.0	7	14	37	250.6	2
25895	515.5	290.0	7	14	37	250.2	2
25902	515.5	290.0	7	14	37	250.0	2
25911	515.5	290.0	7	14	37	249.7	2
25918	515.5	290.0	7	14	37	249.4	2
25926	515.5	290.0	7	14	37	249.1	2
25933	515.5	290.0	7	14	37	248.8	2
25940	515.5	290.0	7	14	37	248.6	2
25947	515.5	290.0	7	14	37	248.3	2
25954	515.5	290.0	7	14	37	248.0	2
25962	515.5	290.0	7	14	37	247.7	2
25968	515.5	290.0	7	14	37	247.5	2
25975	515.5	290.0	7	14	37	247.2	2
25982	515.5	290.0	7	14	37	247.0	2
25988	515.5	290.0	7	15	37	246.7	2
25996	515.5	290.0	7	15	37	246.5	2
26002	515.5	290.0	7	15	37	246.2	2
26010	515.5	290.0	7	15	38	275.9	2
26018	515.5	290.0	7	14	38	275.6	2
26025	515.5	290.0	7	14	38	275.3	2
26032	515.5	290.0	7	14	38	275.0	2
26039	515.5	290.0	7	14	38	274.8	2
26046	515.5	290.0	7	14	38	274.5	2
26052	515.5	290.0	7	14	38	274.2	2
26060	515.5	290.0	7	14	38	273.9	2
26066	515.5	290.0	7	14	38	273.7	2
26073	515.5	290.0	7	14	38	273.5	2
26080	515.5	290.0	7	14	38	273.2	2
26086	515.5	290.0	7	14	38	272.9	2
26094	515.5	290.0	7	14	38	272.6	2
26101	515.5	290.0	7	14	38	272.4	2
26108	515.5	290.0	7	14	38	272.1	2
26115	515.5	290.0	7	14	38	271.8	2
26122	515.5	290.0	7	14	38	271.6	2
26130	515.5	290.0	7	14	38	271.3	2
26136	515.5	290.0	7	14	38	271.0	2
26145	515.5	290.0	7	14	38	270.7	2
26151	515.5	290.0	7	14	38	270.4	2
26158	515.5	290.0	7	14	38	270.2	2
26165	515.5	290.0	7	14	38	269.9	2
26171	515.5	290.0	7	14	38	269.7	2
26179	515.5	290.0	7	14	38	269.4	2
26185	515.5	290.0	7	14	38	269.1	2
26193	515.5	290.0	7	14	38	268.9	2
26200	515.5	290.0	7	14	38	268.6	2
26207	515.5	290.0	7	14	38	268.3	2
26214	515.5	290.0	7	14	38	268.0	2
26220	515.5	290.0	7	14	38	267.8	2
26229	515.5	290.0	7	14	38	267.5	2
26235	515.5	290.0	7	14	38	267.2	2
26243	515.5	290.0	7	14	38	266.9	2
26250	515.5	290.0	7	14	38	266.7	2
26256	515.5	290.0	7	14	38	266.4	2
26264	515.5	290.0	7	14	38	266.1	2
26271	515.5	290.0	7	14	38	265.9	2
26278	515.5	290.0	7	14	38	265.6	2
26285	515.5	290.0	7	14	38	265.3	2
26293	515.5	290.0	7	14	38	265.0	2
26299	515.5	290.0	7	14	38	264.8	2
26306	515.5	290.0	7	15	38	264.5	2
26314	515.5	290.0	7	15	38	264.2	2
26321	515.5	290.0	7	15	38	263.9	2
26329	515.5	290.0	7	15	38	263.6	2
26336	515.5	290.0	7	15	38	263.3	2
26344	515.5	290.0	7	15	38	263.0	2
26351	515.5	290.0	7	15	38	262.8	2
26359	515.5	290.0	7	15	38	262.5	2
26366	515.5	290.0	7	15	38	262.2	2
26372	515.5	290.0	7	15	38	262.0	2
26381	515.5	290.0	7	15	38	261.6	2
26387	515.5	290.0	7	15	39	271.6	2
26395	515.5	290.0	7	14	39	271.3	2
26402	515.5	290.0	7	14	39	271.0	2
26409	515.5	290.0	7	14	39	270.8	2
26416	515.5	290.0	7	14	39	270.4	2
26423	515.5	290.0	7	14	39	270.1	2
26430	515.5	290.0	7	14	39	269.8	2
26437	515.5	290.0	7	14	39	269.5	2
26445	515.5	290.0	7	14	39	269.2	2
26451	515.5	290.0	7	14	39	268.9	2
26458	515.5	290.0	7	14	39	268.6	2
26465	515.5	290.0	7	14	39	268.3	2
26471	515.5	290.0	7	14	39	268.1	2
26479	515.5	290.0	7	14	39	267.7	2
26485	515.5	290.0	7	14	39	267.5	2
26493	515.5	290.0	7	14	39	267.1	2
26499	515.5	290.0	7	14	39	266.9	2
26506	515.5	290.0	7	14	39	266.6	2
26513	515.5	290.0	7	14	39	266.3	2
26520	515.5	290.0	7	14	39	266.0	2
26528	515.5	290.0	7	14	39	265.6	2
26535	515.5	290.0	7	14	39	265.3	2
26542	515.5	290.0	7	14	39	265.0	2
26549	515.5	290.0	7	14	39	264.7	2
26555	515.5	290.0	7	14	39	264.5	2
26563	515.5	290.0	7	14	39	264.2	2
26569	515.5	290.0	7	14	39	263.9	2
26577	515.5	290.0	7	14	39	263.6	2
26584	515.5	290.0	7	14	39	263.2	2
26592	515.5	290.0	7	14	39	262.9	2
26599	515.5	290.0	7	14	39	262.6	2
26607	515.5	290.0	7	14	39	262.3	2
26615	515.5	290.0	7	14	39	261.9	2
26622	515.5	290.0	7	14	39	261.6	2
26629	515.5	290.0	7	14	39	261.3	2
26636	515.5	290.0	7	14	39	261.0	2
26643	515.5	290.0	7	15	39	260.7	2
26650	515.5	290.0	7	15	39	260.4	2
26657	515.5	290.0	7	15	39	260.2	2
26664	515.5	290.0	7	15	39	259.8	2
26671	515.5	290.0	7	15	39	259.5	2
26679	515.5	290.0	7	15	39	259.2	2
26685	515.5	290.0	7	15	39	258.9	2
26693	515.5	290.0	7	15	39	258.6	2
26700	515.5	290.0	7	15	39	258.3	2
26706	515.5	290.0	7	15	39	258.0	2
26714	515.5	290.0	7	15	39	257.7	2
26721	515.5	290.0	7	15	39	257.4	2
26729	515.5	290.0	7	15	39	257.1	2
26735	515.5	290.0	7	15	40	277.1	2
26743	515.5	290.0	7	14	40	276.8	2
26750	515.5	290.0	7	14	40	276.4	2
26757	515.5	290.0	7	14	40	276.2	2
26764	515.5	290.0	7	14	40	275.9	2
26770	515.5	290.0	7	14	40	275.6	2
26778	515.5	290.0	7	14	40	275.2	2
26784	515.5	290.0	7	14	40	275.0	2
26791	515.5	290.0	7	14	40	274.7	2
26799	515.5	290.0	7	14	40	274.3	2
26805	515.5	290.0	7	14	40	274.1	2
26813	515.5	290.0	7	14	40	273.7	2
26820	515.5	290.0	7	14	40	273.4	2
26827	515.5	290.0	7	14	40	273.1	2
26834	515.5	290.0	7	14	40	272.8	2
26841	515.5	290.0	7	14	40	272.5	2
26848	515.5	290.0	7	14	40	272.2	2
26855	515.5	290.0	7	14	40	271.9	2
26863	515.5	290.0	7	14	40	271.5	2
26869	515.5	290.0	7	14	40	271.2	2
26876	515.5	290.0	7	14	40	270.9	2
26883	515.5	290.0	7	14	40	270.6	2
26889	515.5	290.0	7	14	40	270.4	2
26898	515.5	290.0	7	14	40	270.0	2
26904	515.5	290.0	7	14	40	269.7	2
26912	515.5	290.0	7	14	40	269.3	2
26919	515.5	290.0	7	14	40	269.1	2
26927	515.5	290.0	7	14	40	268.7	2
26934	515.5	290.0	7	14	40	268.4	2
26942	515.5	290.0	7	14	40	268.1	2
26949	515.5	290.0	7	14	40	267.8	2
26955	515.5	290.0	7	14	40	267.5	2
26963	515.5	290.0	7	14	40	267.1	2
26970	515.5	290.0	7	14	40	266.8	2
26978	515.5	290.0	7	14	40	266.5	2
26984	515.5	290.0	7	14	40	266.2	2
26992	515.5	290.0	7	14	40	265.9	2
27000	515.5	290.0	7	14	40	265.5	2
27007	515.5	290.0	7	14	40	265.2	2
27014	515.5	290.0	7	14	40	264.9	2
27021	515.5	290.0	7	14	40	264.6	2
27030	515.5	290.0	7	14	40	264.2	2
27036	515.5	290.0	7	14	40	263.9	2
27045	515.5	290.0	7	14	40	263.5	2
27052	515.5	290.0	7	14	40	263.2	2
27059	515.5	290.0	7	14	40	262.9	2
27066	515.5	290.0	7	14	40	262.6	2
27072	515.5	290.0	7	15	40	262.3	2
27081	515.5	290.0	7	15	40	262.0	2
27088	515.5	290.0	7	15	41	269.3	2
27099	515.5	290.0	7	14	41	268.9	2
27107	515.5	290.0	7	14	41	268.5	2
27116	515.5	290.0	7	14	41	268.1	2
27124	515.5	290.0	7	14	41	267.8	2
27135	515.5	290.0	7	14	41	267.3	2
27146	515.5	290.0	7	14	41	266.9	2
27155	515.5	290.0	7	14	41	266.5	2
27165	515.5	290.0	7	14	41	266.0	2
27173	515.5	290.0	7	14	41	265.7	2
27185	515.5	290.0	7	14	41	265.2	2
27196	515.5	290.0	7	14	41	264.8	2
27204	515.5	290.0	7	14	41	264.4	2
27216	515.5	290.0	7	14	41	263.9	2
27225	515.5	290.0	7	14	41	263.5	2
27236	515.5	290.0	7	14	41	263.0	2
27247	515.5	290.0	7	14	41	262.6	2
27257	515.5	290.0	7	14	41	262.1	2
27269	515.5	290.0	7	14	41	261.6	2
27280	515.5	290.0	7	14	41	261.1	2
27287	515.5	290.0	7	14	41	260.8	2
27295	515.5	290.0	7	14	41	260.5	2
27302	515.5	290.0	7	14	41	260.2	2
27310	515.5	290.0	7	14	41	259.8	2
27317	515.5	290.0	7	14	41	259.5	2
27326	515.5	290.0	7	14	41	259.2	2
27333	515.5	290.0	7	14	41	258.8	2
27341	515.5	290.0	7	14	41	258.5	2
27349	515.5	290.0	7	14	41	258.2	2
27355	515.5	290.0	7	14	41	257.9	2
27363	515.5	290.0	7	14	41	257.6	2
27370	515.5	290.0	7	14	41	257.3	2
27378	515.5	290.0	7	14	41	256.9	2
27385	515.5	290.0	7	14	41	256.6	2
27393	515.5	290.0	7	14	41	256.3	2
27400	515.5	290.0	7	15	41	256.0	2
27408	515.5	290.0	7	15	41	255.7	2
27416	515.5	290.0	7	15	41	255.3	2
27423	515.5	290.0	7	15	42	260.3	2
27430	515.5	290.0	7	14	42	260.0	2
27436	515.5	290.0	7	14	42	259.8	2
27445	515.5	290.0	7	14	42	259.5	2
27451	515.5	290.0	7	14	42	259.2	2
27459	515.5	290.0	7	14	42	259.0	2
27466	515.5	290.0	7	14	42	258.7	2
27473	515.5	290.0	7	14	42	258.5	2
27481	515.5	290.0	7	14	42	258.2	2
27488	515.5	290.0	7	14	42	257.9	2
27496	515.5	290.0	7	14	42	257.6	2
27504	515.5	290.0	7	14	42	257.3	2
27511	515.5	290.0	7	14	42	257.1	2
27519	515.5	290.0	7	14	42	256.8	2
27526	515.5	290.0	7	14	42	256.5	2
27538	515.5	290.0	7	14	42	256.1	2
27548	515.5	290.0	7	14	42	255.8	2
27556	515.5	290.0	7	14	42	255.5	2
27565	515.5	290.0	7	14	42	255.2	2
27572	515.5	290.0	7	14	42	254.9	2
27582	515.5	290.0	7	14	42	254.6	2
27589	515.5	290.0	7	14	42	254.3	2
27599	515.5	290.0	7	14	42	253.9	2
27607	515.5	290.0	7	14	42	253.6	2
27617	515.5	290.0	7	14	42	253.3	2
27627	515.5	290.0	7	14	42	252.9	2
27634	515.5	290.0	7	14	42	252.6	2
27642	515.5	290.0	7	14	42	252.4	2
27649	515.5	290.0	7	14	42	252.1	2
27655	515.5	290.0	7	14	42	251.9	2
27664	515.5	290.0	7	14	42	251.6	2
27670	515.5	290.0	7	14	42	251.3	2
27682	515.5	290.0	7	14	42	250.9	2
27689	515.5	290.0	7	14	42	250.7	2
27698	515.5	290.0	7	14	42	250.4	2
27706	515.5	290.0	7	14	42	250.1	2
27716	515.5	290.0	7	14	42	249.7	2
27725	515.5	290.0	7	14	42	249.4	2
27735	515.5	290.0	7	14	42	249.0	2
27745	515.5	290.0	7	14	42	248.7	2
27752	515.5	290.0	7	14	42	248.4	2
27762	515.5	290.0	7	14	42	248.1	2
27770	515.5	290.0	7	14	43	263.9	2
27783	515.5	290.0	7	13	43	263.4	2
27793	515.5	290.0	7	13	43	263.0	2
27801	515.5	290.0	7	13	43	262.7	2
27808	515.5	290.0	7	14	43	262.4	2
27815	515.5	290.0	7	14	43	262.1	2
27821	515.5	290.0	7	14	43	261.8	2
27830	515.5	290.0	7	14	43	261.5	2
27836	515.5	290.0	7	14	43	261.2	2
27847	515.5	290.0	7	14	43	260.8	2
27854	515.5	290.0	7	14	43	260.5	2
27863	515.5	290.0	7	14	43	260.1	2
27869	515.5	290.0	7	14	43	259.9	2
27879	515.5	290.0	7	14	43	259.5	2
27886	515.5	290.0	7	14	43	259.3	2
27894	515.5	290.0	7	14	43	258.9	2
27901	515.5	290.0	7	14	43	258.6	2
27909	515.5	290.0	7	14	43	258.4	2
27917	515.5	290.0	7	14	43	258.0	2
27925	515.5	290.0	7	14	43	257.7	2
27933	515.5	290.0	7	14	43	257.4	2
27941	515.5	290.0	7	14	43	257.1	2
27948	515.5	290.0	7	14	43	256.7	2
27954	515.5	290.0	7	14	43	256.5	2
27964	515.5	290.0	7	14	43	256.1	2
27970	515.5	290.0	7	14	43	255.9	2
27982	515.5	290.0	7	14	43	255.4	2
27992	515.5	290.0	7	14	43	255.0	2
28000	515.5	290.0	7	14	43	254.7	2
28008	515.5	290.0	7	14	43	254.4	2
28016	515.5	290.0	7	14	43	254.0	2
28025	515.5	290.0	7	14	43	253.7	2
28033	515.5	290.0	7	14	43	253.4	2
28040	515.5	290.0	7	14	43	253.1	2
28049	515.5	290.0	7	14	43	252.7	2
28057	515.5	290.0	7	14	43	252.4	2
28066	515.5	290.0	7	14	43	252.0	2
28075	515.5	290.0	7	14	43	251.7	2
28084	515.5	290.0	7	14	43	251.3	2
28093	515.5	290.0	7	14	43	251.0	2
28102	515.5	290.0	7	14	43	250.6	2
28111	515.5	290.0	7	14	43	250.2	2
28120	515.5	290.0	7	14	43	249.9	2
28131	515.5	290.0	7	15	44	285.9	2
28138	515.5	290.0	7	14	44	285.6	2
28147	515.5	290.0	7	14	44	285.2	2
28155	515.5	290.0	7	14	44	284.9	2
28165	515.5	290.0	7	14	44	284.4	2
28171	515.5	290.0	7	14	44	284.1	2
28180	515.5	290.0	7	14	44	283.8	2
28187	515.5	290.0	7	14	44	283.5	2
28195	515.5	290.0	7	14	44	283.1	2
28202	515.5	290.0	7	14	44	282.9	2
28210	515.5	290.0	7	14	44	282.5	2
28217	515.5	290.0	7	14	44	282.2	2
28224	515.5	290.0	7	14	44	281.9	2
28231	515.5	290.0	7	14	44	281.6	2
28238	515.5	290.0	7	14	44	281.3	2
28246	515.5	290.0	7	14	44	281.0	2
28253	515.5	290.0	7	14	44	280.6	2
28261	515.5	290.0	7	14	44	280.3	2
28267	515.5	290.0	7	14	44	280.0	2
28274	515.5	290.0	7	14	44	279.8	2
28283	515.5	290.0	7	14	44	279.4	2
28290	515.5	290.0	7	14	44	279.1	2
28300	515.5	290.0	7	14	44	278.7	2
28307	515.5	290.0	7	14	44	278.4	2
28316	515.5	290.0	7	14	44	278.0	2
28322	515.5	290.0	7	14	44	277.7	2
28333	515.5	290.0	7	14	44	277.3	2
28340	515.5	290.0	7	14	44	277.0	2
28348	515.5	290.0	7	14	44	276.6	2
28355	515.5	290.0	7	14	44	276.3	2
28366	515.5	290.0	7	14	44	275.9	2
28373	515.5	290.0	7	14	44	275.6	2
28385	515.5	290.0	7	14	44	275.0	2
28396	515.5	290.0	7	14	44	274.6	2
28403	515.5	290.0	7	14	44	274.3	2
28411	515.5	290.0	7	14	44	273.9	2
28418	515.5	290.0	7	14	44	273.6	2
28425	515.5	290.0	7	14	44	273.3	2
28433	515.5	290.0	7	14	44	273.0	2
28440	515.5	290.0	7	14	44	272.7	2
28451	515.5	290.0	7	14	44	272.2	2
28461	515.5	290.0	7	14	44	271.8	2
28469	515.5	290.0	7	14	44	271.4	2
28479	515.5	290.0	7	14	44	271.0	2
28486	515.5	290.0	7	14	44	270.7	2
28497	515.5	290.0	7	14	44	270.2	2
28503	515.5	290.0	7	14	44	270.0	2
28511	515.5	290.0	7	14	45	296.5	2
28518	515.5	290.0	7	13	45	296.3	2
28527	515.5	290.0	7	13	45	295.9	2
28534	515.5	290.0	7	13	45	295.6	2
28542	515.5	290.0	7	13	45	295.3	2
28550	515.5	290.0	7	14	45	295.0	2
28556	515.5	290.0	7	14	45	294.7	2
28565	515.5	290.0	7	14	45	294.4	2
28572	515.5	290.0	7	14	45	294.1	2
28585	515.5	290.0	7	14	45	293.6	2
28597	515.5	290.0	7	14	45	293.0	2
28603	515.5	290.0	7	14	45	292.8	2
28612	515.5	290.0	7	14	45	292.4	2
28618	515.5	290.0	7	14	45	292.2	2
28625	515.5	290.0	7	14	45	291.9	2
28631	515.5	290.0	7	14	45	291.6	2
28637	515.5	290.0	7	14	45	291.4	2
28646	515.5	290.0	7	14	45	291.1	2
28652	515.5	290.0	7	14	45	290.8	2
28659	515.5	290.0	7	14	45	290.5	2
28667	515.5	290.0	7	14	45	290.2	2
28673	515.5	290.0	7	14	45	290.0	2
28681	515.5	290.0	7	14	45	289.6	2
28687	515.5	290.0	7	14	45	289.4	2
28695	515.5	290.0	7	14	45	289.1	2
28701	515.5	290.0	7	14	45	288.8	2
28708	515.5	290.0	7	14	45	288.5	2
28716	515.5	290.0	7	14	45	288.2	2
28722	515.5	290.0	7	14	45	287.9	2
28730	515.5	290.0	7	14	45	287.6	2
28737	515.5	290.0	7	14	45	287.4	2
28745	515.5	290.0	7	14	45	287.0	2
28751	515.5	290.0	7	14	45	286.8	2
28759	515.5	290.0	7	14	45	286.5	2
28765	515.5	290.0	7	14	45	286.2	2
28772	515.5	290.0	7	14	45	285.9	2
28782	515.5	290.0	7	14	45	285.5	2
28789	515.5	290.0	7	14	45	285.2	2
28801	515.5	290.0	7	14	45	284.8	2
28810	515.5	290.0	7	14	45	284.4	2
28817	515.5	290.0	7	14	45	284.1	2
28826	515.5	290.0	7	14	45	283.8	2
28837	515.5	290.0	7	14	45	283.3	2
28847	515.5	290.0	7	14	45	282.9	2
28855	515.5	290.0	7	14	45	282.5	2
28864	515.5	290.0	7	14	45	282.2	2
28870	515.5	290.0	7	15	45	281.9	2
28879	515.5	290.0	7	15	45	281.5	2
28886	515.5	290.0	7	15	45	281.3	2
28897	515.5	290.0	7	15	46	283.0	2
28904	515.5	290.0	7	14	46	282.7	2
28915	515.5	290.0	7	14	46	282.3	2
28923	515.5	290.0	7	14	46	282.0	2
28932	515.5	290.0	7	14	46	281.5	2
28939	515.5	290.0	7	14	46	281.3	2
28950	515.5	290.0	7	14	46	280.8	2
28960	515.5	290.0	7	14	46	280.5	2
28970	515.5	290.0	7	14	46	280.0	2
28980	515.5	290.0	7	14	46	279.6	2
28987	515.5	290.0	7	14	46	279.3	2
28997	515.5	290.0	7	14	46	278.9	2
29004	515.5	290.0	7	14	46	278.6	2
29014	515.5	290.0	7	14	46	278.2	2
29020	515.5	290.0	7	14	46	277.9	2
29030	515.5	290.0	7	14	46	277.5	2
29037	515.5	290.0	7	14	46	277.2	2
29047	515.5	290.0	7	14	46	276.9	2
29053	515.5	290.0	7	14	46	276.6	2
29062	515.5	290.0	7	14	46	276.2	2
29070	515.5	290.0	7	14	46	275.9	2
29079	515.5	290.0	7	14	46	275.5	2
29087	515.5	290.0	7	14	46	275.2	2
29097	515.5	290.0	7	14	46	274.8	2
29104	515.5	290.0	7	14	46	274.5	2
29113	515.5	290.0	7	14	46	274.1	2
29121	515.5	290.0	7	14	46	273.8	2
29134	515.5	290.0	7	14	46	273.3	2
29146	515.5	290.0	7	14	46	272.8	2
29154	515.5	290.0	7	14	46	272.4	2
29165	515.5	290.0	7	14	46	272.0	2
29172	515.5	290.0	7	14	46	271.7	2
29180	515.5	290.0	7	14	46	271.3	2
29187	515.5	290.0	7	14	46	271.1	2
29195	515.5	290.0	7	14	46	270.7	2
29203	515.5	290.0	7	14	46	270.4	2
29212	515.5	290.0	7	14	46	270.1	2
29219	515.5	290.0	7	14	46	269.7	2
29229	515.5	290.0	7	14	46	269.4	2
29235	515.5	290.0	7	14	46	269.1	2
29244	515.5	290.0	7	14	46	268.7	2
29251	515.5	290.0	7	15	46	268.4	2
29260	515.5	290.0	7	15	46	268.1	2
29270	515.5	290.0	7	15	47	267.6	2
29283	515.5	290.0	7	14	47	267.2	2
29292	515.5	290.0	7	14	47	266.8	2
29301	515.5	290.0	7	14	47	266.4	2
29307	515.5	290.0	7	14	47	266.1	2
29317	515.5	290.0	7	14	47	265.8	2
29327	515.5	290.0	7	14	47	265.3	2
29335	515.5	290.0	7	14	47	265.0	2
29342	515.5	290.0	7	14	47	264.7	2
29351	515.5	290.0	7	14	47	264.3	2
29358	515.5	290.0	7	14	47	264.0	2
29368	515.5	290.0	7	14	47	263.6	2
29381	515.5	290.0	7	14	47	263.1	2
29387	515.5	290.0	7	14	47	262.8	2
29396	515.5	290.0	7	14	47	262.5	2
29402	515.5	290.0	7	14	47	262.2	2
29409	515.5	290.0	7	14	47	261.9	2
29416	515.5	290.0	7	14	47	261.6	2
29423	515.5	290.0	7	14	47	261.4	2
29434	515.5	290.0	7	14	47	260.9	2
29441	515.5	290.0	7	14	47	260.6	2
29452	515.5	290.0	7	14	47	260.2	2
29460	515.5	290.0	7	14	47	259.8	2
29469	515.5	290.0	7	14	47	259.4	2
29479	515.5	290.0	7	14	47	259.0	2
29488	515.5	290.0	7	14	47	258.7	2
29500	515.5	290.0	7	14	47	258.2	2
29508	515.5	290.0	7	14	47	257.9	2
29517	515.5	290.0	7	14	47	257.4	2
29526	515.5	290.0	7	14	47	257.1	2
29535	515.5	290.0	7	14	47	256.7	2
29545	515.5	290.0	7	14	47	256.4	2
29553	515.5	290.0	7	14	47	256.0	2
29565	515.5	290.0	7	14	47	255.5	2
29572	515.5	290.0	7	14	47	255.2	2
29582	515.5	290.0	7	14	47	254.8	2
29589	515.5	290.0	7	14	47	254.5	2
29598	515.5	290.0	7	14	47	254.1	2
29604	515.5	290.0	7	14	47	253.9	2
29613	515.5	290.0	7	14	47	253.5	2
29620	515.5	290.0	7	14	47	253.2	2
29629	515.5	290.0	7	14	47	252.8	2
29636	515.5	290.0	7	15	47	252.5	2
29648	515.5	290.0	7	15	47	252.1	2
29659	515.5	290.0	7	15	47	251.7	2
29667	515.5	290.0	7	15	47	251.3	2
29675	515.5	290.0	7	15	47	251.0	2
29685	515.5	290.0	7	15	47	250.6	2
29695	515.5	290.0	7	15	47	250.2	2
29701	515.5	290.0	7	15	47	249.9	2
29708	515.5	290.0	7	15	47	249.6	2
29716	515.5	290.0	7	15	47	249.3	2
29721	515.5	290.0	7	15	47	249.0	2
29729	515.5	290.0	7	15	47	248.7	2
29736	515.5	290.0	7	15	47	248.4	2
29746	515.5	290.0	7	15	47	248.1	2
29754	515.5	290.0	7	15	47	247.7	2
29763	515.5	290.0	7	15	47	247.3	2
29769	515.5	290.0	7	15	47	247.1	2
29778	515.5	290.0	7	15	47	246.7	2
29785	515.5	290.0	7	15	47	246.4	2
29793	515.5	290.0	7	15	47	246.1	2
29799	515.5	290.0	7	15	47	245.8	2
29806	515.5	290.0	7	15	47	245.6	2
29814	515.5	290.0	7	15	47	245.2	2
29821	515.5	290.0	7	15	47	245.0	2
29829	515.5	290.0	7	15	47	244.6	2
29836	515.5	290.0	7	15	47	244.3	2
29846	515.5	290.0	7	15	47	244.0	2
29853	515.5	290.0	7	15	47	243.6	2
29862	515.5	290.0	7	15	47	243.2	2
29869	515.5	290.0	7	15	47	243.0	2
29878	515.5	290.0	7	15	47	242.6	2
29885	515.5	290.0	7	15	47	242.3	2
29895	515.5	290.0	7	15	47	242.0	2
29903	515.5	290.0	7	15	48	294.6	2
29913	515.5	290.0	7	14	48	294.2	2
29919	515.5	290.0	7	14	48	294.0	2
29928	515.5	290.0	7	14	48	293.7	2
29934	515.5	290.0	7	14	48	293.4	2
29943	515.5	290.0	7	14	48	293.1	2
29950	515.5	290.0	7	14	48	292.8	2
29957	515.5	290.0	7	14	48	292.5	2
29965	515.5	290.0	7	14	48	292.2	2
29971	515.5	290.0	7	14	48	292.0	2
29980	515.5	290.0	7	14	48	291.6	2
29986	515.5	290.0	7	14	48	291.4	2
29998	515.5	290.0	7	14	48	290.9	2
30004	515.5	290.0	7	14	48	290.7	2
30019	515.5	290.0	7	14	49	290.1	2
30030	515.5	290.0	7	13	49	289.7	2
30036	515.5	290.0	7	14	49	289.4	2
30045	515.5	290.0	7	14	49	289.1	2
30053	515.5	290.0	7	14	49	288.7	2
30064	515.5	290.0	7	14	49	288.3	2
30071	515.5	290.0	7	14	49	288.1	2
30082	515.5	290.0	7	14	49	287.7	2
30088	515.5	290.0	7	14	49	287.4	2
30096	515.5	290.0	7	14	49	287.1	2
30102	515.5	290.0	7	14	49	286.8	2
30111	515.5	290.0	7	14	49	286.5	2
30118	515.5	290.0	7	14	49	286.3	2
30124	515.5	290.0	7	14	49	286.0	2
30133	515.5	290.0	7	14	49	285.7	2
30139	515.5	290.0	7	14	49	285.4	2
30148	515.5	290.0	7	14	49	285.1	2
30154	515.5	290.0	7	14	49	284.8	2
30165	515.5	290.0	7	14	49	284.4	2
30172	515.5	290.0	7	14	49	284.2	2
30182	515.5	290.0	7	14	49	283.8	2
30188	515.5	290.0	7	14	49	283.5	2
30199	515.5	290.0	7	14	49	283.1	2
30206	515.5	290.0	7	14	49	282.8	2
30217	515.5	290.0	7	14	49	282.4	2
30227	515.5	290.0	7	14	49	282.0	2
30234	515.5	290.0	7	14	49	281.7	2
30242	515.5	290.0	7	14	49	281.5	2
30253	515.5	290.0	7	14	49	281.0	2
30263	515.5	290.0	7	14	49	280.7	2
30269	515.5	290.0	7	14	49	280.4	2
30277	515.5	290.0	7	14	49	280.1	2
30284	515.5	290.0	7	14	49	279.8	2
30293	515.5	290.0	7	14	49	279.5	2
30304	515.5	290.0	7	14	49	279.0	2
30316	515.5	290.0	7	14	50	285.5	2
30325	515.5	290.0	7	13	50	285.1	2
30334	515.5	290.0	7	13	50	284.7	2
30342	515.5	290.0	7	13	50	284.4	2
30351	515.5	290.0	7	13	50	284.0	2
30359	515.5	290.0	7	14	50	283.7	2
30367	515.5	290.0	7	14	50	283.3	2
30373	515.5	290.0	7	14	50	283.1	2
30382	515.5	290.0	7	14	50	282.7	2
30388	515.5	290.0	7	14	50	282.4	2
30403	515.5	290.0	7	14	50	281.8	2
30414	515.5	290.0	7	14	50	281.3	2
30421	515.5	290.0	7	14	50	281.0	2
30432	515.5	290.0	7	14	50	280.6	2
30437	515.5	290.0	7	14	50	280.3	2
30447	515.5	290.0	7	14	50	279.9	2
30454	515.5	290.0	7	14	50	279.6	2
30465	515.5	290.0	7	14	50	279.2	2
30471	515.5	290.0	7	14	50	278.9	2
30478	515.5	290.0	7	14	50	278.6	2
30484	515.5	290.0	7	14	50	278.4	2
30492	515.5	290.0	7	14	50	278.1	2
30500	515.5	290.0	7	14	50	277.7	2
30506	515.5	290.0	7	14	50	277.4	2
30515	515.5	290.0	7	14	50	277.1	2
30521	515.5	290.0	7	14	50	276.8	2
30531	515.5	290.0	7	14	50	276.4	2
30537	515.5	290.0	7	14	50	276.1	2
30545	515.5	290.0	7	14	50	275.8	2
30552	515.5	290.0	7	14	50	275.5	2
30562	515.5	290.0	7	14	50	275.1	2
30569	515.5	290.0	7	14	50	274.7	2
30578	515.5	290.0	7	14	50	274.4	2
30585	515.5	290.0	7	14	50	274.1	2
30592	515.5	290.0	7	14	50	273.8	2
30599	515.5	290.0	7	14	50	273.5	2
30606	515.5	290.0	7	14	50	273.2	2
30616	515.5	290.0	7	14	50	272.8	2
30623	515.5	290.0	7	14	50	272.5	2
30632	515.5	290.0	7	14	50	272.1	2
30638	515.5	290.0	7	14	50	271.8	2
30651	515.5	290.0	7	14	50	271.3	2
30665	515.5	290.0	7	14	51	296.7	2
30672	515.5	290.0	7	13	51	296.4	2
30684	515.5	290.0	7	13	51	296.0	2
30692	515.5	290.0	7	13	51	295.7	2
30699	515.5	290.0	7	13	51	295.4	2
30704	515.5	290.0	7	13	51	295.2	2
30712	515.5	290.0	7	13	51	294.9	2
30718	515.5	290.0	7	13	51	294.7	2
30724	515.5	290.0	7	13	51	294.4	2
30730	515.5	290.0	7	13	51	294.2	2
30736	515.5	290.0	7	13	51	294.0	2
30743	515.5	290.0	7	13	51	293.7	2
30749	515.5	290.0	7	13	51	293.5	2
30756	515.5	290.0	7	13	51	293.2	2
30766	515.5	290.0	7	13	51	292.8	2
30773	515.5	290.0	7	14	51	292.6	2
30782	515.5	290.0	7	14	51	292.2	2
30787	515.5	290.0	7	14	51	292.0	2
30796	515.5	290.0	7	14	51	291.7	2
30802	515.5	290.0	7	14	51	291.5	2
30809	515.5	290.0	7	14	51	291.2	2
30816	515.5	290.0	7	14	51	290.9	2
30822	515.5	290.0	7	14	51	290.7	2
30831	515.5	290.0	7	14	51	290.3	2
30837	515.5	290.0	7	14	51	290.1	2
30847	515.5	290.0	7	14	51	289.7	2
30854	515.5	290.0	7	14	51	289.5	2
30862	515.5	290.0	7	14	51	289.1	2
30869	515.5	290.0	7	14	51	288.9	2
30877	515.5	290.0	7	14	51	288.6	2
30883	515.5	290.0	7	14	51	288.3	2
30889	515.5	290.0	7	14	51	288.1	2
30897	515.5	290.0	7	14	51	287.8	2
30903	515.5	290.0	7	14	51	287.6	2
30910	515.5	290.0	7	14	51	287.3	2
30916	515.5	290.0	7	14	51	287.1	2
30923	515.5	290.0	7	14	51	286.8	2
30932	515.5	290.0	7	14	51	286.5	2
30938	515.5	290.0	7	14	51	286.2	2
30949	515.5	290.0	7	14	51	285.8	2
30955	515.5	290.0	7	14	51	285.6	2
30968	515.5	290.0	7	14	51	285.1	2
30975	515.5	290.0	7	14	51	284.9	2
30982	515.5	290.0	7	14	51	284.6	2
30988	515.5	290.0	7	14	51	284.3	2
30998	515.5	290.0	7	14	51	284.0	2
31004	515.5	290.0	7	14	51	283.7	2
31015	515.5	290.0	7	14	51	283.3	2
31021	515.5	290.0	7	14	52	309.4	2
31031	515.5	290.0	7	13	52	309.1	2
31037	515.5	290.0	7	13	52	308.9	2
31044	515.5	290.0	7	13	52	308.6	2
31051	515.5	290.0	7	13	52	308.3	2
31057	515.5	290.0	7	13	52	308.1	2
31065	515.5	290.0	7	13	52	307.8	2
31070	515.5	290.0	7	13	52	307.6	2
31078	515.5	290.0	7	13	52	307.3	2
31085	515.5	290.0	7	13	52	307.0	2
31091	515.5	290.0	7	14	52	306.8	2
31097	515.5	290.0	7	14	52	306.6	2
31103	515.5	290.0	7	14	52	306.3	2
31115	515.5	290.0	7	14	52	305.9	2
31123	515.5	290.0	7	14	52	305.6	2
31133	515.5	290.0	7	14	52	305.2	2
31141	515.5	290.0	7	14	52	304.9	2
31149	515.5	290.0	7	14	52	304.6	2
31157	515.5	290.0	7	14	52	304.3	2
31167	515.5	290.0	7	14	52	303.9	2
31175	515.5	290.0	7	14	52	303.6	2
31182	515.5	290.0	7	14	52	303.3	2
31188	515.5	290.0	7	14	52	303.1	2
31196	515.5	290.0	7	14	52	302.8	2
31202	515.5	290.0	7	14	52	302.6	2
31209	515.5	290.0	7	14	52	302.3	2
31215	515.5	290.0	7	14	52	302.1	2
31221	515.5	290.0	7	14	52	301.9	2
31229	515.5	290.0	7	14	52	301.5	2
31237	515.5	290.0	7	14	52	301.3	2
31246	515.5	290.0	7	14	52	300.9	2
31253	515.5	290.0	7	14	52	300.6	2
31264	515.5	290.0	7	14	52	300.2	2
31271	515.5	290.0	7	14	52	300.0	2
31281	515.5	290.0	7	14	52	299.6	2
31287	515.5	290.0	7	14	52	299.3	2
31297	515.5	290.0	7	14	52	299.0	2
31304	515.5	290.0	7	14	52	298.7	2
31312	515.5	290.0	7	14	52	298.4	2
31318	515.5	290.0	7	14	52	298.2	2
31326	515.5	290.0	7	14	52	297.9	2
31333	515.5	290.0	7	14	52	297.6	2
31340	515.5	290.0	7	14	52	297.3	2
31349	515.5	290.0	7	14	52	297.0	2
31355	515.5	290.0	7	14	52	296.8	2
31365	515.5	290.0	7	14	52	296.4	2
31372	515.5	290.0	7	14	52	296.1	2
31382	515.5	290.0	7	14	52	295.8	2
31388	515.5	290.0	7	14	53	304.1	2
31399	515.5	290.0	7	13	53	303.6	2
31405	515.5	290.0	7	13	53	303.4	2
31415	515.5	290.0	7	13	53	303.0	2
31421	515.5	290.0	7	13	53	302.7	2
31429	515.5	290.0	7	13	53	302.4	2
31434	515.5	290.0	7	13	53	302.2	2
31443	515.5	290.0	7	13	53	301.8	2
31450	515.5	290.0	7	13	53	301.5	2
31457	515.5	290.0	7	13	53	301.3	2
31466	515.5	290.0	7	13	53	300.9	2
31472	515.5	290.0	7	13	53	300.6	2
31483	515.5	290.0	7	14	53	300.2	2
31489	515.5	290.0	7	14	53	299.9	2
31500	515.5	290.0	7	14	53	299.5	2
31507	515.5	290.0	7	14	53	299.2	2
31517	515.5	290.0	7	14	53	298.8	2
31525	515.5	290.0	7	14	53	298.5	2
31534	515.5	290.0	7	14	53	298.1	2
31540	515.5	290.0	7	14	53	297.8	2
31550	515.5	290.0	7	14	53	297.4	2
31555	515.5	290.0	7	14	53	297.2	2
31565	515.5	290.0	7	14	53	296.8	2
31571	515.5	290.0	7	14	53	296.6	2
31580	515.5	290.0	7	14	53	296.2	2
31586	515.5	290.0	7	14	53	295.9	2
31595	515.5	290.0	7	14	53	295.6	2
31602	515.5	290.0	7	14	53	295.3	2
31610	515.5	290.0	7	14	53	294.9	2
31617	515.5	290.0	7	14	53	294.6	2
31624	515.5	290.0	7	14	53	294.4	2
31631	515.5	290.0	7	14	53	294.1	2
31638	515.5	290.0	7	14	53	293.8	2
31646	515.5	290.0	7	14	53	293.5	2
31653	515.5	290.0	7	14	53	293.2	2
31663	515.5	290.0	7	14	53	292.8	2
31669	515.5	290.0	7	14	53	292.5	2
31679	515.5	290.0	7	14	53	292.1	2
31686	515.5	290.0	7	14	53	291.8	2
31694	515.5	290.0	7	14	53	291.5	2
31701	515.5	290.0	7	14	53	291.2	2
31708	515.5	290.0	7	14	53	290.9	2
31715	515.5	290.0	7	14	53	290.6	2
31722	515.5	290.0	7	14	53	290.4	2
31730	515.5	290.0	7	14	54	304.5	2
31736	515.5	290.0	7	13	54	304.2	2
31745	515.5	290.0	7	13	54	303.9	2
31751	515.5	290.0	7	13	54	303.6	2
31759	515.5	290.0	7	13	54	303.3	2
31766	515.5	290.0	7	13	54	303.0	2
31772	515.5	290.0	7	13	54	302.8	2
31779	515.5	290.0	7	13	54	302.5	2
31786	515.5	290.0	7	13	54	302.2	2
31793	515.5	290.0	7	13	54	301.9	2
31800	515.5	290.0	7	13	54	301.6	2
31806	515.5	290.0	7	13	54	301.4	2
31813	515.5	290.0	7	13	54	301.1	2
31819	515.5	290.0	7	13	54	300.8	2
31828	515.5	290.0	7	13	54	300.5	2
31834	515.5	290.0	7	13	54	300.3	2
31841	515.5	290.0	7	13	54	300.0	2
31847	515.5	290.0	7	13	54	299.7	2
31853	515.5	290.0	7	14	54	299.5	2
31860	515.5	290.0	7	14	54	299.2	2
31866	515.5	290.0	7	14	54	298.9	2
31873	515.5	290.0	7	14	54	298.7	2
31880	515.5	290.0	7	14	54	298.4	2
31886	515.5	290.0	7	14	54	298.1	2
31894	515.5	290.0	7	14	54	297.8	2
31900	515.5	290.0	7	14	54	297.6	2
31906	515.5	290.0	7	14	54	297.3	2
31914	515.5	290.0	7	14	54	297.0	2
31920	515.5	290.0	7	14	54	296.7	2
31927	515.5	290.0	7	14	54	296.4	2
31933	515.5	290.0	7	14	54	296.2	2
31939	515.5	290.0	7	14	54	296.0	2
31946	515.5	290.0	7	14	54	295.7	2
31952	515.5	290.0	7	14	54	295.4	2
31960	515.5	290.0	7	14	54	295.1	2
31967	515.5	290.0	7	14	54	294.8	2
31975	515.5	290.0	7	14	54	294.5	2
31983	515.5	290.0	7	14	54	294.1	2
31990	515.5	290.0	7	14	54	293.9	2
31999	515.5	290.0	7	14	54	293.5	2
32005	515.5	290.0	7	14	54	293.3	2
32013	515.5	290.0	7	14	54	292.9	2
32021	515.5	290.0	7	14	54	292.6	2
32031	515.5	290.0	7	14	54	292.2	2
32039	515.5	290.0	7	14	54	291.9	2
32048	515.5	290.0	7	14	54	291.5	2
32054	515.5	290.0	7	14	54	291.2	2
32063	515.5	290.0	7	14	54	290.9	2
32069	515.5	290.0	7	14	54	290.6	2
32077	515.5	290.0	7	14	54	290.3	2
32083	515.5	290.0	7	14	54	290.1	2
32089	515.5	290.0	7	14	54	289.8	2
32098	515.5	290.0	7	14	55	304.4	2
32104	515.5	290.0	7	13	55	304.2	2
32113	515.5	290.0	7	13	55	303.8	2
32119	515.5	290.0	7	13	55	303.6	2
32125	515.5	290.0	7	13	55	303.3	2
32131	515.5	290.0	7	13	55	303.1	2
32137	515.5	290.0	7	13	55	302.8	2
32144	515.5	290.0	7	13	55	302.6	2
32150	515.5	290.0	7	13	55	302.3	2
32156	515.5	290.0	7	13	55	302.1	2
32163	515.5	290.0	7	13	55	301.8	2
32169	515.5	290.0	7	13	55	301.6	2
32176	515.5	290.0	7	13	55	301.3	2
32183	515.5	290.0	7	13	55	301.0	2
32189	515.5	290.0	7	13	55	300.7	2
32197	515.5	290.0	7	13	55	300.4	2
32203	515.5	290.0	7	13	55	300.2	2
32210	515.5	290.0	7	13	55	299.9	2
32217	515.5	290.0	7	13	55	299.6	2
32223	515.5	290.0	7	13	55	299.4	2
32230	515.5	290.0	7	13	55	299.1	2
32236	515.5	290.0	7	13	55	298.8	2
32244	515.5	290.0	7	13	55	298.5	2
32250	515.5	290.0	7	13	55	298.3	2
32257	515.5	290.0	7	14	55	298.0	2
32265	515.5	290.0	7	14	55	297.7	2
32270	515.5	290.0	7	14	55	297.4	2
32283	515.5	290.0	7	14	55	297.0	2
32291	515.5	290.0	7	14	55	296.6	2
32299	515.5	290.0	7	14	55	296.3	2
32305	515.5	290.0	7	14	55	296.0	2
32313	515.5	290.0	7	14	55	295.7	2
32319	515.5	290.0	7	14	55	295.5	2
32327	515.5	290.0	7	14	55	295.2	2
32334	515.5	290.0	7	14	55	294.9	2
32341	515.5	290.0	7	14	55	294.6	2
32350	515.5	290.0	7	14	55	294.2	2
32359	515.5	290.0	7	14	55	293.9	2
32367	515.5	290.0	7	14	55	293.5	2
32373	515.5	290.0	7	14	55	293.3	2
32380	515.5	290.0	7	14	55	293.0	2
32386	515.5	290.0	7	14	55	292.8	2
32393	515.5	290.0	7	14	55	292.5	2
32400	515.5	290.0	7	14	55	292.2	2
32409	515.5	290.0	7	14	55	291.9	2
32420	515.5	290.0	7	14	55	291.4	2
32428	515.5	290.0	7	14	55	291.1	2
32434	515.5	290.0	7	14	55	290.8	2
32442	515.5	290.0	7	14	56	324.3	2
32449	515.5	290.0	7	13	56	324.0	2
32456	515.5	290.0	7	13	56	323.7	2
32465	515.5	290.0	7	13	56	323.3	2
32472	515.5	290.0	7	13	56	323.0	2
32482	515.5	290.0	7	13	56	322.6	2
32488	515.5	290.0	7	13	56	322.3	2
32501	515.5	290.0	7	13	56	321.8	2
32513	515.5	290.0	7	13	56	321.3	2
32520	515.5	290.0	7	13	56	321.0	2
32532	515.5	290.0	7	13	56	320.5	2
32542	515.5	290.0	7	13	56	320.1	2
32550	515.5	290.0	7	13	56	319.7	2
32557	515.5	290.0	7	13	56	319.4	2
32565	515.5	290.0	7	13	56	319.1	2
32572	515.5	290.0	7	13	56	318.8	2
32580	515.5	290.0	7	14	56	318.5	2
32586	515.5	290.0	7	14	56	318.2	2
32594	515.5	290.0	7	14	56	317.9	2
32601	515.5	290.0	7	14	56	317.6	2
32610	515.5	290.0	7	14	56	317.2	2
32619	515.5	290.0	7	14	56	316.8	2
32628	515.5	290.0	7	14	56	316.4	2
32636	515.5	290.0	7	14	56	316.1	2
32644	515.5	290.0	7	14	56	315.8	2
32650	515.5	290.0	7	14	56	315.5	2
32657	515.5	290.0	7	14	56	315.2	2
32664	515.5	290.0	7	14	56	314.9	2
32669	515.5	290.0	7	14	56	314.7	2
32676	515.5	290.0	7	14	56	314.4	2
32682	515.5	290.0	7	14	56	314.2	2
32688	515.5	290.0	7	14	56	313.9	2
32696	515.5	290.0	7	14	56	313.6	2
32702	515.5	290.0	7	14	56	313.3	2
32709	515.5	290.0	7	14	56	313.1	2
32716	515.5	290.0	7	14	56	312.8	2
32721	515.5	290.0	7	14	56	312.5	2
32729	515.5	290.0	7	14	56	312.2	2
32735	515.5	290.0	7	14	56	311.9	2
32743	515.5	290.0	7	14	56	311.6	2
32751	515.5	290.0	7	14	56	311.3	2
32758	515.5	290.0	7	14	56	311.0	2
32764	515.5	290.0	7	14	56	310.7	2
32770	515.5	290.0	7	14	56	310.5	2
32778	515.5	290.0	7	14	56	310.1	2
32785	515.5	290.0	7	14	56	309.9	2
32792	515.5	290.0	7	14	56	309.6	2
32798	515.5	290.0	7	14	56	309.3	2
32804	515.5	290.0	7	14	56	309.1	2
32811	515.5	290.0	7	14	56	308.7	2
32817	515.5	290.0	7	14	57	318.3	2
32826	515.5	290.0	7	13	57	318.0	2
32834	515.5	290.0	7	13	57	317.6	2
32840	515.5	290.0	7	13	57	317.4	2
32848	515.5	290.0	7	13	57	317.0	2
32854	515.5	290.0	7	13	57	316.7	2
32862	515.5	290.0	7	13	57	316.4	2
32869	515.5	290.0	7	13	57	316.1	2
32878	515.5	290.0	7	13	57	315.7	2
32886	515.5	290.0	7	13	57	315.4	2
32897	515.5	290.0	7	13	57	314.9	2
32903	515.5	290.0	7	13	57	314.6	2
32913	515.5	290.0	7	13	57	314.2	2
32919	515.5	290.0	7	13	57	313.9	2
32926	515.5	290.0	7	13	57	313.6	2
32933	515.5	290.0	7	13	57	313.3	2
32939	515.5	290.0	7	13	57	313.1	2
32948	515.5	290.0	7	13	57	312.7	2
32956	515.5	290.0	7	13	57	312.4	2
32966	515.5	290.0	7	13	57	311.9	2
32973	515.5	290.0	7	13	57	311.6	2
32981	515.5	290.0	7	13	57	311.3	2
32988	515.5	290.0	7	13	57	311.0	2
32998	515.5	290.0	7	14	57	310.6	2
33004	515.5	290.0	7	14	57	310.3	2
33016	515.5	290.0	7	14	57	309.8	2
33023	515.5	290.0	7	14	57	309.5	2
33032	515.5	290.0	7	14	57	309.1	2
33038	515.5	290.0	7	14	57	308.8	2
33046	515.5	290.0	7	14	57	308.5	2
33052	515.5	290.0	7	14	57	308.2	2
33059	515.5	290.0	7	14	57	307.9	2
33066	515.5	290.0	7	14	57	307.6	2
33071	515.5	290.0	7	14	57	307.4	2
33079	515.5	290.0	7	14	57	307.1	2
33085	515.5	290.0	7	14	57	306.8	2
33092	515.5	290.0	7	14	57	306.5	2
33098	515.5	290.0	7	14	57	306.2	2
33104	515.5	290.0	7	14	57	306.0	2
33114	515.5	290.0	7	14	57	305.5	2
33120	515.5	290.0	7	14	57	305.3	2
33129	515.5	290.0	7	14	57	304.9	2
33135	515.5	290.0	7	14	57	304.6	2
33143	515.5	290.0	7	14	57	304.3	2
33150	515.5	290.0	7	14	57	304.0	2
33157	515.5	290.0	7	14	57	303.7	2
33166	515.5	290.0	7	14	57	303.3	2
33174	515.5	290.0	7	14	57	303.0	2
33183	515.5	290.0	7	14	57	302.6	2
33192	515.5	290.0	7	14	58	302.2	2
33203	515.5	290.0	7	13	58	301.7	2
33213	515.5	290.0	7	13	58	301.3	2
33219	515.5	290.0	7	13	58	301.0	2
33227	515.5	290.0	7	13	58	300.7	2
33234	515.5	290.0	7	13	58	300.4	2
33242	515.5	290.0	7	13	58	300.0	2
33249	515.5	290.0	7	13	58	299.7	2
33255	515.5	290.0	7	13	58	299.5	2
33263	515.5	290.0	7	13	58	299.1	2
33269	515.5	290.0	7	13	58	298.9	2
33276	515.5	290.0	7	13	58	298.6	2
33282	515.5	290.0	7	13	58	298.3	2
33289	515.5	290.0	7	13	58	298.0	2
33297	515.5	290.0	7	13	58	297.7	2
33304	515.5	290.0	7	13	58	297.4	2
33314	515.5	290.0	7	14	58	296.9	2
33322	515.5	290.0	7	14	58	296.6	2
33336	515.5	290.0	7	14	58	296.0	2
33349	515.5	290.0	7	14	58	295.4	2
33356	515.5	290.0	7	14	58	295.2	2
33365	515.5	290.0	7	14	58	294.7	2
33371	515.5	290.0	7	14	58	294.5	2
33380	515.5	290.0	7	14	58	294.1	2
33386	515.5	290.0	7	14	58	293.8	2
33394	515.5	290.0	7	14	58	293.5	2
33400	515.5	290.0	7	14	58	293.2	2
33407	515.5	290.0	7	14	58	292.9	2
33414	515.5	290.0	7	14	58	292.6	2
33420	515.5	290.0	7	14	58	292.4	2
33428	515.5	290.0	7	14	58	292.0	2
33435	515.5	290.0	7	14	58	291.8	2
33442	515.5	290.0	7	14	58	291.4	2
33450	515.5	290.0	7	14	58	291.1	2
33457	515.5	290.0	7	14	58	290.8	2
33464	515.5	290.0	7	14	58	290.5	2
33470	515.5	290.0	7	14	58	290.2	2
33480	515.5	290.0	7	14	58	289.8	2
33487	515.5	290.0	7	14	58	289.5	2
33498	515.5	290.0	7	14	58	289.0	2
33505	515.5	290.0	7	14	59	317.8	2
33515	515.5	290.0	7	13	59	317.4	2
33521	515.5	290.0	7	13	59	317.2	2
33531	515.5	290.0	7	13	59	316.8	2
33538	515.5	290.0	7	13	59	316.5	2
33549	515.5	290.0	7	13	59	316.1	2
33555	515.5	290.0	7	13	59	315.9	2
33566	515.5	290.0	7	13	59	315.4	2
33573	515.5	290.0	7	13	59	315.2	2
33585	515.5	290.0	7	13	59	314.7	2
33594	515.5	290.0	7	13	59	314.4	2
33602	515.5	290.0	7	13	59	314.0	2
33613	515.5	290.0	7	13	59	313.6	2
33622	515.5	290.0	7	13	59	313.3	2
33637	515.5	290.0	7	13	59	312.7	2
33651	515.5	290.0	7	13	59	312.2	2
33665	515.5	290.0	7	13	59	311.6	2
33673	515.5	290.0	7	14	59	311.3	2
33683	515.5	290.0	7	14	59	310.9	2
33694	515.5	290.0	7	14	59	310.5	2
33701	515.5	290.0	7	14	59	310.2	2
33709	515.5	290.0	7	14	59	310.0	2
33717	515.5	290.0	7	14	59	309.6	2
33724	515.5	290.0	7	14	59	309.4	2
33732	515.5	290.0	7	14	59	309.1	2
33738	515.5	290.0	7	14	59	308.8	2
33748	515.5	290.0	7	14	59	308.4	2
33755	515.5	290.0	7	14	59	308.2	2
33763	515.5	290.0	7	14	59	307.9	2
33769	515.5	290.0	7	14	59	307.6	2
33775	515.5	290.0	7	14	59	307.4	2
33783	515.5	290.0	7	14	59	307.1	2
33790	515.5	290.0	7	14	59	306.8	2
33800	515.5	290.0	7	14	59	306.4	2
33806	515.5	290.0	7	14	59	306.2	2
33814	515.5	290.0	7	14	59	305.9	2
33820	515.5	290.0	7	14	59	305.7	2
33829	515.5	290.0	7	14	59	305.3	2
33836	515.5	290.0	7	14	59	305.0	2
33847	515.5	290.0	7	14	59	304.6	2
33853	515.5	290.0	7	14	59	304.4	2
33861	515.5	290.0	7	14	59	304.1	2
33869	515.5	290.0	7	14	59	303.8	2
33878	515.5	290.0	7	14	59	303.5	2
33885	515.5	290.0	7	14	59	303.2	2
33892	515.5	290.0	7	14	60	306.5	2
33899	515.5	290.0	7	13	60	306.2	2
33906	515.5	290.0	7	13	60	305.9	2
33916	515.5	290.0	7	13	60	305.5	2
33923	515.5	290.0	7	13	60	305.2	2
33933	515.5	290.0	7	13	60	304.8	2
33939	515.5	290.0	7	13	60	304.6	2
33948	515.5	290.0	7	13	60	304.2	2
33954	515.5	290.0	7	13	60	304.0	2
33964	515.5	290.0	7	13	60	303.6	2
33970	515.5	290.0	7	13	60	303.3	2
33979	515.5	290.0	7	13	60	303.0	2
33985	515.5	290.0	7	13	60	302.7	2
33994	515.5	290.0	7	13	60	302.4	2
34002	515.5	290.0	7	13	60	302.1	2
34011	515.5	290.0	7	13	60	301.7	2
34017	515.5	290.0	7	13	60	301.5	2
34025	515.5	290.0	7	13	60	301.2	2
34033	515.5	290.0	7	14	60	300.9	2
34039	515.5	290.0	7	14	60	300.6	2
34048	515.5	290.0	7	14	60	300.2	2
34055	515.5	290.0	7	14	60	300.0	2
34063	515.5	290.0	7	14	60	299.6	2
34069	515.5	290.0	7	14	60	299.4	2
34077	515.5	290.0	7	14	60	299.1	2
34084	515.5	290.0	7	14	60	298.8	2
34091	515.5	290.0	7	14	60	298.5	2
34099	515.5	290.0	7	14	60	298.2	2
34106	515.5	290.0	7	14	60	297.9	2
34115	515.5	290.0	7	14	60	297.5	2
34121	515.5	290.0	7	14	60	297.3	2
34130	515.5	290.0	7	14	60	297.0	2
34137	515.5	290.0	7	14	60	296.7	2
34146	515.5	290.0	7	14	60	296.3	2
34152	515.5	290.0	7	14	60	296.1	2
34158	515.5	290.0	7	14	60	295.8	2
34165	515.5	290.0	7	14	60	295.5	2
34171	515.5	290.0	7	14	60	295.3	2
34181	515.5	290.0	7	14	60	294.9	2
34188	515.5	290.0	7	14	60	294.6	2
34198	515.5	290.0	7	14	60	294.3	2
34205	515.5	290.0	7	14	60	294.0	2
34213	515.5	290.0	7	14	60	293.7	2
34219	515.5	290.0	7	14	60	293.4	2
34226	515.5	290.0	7	14	60	293.1	2
34232	515.5	290.0	7	14	60	292.9	2
34239	515.5	290.0	7	14	60	292.6	2
34247	515.5	290.0	7	14	60	292.3	2
34253	515.5	290.0	7	14	60	292.0	2
34262	515.5	290.0	7	14	60	291.7	2
34270	515.5	290.0	7	14	60	291.4	2
34280	515.5	290.0	7	14	60	291.0	2
34289	515.5	290.0	7	14	60	290.6	2
34298	515.5	290.0	7	14	60	290.2	2
34308	515.5	290.0	7	14	60	289.9	2
34317	515.5	290.0	7	14	60	289.5	2
34325	515.5	290.0	7	14	60	289.2	2
34333	515.5	290.0	7	14	61	288.9	2
34340	515.5	290.0	7	13	61	288.6	2
34346	515.5	290.0	7	13	61	288.3	2
34352	515.5	290.0	7	13	61	288.1	2
34359	515.5	290.0	7	13	61	287.8	2
34366	515.5	290.0	7	13	61	287.5	2
34372	515.5	290.0	7	13	61	287.3	2
34379	515.5	290.0	7	13	61	287.0	2
34384	515.5	290.0	7	13	61	286.8	2
34390	515.5	290.0	7	13	61	286.6	2
34397	515.5	290.0	7	13	61	286.3	2
34403	515.5	290.0	7	13	61	286.0	2
34411	515.5	290.0	7	13	61	285.7	2
34417	515.5	290.0	7	13	61	285.5	2
34425	515.5	290.0	7	13	61	285.1	2
34432	515.5	290.0	7	14	61	284.9	2
34438	515.5	290.0	7	14	61	284.6	2
34445	515.5	290.0	7	14	61	284.4	2
34451	515.5	290.0	7	14	61	284.1	2
34458	515.5	290.0	7	14	61	283.8	2
34465	515.5	290.0	7	14	61	283.6	2
34471	515.5	290.0	7	14	61	283.3	2
34478	515.5	290.0	7	14	61	283.0	2
34484	515.5	290.0	7	14	61	282.8	2
34493	515.5	290.0	7	14	61	282.5	2
34499	515.5	290.0	7	14	61	282.2	2
34505	515.5	290.0	7	14	61	281.9	2
34513	515.5	290.0	7	14	61	281.6	2
34519	515.5	290.0	7	14	61	281.4	2
34527	515.5	290.0	7	14	61	281.1	2
34533	515.5	290.0	7	14	61	280.8	2
34540	515.5	290.0	7	14	61	280.6	2
34547	515.5	290.0	7	14	61	280.3	2
34553	515.5	290.0	7	14	61	280.0	2
34561	515.5	290.0	7	14	61	279.7	2
34567	515.5	290.0	7	14	62	279.5	2
34574	515.5	290.0	7	13	62	279.2	2
34581	515.5	290.0	7	13	62	278.9	2
34587	515.5	290.0	7	13	62	278.7	2
34593	515.5	290.0	7	13	62	278.4	2
34599	515.5	290.0	7	13	62	278.2	2
34606	515.5	290.0	7	13	62	277.9	2
34614	515.5	290.0	7	13	62	277.6	2
34620	515.5	290.0	7	13	62	277.4	2
34628	515.5	290.0	7	13	62	277.0	2
34635	515.5	290.0	7	13	62	276.8	2
34642	515.5	290.0	7	13	62	276.5	2
34649	515.5	290.0	7	13	62	276.2	2
34655	515.5	290.0	7	13	62	276.0	2
34665	515.5	290.0	7	13	62	275.5	2
34671	515.5	290.0	7	13	62	275.3	2
34681	515.5	290.0	7	13	62	274.9	2
34687	515.5	290.0	7	13	62	274.7	2
34696	515.5	290.0	7	13	62	274.3	2
34705	515.5	290.0	7	13	62	274.0	2
34718	515.5	290.0	7	13	62	273.4	2
34726	515.5	290.0	7	13	62	273.2	2
34733	515.5	290.0	7	13	62	272.9	2
34738	515.5	290.0	7	13	62	272.6	2
34746	515.5	290.0	7	13	62	272.3	2
34752	515.5	290.0	7	13	62	272.1	2
34759	515.5	290.0	7	13	62	271.8	2
34766	515.5	290.0	7	13	62	271.5	2
34773	515.5	290.0	7	13	62	271.3	2
34780	515.5	290.0	7	13	62	271.0	2
34786	515.5	290.0	7	13	62	270.7	2
34793	515.5	290.0	7	13	62	270.4	2
34800	515.5	290.0	7	13	62	270.2	2
34806	515.5	290.0	7	13	62	269.9	2
34813	515.5	290.0	7	13	62	269.7	2
34818	515.5	290.0	7	13	62	269.4	2
34825	515.5	290.0	7	14	62	269.2	2
34832	515.5	290.0	7	14	62	268.9	2
34838	515.5	290.0	7	14	62	268.6	2
34845	515.5	290.0	7	14	62	268.3	2
34851	515.5	290.0	7	14	62	268.1	2
34858	515.5	290.0	7	14	62	267.8	2
34865	515.5	290.0	7	14	62	267.6	2
34871	515.5	290.0	7	14	62	267.3	2
34879	515.5	290.0	7	14	62	267.0	2
34885	515.5	290.0	7	14	62	266.8	2
34892	515.5	290.0	7	14	62	266.5	2
34899	515.5	290.0	7	14	62	266.2	2
34905	515.5	290.0	7	14	62	266.0	2
34913	515.5	290.0	7	14	62	265.6	2
34919	515.5	290.0	7	14	62	265.4	2
34926	515.5	290.0	7	14	63	265.1	2
34934	515.5	290.0	7	13	63	264.8	2
34942	515.5	290.0	7	13	63	264.5	2
34950	515.5	290.0	7	13	63	264.2	2
34956	515.5	290.0	7	13	63	263.9	2
34965	515.5	290.0	7	13	63	263.6	2
34970	515.5	290.0	7	13	63	263.4	2
34980	515.5	290.0	7	13	63	263.0	2
34986	515.5	290.0	7	13	63	262.7	2
34995	515.5	290.0	7	13	63	262.4	2
35003	515.5	290.0	7	13	63	262.0	2
35014	515.5	290.0	7	13	63	261.6	2
35020	515.5	290.0	7	13	63	261.4	2
35027	515.5	290.0	7	13	63	261.1	2
35034	515.5	290.0	7	13	63	260.8	2
35042	515.5	290.0	7	13	63	260.5	2
35048	515.5	290.0	7	13	63	260.2	2
35053	515.5	290.0	7	13	63	260.0	2
35061	515.5	290.0	7	13	63	259.7	2
35067	515.5	290.0	7	13	63	259.5	2
35072	515.5	290.0	7	13	63	259.3	2
35080	515.5	290.0	7	13	63	259.0	2
35085	515.5	290.0	7	13	63	258.7	2
35092	515.5	290.0	7	13	63	258.5	2
35098	515.5	290.0	7	13	63	258.2	2
35104	515.5	290.0	7	13	63	258.0	2
35112	515.5	290.0	7	13	63	257.7	2
35118	515.5	290.0	7	13	63	257.5	2
35124	515.5	290.0	7	13	63	257.2	2
35131	515.5	290.0	7	13	63	256.9	2
35137	515.5	290.0	7	14	63	256.7	2
35146	515.5	290.0	7	14	63	256.3	2
35152	515.5	290.0	7	14	63	256.1	2
35158	515.5	290.0	7	14	63	255.8	2
35165	515.5	290.0	7	14	63	255.5	2
35172	515.5	290.0	7	14	63	255.3	2
35180	515.5	290.0	7	14	63	255.0	2
35186	515.5	290.0	7	14	63	254.7	2
35193	515.5	290.0	7	14	63	254.5	2
35199	515.5	290.0	7	14	63	254.2	2
35205	515.5	290.0	7	14	63	254.0	2
35213	515.5	290.0	7	14	63	253.7	2
35219	515.5	290.0	7	14	63	253.4	2
35226	515.5	290.0	7	14	64	285.6	2
35233	515.5	290.0	7	13	64	285.4	2
35239	515.5	290.0	7	13	64	285.1	2
35247	515.5	290.0	7	13	64	284.8	2
35253	515.5	290.0	7	13	64	284.6	2
35261	515.5	290.0	7	13	64	284.3	2
35267	515.5	290.0	7	13	64	284.1	2
35275	515.5	290.0	7	13	64	283.9	2
35281	515.5	290.0	7	13	64	283.6	2
35287	515.5	290.0	7	13	64	283.4	2
35294	515.5	290.0	7	13	64	283.2	2
35301	515.5	290.0	7	13	64	282.9	2
35309	515.5	290.0	7	13	64	282.6	2
35315	515.5	290.0	7	13	64	282.4	2
35321	515.5	290.0	7	13	64	282.2	2
35328	515.5	290.0	7	13	64	281.9	2
35333	515.5	290.0	7	13	64	281.7	2
35345	515.5	290.0	7	13	64	281.3	2
35354	515.5	290.0	7	13	64	281.0	2
35363	515.5	290.0	7	13	64	280.6	2
35371	515.5	290.0	7	13	64	280.3	2
35380	515.5	290.0	7	13	64	280.0	2
35386	515.5	290.0	7	13	64	279.8	2
35396	515.5	290.0	7	13	64	279.4	2
35403	515.5	290.0	7	13	64	279.2	2
35410	515.5	290.0	7	13	64	278.9	2
35417	515.5	290.0	7	13	64	278.7	2
35423	515.5	290.0	7	13	64	278.4	2
35431	515.5	290.0	7	13	64	278.2	2
35437	515.5	290.0	7	13	64	277.9	2
35448	515.5	290.0	7	13	64	277.5	2
35456	515.5	290.0	7	13	64	277.2	2
35465	515.5	290.0	7	13	64	276.9	2
35470	515.5	290.0	7	13	64	276.7	2
35480	515.5	290.0	7	13	64	276.4	2
35486	515.5	290.0	7	13	64	276.1	2
35494	515.5	290.0	7	13	64	275.8	2
35503	515.5	290.0	7	13	64	275.5	2
35512	515.5	290.0	7	13	64	275.2	2
35520	515.5	290.0	7	13	64	274.9	2
35530	515.5	290.0	7	13	64	274.5	2
35538	515.5	290.0	7	13	64	274.2	2
35552	515.5	290.0	7	14	64	273.7	2
35564	515.5	290.0	7	14	64	273.3	2
35572	515.5	290.0	7	14	64	273.0	2
35583	515.5	290.0	7	14	64	272.6	2
35589	515.5	290.0	7	14	64	272.4	2
35598	515.5	290.0	7	14	64	272.0	2
35603	515.5	290.0	7	14	64	271.8	2
35610	515.5	290.0	7	14	64	271.6	2
35617	515.5	290.0	7	14	65	363.0	2
35624	515.5	290.0	7	13	65	362.7	2
35631	515.5	290.0	7	13	65	362.5	2
35637	515.5	290.0	7	13	65	362.3	2
35644	515.5	290.0	7	13	65	362.0	2
35650	515.5	290.0	7	13	65	361.8	2
35657	515.5	290.0	7	13	65	361.5	2
35663	515.5	290.0	7	13	65	361.3	2
35669	515.5	290.0	7	13	65	361.0	2
35676	515.5	290.0	7	13	65	360.8	2
35683	515.5	290.0	7	13	65	360.5	2
35689	515.5	290.0	7	13	65	360.3	2
35696	515.5	290.0	7	13	65	360.0	2
35702	515.5	290.0	7	13	65	359.8	2
35709	515.5	290.0	7	13	65	359.6	2
35715	515.5	290.0	7	13	65	359.3	2
35721	515.5	290.0	7	13	65	359.1	2
35730	515.5	290.0	7	13	65	358.8	2
35737	515.5	290.0	7	13	65	358.5	2
35747	515.5	290.0	7	13	65	358.1	2
35755	515.5	290.0	7	13	65	357.8	2
35764	515.5	290.0	7	13	65	357.5	2
35769	515.5	290.0	7	13	65	357.3	2
35778	515.5	290.0	7	13	65	357.0	2
35785	515.5	290.0	7	13	65	356.7	2
35794	515.5	290.0	7	13	65	356.4	2
35802	515.5	290.0	7	13	65	356.1	2
35812	515.5	290.0	7	13	65	355.7	2
35819	515.5	290.0	7	13	65	355.4	2
35828	515.5	290.0	7	13	65	355.1	2
35836	515.5	290.0	7	13	65	354.8	2
35847	515.5	290.0	7	13	65	354.4	2
35854	515.5	290.0	7	13	65	354.1	2
35867	515.5	290.0	7	13	65	353.6	2
35873	515.5	290.0	7	14	65	353.4	2
35883	515.5	290.0	7	14	65	353.0	2
35889	515.5	290.0	7	14	65	352.8	2
35897	515.5	290.0	7	14	65	352.5	2
35903	515.5	290.0	7	14	65	352.3	2
35910	515.5	290.0	7	14	65	352.0	2
35917	515.5	290.0	7	14	65	351.8	2
35924	515.5	290.0	7	14	65	351.5	2
35932	515.5	290.0	7	14	65	351.2	2
35940	515.5	290.0	7	14	65	350.9	2
35950	515.5	290.0	7	14	65	350.5	2
35957	515.5	290.0	7	14	65	350.3	2
35965	515.5	290.0	7	14	65	350.0	2
35971	515.5	290.0	7	14	65	349.7	2
35980	515.5	290.0	7	14	65	349.4	2
35986	515.5	290.0	7	14	65	349.2	2
35998	515.5	290.0	7	14	65	348.7	2
36004	515.5	290.0	7	14	65	348.5	2
36015	515.5	290.0	7	14	65	348.1	2
36022	515.5	290.0	7	14	65	347.8	2
36031	515.5	290.0	7	14	65	347.4	2
36037	515.5	290.0	7	14	65	347.1	2
36046	515.5	290.0	7	14	65	346.7	2
36053	515.5	290.0	7	14	65	346.4	2
36061	515.5	290.0	7	14	65	346.1	2
36069	515.5	290.0	7	14	66	346.1	2
36077	515.5	290.0	7	13	66	345.8	2
36083	515.5	290.0	7	13	66	345.6	2
36089	515.5	290.0	7	13	66	345.3	2
36097	515.5	290.0	7	13	66	345.1	2
36103	515.5	290.0	7	13	66	344.8	2
36110	515.5	290.0	7	13	66	344.5	2
36118	515.5	290.0	7	13	66	344.3	2
36125	515.5	290.0	7	13	66	344.0	2
36132	515.5	290.0	7	13	66	343.7	2
36138	515.5	290.0	7	13	66	343.5	2
36147	515.5	290.0	7	13	66	343.2	2
36153	515.5	290.0	7	13	66	343.0	2
36161	515.5	290.0	7	13	66	342.6	2
36167	515.5	290.0	7	13	66	342.4	2
36174	515.5	290.0	7	13	66	342.1	2
36182	515.5	290.0	7	13	66	341.9	2
36188	515.5	290.0	7	13	66	341.6	2
36200	515.5	290.0	7	13	66	341.2	2
36210	515.5	290.0	7	13	66	340.8	2
36220	515.5	290.0	7	13	66	340.4	2
36231	515.5	290.0	7	13	66	340.0	2
36238	515.5	290.0	7	13	66	339.7	2
36250	515.5	290.0	7	13	66	339.3	2
36257	515.5	290.0	7	13	66	339.0	2
36266	515.5	290.0	7	14	66	338.7	2
36273	515.5	290.0	7	14	66	338.5	2
36282	515.5	290.0	7	14	66	338.1	2
36289	515.5	290.0	7	14	66	337.9	2
36299	515.5	290.0	7	14	66	337.5	2
36305	515.5	290.0	7	14	66	337.3	2
36314	515.5	290.0	7	14	66	336.9	2
36321	515.5	290.0	7	14	66	336.7	2
36332	515.5	290.0	7	14	66	336.3	2
36339	515.5	290.0	7	14	66	336.0	2
36348	515.5	290.0	7	14	66	335.7	2
36354	515.5	290.0	7	14	66	335.4	2
36363	515.5	290.0	7	14	66	335.1	2
36369	515.5	290.0	7	14	66	334.9	2
36378	515.5	290.0	7	14	66	334.5	2
36384	515.5	290.0	7	14	66	334.3	2
36392	515.5	290.0	7	14	66	334.0	2
36399	515.5	290.0	7	14	67	356.0	2
36405	515.5	290.0	7	13	67	355.7	2
36413	515.5	290.0	7	13	67	355.4	2
36419	515.5	290.0	7	13	67	355.1	2
36427	515.5	290.0	7	13	67	354.7	2
36435	515.5	290.0	7	13	67	354.4	2
36445	515.5	290.0	7	13	67	353.9	2
36454	515.5	290.0	7	13	67	353.6	2
36463	515.5	290.0	7	13	67	353.2	2
36469	515.5	290.0	7	13	67	352.9	2
36476	515.5	290.0	7	13	67	352.6	2
36482	515.5	290.0	7	13	67	352.4	2
36487	515.5	290.0	7	13	67	352.1	2
36495	515.5	290.0	7	13	67	351.8	2
36501	515.5	290.0	7	13	67	351.5	2
36508	515.5	290.0	7	13	67	351.2	2
36515	515.5	290.0	7	13	67	350.9	2
36520	515.5	290.0	7	13	67	350.7	2
36528	515.5	290.0	7	13	67	350.4	2
36533	515.5	290.0	7	13	67	350.1	2
36540	515.5	290.0	7	13	67	349.8	2
36547	515.5	290.0	7	13	67	349.5	2
36553	515.5	290.0	7	13	67	349.3	2
36560	515.5	290.0	7	13	67	349.0	2
36566	515.5	290.0	7	13	67	348.7	2
36573	515.5	290.0	7	13	67	348.4	2
36581	515.5	290.0	7	13	67	348.1	2
36586	515.5	290.0	7	13	67	347.8	2
36593	515.5	290.0	7	13	67	347.5	2
36600	515.5	290.0	7	13	67	347.2	2
36607	515.5	290.0	7	13	67	346.9	2
36614	515.5	290.0	7	13	67	346.6	2
36620	515.5	290.0	7	13	67	346.4	2
36627	515.5	290.0	7	13	67	346.0	2
36634	515.5	290.0	7	13	67	345.8	2
36640	515.5	290.0	7	13	67	345.5	2
36647	515.5	290.0	7	13	67	345.2	2
36653	515.5	290.0	7	14	67	344.9	2
36662	515.5	290.0	7	14	67	344.5	2
36668	515.5	290.0	7	14	67	344.3	2
36675	515.5	290.0	7	14	67	344.0	2
36682	515.5	290.0	7	14	67	343.7	2
36688	515.5	290.0	7	14	67	343.4	2
36696	515.5	290.0	7	14	67	343.1	2
36703	515.5	290.0	7	14	67	342.8	2
36712	515.5	290.0	7	14	67	342.4	2
36717	515.5	290.0	7	14	67	342.1	2
36724	515.5	290.0	7	14	67	341.8	2
36731	515.5	290.0	7	14	67	341.6	2
36737	515.5	290.0	7	14	67	341.3	2
36744	515.5	290.0	7	14	67	341.0	2
36750	515.5	290.0	7	14	67	340.7	2
36756	515.5	290.0	7	14	67	340.5	2
36763	515.5	290.0	7	14	67	340.2	2
36770	515.5	290.0	7	14	67	339.9	2
36777	515.5	290.0	7	14	67	339.5	2
36784	515.5	290.0	7	14	67	339.3	2
36789	515.5	290.0	7	14	67	339.0	2
36796	515.5	290.0	7	14	67	338.7	2
36802	515.5	290.0	7	14	67	338.5	2
36808	515.5	290.0	7	14	67	338.2	2
36815	515.5	290.0	7	14	67	337.9	2
36821	515.5	290.0	7	14	67	337.7	2
36829	515.5	290.0	7	14	67	337.3	2
36836	515.5	290.0	7	14	67	337.0	2
36843	515.5	290.0	7	14	67	336.7	2
36849	515.5	290.0	7	14	67	336.4	2
36854	515.5	290.0	7	14	67	336.2	2
36862	515.5	290.0	7	14	67	335.9	2
36867	515.5	290.0	7	14	67	335.6	2
36873	515.5	290.0	7	14	67	335.4	2
36879	515.5	290.0	7	14	67	335.1	2
36885	515.5	290.0	7	14	67	334.9	2
36892	515.5	290.0	7	14	67	334.6	2
36898	515.5	290.0	7	14	67	334.3	2
36903	515.5	290.0	7	14	67	334.1	2
36911	515.5	290.0	7	14	67	333.7	2
36917	515.5	290.0	7	14	67	333.5	2
36925	515.5	290.0	7	14	67	333.2	2
36932	515.5	290.0	7	14	67	332.8	2
36938	515.5	290.0	7	14	67	332.6	2
36945	515.5	290.0	7	14	67	332.3	2
36951	515.5	290.0	7	14	67	332.0	2
36958	515.5	290.0	7	14	67	331.7	2
36964	515.5	290.0	7	14	67	331.4	2
36970	515.5	290.0	7	14	68	331.2	2
36977	515.5	290.0	7	13	68	330.9	2
36983	515.5	290.0	7	13	68	330.6	2
36989	515.5	290.0	7	13	68	330.4	2
36996	515.5	290.0	7	13	68	330.1	2
37002	515.5	290.0	7	13	68	329.8	2
37009	515.5	290.0	7	13	68	329.5	2
37016	515.5	290.0	7	13	68	329.2	2
37022	515.5	290.0	7	13	68	328.9	2
37030	515.5	290.0	7	13	68	328.6	2
37036	515.5	290.0	7	13	68	328.3	2
37043	515.5	290.0	7	13	68	328.0	2
37049	515.5	290.0	7	13	68	327.8	2
37055	515.5	290.0	7	14	68	327.5	2
37062	515.5	290.0	7	14	68	327.2	2
37068	515.5	290.0	7	14	68	326.9	2
37075	515.5	290.0	7	14	68	326.6	2
37081	515.5	290.0	7	14	68	326.4	2
37087	515.5	290.0	7	14	68	326.1	2
37095	515.5	290.0	7	14	68	325.8	2
37101	515.5	290.0	7	14	68	325.5	2
37108	515.5	290.0	7	14	69	338.2	2
37114	515.5	290.0	7	13	69	338.0	2
37119	515.5	290.0	7	13	69	337.8	2
37126	515.5	290.0	7	13	69	337.5	2
37132	515.5	290.0	7	13	69	337.2	2
37138	515.5	290.0	7	13	69	337.0	2
37146	515.5	290.0	7	13	69	336.7	2
37152	515.5	290.0	7	13	69	336.4	2
37159	515.5	290.0	7	13	69	336.1	2
37165	515.5	290.0	7	13	69	335.8	2
37171	515.5	290.0	7	13	69	335.6	2
37179	515.5	290.0	7	13	69	335.3	2
37185	515.5	290.0	7	13	69	335.0	2
37192	515.5	290.0	7	13	69	334.7	2
37198	515.5	290.0	7	13	69	334.5	2
37204	515.5	290.0	7	13	69	334.2	2
37212	515.5	290.0	7	13	69	333.9	2
37218	515.5	290.0	7	13	69	333.7	2
37225	515.5	290.0	7	13	69	333.4	2
37232	515.5	290.0	7	13	69	333.1	2
37237	515.5	290.0	7	13	69	332.9	2
37246	515.5	290.0	7	13	69	332.5	2
37252	515.5	290.0	7	13	69	332.3	2
37259	515.5	290.0	7	13	69	332.0	2
37265	515.5	290.0	7	13	69	331.7	2
37272	515.5	290.0	7	13	69	331.5	2
37281	515.5	290.0	7	13	69	331.1	2
37289	515.5	290.0	7	13	69	330.7	2
37297	515.5	290.0	7	13	69	330.4	2
37304	515.5	290.0	7	13	69	330.1	2
37311	515.5	290.0	7	13	69	329.8	2
37317	515.5	290.0	7	13	69	329.6	2
37325	515.5	290.0	7	13	69	329.2	2
37332	515.5	290.0	7	13	69	328.9	2
37339	515.5	290.0	7	13	69	328.6	2
37346	515.5	290.0	7	13	69	328.4	2
37353	515.5	290.0	7	13	69	328.1	2
37360	515.5	290.0	7	13	69	327.8	2
37367	515.5	290.0	7	13	69	327.5	2
37374	515.5	290.0	7	13	69	320.2	2
37381	515.5	290.0	7	14	69	319.8	2
37387	515.5	290.0	7	14	69	319.6	2
37394	515.5	290.0	7	14	69	319.2	2
37400	515.5	290.0	7	14	69	319.0	2
37408	515.5	290.0	7	14	69	318.7	2
37415	515.5	290.0	7	14	69	318.3	2
37421	515.5	290.0	7	14	69	318.1	2
37428	515.5	290.0	7	14	69	317.8	2
37435	515.5	290.0	7	14	69	317.5	2
37442	515.5	290.0	7	14	69	317.2	2
37448	515.5	290.0	7	14	69	316.9	2
37454	515.5	290.0	7	14	69	316.6	2
37462	515.5	290.0	7	14	69	316.3	2
37468	515.5	290.0	7	14	69	316.0	2
37476	515.5	290.0	7	14	69	315.7	2
37482	515.5	290.0	7	14	69	315.4	2
37488	515.5	290.0	7	14	69	315.2	2
37495	515.5	290.0	7	14	69	314.9	2
37501	515.5	290.0	7	14	69	314.6	2
37508	515.5	290.0	7	14	69	314.3	2
37514	515.5	290.0	7	14	69	314.0	2
37520	515.5	290.0	7	14	69	313.8	2
37528	515.5	290.0	7	14	69	313.4	2
37534	515.5	290.0	7	14	69	313.2	2
37541	515.5	290.0	7	14	69	312.9	2
37548	515.5	290.0	7	14	69	312.6	2
37554	515.5	290.0	7	14	69	312.3	2
37562	515.5	290.0	7	14	69	311.9	2
37569	515.5	290.0	7	14	69	311.6	2
37579	515.5	290.0	7	14	69	311.2	2
37586	515.5	290.0	7	14	69	310.9	2
37595	515.5	290.0	7	14	69	310.5	2
37601	515.5	290.0	7	14	69	310.2	2
37608	515.5	290.0	7	14	69	310.0	2
37614	515.5	290.0	7	14	69	309.7	2
37620	515.5	290.0	7	14	69	309.4	2
37628	515.5	290.0	7	14	69	309.1	2
37636	515.5	290.0	7	14	69	308.8	2
37644	515.5	290.0	7	14	69	308.4	2
37651	515.5	290.0	7	14	69	308.1	2
37659	515.5	290.0	7	14	69	307.8	2
37666	515.5	290.0	7	14	69	307.4	2
37671	515.5	290.0	7	14	69	307.2	2
37681	515.5	290.0	7	14	69	306.8	2
37689	515.5	290.0	7	14	69	306.5	2
37697	515.5	290.0	7	14	69	306.1	2
37704	515.5	290.0	7	14	69	305.8	2
37714	515.5	290.0	7	14	69	305.4	2
37721	515.5	290.0	7	14	69	305.0	2
37729	515.5	290.0	7	14	69	304.7	2
37736	515.5	290.0	7	14	69	304.4	2
37744	515.5	290.0	7	14	69	304.0	2
37750	515.5	290.0	7	14	69	303.8	2
37757	515.5	290.0	7	14	69	303.5	2
37764	515.5	290.0	7	14	69	303.2	2
37773	515.5	290.0	7	14	69	302.8	2
37782	515.5	290.0	7	14	70	302.4	2
37788	515.5	290.0	7	13	70	302.1	2
37798	515.5	290.0	7	13	70	301.7	2
37804	515.5	290.0	7	14	70	301.4	2
37812	515.5	290.0	7	14	70	301.1	2
37822	515.5	290.0	7	14	70	300.7	2
37835	515.5	290.0	7	14	70	300.1	2
37849	515.5	290.0	7	14	70	299.5	2
37855	515.5	290.0	7	14	70	299.2	2
37866	515.5	290.0	7	14	70	298.8	2
37872	515.5	290.0	7	14	70	298.5	2
37880	515.5	290.0	7	14	70	298.1	2
37886	515.5	290.0	7	14	70	297.9	2
37893	515.5	290.0	7	14	70	297.5	2
37899	515.5	290.0	7	14	70	297.3	2
37906	515.5	290.0	7	14	70	297.0	2
37913	515.5	290.0	7	14	70	296.7	2
37919	515.5	290.0	7	14	70	296.4	2
37927	515.5	290.0	7	14	70	296.1	2
37933	515.5	290.0	7	14	70	295.8	2
37939	515.5	290.0	7	14	70	295.6	2
37945	515.5	290.0	7	14	70	295.3	2
37951	515.5	290.0	7	14	70	295.0	2
37957	515.5	290.0	7	14	70	294.8	2
37964	515.5	290.0	7	14	70	294.5	2
37970	515.5	290.0	7	14	70	294.2	2
37978	515.5	290.0	7	14	70	293.9	2
37983	515.5	290.0	7	14	70	293.6	2
37990	515.5	290.0	7	14	70	293.3	2
37997	515.5	290.0	7	14	70	293.0	2
38003	515.5	290.0	7	14	70	292.8	2
38011	515.5	290.0	7	14	70	292.4	2
38017	515.5	290.0	7	14	70	292.1	2
38025	515.5	290.0	7	14	70	291.8	2
38031	515.5	290.0	7	14	70	291.5	2
38037	515.5	290.0	7	14	70	291.3	2
38045	515.5	290.0	7	14	70	290.9	2
38051	515.5	290.0	7	14	70	290.7	2
38058	515.5	290.0	7	14	70	290.4	2
38064	515.5	290.0	7	14	70	290.1	2
38070	515.5	290.0	7	14	70	289.8	2
38078	515.5	290.0	7	14	70	289.5	2
38084	515.5	290.0	7	14	70	289.3	2
38090	515.5	290.0	7	14	70	289.0	2
38098	515.5	290.0	7	14	70	288.7	2
38104	515.5	290.0	7	14	70	288.4	2
38111	515.5	290.0	7	14	70	288.1	2
38117	515.5	290.0	7	14	70	287.8	2
38123	515.5	290.0	7	15	70	287.6	2
38130	515.5	290.0	7	15	70	287.2	2
38136	515.5	290.0	7	15	70	287.0	2
38143	515.5	290.0	7	15	70	286.7	2
38149	515.5	290.0	7	15	70	286.4	2
38155	515.5	290.0	7	15	71	286.2	2
38163	515.5	290.0	7	14	71	285.8	2
38169	515.5	290.0	7	14	71	285.6	2
38175	515.5	290.0	7	14	71	285.3	2
38181	515.5	290.0	7	14	71	285.0	2
38187	515.5	290.0	7	14	71	284.8	2
38195	515.5	290.0	7	14	71	284.4	2
38201	515.5	290.0	7	14	71	284.2	2
38207	515.5	290.0	7	14	71	283.9	2
38213	515.5	290.0	7	14	71	283.6	2
38219	515.5	290.0	7	14	71	283.4	2
38225	515.5	290.0	7	14	71	283.1	2
38232	515.5	290.0	7	14	71	282.8	2
38238	515.5	290.0	7	14	71	282.6	2
38245	515.5	290.0	7	14	71	282.2	2
38252	515.5	290.0	7	14	71	282.0	2
38258	515.5	290.0	7	14	71	281.7	2
38265	515.5	290.0	7	14	71	281.4	2
38270	515.5	290.0	7	14	71	281.2	2
38278	515.5	290.0	7	14	71	280.8	2
38283	515.5	290.0	7	14	71	280.6	2
38290	515.5	290.0	7	14	71	280.3	2
38296	515.5	290.0	7	14	71	280.0	2
38302	515.5	290.0	7	14	71	279.8	2
38309	515.5	290.0	7	14	71	279.5	2
38315	515.5	290.0	7	14	71	279.2	2
38321	515.5	290.0	7	14	71	278.9	2
38328	515.5	290.0	7	14	71	278.6	2
38334	515.5	290.0	7	14	71	278.4	2
38341	515.5	290.0	7	14	71	278.1	2
38348	515.5	290.0	7	14	71	277.8	2
38354	515.5	290.0	7	14	71	277.5	2
38362	515.5	290.0	7	14	71	277.2	2
38368	515.5	290.0	7	14	71	276.9	2
38376	515.5	290.0	7	14	71	276.6	2
38382	515.5	290.0	7	14	71	276.3	2
38389	515.5	290.0	7	14	71	276.0	2
38396	515.5	290.0	7	14	71	275.7	2
38403	515.5	290.0	7	14	71	275.4	2
38411	515.5	290.0	7	14	71	275.0	2
38418	515.5	290.0	7	14	71	274.7	2
38426	515.5	290.0	7	14	71	274.4	2
38432	515.5	290.0	7	14	71	274.1	2
38441	515.5	290.0	7	14	71	273.7	2
38450	515.5	290.0	7	14	71	273.3	2
38458	515.5	290.0	7	14	71	273.0	2
38466	515.5	290.0	7	14	71	272.6	2
38473	515.5	290.0	7	15	71	272.3	2
38481	515.5	290.0	7	15	71	272.0	2
38488	515.5	290.0	7	15	71	271.7	2
38498	515.5	290.0	7	15	71	271.2	2
38508	515.5	290.0	7	15	71	270.8	2
38518	515.5	290.0	7	15	71	270.4	2
38526	515.5	290.0	7	15	71	270.1	2
38532	515.5	290.0	7	15	71	269.8	2
38539	515.5	290.0	7	15	71	269.5	2
38548	515.5	290.0	7	15	71	269.1	2
38555	515.5	290.0	7	15	71	268.8	2
38562	515.5	290.0	7	15	71	268.5	2
38569	515.5	290.0	7	15	71	268.2	2
38575	515.5	290.0	7	15	71	267.9	2
38581	515.5	290.0	7	15	71	267.6	2
38587	515.5	290.0	7	15	72	267.4	2
38595	515.5	290.0	7	14	72	267.0	2
38601	515.5	290.0	7	14	72	266.8	2
38608	515.5	290.0	7	14	72	266.5	2
38614	515.5	290.0	7	14	72	266.2	2
38620	515.5	290.0	7	14	72	266.0	2
38627	515.5	290.0	7	14	72	265.6	2
38633	515.5	290.0	7	14	72	265.4	2
38639	515.5	290.0	7	14	72	265.1	2
38646	515.5	290.0	7	14	72	264.8	2
38652	515.5	290.0	7	14	72	264.5	2
38660	515.5	290.0	7	14	72	264.2	2
38667	515.5	290.0	7	14	72	263.9	2
38673	515.5	290.0	7	14	72	263.6	2
38680	515.5	290.0	7	14	72	263.3	2
38686	515.5	290.0	7	14	72	263.0	2
38694	515.5	290.0	7	14	72	262.7	2
38700	515.5	290.0	7	14	72	262.4	2
38708	515.5	290.0	7	14	72	262.2	2
38717	515.5	290.0	7	14	72	261.7	2
38726	515.5	290.0	7	14	72	261.4	2
38733	515.5	290.0	7	14	72	261.0	2
38739	515.5	290.0	7	14	72	260.7	2
38750	515.5	290.0	7	14	72	260.3	2
38757	515.5	290.0	7	14	72	260.0	2
38765	515.5	290.0	7	14	72	259.6	2
38772	515.5	290.0	7	14	72	259.3	2
38781	515.5	290.0	7	14	72	259.0	2
38787	515.5	290.0	7	14	72	258.7	2
38794	515.5	290.0	7	14	72	258.4	2
38800	515.5	290.0	7	14	72	258.1	2
38807	515.5	290.0	7	14	72	257.8	2
38813	515.5	290.0	7	14	72	257.5	2
38819	515.5	290.0	7	14	72	257.3	2
38826	515.5	290.0	7	14	72	257.0	2
38832	515.5	290.0	7	15	72	256.7	2
38838	515.5	290.0	7	15	73	256.5	2
38845	515.5	290.0	7	14	73	256.1	2
38851	515.5	290.0	7	14	73	255.9	2
38859	515.5	290.0	7	14	73	255.6	2
38865	515.5	290.0	7	14	73	255.3	2
38871	515.5	290.0	7	14	73	255.0	2
38878	515.5	290.0	7	14	73	254.7	2
38884	515.5	290.0	7	14	73	254.5	2
38891	515.5	290.0	7	14	73	254.2	2
38898	515.5	290.0	7	14	73	253.9	2
38904	515.5	290.0	7	14	73	253.6	2
38911	515.5	290.0	7	14	73	253.3	2
38918	515.5	290.0	7	14	73	253.0	2
38926	515.5	290.0	7	14	73	252.6	2
38934	515.5	290.0	7	14	73	252.3	2
38941	515.5	290.0	7	14	73	252.0	2
38947	515.5	290.0	7	14	73	251.7	2
38953	515.5	290.0	7	14	73	251.5	2
38960	515.5	290.0	7	14	73	251.2	2
38966	515.5	290.0	7	14	73	250.9	2
38972	515.5	290.0	7	14	73	250.6	2
38980	515.5	290.0	7	14	73	250.3	2
38986	515.5	290.0	7	14	73	250.0	2
38994	515.5	290.0	7	14	73	249.7	2
39000	515.5	290.0	7	14	73	249.4	2
39006	515.5	290.0	7	14	73	249.1	2
39013	515.5	290.0	7	14	73	248.8	2
39019	515.5	290.0	7	14	73	248.6	2
39026	515.5	290.0	7	14	73	248.3	2
39032	515.5	290.0	7	14	73	248.0	2
39039	515.5	290.0	7	14	73	247.7	2
39046	515.5	290.0	7	14	73	247.4	2
39053	515.5	290.0	7	14	73	247.1	2
39061	515.5	290.0	7	14	73	246.8	2
39068	515.5	290.0	7	14	73	246.5	2
39075	515.5	290.0	7	14	73	246.2	2
39081	515.5	290.0	7	14	73	245.9	2
39087	515.5	290.0	7	14	73	245.6	2
39095	515.5	290.0	7	14	73	245.3	2
39101	515.5	290.0	7	14	73	245.0	2
39107	515.5	290.0	7	14	73	244.8	2
39114	515.5	290.0	7	14	73	244.5	2
39120	515.5	290.0	7	14	73	244.2	2
39127	515.5	290.0	7	14	73	243.9	2
39134	515.5	290.0	7	14	73	243.6	2
39140	515.5	290.0	7	14	73	243.3	2
39147	515.5	290.0	7	14	73	243.0	2
39153	515.5	290.0	7	14	73	242.8	2
39160	515.5	290.0	7	14	73	242.4	2
39167	515.5	290.0	7	14	73	242.2	2
39174	515.5	290.0	7	14	73	241.9	2
39180	515.5	290.0	7	14	73	241.6	2
39186	515.5	290.0	7	14	73	241.3	2
39194	515.5	290.0	7	14	73	241.0	2
39200	515.5	290.0	7	14	73	240.7	2
39206	515.5	290.0	7	14	73	240.5	2
39213	515.5	290.0	7	15	73	240.2	2
39218	515.5	290.0	7	15	73	239.9	2
39225	515.5	290.0	7	15	73	239.6	2
39231	515.5	290.0	7	15	73	239.4	2
39237	515.5	290.0	7	15	73	239.1	2
39245	515.5	290.0	7	15	73	238.8	2
39251	515.5	290.0	7	15	73	238.5	2
39257	515.5	290.0	7	15	73	238.2	2
39264	515.5	290.0	7	15	73	237.9	2
39270	515.5	290.0	7	15	73	237.7	2
39278	515.5	290.0	7	15	73	237.3	2
39284	515.5	290.0	7	15	73	237.1	2
39289	515.5	290.0	7	15	73	236.8	2
39296	515.5	290.0	7	15	73	236.5	2
39302	515.5	290.0	7	15	73	236.3	2
39309	515.5	290.0	7	15	73	236.0	2
39316	515.5	290.0	7	15	73	235.7	2
39322	515.5	290.0	7	15	73	235.4	2
39329	515.5	290.0	7	15	73	235.1	2
39335	515.5	290.0	7	15	73	234.9	2
39342	515.5	290.0	7	15	73	234.5	2
39349	515.5	290.0	7	15	73	234.3	2
39354	515.5	290.0	7	15	73	234.0	2
39362	515.5	290.0	7	15	73	233.7	2
39368	515.5	290.0	7	15	73	233.4	2
39376	515.5	290.0	7	15	73	233.1	2
39382	515.5	290.0	7	15	73	232.8	2
39388	515.5	290.0	7	15	73	232.6	2
39395	515.5	290.0	7	15	73	232.2	2
39401	515.5	290.0	7	15	73	232.0	2
39409	515.5	290.0	7	15	73	231.6	2
39415	515.5	290.0	7	15	73	231.4	2
39421	515.5	290.0	7	15	73	231.1	2
39430	515.5	290.0	7	15	73	230.7	2
39437	515.5	290.0	7	15	74	262.8	2
39446	515.5	290.0	7	14	74	262.4	2
39452	515.5	290.0	7	14	74	262.2	2
39461	515.5	290.0	7	14	74	261.8	2
39469	515.5	290.0	7	14	74	261.5	2
39478	515.5	290.0	7	14	74	261.2	2
39484	515.5	290.0	7	14	74	260.9	2
39491	515.5	290.0	7	14	74	260.7	2
39500	515.5	290.0	7	14	74	260.3	2
39506	515.5	290.0	7	14	74	260.1	2
39514	515.5	290.0	7	14	74	259.7	2
39520	515.5	290.0	7	14	74	259.5	2
39529	515.5	290.0	7	14	74	259.1	2
39535	515.5	290.0	7	14	74	258.9	2
39544	515.5	290.0	7	14	74	258.5	2
39550	515.5	290.0	7	14	74	258.3	2
39559	515.5	290.0	7	14	74	258.0	2
39568	515.5	290.0	7	14	74	257.6	2
39575	515.5	290.0	7	14	74	257.4	2
39581	515.5	290.0	7	14	74	257.1	2
39587	515.5	290.0	7	14	74	256.8	2
39595	515.5	290.0	7	14	74	256.5	2
39601	515.5	290.0	7	14	74	256.3	2
39611	515.5	290.0	7	14	74	256.0	2
39619	515.5	290.0	7	15	74	255.6	2
39629	515.5	290.0	7	15	74	255.2	2
39636	515.5	290.0	7	15	74	254.9	2
39645	515.5	290.0	7	15	74	254.6	2
39651	515.5	290.0	7	15	74	254.3	2
39658	515.5	290.0	7	15	74	254.1	2
39665	515.5	290.0	7	15	74	253.8	2
39671	515.5	290.0	7	15	74	253.5	2
39679	515.5	290.0	7	15	74	253.2	2
39685	515.5	290.0	7	15	74	253.0	2
39692	515.5	290.0	7	15	74	252.7	2
39698	515.5	290.0	7	15	74	252.5	2
39704	515.5	290.0	7	15	74	252.2	2
39712	515.5	290.0	7	15	74	251.9	2
39718	515.5	290.0	7	15	74	251.7	2
39726	515.5	290.0	7	15	74	251.4	2
39733	515.5	290.0	7	15	74	251.1	2
39740	515.5	290.0	7	15	74	250.8	2
39747	515.5	290.0	7	15	74	250.6	2
39753	515.5	290.0	7	15	74	250.3	2
39760	515.5	290.0	7	15	74	250.0	2
39767	515.5	290.0	7	15	74	249.8	2
39774	515.5	290.0	7	15	74	249.5	2
39780	515.5	290.0	7	15	74	249.3	2
39786	515.5	290.0	7	15	74	249.0	2
39794	515.5	290.0	7	15	74	248.7	2
39801	515.5	290.0	7	15	74	248.4	2
39809	515.5	290.0	7	15	74	248.1	2
39816	515.5	290.0	7	15	75	289.4	2
39823	515.5	290.0	7	14	75	289.1	2
39832	515.5	290.0	7	14	75	288.7	2
39839	515.5	290.0	7	14	75	288.4	2
39849	515.5	290.0	7	14	75	288.0	2
39855	515.5	290.0	7	14	75	287.7	2
39866	515.5	290.0	7	14	75	287.2	2
39875	515.5	290.0	7	14	75	286.8	2
39883	515.5	290.0	7	14	75	286.5	2
39888	515.5	290.0	7	14	75	286.2	2
39898	515.5	290.0	7	14	75	285.8	2
39904	515.5	290.0	7	14	75	285.6	2
39913	515.5	290.0	7	14	75	285.1	2
39919	515.5	290.0	7	14	75	284.9	2
39927	515.5	290.0	7	14	75	284.5	2
39934	515.5	290.0	7	14	75	284.2	2
39942	515.5	290.0	7	14	75	283.9	2
39950	515.5	290.0	7	14	75	283.5	2
39956	515.5	290.0	7	14	75	283.3	2
39965	515.5	290.0	7	14	75	282.9	2
39974	515.5	290.0	7	14	75	282.5	2
39982	515.5	290.0	7	14	75	282.2	2
39987	515.5	290.0	7	14	75	281.9	2
39996	515.5	290.0	7	14	75	281.5	2
40002	515.5	290.0	7	14	75	281.3	2
40010	515.5	290.0	7	14	75	280.9	2
40017	515.5	290.0	7	14	75	280.6	2
40026	515.5	290.0	7	14	75	280.3	2
40032	515.5	290.0	7	15	75	279.9	2
40038	515.5	290.0	7	15	75	279.7	2
40046	515.5	290.0	7	15	75	279.3	2
40052	515.5	290.0	7	15	75	279.1	2
40061	515.5	290.0	7	15	75	278.7	2
40067	515.5	290.0	7	15	75	278.4	2
40076	515.5	290.0	7	15	75	278.1	2
40082	515.5	290.0	7	15	75	277.8	2
40089	515.5	290.0	7	15	75	277.5	2
40099	515.5	290.0	7	15	75	277.0	2
40105	515.5	290.0	7	15	75	276.8	2
40114	515.5	290.0	7	15	75	276.4	2
40120	515.5	290.0	7	15	75	276.1	2
40128	515.5	290.0	7	15	75	275.8	2
40134	515.5	290.0	7	15	75	275.5	2
40142	515.5	290.0	7	15	75	275.2	2
40148	515.5	290.0	7	15	75	274.9	2
40154	515.5	290.0	7	15	75	274.6	2
40161	515.5	290.0	7	15	75	274.3	2
40168	515.5	290.0	7	15	75	274.0	2
40176	515.5	290.0	7	15	75	273.7	2
40183	515.5	290.0	7	15	75	273.4	2
40189	515.5	290.0	7	15	75	273.1	2
40199	515.5	290.0	7	15	75	272.7	2
40205	515.5	290.0	7	15	76	299.1	2
40214	515.5	290.0	7	14	76	298.7	2
40220	515.5	290.0	7	14	76	298.4	2
40228	515.5	290.0	7	14	76	298.1	2
40234	515.5	290.0	7	14	76	297.8	2
40243	515.5	290.0	7	14	76	297.5	2
40250	515.5	290.0	7	14	76	297.2	2
40258	515.5	290.0	7	14	76	296.9	2
40266	515.5	290.0	7	14	76	296.5	2
40271	515.5	290.0	7	14	76	296.3	2
40282	515.5	290.0	7	14	76	295.8	2
40288	515.5	290.0	7	14	76	295.6	2
40296	515.5	290.0	7	14	76	295.3	2
40302	515.5	290.0	7	14	76	295.0	2
40310	515.5	290.0	7	14	76	294.7	2
40316	515.5	290.0	7	14	76	294.4	2
40323	515.5	290.0	7	14	76	294.1	2
40331	515.5	290.0	7	14	76	293.8	2
40337	515.5	290.0	7	14	76	293.5	2
40348	515.5	290.0	7	15	76	293.1	2
40354	515.5	290.0	7	15	76	292.8	2
40364	515.5	290.0	7	15	76	292.4	2
40369	515.5	290.0	7	15	76	292.2	2
40379	515.5	290.0	7	15	76	291.8	2
40386	515.5	290.0	7	15	76	291.5	2
40396	515.5	290.0	7	15	76	291.1	2
40403	515.5	290.0	7	15	76	290.8	2
40411	515.5	290.0	7	15	76	290.4	2
40417	515.5	290.0	7	15	76	290.2	2
40425	515.5	290.0	7	15	76	289.9	2
40431	515.5	290.0	7	15	76	289.6	2
40438	515.5	290.0	7	15	76	289.3	2
40448	515.5	290.0	7	15	76	288.9	2
40454	515.5	290.0	7	15	76	288.7	2
40464	515.5	290.0	7	15	76	288.3	2
40471	515.5	290.0	7	15	76	288.0	2
40481	515.5	290.0	7	15	76	287.6	2
40487	515.5	290.0	7	15	76	287.3	2
40495	515.5	290.0	7	15	76	286.9	2
40502	515.5	290.0	7	15	76	286.7	2
40510	515.5	290.0	7	15	76	286.3	2
40516	515.5	290.0	7	15	76	286.1	2
40522	515.5	290.0	7	15	76	285.8	2
40530	515.5	290.0	7	15	76	285.5	2
40536	515.5	290.0	7	15	76	285.2	2
40544	515.5	290.0	7	15	76	284.9	2
40551	515.5	290.0	7	15	76	284.6	2
40558	515.5	290.0	7	15	76	284.3	2
40565	515.5	290.0	7	15	76	284.0	2
40571	515.5	290.0	7	15	76	283.8	2
40579	515.5	290.0	7	15	77	290.1	2
40585	515.5	290.0	7	14	77	289.9	2
40592	515.5	290.0	7	14	77	289.6	2
40599	515.5	290.0	7	14	77	289.3	2
40606	515.5	290.0	7	14	77	289.0	2
40614	515.5	290.0	7	14	77	288.6	2
40620	515.5	290.0	7	14	77	288.4	2
40628	515.5	290.0	7	14	77	288.1	2
40635	515.5	290.0	7	14	77	287.8	2
40645	515.5	290.0	7	14	77	287.4	2
40652	515.5	290.0	7	14	77	287.1	2
40662	515.5	290.0	7	14	77	286.7	2
40671	515.5	290.0	7	14	77	286.3	2
40681	515.5	290.0	7	15	77	285.9	2
40688	515.5	290.0	7	15	77	285.6	2
40697	515.5	290.0	7	15	77	285.3	2
40703	515.5	290.0	7	15	77	285.0	2
40712	515.5	290.0	7	15	77	284.6	2
40718	515.5	290.0	7	15	77	284.4	2
40726	515.5	290.0	7	15	77	284.1	2
40733	515.5	290.0	7	15	77	283.8	2
40741	515.5	290.0	7	15	77	283.5	2
40748	515.5	290.0	7	15	77	283.2	2
40754	515.5	290.0	7	15	77	282.9	2
40763	515.5	290.0	7	15	77	282.6	2
40769	515.5	290.0	7	15	77	282.3	2
40779	515.5	290.0	7	15	77	281.9	2
40785	515.5	290.0	7	15	77	281.7	2
40792	515.5	290.0	7	15	77	281.4	2
40799	515.5	290.0	7	15	77	281.1	2
40805	515.5	290.0	7	15	77	280.8	2
40813	515.5	290.0	7	15	77	280.5	2
40819	515.5	290.0	7	15	77	280.2	2
40829	515.5	290.0	7	15	77	279.9	2
40836	515.5	290.0	7	15	77	279.6	2
40845	515.5	290.0	7	15	77	279.2	2
40852	515.5	290.0	7	15	77	278.9	2
40860	515.5	290.0	7	15	77	278.6	2
40868	515.5	290.0	7	15	77	278.3	2
40875	515.5	290.0	7	15	77	278.0	2
40884	515.5	290.0	7	15	77	277.6	2
40892	515.5	290.0	7	15	77	277.3	2
40901	515.5	290.0	7	15	77	276.9	2
40910	515.5	290.0	7	15	77	276.6	2
40917	515.5	290.0	7	15	77	276.2	2
40924	515.5	290.0	7	15	77	276.0	2
40931	515.5	290.0	7	15	78	277.2	2
40939	515.5	290.0	7	14	78	276.9	2
40948	515.5	290.0	7	14	78	276.5	2
40954	515.5	290.0	7	14	78	276.2	2
40962	515.5	290.0	7	14	78	275.9	2
40967	515.5	290.0	7	14	78	275.6	2
40976	515.5	290.0	7	14	78	275.3	2
40983	515.5	290.0	7	14	78	275.0	2
40990	515.5	290.0	7	14	78	274.7	2
40998	515.5	290.0	7	14	78	274.3	2
41004	515.5	290.0	7	14	78	274.1	2
41014	515.5	290.0	7	14	78	273.6	2
41020	515.5	290.0	7	14	78	273.4	2
41029	515.5	290.0	7	14	78	273.0	2
41035	515.5	290.0	7	14	78	272.7	2
41043	515.5	290.0	7	14	78	272.4	2
41050	515.5	290.0	7	14	78	272.1	2
41056	515.5	290.0	7	14	78	271.8	2
41063	515.5	290.0	7	14	78	271.5	2
41069	515.5	290.0	7	14	78	271.3	2
41076	515.5	290.0	7	14	78	271.0	2
41082	515.5	290.0	7	14	78	270.7	2
41088	515.5	290.0	7	14	78	270.5	2
41094	515.5	290.0	7	14	78	270.2	2
41100	515.5	290.0	7	14	78	269.9	2
41108	515.5	290.0	7	15	78	269.6	2
41115	515.5	290.0	7	15	78	269.3	2
41120	515.5	290.0	7	15	78	269.1	2
41128	515.5	290.0	7	15	78	268.7	2
41134	515.5	290.0	7	15	78	268.5	2
41141	515.5	290.0	7	15	78	268.2	2
41148	515.5	290.0	7	15	78	267.9	2
41154	515.5	290.0	7	15	78	267.6	2
41162	515.5	290.0	7	15	78	267.3	2
41168	515.5	290.0	7	15	78	267.0	2
41178	515.5	290.0	7	15	78	266.6	2
41185	515.5	290.0	7	15	78	266.3	2
41193	515.5	290.0	7	15	78	266.0	2
41200	515.5	290.0	7	15	78	265.6	2
41209	515.5	290.0	7	15	78	265.3	2
41216	515.5	290.0	7	15	78	265.0	2
41223	515.5	290.0	7	15	78	264.7	2
41232	515.5	290.0	7	15	78	264.3	2
41238	515.5	290.0	7	15	78	264.0	2
41249	515.5	290.0	7	15	79	288.7	2
41257	515.5	290.0	7	14	79	288.5	2
41267	515.5	290.0	7	14	79	288.1	2
41275	515.5	290.0	7	14	79	287.8	2
41284	515.5	290.0	7	14	79	287.5	2
41292	515.5	290.0	7	15	79	287.2	2
41300	515.5	290.0	7	15	79	286.9	2
41306	515.5	290.0	7	15	79	286.6	2
41315	515.5	290.0	7	15	79	286.3	2
41321	515.5	290.0	7	15	79	286.1	2
41329	515.5	290.0	7	15	79	285.8	2
41335	515.5	290.0	7	15	79	285.6	2
41343	515.5	290.0	7	15	79	285.3	2
41349	515.5	290.0	7	15	79	285.0	2
41356	515.5	290.0	7	15	79	284.8	2
41363	515.5	290.0	7	15	79	284.5	2
41369	515.5	290.0	7	15	79	284.3	2
41376	515.5	290.0	7	15	79	284.0	2
41382	515.5	290.0	7	15	79	283.8	2
41388	515.5	290.0	7	15	79	283.6	2
41396	515.5	290.0	7	15	79	283.3	2
41402	515.5	290.0	7	15	79	283.1	2
41409	515.5	290.0	7	15	79	282.8	2
41415	515.5	290.0	7	15	79	282.6	2
41422	515.5	290.0	7	15	79	282.4	2
41428	515.5	290.0	7	15	79	282.1	2
41434	515.5	290.0	7	15	79	281.9	2
41441	515.5	290.0	7	15	79	281.6	2
41448	515.5	290.0	7	15	79	281.4	2
41454	515.5	290.0	7	15	79	281.2	2
41461	515.5	290.0	7	15	79	280.9	2
41467	515.5	290.0	7	15	79	280.7	2
41474	515.5	290.0	7	15	79	280.4	2
41483	515.5	290.0	7	15	79	280.1	2
41490	515.5	290.0	7	15	79	279.8	2
41498	515.5	290.0	7	15	79	279.5	2
41504	515.5	290.0	7	15	79	279.3	2
41513	515.5	290.0	7	15	79	279.0	2
41520	515.5	290.0	7	15	79	278.7	2
41531	515.5	290.0	7	15	79	278.3	2
41540	515.5	290.0	7	15	79	278.0	2
41550	515.5	290.0	7	15	79	277.6	2
41560	515.5	290.0	7	15	79	277.3	2
41567	515.5	290.0	7	15	79	277.0	2
41574	515.5	290.0	7	15	79	276.7	2
41583	515.5	290.0	7	15	79	276.4	2
41591	515.5	290.0	7	15	79	276.1	2
41597	515.5	290.0	7	15	79	275.9	2
41603	515.5	290.0	7	15	79	275.6	2
41611	515.5	290.0	7	15	79	275.4	2
41617	515.5	290.0	7	15	79	275.2	2
41624	515.5	290.0	7	15	79	274.9	2
41635	515.5	290.0	7	16	80	275.6	2
41648	515.5	290.0	7	15	80	275.2	2
41657	515.5	290.0	7	15	80	274.8	2
41664	515.5	290.0	7	15	80	274.5	2
41670	515.5	290.0	7	15	80	274.3	2
41677	515.5	290.0	7	15	80	274.0	2
41683	515.5	290.0	7	15	80	273.8	2
41690	515.5	290.0	7	15	80	273.6	2
41698	515.5	290.0	7	15	80	273.2	2
41704	515.5	290.0	7	15	80	273.0	2
41716	515.5	290.0	7	15	80	272.6	2
41724	515.5	290.0	7	15	80	272.3	2
41732	515.5	290.0	7	15	80	272.0	2
41738	515.5	290.0	7	15	80	271.8	2
41746	515.5	290.0	7	15	80	271.5	2
41752	515.5	290.0	7	15	80	271.2	2
41758	515.5	290.0	7	15	80	271.0	2
41765	515.5	290.0	7	15	80	270.8	2
41771	515.5	290.0	7	15	80	270.5	2
41778	515.5	290.0	7	15	80	270.3	2
41784	515.5	290.0	7	15	80	270.1	2
41789	515.5	290.0	7	15	80	269.8	2
41796	515.5	290.0	7	15	80	269.6	2
41802	515.5	290.0	7	15	80	269.4	2
41810	515.5	290.0	7	15	80	269.1	2
41816	515.5	290.0	7	15	80	268.8	2
41821	515.5	290.0	7	15	80	268.6	2
41829	515.5	290.0	7	15	80	268.4	2
41835	515.5	290.0	7	15	80	268.1	2
41842	515.5	290.0	7	15	80	267.9	2
41848	515.5	290.0	7	15	80	267.6	2
41853	515.5	290.0	7	15	80	267.4	2
41861	515.5	290.0	7	15	80	267.2	2
41867	515.5	290.0	7	15	80	266.9	2
41873	515.5	290.0	7	15	80	266.7	2
41880	515.5	290.0	7	15	80	266.4	2
41886	515.5	290.0	7	15	80	266.2	2
41894	515.5	290.0	7	15	80	265.9	2
41901	515.5	290.0	7	15	80	265.7	2
41910	515.5	290.0	7	15	80	265.3	2
41917	515.5	290.0	7	15	80	265.1	2
41927	515.5	290.0	7	15	80	264.7	2
41935	515.5	290.0	7	15	80	264.4	2
41944	515.5	290.0	7	16	80	264.1	2
41953	515.5	290.0	7	16	80	263.7	2
41961	515.5	290.0	7	16	81	276.0	2
41967	515.5	290.0	7	15	81	275.8	2
41973	515.5	290.0	7	15	81	275.5	2
41981	515.5	290.0	7	15	81	275.2	2
41987	515.5	290.0	7	15	81	274.9	2
41995	515.5	290.0	7	15	81	274.6	2
42001	515.5	290.0	7	15	81	274.3	2
42007	515.5	290.0	7	15	81	274.1	2
42014	515.5	290.0	7	15	81	273.8	2
42020	515.5	290.0	7	15	81	273.5	2
42027	515.5	290.0	7	15	81	273.2	2
42033	515.5	290.0	7	15	81	272.9	2
42039	515.5	290.0	7	15	81	272.7	2
42048	515.5	290.0	7	15	81	272.3	2
42056	515.5	290.0	7	15	81	272.0	2
42065	515.5	290.0	7	15	81	271.6	2
42071	515.5	290.0	7	15	81	271.3	2
42080	515.5	290.0	7	15	81	270.9	2
42086	515.5	290.0	7	15	81	270.7	2
42095	515.5	290.0	7	15	81	270.3	2
42101	515.5	290.0	7	15	81	270.0	2
42108	515.5	290.0	7	15	81	269.7	2
42115	515.5	290.0	7	15	81	269.4	2
42121	515.5	290.0	7	15	81	269.1	2
42129	515.5	290.0	7	15	81	268.8	2
42136	515.5	290.0	7	15	81	268.5	2
42143	515.5	290.0	7	15	81	268.2	2
42149	515.5	290.0	7	15	81	267.9	2
42156	515.5	290.0	7	15	81	267.7	2
42163	515.5	290.0	7	15	81	267.4	2
42169	515.5	290.0	7	15	81	267.1	2
42176	515.5	290.0	7	15	81	266.8	2
42182	515.5	290.0	7	15	81	266.5	2
42188	515.5	290.0	7	15	81	266.3	2
42195	515.5	290.0	7	15	81	266.0	2
42201	515.5	290.0	7	15	81	265.7	2
42208	515.5	290.0	7	15	81	265.4	2
42215	515.5	290.0	7	15	81	265.1	2
42221	515.5	290.0	7	15	81	264.9	2
42228	515.5	290.0	7	15	81	264.6	2
42234	515.5	290.0	7	15	81	264.3	2
42241	515.5	290.0	7	15	81	264.0	2
42248	515.5	290.0	7	16	81	263.7	2
42254	515.5	290.0	7	16	81	263.5	2
42261	515.5	290.0	7	16	81	263.1	2
42267	515.5	290.0	7	16	81	262.9	2
42274	515.5	290.0	7	16	81	262.6	2
42281	515.5	290.0	7	16	81	262.3	2
42287	515.5	290.0	7	16	81	262.0	2
42297	515.5	290.0	7	16	81	261.6	2
42304	515.5	290.0	7	16	81	261.3	2
42312	515.5	290.0	7	16	81	261.0	2
42318	515.5	290.0	7	16	82	288.5	2
42325	515.5	290.0	7	15	82	288.1	2
42332	515.5	290.0	7	15	82	287.9	2
42338	515.5	290.0	7	15	82	287.6	2
42346	515.5	290.0	7	15	82	287.2	2
42352	515.5	290.0	7	15	82	287.0	2
42359	515.5	290.0	7	15	82	286.7	2
42365	515.5	290.0	7	15	82	286.4	2
42371	515.5	290.0	7	15	82	286.2	2
42379	515.5	290.0	7	15	82	285.8	2
42385	515.5	290.0	7	15	82	285.5	2
42392	515.5	290.0	7	15	82	285.3	2
42398	515.5	290.0	7	15	82	285.0	2
42403	515.5	290.0	7	15	82	284.7	2
42410	515.5	290.0	7	15	82	284.4	2
42416	515.5	290.0	7	15	82	284.2	2
42422	515.5	290.0	7	15	82	283.9	2
42430	515.5	290.0	7	15	82	283.6	2
42435	515.5	290.0	7	15	82	283.4	2
42442	515.5	290.0	7	15	82	283.1	2
42449	515.5	290.0	7	15	82	282.8	2
42455	515.5	290.0	7	15	82	282.5	2
42462	515.5	290.0	7	15	82	282.2	2
42468	515.5	290.0	7	15	82	281.9	2
42476	515.5	290.0	7	15	82	281.6	2
42482	515.5	290.0	7	15	82	281.3	2
42489	515.5	290.0	7	15	82	281.0	2
42496	515.5	290.0	7	15	82	280.7	2
42502	515.5	290.0	7	15	82	280.5	2
42509	515.5	290.0	7	15	82	280.2	2
42515	515.5	290.0	7	15	82	279.9	2
42522	515.5	290.0	7	15	82	279.6	2
42530	515.5	290.0	7	15	82	279.3	2
42536	515.5	290.0	7	15	82	279.0	2
42543	515.5	290.0	7	15	82	278.7	2
42550	515.5	290.0	7	15	82	278.4	2
42556	515.5	290.0	7	15	82	278.1	2
42564	515.5	290.0	7	15	82	277.8	2
42570	515.5	290.0	7	15	82	277.5	2
42578	515.5	290.0	7	15	82	277.1	2
42584	515.5	290.0	7	15	82	276.9	2
42593	515.5	290.0	7	15	82	276.5	2
42601	515.5	290.0	7	15	82	276.2	2
42609	515.5	290.0	7	15	82	275.8	2
42616	515.5	290.0	7	15	82	275.5	2
42623	515.5	290.0	7	15	82	275.2	2
42632	515.5	290.0	7	16	82	274.8	2
42638	515.5	290.0	7	16	82	274.6	2
42647	515.5	290.0	7	16	82	274.2	2
42654	515.5	290.0	7	16	82	273.9	2
42666	515.5	290.0	7	16	82	273.4	2
42673	515.5	290.0	7	16	82	273.1	2
42684	515.5	290.0	7	16	83	277.4	2
42695	515.5	290.0	7	15	83	277.0	2
42703	515.5	290.0	7	15	83	276.6	2
42717	515.5	290.0	7	15	83	276.1	2
42726	515.5	290.0	7	15	83	275.7	2
42735	515.5	290.0	7	15	83	275.3	2
42751	515.5	290.0	7	15	83	274.6	2
42761	515.5	290.0	7	15	83	274.2	2
42769	515.5	290.0	7	15	83	273.9	2
42781	515.5	290.0	7	15	83	273.4	2
42794	515.5	290.0	7	15	83	272.9	2
42807	515.5	290.0	7	15	83	272.3	2
42816	515.5	290.0	7	15	83	271.9	2
42825	515.5	290.0	7	15	83	271.5	2
42832	515.5	290.0	7	15	83	271.2	2
42838	515.5	290.0	7	15	83	271.0	2
42847	515.5	290.0	7	15	83	270.6	2
42853	515.5	290.0	7	16	83	270.3	2
42861	515.5	290.0	7	16	83	270.0	2
42867	515.5	290.0	7	16	83	269.8	2
42873	515.5	290.0	7	16	83	269.5	2
42879	515.5	290.0	7	16	83	269.2	2
42885	515.5	290.0	7	16	83	269.0	2
42891	515.5	290.0	7	16	83	268.7	2
42898	515.5	290.0	7	16	83	268.5	2
42904	515.5	290.0	7	16	83	268.2	2
42912	515.5	290.0	7	16	83	267.9	2
42918	515.5	290.0	7	16	83	267.6	2
42923	515.5	290.0	7	16	83	267.4	2
42930	515.5	290.0	7	16	83	267.1	2
42936	515.5	290.0	7	16	83	266.9	2
42943	515.5	290.0	7	16	83	266.6	2
42950	515.5	290.0	7	16	83	266.3	2
42956	515.5	290.0	7	16	83	266.1	2
42963	515.5	290.0	7	16	83	265.8	2
42968	515.5	290.0	7	16	83	265.5	2
42976	515.5	290.0	7	16	83	265.2	2
42982	515.5	290.0	7	16	83	265.0	2
42988	515.5	290.0	7	16	83	264.7	2
42995	515.5	290.0	7	16	83	264.4	2
43001	515.5	290.0	7	16	83	264.1	2
43008	515.5	290.0	7	16	83	263.8	2
43015	515.5	290.0	7	16	84	286.9	2
43021	515.5	290.0	7	15	84	286.7	2
43028	515.5	290.0	7	15	84	286.4	2
43034	515.5	290.0	7	15	84	286.1	2
43041	515.5	290.0	7	15	84	285.9	2
43048	515.5	290.0	7	15	84	285.6	2
43053	515.5	290.0	7	15	84	285.3	2
43061	515.5	290.0	7	15	84	285.0	2
43067	515.5	290.0	7	15	84	284.8	2
43072	515.5	290.0	7	15	84	284.5	2
43080	515.5	290.0	7	15	84	284.2	2
43085	515.5	290.0	7	15	84	284.0	2
43092	515.5	290.0	7	15	84	283.7	2
43098	515.5	290.0	7	15	84	283.4	2
43104	515.5	290.0	7	15	84	283.1	2
43112	515.5	290.0	7	15	84	282.8	2
43118	515.5	290.0	7	15	84	282.6	2
43124	515.5	290.0	7	15	84	282.3	2
43131	515.5	290.0	7	15	84	282.0	2
43137	515.5	290.0	7	15	84	281.8	2
43146	515.5	290.0	7	15	84	281.4	2
43153	515.5	290.0	7	15	84	281.1	2
43160	515.5	290.0	7	15	84	280.8	2
43166	515.5	290.0	7	15	84	280.5	2
43171	515.5	290.0	7	15	84	280.3	2
43178	515.5	290.0	7	15	84	280.0	2
43185	515.5	290.0	7	15	84	279.7	2
43192	515.5	290.0	7	15	84	279.4	2
43198	515.5	290.0	7	15	84	279.2	2
43204	515.5	290.0	7	15	84	278.9	2
43212	515.5	290.0	7	15	84	278.6	2
43218	515.5	290.0	7	15	84	278.3	2
43225	515.5	290.0	7	16	84	278.0	2
43232	515.5	290.0	7	16	84	277.7	2
43238	515.5	290.0	7	16	84	277.5	2
43247	515.5	290.0	7	16	84	277.1	2
43253	515.5	290.0	7	16	84	276.8	2
43263	515.5	290.0	7	16	84	276.4	2
43269	515.5	290.0	7	16	84	276.1	2
43280	515.5	290.0	7	16	84	275.7	2
43286	515.5	290.0	7	16	84	275.4	2
43295	515.5	290.0	7	16	84	275.1	2
43301	515.5	290.0	7	16	84	274.8	2
43309	515.5	290.0	7	16	84	274.4	2
43316	515.5	290.0	7	16	84	274.2	2
43321	515.5	290.0	7	16	84	273.9	2
43328	515.5	290.0	7	16	84	273.6	2
43335	515.5	290.0	7	16	84	273.4	2
43342	515.5	290.0	7	16	84	273.1	2
43349	515.5	290.0	7	16	84	272.8	2
43356	515.5	290.0	7	16	84	272.5	2
43363	515.5	290.0	7	16	84	272.1	2
43369	515.5	290.0	7	16	84	271.9	2
43376	515.5	290.0	7	16	84	271.6	2
43382	515.5	290.0	7	16	84	271.4	2
43387	515.5	290.0	7	16	84	271.1	2
43394	515.5	290.0	7	16	85	273.7	2
43401	515.5	290.0	7	15	85	273.4	2
43407	515.5	290.0	7	15	85	273.1	2
43415	515.5	290.0	7	15	85	272.8	2
43421	515.5	290.0	7	15	85	272.5	2
43429	515.5	290.0	7	15	85	272.2	2
43436	515.5	290.0	7	15	85	271.9	2
43445	515.5	290.0	7	15	85	271.5	2
43451	515.5	290.0	7	15	85	271.2	2
43457	515.5	290.0	7	15	85	270.9	2
43464	515.5	290.0	7	15	85	270.6	2
43470	515.5	290.0	7	15	85	270.4	2
43479	515.5	290.0	7	15	85	270.0	2
43486	515.5	290.0	7	15	85	269.7	2
43493	515.5	290.0	7	15	85	269.4	2
43499	515.5	290.0	7	15	85	269.1	2
43506	515.5	290.0	7	15	85	268.8	2
43515	515.5	290.0	7	15	85	268.4	2
43522	515.5	290.0	7	15	85	268.1	2
43529	515.5	290.0	7	15	85	267.8	2
43535	515.5	290.0	7	15	85	267.5	2
43543	515.5	290.0	7	15	85	267.2	2
43549	515.5	290.0	7	15	85	267.0	2
43555	515.5	290.0	7	15	85	266.7	2
43563	515.5	290.0	7	15	85	266.4	2
43570	515.5	290.0	7	16	85	266.0	2
43579	515.5	290.0	7	16	85	265.7	2
43587	515.5	290.0	7	16	85	265.3	2
43597	515.5	290.0	7	16	85	264.9	2
43605	515.5	290.0	7	16	85	264.6	2
43615	515.5	290.0	7	16	85	264.1	2
43622	515.5	290.0	7	16	85	263.8	2
43632	515.5	290.0	7	16	85	263.4	2
43639	515.5	290.0	7	16	85	263.0	2
43647	515.5	290.0	7	16	85	262.7	2
43654	515.5	290.0	7	16	85	262.4	2
43665	515.5	290.0	7	16	85	261.9	2
43672	515.5	290.0	7	16	85	261.6	2
43682	515.5	290.0	7	16	85	261.2	2
43689	515.5	290.0	7	16	85	260.9	2
43699	515.5	290.0	7	16	85	260.5	2
43709	515.5	290.0	7	16	85	260.0	2
43723	515.5	290.0	7	16	86	313.6	2
43737	515.5	290.0	7	15	86	313.1	2
43749	515.5	290.0	7	15	86	312.6	2
43758	515.5	290.0	7	15	86	312.3	2
43768	515.5	290.0	7	15	86	311.9	2
43779	515.5	290.0	7	16	86	311.5	2
43785	515.5	290.0	7	16	86	311.3	2
43792	515.5	290.0	7	16	86	311.0	2
43799	515.5	290.0	7	16	86	310.8	2
43806	515.5	290.0	7	16	86	310.6	2
43812	515.5	290.0	7	16	86	310.3	2
43818	515.5	290.0	7	16	86	310.1	2
43825	515.5	290.0	7	16	86	309.8	2
43832	515.5	290.0	7	16	86	309.6	2
43838	515.5	290.0	7	16	86	309.4	2
43848	515.5	290.0	7	16	86	309.0	2
43854	515.5	290.0	7	16	86	308.8	2
43863	515.5	290.0	7	16	86	308.5	2
43869	515.5	290.0	7	16	86	308.2	2
43879	515.5	290.0	7	16	86	307.9	2
43885	515.5	290.0	7	16	86	307.6	2
43892	515.5	290.0	7	16	86	307.4	2
43899	515.5	290.0	7	16	86	307.1	2
43905	515.5	290.0	7	16	86	306.9	2
43913	515.5	290.0	7	16	86	306.6	2
43919	515.5	290.0	7	16	86	306.4	2
43926	515.5	290.0	7	16	86	306.1	2
43933	515.5	290.0	7	16	86	305.9	2
43939	515.5	290.0	7	16	86	305.7	2
43947	515.5	290.0	7	16	86	305.4	2
43954	515.5	290.0	7	16	86	305.1	2
43963	515.5	290.0	7	16	86	304.8	2
43969	515.5	290.0	7	16	86	304.5	2
43977	515.5	290.0	7	16	86	304.3	2
43983	515.5	290.0	7	16	86	304.0	2
43990	515.5	290.0	7	16	86	303.8	2
43998	515.5	290.0	7	16	86	303.5	2
44005	515.5	290.0	7	16	86	303.3	2
44013	515.5	290.0	7	16	86	302.9	2
44020	515.5	290.0	7	16	86	302.7	2
44029	515.5	290.0	7	16	86	302.4	2
44035	515.5	290.0	7	16	86	302.1	2
44042	515.5	290.0	7	16	86	301.9	2
44051	515.5	290.0	7	16	86	301.6	2
44062	515.5	290.0	7	16	86	301.2	2
44069	515.5	290.0	7	16	86	300.9	2
44079	515.5	290.0	7	16	86	300.5	2
44086	515.5	290.0	7	17	86	300.3	2
44095	515.5	290.0	7	17	86	299.9	2
44101	515.5	290.0	7	17	86	299.7	2
44110	515.5	290.0	7	17	86	299.4	2
44118	515.5	290.0	7	17	86	299.1	2
44125	515.5	290.0	7	17	86	298.9	2
44133	515.5	290.0	7	17	87	306.4	2
44140	515.5	290.0	7	16	87	306.1	2
44149	515.5	290.0	7	16	87	305.8	2
44155	515.5	290.0	7	16	87	305.5	2
44164	515.5	290.0	7	16	87	305.1	2
44170	515.5	290.0	7	16	87	304.9	2
44178	515.5	290.0	7	16	87	304.6	2
44184	515.5	290.0	7	16	87	304.3	2
44191	515.5	290.0	7	16	87	304.0	2
44197	515.5	290.0	7	16	87	303.8	2
44203	515.5	290.0	7	16	87	303.5	2
44212	515.5	290.0	7	16	87	303.2	2
44220	515.5	290.0	7	16	87	302.9	2
44229	515.5	290.0	7	16	87	302.5	2
44235	515.5	290.0	7	16	87	302.3	2
44242	515.5	290.0	7	16	87	302.0	2
44251	515.5	290.0	7	16	87	301.6	2
44257	515.5	290.0	7	16	87	301.3	2
44268	515.5	290.0	7	16	87	300.9	2
44275	515.5	290.0	7	16	87	300.6	2
44282	515.5	290.0	7	16	87	300.3	2
44288	515.5	290.0	7	16	87	300.1	2
44296	515.5	290.0	7	16	87	299.8	2
44304	515.5	290.0	7	16	87	299.4	2
44319	515.5	290.0	7	16	87	298.8	2
44333	515.5	290.0	7	16	87	298.2	2
44341	515.5	290.0	7	16	87	297.9	2
44351	515.5	290.0	7	16	87	297.5	2
44358	515.5	290.0	7	17	87	297.2	2
44366	515.5	290.0	7	17	87	296.9	2
44373	515.5	290.0	7	17	87	296.6	2
44382	515.5	290.0	7	17	87	296.2	2
44388	515.5	290.0	7	17	87	296.0	2
44397	515.5	290.0	7	17	87	295.6	2
44403	515.5	290.0	7	17	87	295.4	2
44411	515.5	290.0	7	17	87	295.0	2
44418	515.5	290.0	7	17	87	294.8	2
44429	515.5	290.0	7	17	87	294.4	2
44437	515.5	290.0	7	17	87	294.0	2
44450	515.5	290.0	7	17	87	293.5	2
44457	515.5	290.0	7	17	87	293.2	2
44466	515.5	290.0	7	17	87	292.8	2
44473	515.5	290.0	7	17	87	292.5	2
44480	515.5	290.0	7	17	87	292.2	2
44487	515.5	290.0	7	17	87	292.0	2
44495	515.5	290.0	7	17	87	291.6	2
44501	515.5	290.0	7	17	87	291.4	2
44510	515.5	290.0	7	17	87	291.0	2
44516	515.5	290.0	7	17	87	290.8	2
44522	515.5	290.0	7	17	87	290.5	2
44530	515.5	290.0	7	17	88	290.2	2
44537	515.5	290.0	7	16	88	289.9	2
44545	515.5	290.0	7	16	88	289.6	2
44551	515.5	290.0	7	16	88	289.3	2
44558	515.5	290.0	7	16	88	289.1	2
44564	515.5	290.0	7	16	88	288.8	2
44570	515.5	290.0	7	16	88	288.6	2
44579	515.5	290.0	7	16	88	288.2	2
44586	515.5	290.0	7	16	88	287.9	2
44594	515.5	290.0	7	16	88	287.6	2
44601	515.5	290.0	7	16	88	287.3	2
44610	515.5	290.0	7	16	88	286.9	2
44618	515.5	290.0	7	16	88	286.6	2
44633	515.5	290.0	7	16	88	286.0	2
44643	515.5	290.0	7	16	88	285.6	2
44653	515.5	290.0	7	16	88	285.2	2
44666	515.5	290.0	7	16	88	284.6	2
44675	515.5	290.0	7	16	88	284.3	2
44686	515.5	290.0	7	16	88	283.8	2
44699	515.5	290.0	7	16	88	283.3	2
44711	515.5	290.0	7	17	88	282.8	2
44722	515.5	290.0	7	17	88	282.4	2
44732	515.5	290.0	7	17	88	282.0	2
44742	515.5	290.0	7	17	88	281.5	2
44750	515.5	290.0	7	17	88	281.2	2
44759	515.5	290.0	7	17	88	280.9	2
44767	515.5	290.0	7	17	88	280.6	2
44775	515.5	290.0	7	17	88	280.2	2
44782	515.5	290.0	7	17	88	279.9	2
44788	515.5	290.0	7	17	88	279.7	2
44795	515.5	290.0	7	17	88	279.4	2
44801	515.5	290.0	7	17	88	279.1	2
44808	515.5	290.0	7	17	88	278.9	2
44815	515.5	290.0	7	17	89	293.6	2
44821	515.5	290.0	7	16	89	293.4	2
44829	515.5	290.0	7	16	89	293.1	2
44834	515.5	290.0	7	16	89	292.8	2
44840	515.5	290.0	7	16	89	292.6	2
44847	515.5	290.0	7	16	89	292.3	2
44854	515.5	290.0	7	16	89	292.1	2
44861	515.5	290.0	7	16	89	291.8	2
44867	515.5	290.0	7	16	89	291.5	2
44874	515.5	290.0	7	16	89	291.3	2
44881	515.5	290.0	7	16	89	291.0	2
44887	515.5	290.0	7	16	89	290.7	2
44894	515.5	290.0	7	16	89	290.4	2
44900	515.5	290.0	7	16	89	290.2	2
44907	515.5	290.0	7	16	89	289.9	2
44914	515.5	290.0	7	16	89	289.6	2
44920	515.5	290.0	7	16	89	289.4	2
44927	515.5	290.0	7	16	89	289.1	2
44933	515.5	290.0	7	17	89	288.9	2
44939	515.5	290.0	7	17	89	288.6	2
44946	515.5	290.0	7	17	89	288.3	2
44953	515.5	290.0	7	17	89	288.1	2
44961	515.5	290.0	7	17	89	287.8	2
44967	515.5	290.0	7	17	89	287.5	2
44973	515.5	290.0	7	17	89	287.3	2
44979	515.5	290.0	7	17	89	287.0	2
44985	515.5	290.0	7	17	89	286.8	2
44992	515.5	290.0	7	17	89	286.5	2
44999	515.5	290.0	7	17	89	286.2	2
45006	515.5	290.0	7	17	89	286.0	2
45015	515.5	290.0	7	17	89	285.6	2
45022	515.5	290.0	7	17	89	285.3	2
45033	515.5	290.0	7	17	89	284.9	2
45039	515.5	290.0	7	17	89	284.6	2
45047	515.5	290.0	7	17	89	284.3	2
45053	515.5	290.0	7	17	89	284.1	2
45061	515.5	290.0	7	17	89	283.8	2
45068	515.5	290.0	7	17	89	283.5	2
45075	515.5	290.0	7	17	89	283.2	2
45081	515.5	290.0	7	17	89	282.9	2
45087	515.5	290.0	7	17	89	282.7	2
45096	515.5	290.0	7	17	89	282.3	2
45103	515.5	290.0	7	17	89	282.1	2
45111	515.5	290.0	7	17	89	281.7	2
45117	515.5	290.0	7	17	89	281.5	2
45123	515.5	290.0	7	17	89	281.2	2
45131	515.5	290.0	7	17	89	280.9	2
45138	515.5	290.0	7	17	89	280.7	2
45145	515.5	290.0	7	17	89	280.4	2
45151	515.5	290.0	7	17	89	280.1	2
45158	515.5	290.0	7	17	89	279.8	2
45165	515.5	290.0	7	17	89	279.6	2
45170	515.5	290.0	7	17	90	375.9	2
45179	515.5	290.0	7	16	90	375.5	2
45185	515.5	290.0	7	16	90	375.3	2
45192	515.5	290.0	7	16	90	375.0	2
45200	515.5	290.0	7	16	90	374.7	2
45206	515.5	290.0	7	16	90	374.4	2
45213	515.5	290.0	7	16	90	374.1	2
45219	515.5	290.0	7	16	90	373.8	2
45227	515.5	290.0	7	18	90	373.5	2
45233	515.5	290.0	7	18	90	373.2	2
45239	515.5	290.0	7	18	90	373.0	2
45247	515.5	290.0	7	18	90	372.7	2
45253	515.5	290.0	7	18	90	372.4	2
45260	515.5	290.0	7	18	90	372.1	2
45266	515.5	290.0	7	18	90	371.8	2
45272	515.5	290.0	7	18	90	371.6	2
45279	515.5	290.0	7	18	90	371.3	2
45285	515.5	290.0	7	18	90	371.1	2
45291	515.5	290.0	7	18	90	370.8	2
45298	515.5	290.0	7	18	90	370.5	2
45304	515.5	290.0	7	18	90	370.2	2
45313	515.5	290.0	7	18	90	369.9	2
45319	515.5	290.0	7	18	90	369.6	2
45326	515.5	290.0	7	18	90	369.3	2
45333	515.5	290.0	7	18	90	369.0	2
45340	515.5	290.0	7	18	90	368.7	2
45347	515.5	290.0	7	18	90	368.4	2
45354	515.5	290.0	7	18	90	368.2	2
45362	515.5	290.0	7	18	90	367.8	2
45368	515.5	290.0	7	18	90	367.6	2
45374	515.5	290.0	7	18	90	367.3	2
45382	515.5	290.0	7	18	90	367.0	2
45388	515.5	290.0	7	18	90	366.7	2
45397	515.5	290.0	7	18	90	366.3	2
45404	515.5	290.0	7	18	90	366.0	2
45412	515.5	290.0	7	18	90	365.7	2
45418	515.5	290.0	7	18	90	365.5	2
45425	515.5	290.0	7	18	90	365.2	2
45432	515.5	290.0	7	18	90	364.9	2
45438	515.5	290.0	7	18	90	364.6	2
45448	515.5	290.0	7	18	90	364.2	2
45454	515.5	290.0	7	18	90	363.9	2
45464	515.5	290.0	7	18	90	363.5	2
45471	515.5	290.0	7	18	90	363.2	2
45480	515.5	290.0	7	18	90	362.9	2
45486	515.5	290.0	7	18	90	362.6	2
45495	515.5	290.0	7	18	90	362.2	2
45501	515.5	290.0	7	18	90	361.9	2
45511	515.5	290.0	7	18	90	361.6	2
45517	515.5	290.0	7	18	90	361.3	2
45526	515.5	290.0	7	18	90	360.9	2
45533	515.5	290.0	7	18	90	360.6	2
45539	515.5	290.0	7	18	90	360.4	2
45548	515.5	290.0	7	18	90	360.0	2
45555	515.5	290.0	7	18	90	359.7	2
45564	515.5	290.0	7	18	90	359.3	2
45571	515.5	290.0	7	18	90	359.0	2
45581	515.5	290.0	7	18	90	358.6	2
45587	515.5	290.0	7	18	90	358.3	2
45597	515.5	290.0	7	18	90	357.9	2
45603	515.5	290.0	7	18	90	357.7	2
45610	515.5	290.0	7	18	90	357.3	2
45617	515.5	290.0	7	18	91	359.4	2
45625	515.5	290.0	7	17	91	359.1	2
45633	515.5	290.0	7	17	91	358.8	2
45639	515.5	290.0	7	17	91	358.6	2
45647	515.5	290.0	7	17	91	358.3	2
45653	515.5	290.0	7	18	91	358.0	2
45663	515.5	290.0	7	18	91	357.7	2
45669	515.5	290.0	7	18	91	357.4	2
45676	515.5	290.0	7	18	91	357.1	2
45683	515.5	290.0	7	18	91	356.9	2
45688	515.5	290.0	7	18	91	356.7	2
45697	515.5	290.0	7	18	91	356.3	2
45703	515.5	290.0	7	18	91	356.1	2
45711	515.5	290.0	7	18	91	355.8	2
45717	515.5	290.0	7	18	91	355.6	2
45723	515.5	290.0	7	18	91	355.4	2
45730	515.5	290.0	7	18	91	355.1	2
45736	515.5	290.0	7	18	91	354.8	2
45743	515.5	290.0	7	18	91	354.6	2
45749	515.5	290.0	7	18	91	354.4	2
45755	515.5	290.0	7	18	91	354.1	2
45763	515.5	290.0	7	18	91	353.8	2
45769	515.5	290.0	7	18	91	353.6	2
45776	515.5	290.0	7	18	91	353.3	2
45783	515.5	290.0	7	18	91	353.1	2
45789	515.5	290.0	7	18	91	352.8	2
45797	515.5	290.0	7	18	91	352.5	2
45803	515.5	290.0	7	18	91	352.3	2
45811	515.5	290.0	7	18	91	352.0	2
45817	515.5	290.0	7	18	91	351.8	2
45823	515.5	290.0	7	18	91	351.5	2
45830	515.5	290.0	7	18	91	351.3	2
45836	515.5	290.0	7	19	91	351.0	2
45844	515.5	290.0	7	19	91	350.7	2
45850	515.5	290.0	7	19	91	350.5	2
45857	515.5	290.0	7	19	91	350.2	2
45865	515.5	290.0	7	19	91	349.9	2
45872	515.5	290.0	7	19	91	349.7	2
45880	515.5	290.0	7	19	91	349.4	2
45886	515.5	290.0	7	19	91	349.1	2
45892	515.5	290.0	7	19	91	348.9	2
45899	515.5	290.0	7	19	91	348.6	2
45907	515.5	290.0	7	19	91	348.3	2
45915	515.5	290.0	7	19	91	348.0	2
45921	515.5	290.0	7	19	91	347.8	2
45932	515.5	290.0	7	19	91	347.4	2
45942	515.5	290.0	7	19	91	347.0	2
45949	515.5	290.0	7	19	91	346.7	2
45955	515.5	290.0	7	19	91	346.5	2
45963	515.5	290.0	7	19	92	347.7	2
45969	515.5	290.0	7	18	92	347.5	2
45977	515.5	290.0	7	18	92	347.2	2
45983	515.5	290.0	7	18	92	347.0	2
45989	515.5	290.0	7	18	92	346.8	2
45996	515.5	290.0	7	18	92	346.5	2
46002	515.5	290.0	7	18	92	346.2	2
46008	515.5	290.0	7	18	92	346.0	2
46015	515.5	290.0	7	18	92	345.7	2
46021	515.5	290.0	7	18	92	345.5	2
46029	515.5	290.0	7	18	92	345.2	2
46035	515.5	290.0	7	18	92	345.0	2
46044	515.5	290.0	7	18	92	344.6	2
46050	515.5	290.0	7	18	92	344.4	2
46057	515.5	290.0	7	18	92	344.1	2
46065	515.5	290.0	7	18	92	343.8	2
46071	515.5	290.0	7	18	92	343.6	2
46080	515.5	290.0	7	18	92	343.2	2
46086	515.5	290.0	7	18	92	343.0	2
46094	515.5	290.0	7	18	92	342.7	2
46100	515.5	290.0	7	18	92	342.4	2
46108	515.5	290.0	7	18	92	342.1	2
46115	515.5	290.0	7	18	92	341.9	2
46121	515.5	290.0	7	18	92	341.7	2
46128	515.5	290.0	7	18	92	341.4	2
46135	515.5	290.0	7	18	92	341.1	2
46144	515.5	290.0	7	18	92	340.7	2
46151	515.5	290.0	7	18	92	340.5	2
46160	515.5	290.0	7	18	92	340.2	2
46167	515.5	290.0	7	18	92	339.9	2
46174	515.5	290.0	7	19	92	339.6	2
46182	515.5	290.0	7	19	92	339.3	2
46188	515.5	290.0	7	19	92	339.1	2
46196	515.5	290.0	7	19	92	338.7	2
46203	515.5	290.0	7	19	92	338.5	2
46212	515.5	290.0	7	19	92	338.1	2
46218	515.5	290.0	7	19	92	337.9	2
46228	515.5	290.0	7	19	92	337.5	2
46235	515.5	290.0	7	19	92	337.3	2
46243	515.5	290.0	7	19	92	336.9	2
46251	515.5	290.0	7	19	92	336.6	2
46257	515.5	290.0	7	19	92	336.4	2
46266	515.5	290.0	7	19	92	336.0	2
46272	515.5	290.0	7	19	92	335.8	2
46281	515.5	290.0	7	19	92	335.5	2
46287	515.5	290.0	7	19	92	335.2	2
46296	515.5	290.0	7	19	92	334.9	2
46302	515.5	290.0	7	19	92	334.6	2
46311	515.5	290.0	7	19	92	334.3	2
46317	515.5	290.0	7	19	92	334.0	2
46325	515.5	290.0	7	19	92	333.8	2
46332	515.5	290.0	7	19	92	333.5	2
46338	515.5	290.0	7	19	92	333.3	2
46349	515.5	290.0	7	19	92	332.9	2
46355	515.5	290.0	7	19	92	332.6	2
46363	515.5	290.0	7	19	92	332.3	2
46368	515.5	290.0	7	19	92	332.1	2
46375	515.5	290.0	7	19	92	331.8	2
46381	515.5	290.0	7	19	92	331.6	2
46386	515.5	290.0	7	19	92	331.4	2
46393	515.5	290.0	7	19	92	331.1	2
46399	515.5	290.0	7	19	92	330.9	2
46405	515.5	290.0	7	19	92	330.7	2
46412	515.5	290.0	7	19	92	330.4	2
46418	515.5	290.0	7	19	92	330.2	2
46424	515.5	290.0	7	19	92	329.9	2
46431	515.5	290.0	7	19	92	329.7	2
46438	515.5	290.0	7	19	92	329.4	2
46446	515.5	290.0	7	19	92	329.1	2
46452	515.5	290.0	7	19	92	328.9	2
46460	515.5	290.0	7	19	92	328.6	2
46466	515.5	290.0	7	19	92	328.3	2
46473	515.5	290.0	7	19	92	328.0	2
46481	515.5	290.0	7	19	92	327.7	2
46487	515.5	290.0	7	20	92	327.5	2
46495	515.5	290.0	7	20	92	327.2	2
46502	515.5	290.0	7	20	92	326.9	2
46511	515.5	290.0	7	20	92	326.5	2
46518	515.5	290.0	7	20	92	326.3	2
46527	515.5	290.0	7	20	92	326.0	2
46533	515.5	290.0	7	20	92	325.7	2
46541	515.5	290.0	7	20	92	325.4	2
46550	515.5	290.0	7	20	92	325.0	2
46557	515.5	290.0	7	20	92	324.8	2
46566	515.5	290.0	7	20	92	324.4	2
46571	515.5	290.0	7	20	92	324.2	2
46579	515.5	290.0	7	20	92	323.9	2
46584	515.5	290.0	7	20	92	323.7	2
46591	515.5	290.0	7	20	92	323.5	2
46597	515.5	290.0	7	20	92	323.2	2
46603	515.5	290.0	7	20	92	323.0	2
46610	515.5	290.0	7	20	92	322.7	2
46617	515.5	290.0	7	20	92	322.5	2
46625	515.5	290.0	7	20	92	322.2	2
46637	515.5	290.0	7	20	92	321.7	2
46646	515.5	290.0	7	20	93	322.1	2
46653	515.5	290.0	7	19	93	321.8	2
46661	515.5	290.0	7	19	93	321.5	2
46670	515.5	290.0	7	19	93	321.1	2
46685	515.5	290.0	7	19	93	320.5	2
46695	515.5	290.0	7	19	93	320.1	2
46705	515.5	290.0	7	19	93	319.7	2
46715	515.5	290.0	7	19	93	319.2	2
46721	515.5	290.0	7	19	93	319.0	2
46729	515.5	290.0	7	19	93	318.7	2
46736	515.5	290.0	7	19	93	318.4	2
46743	515.5	290.0	7	19	93	318.1	2
46752	515.5	290.0	7	19	93	317.7	2
46759	515.5	290.0	7	19	93	317.4	2
46766	515.5	290.0	7	19	93	317.1	2
46772	515.5	290.0	7	19	93	316.9	2
46780	515.5	290.0	7	19	93	316.5	2
46786	515.5	290.0	7	19	93	316.3	2
46796	515.5	290.0	7	20	93	315.9	2
46802	515.5	290.0	7	20	93	315.6	2
46810	515.5	290.0	7	20	93	315.3	2
46819	515.5	290.0	7	20	93	314.9	2
46827	515.5	290.0	7	20	93	314.6	2
46833	515.5	290.0	7	20	93	314.3	2
46839	515.5	290.0	7	20	93	314.1	2
46846	515.5	290.0	7	20	93	313.8	2
46852	515.5	290.0	7	20	93	313.5	2
46861	515.5	290.0	7	20	93	313.1	2
46868	515.5	290.0	7	20	93	312.9	2
46877	515.5	290.0	7	20	93	312.5	2
46884	515.5	290.0	7	20	93	312.2	2
46891	515.5	290.0	7	20	93	311.9	2
46898	515.5	290.0	7	20	93	311.6	2
46905	515.5	290.0	7	20	93	311.3	2
46914	515.5	290.0	7	20	93	311.0	2
46920	515.5	290.0	7	20	93	310.7	2
46929	515.5	290.0	7	20	93	310.3	2
46936	515.5	290.0	7	20	93	310.0	2
46945	515.5	290.0	7	20	93	309.6	2
46952	515.5	290.0	7	20	93	309.4	2
46963	515.5	290.0	7	20	93	308.9	2
46969	515.5	290.0	7	20	93	308.6	2
46979	515.5	290.0	7	20	93	308.2	2
46985	515.5	290.0	7	20	93	308.0	2
46992	515.5	290.0	7	20	93	307.7	2
46999	515.5	290.0	7	20	93	307.4	2
47004	515.5	290.0	7	20	93	307.2	2
47012	515.5	290.0	7	20	93	306.9	2
47018	515.5	290.0	7	20	93	306.6	2
47026	515.5	290.0	7	20	93	306.3	2
47033	515.5	290.0	7	20	93	306.0	2
47038	515.5	290.0	7	20	93	305.8	2
47045	515.5	290.0	7	20	93	305.5	2
47051	515.5	290.0	7	20	93	305.2	2
47058	515.5	290.0	7	20	93	304.9	2
47064	515.5	290.0	7	20	93	304.7	2
47070	515.5	290.0	7	20	93	304.4	2
47077	515.5	290.0	7	20	93	304.2	2
47083	515.5	290.0	7	20	93	303.9	2
47088	515.5	290.0	7	20	93	303.7	2
47096	515.5	290.0	7	20	93	303.4	2
47102	515.5	290.0	7	20	93	303.1	2
47109	515.5	290.0	7	20	93	302.8	2
47114	515.5	290.0	7	20	93	302.6	2
47120	515.5	290.0	7	20	93	302.4	2
47127	515.5	290.0	7	20	93	302.0	2
47133	515.5	290.0	7	20	93	301.8	2
47138	515.5	290.0	7	20	93	301.6	2
47145	515.5	290.0	7	20	93	301.3	2
47151	515.5	290.0	7	20	93	301.1	2
47157	515.5	290.0	7	20	93	300.8	2
47164	515.5	290.0	7	20	93	300.5	2
47169	515.5	290.0	7	20	93	300.3	2
47177	515.5	290.0	7	21	93	300.0	2
47183	515.5	290.0	7	21	93	299.7	2
47188	515.5	290.0	7	21	93	299.5	2
47195	515.5	290.0	7	21	93	299.2	2
47201	515.5	290.0	7	21	93	299.0	2
47207	515.5	290.0	7	21	93	298.7	2
47214	515.5	290.0	7	21	93	298.4	2
47220	515.5	290.0	7	21	93	298.2	2
47228	515.5	290.0	7	21	93	297.9	2
47234	515.5	290.0	7	21	93	297.6	2
47240	515.5	290.0	7	21	93	297.4	2
47247	515.5	290.0	7	21	93	297.1	2
47253	515.5	290.0	7	21	93	296.8	2
47260	515.5	290.0	7	21	93	296.5	2
47266	515.5	290.0	7	21	93	296.3	2
47273	515.5	290.0	7	21	93	296.0	2
47280	515.5	290.0	7	21	93	295.7	2
47286	515.5	290.0	7	21	93	295.5	2
47295	515.5	290.0	7	21	93	295.1	2
47301	515.5	290.0	7	21	93	294.8	2
47309	515.5	290.0	7	21	93	294.5	2
47316	515.5	290.0	7	21	94	311.9	2
47323	515.5	290.0	7	20	94	311.6	2
47331	515.5	290.0	7	20	94	311.3	2
47337	515.5	290.0	7	20	94	311.1	2
47346	515.5	290.0	7	20	94	310.7	2
47352	515.5	290.0	7	20	94	310.5	2
47360	515.5	290.0	7	20	94	310.2	2
47367	515.5	290.0	7	20	94	309.9	2
47374	515.5	290.0	7	20	94	309.7	2
47381	515.5	290.0	7	20	94	309.4	2
47387	515.5	290.0	7	20	94	309.2	2
47398	515.5	290.0	7	21	94	308.8	2
47404	515.5	290.0	7	21	94	308.5	2
47414	515.5	290.0	7	21	94	308.2	2
47420	515.5	290.0	7	21	94	307.9	2
47429	515.5	290.0	7	21	94	307.6	2
47435	515.5	290.0	7	21	94	307.4	2
47442	515.5	290.0	7	21	94	307.1	2
47450	515.5	290.0	7	21	94	306.8	2
47460	515.5	290.0	7	21	94	306.5	2
47469	515.5	290.0	7	21	94	306.1	2
47476	515.5	290.0	7	21	94	305.8	2
47483	515.5	290.0	7	21	94	305.6	2
47489	515.5	290.0	7	21	94	305.4	2
47497	515.5	290.0	7	21	94	305.0	2
47504	515.5	290.0	7	21	94	304.8	2
47512	515.5	290.0	7	21	94	304.5	2
47519	515.5	290.0	7	21	94	304.2	2
47528	515.5	290.0	7	21	94	303.9	2
47534	515.5	290.0	7	21	94	303.7	2
47541	515.5	290.0	7	21	94	303.4	2
47548	515.5	290.0	7	21	94	303.1	2
47555	515.5	290.0	7	21	94	302.9	2
47562	515.5	290.0	7	21	94	302.6	2
47568	515.5	290.0	7	21	94	302.4	2
47575	515.5	290.0	7	21	94	302.1	2
47583	515.5	290.0	7	21	94	301.8	2
47589	515.5	290.0	7	21	94	301.6	2
47597	515.5	290.0	7	21	94	301.3	2
47604	515.5	290.0	7	21	94	301.0	2
47611	515.5	290.0	7	21	94	300.7	2
47618	515.5	290.0	7	21	94	300.5	2
47625	515.5	290.0	7	21	94	300.2	2
47633	515.5	290.0	7	21	94	299.9	2
47640	515.5	290.0	7	21	94	299.7	2
47647	515.5	290.0	7	21	94	299.4	2
47654	515.5	290.0	7	21	94	299.1	2
47663	515.5	290.0	7	21	94	298.8	2
47670	515.5	290.0	7	21	95	302.4	2
47678	515.5	290.0	7	20	95	302.1	2
47684	515.5	290.0	7	20	95	301.8	2
47691	515.5	290.0	7	20	95	301.6	2
47699	515.5	290.0	7	20	95	301.3	2
47705	515.5	290.0	7	20	95	301.1	2
47713	515.5	290.0	7	20	95	300.8	2
47719	515.5	290.0	7	20	95	300.5	2
47725	515.5	290.0	7	20	95	300.3	2
47732	515.5	290.0	7	20	95	300.1	2
47737	515.5	290.0	7	20	95	299.9	2
47744	515.5	290.0	7	20	95	299.6	2
47750	515.5	290.0	7	20	95	299.4	2
47756	515.5	290.0	7	20	95	299.2	2
47763	515.5	290.0	7	21	95	298.9	2
47768	515.5	290.0	7	21	95	298.7	2
47774	515.5	290.0	7	21	95	298.5	2
47780	515.5	290.0	7	21	95	298.3	2
47786	515.5	290.0	7	21	95	298.1	2
47793	515.5	290.0	7	21	95	297.8	2
47800	515.5	290.0	7	21	95	297.6	2
47806	515.5	290.0	7	21	95	297.4	2
47814	515.5	290.0	7	21	95	297.1	2
47820	515.5	290.0	7	21	95	296.8	2
47827	515.5	290.0	7	21	95	296.6	2
47834	515.5	290.0	7	21	95	296.3	2
47840	515.5	290.0	7	21	95	296.1	2
47847	515.5	290.0	7	21	95	295.8	2
47853	515.5	290.0	7	21	95	295.6	2
47861	515.5	290.0	7	21	95	295.3	2
47867	515.5	290.0	7	21	95	295.1	2
47874	515.5	290.0	7	21	95	294.9	2
47882	515.5	290.0	7	21	95	294.6	2
47888	515.5	290.0	7	21	95	294.3	2
47896	515.5	290.0	7	21	95	294.0	2
47904	515.5	290.0	7	21	95	293.8	2
47915	515.5	290.0	7	21	95	293.4	2
47926	515.5	290.0	7	21	95	293.0	2
47934	515.5	290.0	7	21	95	292.6	2
47941	515.5	290.0	7	21	95	292.4	2
47950	515.5	290.0	7	21	95	292.0	2
47957	515.5	290.0	7	21	95	291.8	2
47965	515.5	290.0	7	21	95	291.5	2
47971	515.5	290.0	7	21	95	291.3	2
47980	515.5	290.0	7	21	95	291.0	2
47986	515.5	290.0	7	21	95	290.7	2
47997	515.5	290.0	7	21	95	290.3	2
48004	515.5	290.0	7	21	95	290.1	2
48014	515.5	290.0	7	21	95	289.7	2
48020	515.5	290.0	7	21	95	289.5	2
48028	515.5	290.0	7	21	95	289.2	2
48034	515.5	290.0	7	21	95	289.0	2
48040	515.5	290.0	7	21	95	288.8	2
48048	515.5	290.0	7	21	95	288.4	2
48054	515.5	290.0	7	21	95	288.2	2
48061	515.5	290.0	7	21	95	288.0	2
48067	515.5	290.0	7	21	95	287.7	2
48075	515.5	290.0	7	21	95	287.5	2
48083	515.5	290.0	7	21	95	287.1	2
48090	515.5	290.0	7	21	95	286.9	2
48099	515.5	290.0	7	21	95	286.6	2
48106	515.5	290.0	7	21	95	286.3	2
48117	515.5	290.0	7	22	95	285.9	2
48123	515.5	290.0	7	22	95	285.7	2
48134	515.5	290.0	7	22	95	285.3	2
48140	515.5	290.0	7	22	95	285.1	2
48148	515.5	290.0	7	22	95	284.8	2
48153	515.5	290.0	7	22	95	284.6	2
48164	515.5	290.0	7	22	95	284.2	2
48170	515.5	290.0	7	22	95	284.0	2
48178	515.5	290.0	7	22	95	283.7	2
48185	515.5	290.0	7	22	95	283.4	2
48193	515.5	290.0	7	22	95	283.1	2
48199	515.5	290.0	7	22	96	282.9	2
48206	515.5	290.0	7	21	96	282.6	2
48216	515.5	290.0	7	21	96	282.3	2
48222	515.5	290.0	7	21	96	282.1	2
48231	515.5	290.0	7	21	96	281.7	2
48237	515.5	290.0	7	21	96	281.5	2
48247	515.5	290.0	7	21	96	281.1	2
48253	515.5	290.0	7	21	96	280.9	2
48263	515.5	290.0	7	21	96	280.5	2
48270	515.5	290.0	7	21	96	280.3	2
48279	515.5	290.0	7	21	96	280.0	2
48285	515.5	290.0	7	21	96	279.7	2
48291	515.5	290.0	7	21	96	279.5	2
48298	515.5	290.0	7	21	96	279.3	2
48303	515.5	290.0	7	21	96	279.1	2
48311	515.5	290.0	7	21	96	278.8	2
48317	515.5	290.0	7	22	96	278.6	2
48324	515.5	290.0	7	22	96	278.3	2
48330	515.5	290.0	7	22	96	278.1	2
48337	515.5	290.0	7	22	96	277.8	2
48346	515.5	290.0	7	22	97	277.5	2
48352	515.5	290.0	7	21	97	277.3	2
48360	515.5	290.0	7	21	97	277.0	2
48367	515.5	290.0	7	21	97	276.7	2
48375	515.5	290.0	7	21	97	276.4	2
48382	515.5	290.0	7	21	97	276.1	2
48389	515.5	290.0	7	21	97	275.9	2
48398	515.5	290.0	7	21	97	275.6	2
48404	515.5	290.0	7	21	97	275.4	2
48411	515.5	290.0	7	21	97	275.1	2
48418	515.5	290.0	7	21	97	274.8	2
48425	515.5	290.0	7	21	97	274.6	2
48431	515.5	290.0	7	21	97	274.4	2
48437	515.5	290.0	7	21	97	274.1	2
48445	515.5	290.0	7	21	97	273.9	2
48451	515.5	290.0	7	21	97	273.6	2
48457	515.5	290.0	7	21	97	273.4	2
48464	515.5	290.0	7	21	97	273.1	2
48470	515.5	290.0	7	21	97	272.9	2
48478	515.5	290.0	7	21	97	272.6	2
48485	515.5	290.0	7	21	97	272.4	2
48493	515.5	290.0	7	21	97	272.1	2
48500	515.5	290.0	7	21	97	271.8	2
48507	515.5	290.0	7	21	97	271.6	2
48514	515.5	290.0	7	21	97	271.3	2
48520	515.5	290.0	7	21	97	271.1	2
48528	515.5	290.0	7	21	97	270.8	2
48535	515.5	290.0	7	21	97	270.6	2
48542	515.5	290.0	7	21	97	270.3	2
48549	515.5	290.0	7	21	97	270.0	2
48557	515.5	290.0	7	21	97	269.8	2
48567	515.5	290.0	7	21	97	269.4	2
48574	515.5	290.0	7	21	97	269.1	2
48581	515.5	290.0	7	21	97	268.8	2
48588	515.5	290.0	7	21	97	268.6	2
48596	515.5	290.0	7	21	97	268.3	2
48603	515.5	290.0	7	21	97	268.0	2
48611	515.5	290.0	7	21	97	267.7	2
48617	515.5	290.0	7	21	97	267.5	2
48624	515.5	290.0	7	21	97	267.3	2
48634	515.5	290.0	7	21	97	266.9	2
48641	515.5	290.0	7	22	97	266.7	2
48650	515.5	290.0	7	22	97	266.3	2
48657	515.5	290.0	7	22	97	266.1	2
48666	515.5	290.0	7	22	97	265.7	2
48674	515.5	290.0	7	22	97	265.4	2
48682	515.5	290.0	7	22	97	265.1	2
48689	515.5	290.0	7	22	97	264.9	2
48698	515.5	290.0	7	22	97	264.5	2
48706	515.5	290.0	7	22	97	264.3	2
48714	515.5	290.0	7	22	98	264.0	2
48720	515.5	290.0	7	21	98	263.7	2
48727	515.5	290.0	7	21	98	263.5	2
48732	515.5	290.0	7	21	98	263.3	2
48739	515.5	290.0	7	21	98	263.1	2
48746	515.5	290.0	7	21	98	262.8	2
48752	515.5	290.0	7	21	98	262.5	2
48760	515.5	290.0	7	21	98	262.3	2
48766	515.5	290.0	7	21	98	262.0	2
48773	515.5	290.0	7	21	98	261.8	2
48780	515.5	290.0	7	21	98	261.5	2
48787	515.5	290.0	7	21	98	261.3	2
48796	515.5	290.0	7	21	98	260.9	2
48803	515.5	290.0	7	21	98	260.7	2
48812	515.5	290.0	7	21	98	260.3	2
48819	515.5	290.0	7	21	98	260.1	2
48828	515.5	290.0	7	21	98	259.7	2
48836	515.5	290.0	7	21	98	259.5	2
48846	515.5	290.0	7	21	98	259.1	2
48852	515.5	290.0	7	21	98	258.9	2
48860	515.5	290.0	7	21	98	258.6	2
48866	515.5	290.0	7	21	98	258.4	2
48875	515.5	290.0	7	21	98	258.0	2
48883	515.5	290.0	7	21	98	257.8	2
48891	515.5	290.0	7	21	98	257.5	2
48900	515.5	290.0	7	21	98	257.1	2
48908	515.5	290.0	7	22	98	256.8	2
48917	515.5	290.0	7	22	98	256.5	2
48926	515.5	290.0	7	22	98	256.2	2
48933	515.5	290.0	7	22	98	255.9	2
48940	515.5	290.0	7	22	98	255.7	2
48950	515.5	290.0	7	22	98	255.3	2
48962	515.5	290.0	7	22	98	254.8	2
48969	515.5	290.0	7	22	98	254.6	2
48979	515.5	290.0	7	22	98	254.2	2
48985	515.5	290.0	7	22	98	254.0	2
48993	515.5	290.0	7	22	98	253.7	2
49000	515.5	290.0	7	22	98	253.5	2
49006	515.5	290.0	7	22	98	253.2	2
49013	515.5	290.0	7	22	99	292.2	2
49020	515.5	290.0	7	21	99	292.0	2
49027	515.5	290.0	7	21	99	291.7	2
49034	515.5	290.0	7	21	99	291.4	2
49041	515.5	290.0	7	21	99	291.2	2
49051	515.5	290.0	7	21	99	290.8	2
49059	515.5	290.0	7	21	99	290.5	2
49066	515.5	290.0	7	21	99	290.2	2
49073	515.5	290.0	7	21	99	290.0	2
49082	515.5	290.0	7	21	99	289.6	2
49088	515.5	290.0	7	21	99	289.3	2
49097	515.5	290.0	7	21	99	289.0	2
49103	515.5	290.0	7	21	99	288.8	2
49111	515.5	290.0	7	21	99	288.5	2
49117	515.5	290.0	7	21	99	288.2	2
49124	515.5	290.0	7	21	99	288.0	2
49132	515.5	290.0	7	21	99	287.6	2
49138	515.5	290.0	7	21	99	287.4	2
49147	515.5	290.0	7	21	99	287.1	2
49153	515.5	290.0	7	21	99	286.8	2
49163	515.5	290.0	7	21	99	286.5	2
49172	515.5	290.0	7	21	99	286.1	2
49184	515.5	290.0	7	21	99	285.6	2
49192	515.5	290.0	7	21	99	285.3	2
49200	515.5	290.0	7	21	99	285.0	2
49206	515.5	290.0	7	21	99	284.8	2
49213	515.5	290.0	7	21	99	284.5	2
49219	515.5	290.0	7	21	99	284.3	2
49226	515.5	290.0	7	21	99	284.0	2
49232	515.5	290.0	7	21	99	283.7	2
49239	515.5	290.0	7	21	99	283.5	2
49246	515.5	290.0	7	21	99	283.2	2
49252	515.5	290.0	7	21	99	283.0	2
49259	515.5	290.0	7	22	99	282.7	2
49265	515.5	290.0	7	22	99	282.5	2
49271	515.5	290.0	7	22	99	282.2	2
49278	515.5	290.0	7	22	99	282.0	2
49284	515.5	290.0	7	22	99	281.7	2
49291	515.5	290.0	7	22	99	281.5	2
49297	515.5	290.0	7	22	99	281.2	2
49303	515.5	290.0	7	22	99	281.0	2
49311	515.5	290.0	7	22	99	280.7	2
49317	515.5	290.0	7	22	99	280.4	2
49324	515.5	290.0	7	22	99	280.2	2
49331	515.5	290.0	7	22	99	279.9	2
49338	515.5	290.0	7	22	99	279.6	2
49346	515.5	290.0	7	22	99	279.3	2
49353	515.5	290.0	7	22	99	279.1	2
49360	515.5	290.0	7	22	99	278.8	2
49366	515.5	290.0	7	22	99	278.5	2
49373	515.5	290.0	7	22	99	278.3	2
49380	515.5	290.0	7	22	99	278.0	2
49386	515.5	290.0	7	22	99	277.8	2
49394	515.5	290.0	7	22	99	277.5	2
49400	515.5	290.0	7	22	99	277.2	2
49407	515.5	290.0	7	22	100	286.9	2
49415	515.5	290.0	7	21	100	286.3	2
49421	515.5	290.0	7	21	100	285.8	2
49429	515.5	290.0	7	21	100	285.3	2
49435	515.5	290.0	7	21	100	284.8	2
49442	515.5	290.0	7	21	100	284.3	2
49448	515.5	290.0	7	21	100	283.8	2
49454	515.5	290.0	7	21	100	283.4	2
49463	515.5	290.0	7	22	100	282.8	2
49469	515.5	290.0	7	22	100	282.3	2
49477	515.5	290.0	7	22	100	281.7	2
49485	515.5	290.0	7	22	100	281.2	2
49493	515.5	290.0	7	22	100	280.6	2
49499	515.5	290.0	7	22	100	280.1	2
49506	515.5	290.0	7	22	100	279.7	2
49514	515.5	290.0	7	22	100	279.0	2
49520	515.5	290.0	7	22	100	278.6	2
49527	515.5	290.0	7	22	100	278.1	2
49532	515.5	290.0	7	22	100	277.7	2
49538	515.5	290.0	7	22	100	277.3	2
49546	515.5	290.0	7	22	100	276.7	2
49552	515.5	290.0	7	22	100	276.3	2
49559	515.5	290.0	7	22	100	275.8	2
49565	515.5	290.0	7	22	100	275.3	2
49571	515.5	290.0	7	22	100	274.9	2
49578	515.5	290.0	7	22	100	274.4	2
49584	515.5	290.0	7	22	100	273.9	2
49592	515.5	290.0	7	22	100	273.4	2
49598	515.5	290.0	7	22	100	272.9	2
49604	515.5	290.0	7	22	100	272.5	2
49611	515.5	290.0	7	22	100	271.9	2
49617	515.5	290.0	7	22	100	271.5	2
49624	515.5	290.0	7	22	100	271.0	2
49631	515.5	290.0	7	22	100	270.5	2
49638	515.5	290.0	7	22	100	270.0	2
49646	515.5	290.0	7	22	100	269.3	2
49653	515.5	290.0	7	22	100	268.9	2
49664	515.5	290.0	7	22	100	268.1	2
49671	515.5	290.0	7	22	100	267.6	2
49681	515.5	290.0	7	22	100	266.8	2
49688	515.5	290.0	7	22	100	266.3	2
49696	515.5	290.0	7	22	100	265.7	2
49703	515.5	290.0	7	22	100	265.2	2
49712	515.5	290.0	7	22	100	264.6	2
49718	515.5	290.0	7	22	100	264.1	2
49725	515.5	290.0	7	22	100	263.6	2
49732	515.5	290.0	7	22	100	263.1	2
49738	515.5	290.0	7	22	100	262.7	2
49746	515.5	290.0	7	22	100	263.1	2
49752	515.5	290.0	7	22	100	263.3	2
49759	515.5	290.0	7	22	100	263.6	2
49766	515.5	290.0	7	22	100	263.9	2
49772	515.5	290.0	7	22	100	264.1	2
49780	515.5	290.0	7	24	100	264.3	2
49787	515.5	290.0	7	24	100	264.5	2
49795	515.5	290.0	7	24	100	264.7	2
49801	515.5	290.0	7	24	100	264.8	2
49808	515.5	290.0	7	24	100	264.9	2
49815	515.5	290.0	7	24	100	265.0	2
49821	515.5	290.0	7	24	100	265.1	2
49829	515.5	290.0	7	24	100	265.2	2
49835	515.5	290.0	7	24	100	265.2	2
49842	515.5	290.0	7	24	100	265.2	2
49850	515.5	290.0	7	24	100	265.2	2
49856	515.5	290.0	7	24	100	265.2	2
49865	515.5	290.0	7	24	100	265.1	2
49870	515.5	290.0	7	24	100	265.1	2
49878	515.5	290.0	7	24	100	265.0	2
49884	515.5	290.0	7	24	100	264.9	2
49891	515.5	290.0	7	24	100	264.8	2
49898	515.5	290.0	7	24	100	264.7	2
49905	515.5	290.0	7	24	100	264.6	2
49913	515.5	290.0	7	24	100	264.4	2
49920	515.5	290.0	7	24	100	264.3	2
49929	515.5	290.0	7	24	100	264.1	2
49935	515.5	290.0	7	24	100	263.9	2
49942	515.5	290.0	7	24	100	263.7	2
49949	515.5	290.0	7	24	100	263.5	2
49956	515.5	290.0	7	24	100	263.3	2
49965	515.5	290.0	7	24	100	263.0	2
49971	515.5	290.0	7	24	100	262.8	2
49981	515.5	290.0	7	24	100	262.5	2
49989	515.5	290.0	7	24	100	262.2	2
49998	515.5	290.0	7	24	100	261.9	2
50004	515.5	290.0	7	24	100	261.6	2
50012	515.5	290.0	7	24	100	261.3	2
50018	515.5	290.0	7	24	100	261.0	2
50024	515.5	290.0	7	24	100	260.8	2
50031	515.5	290.0	7	24	100	260.5	2
50037	515.5	290.0	7	24	100	260.2	2
50046	515.5	290.0	7	24	100	259.8	2
50052	515.5	290.0	7	24	100	259.5	2
50059	515.5	290.0	7	24	100	259.2	2
50066	515.5	290.0	7	24	100	258.8	2
50072	515.5	290.0	7	24	100	258.5	2
50080	515.5	290.0	7	24	100	258.1	2
50086	515.5	290.0	7	24	100	257.8	2
50096	515.5	290.0	7	24	100	258.3	2
50102	515.5	290.0	7	24	100	258.6	2
50111	515.5	290.0	7	24	100	258.9	2
50117	515.5	290.0	7	24	100	259.2	2
50126	515.5	290.0	7	24	100	259.4	2
50134	515.5	290.0	7	24	100	259.6	2
50142	515.5	290.0	7	24	100	259.7	2
50150	515.5	290.0	7	24	100	259.4	2
50156	515.5	290.0	7	24	100	259.2	2
50163	515.5	290.0	7	24	100	258.9	2
50169	515.5	290.0	7	24	100	258.6	2
50178	515.5	290.0	7	24	100	258.3	2
50185	515.5	290.0	7	24	100	258.0	2
50191	515.5	290.0	7	24	100	257.8	2
50198	515.5	290.0	7	24	100	257.5	2
50204	515.5	290.0	7	24	100	257.3	2
50212	515.5	290.0	7	24	100	257.0	2
50218	515.5	290.0	7	25	100	256.7	2
50224	515.5	290.0	7	25	100	256.5	2
50230	515.5	290.0	7	25	100	256.3	2
50236	515.5	290.0	7	25	100	256.0	2
50243	515.5	290.0	7	25	100	255.8	2
50249	515.5	290.0	7	25	100	255.5	2
50256	515.5	290.0	7	25	100	255.3	2
50264	515.5	290.0	7	25	100	254.9	2
50270	515.5	290.0	7	25	100	254.7	2
50278	515.5	290.0	7	25	100	254.4	2
50284	515.5	290.0	7	25	100	254.2	2
50292	515.5	290.0	7	25	100	253.9	2
50299	515.5	290.0	7	25	100	253.6	2
50305	515.5	290.0	7	25	100	253.3	2
50313	515.5	290.0	7	25	100	253.0	2
50319	515.5	290.0	7	25	100	252.8	2
50327	515.5	290.0	7	25	100	252.5	2
50333	515.5	290.0	7	25	100	252.3	2
50340	515.5	290.0	7	25	100	252.0	2
50347	515.5	290.0	7	25	100	251.7	2
50353	515.5	290.0	7	25	100	251.5	2
50361	515.5	290.0	7	25	100	251.2	2
50367	515.5	290.0	7	25	100	250.9	2
50374	515.5	290.0	7	25	100	250.6	2
50382	515.5	290.0	7	25	100	250.3	2
50388	515.5	290.0	7	25	100	250.1	2
50397	515.5	290.0	7	25	100	249.7	2
50404	515.5	290.0	7	26	100	249.5	2
50412	515.5	290.0	7	26	100	249.1	2
50418	515.5	290.0	7	26	100	248.9	2
50426	515.5	290.0	7	26	100	248.6	2
50432	515.5	290.0	7	26	100	248.4	2
50439	515.5	290.0	7	26	100	248.1	2
50446	515.5	290.0	7	26	100	247.8	2
50452	515.5	290.0	7	26	100	247.6	2
50460	515.5	290.0	7	26	100	247.3	2
50467	515.5	290.0	7	26	100	247.0	2
50473	515.5	290.0	7	26	100	246.8	2
50481	515.5	290.0	7	26	100	246.5	2
50487	515.5	290.0	7	26	100	246.2	2
50497	515.5	290.0	7	26	100	245.8	2
50505	515.5	290.0	7	26	100	245.5	2
50515	515.5	290.0	7	26	100	245.1	2
50522	515.5	290.0	7	26	100	244.9	2
50531	515.5	290.0	7	26	100	244.5	2
50537	515.5	290.0	7	26	100	244.3	2
50548	515.5	290.0	7	26	100	243.9	2
50554	515.5	290.0	7	26	100	243.6	2
50562	515.5	290.0	7	26	100	243.3	2
50568	515.5	290.0	7	26	100	243.1	2
50575	515.5	290.0	7	26	100	242.8	2
50582	515.5	290.0	7	26	100	242.5	2
50588	515.5	290.0	7	26	100	242.3	2
50597	515.5	290.0	7	26	100	242.0	2
50604	515.5	290.0	7	26	100	241.7	2
50615	515.5	290.0	7	26	100	241.2	2
50621	515.5	290.0	7	26	100	241.0	2
50632	515.5	290.0	7	26	100	240.6	2
50641	515.5	290.0	7	26	100	240.3	2
50649	515.5	290.0	7	26	100	239.9	2
50656	515.5	290.0	7	26	100	239.7	2
50666	515.5	290.0	7	26	100	239.3	2
50672	515.5	290.0	7	26	100	239.0	2
50681	515.5	290.0	7	27	100	238.7	2
50687	515.5	290.0	7	27	100	238.4	2
50697	515.5	290.0	7	27	100	238.0	2
50705	515.5	290.0	7	27	100	237.7	2
50716	515.5	290.0	7	27	100	237.3	2
50724	515.5	290.0	7	27	100	237.0	2
50733	515.5	290.0	7	27	100	236.6	2
50739	515.5	290.0	7	27	100	236.4	2
50748	515.5	290.0	7	27	100	236.1	2
50754	515.5	290.0	7	27	100	235.8	2
50763	515.5	290.0	7	27	100	235.5	2
50769	515.5	290.0	7	27	100	235.2	2
50777	515.5	290.0	7	27	100	234.9	2
50783	515.5	290.0	7	27	101	234.7	2
50791	515.5	290.0	7	26	101	234.4	2
50797	515.5	290.0	7	26	101	234.1	2
50803	515.5	290.0	7	26	101	233.9	2
50811	515.5	290.0	7	26	101	233.6	2
50817	515.5	290.0	7	26	101	233.3	2
50825	515.5	290.0	7	26	101	233.1	2
50832	515.5	290.0	7	26	101	232.8	2
50838	515.5	290.0	7	26	101	232.5	2
50848	515.5	290.0	7	26	101	232.2	2
50856	515.5	290.0	7	26	101	231.8	2
50865	515.5	290.0	7	26	101	231.5	2
50870	515.5	290.0	7	26	101	231.3	2
50879	515.5	290.0	7	26	101	230.9	2
50886	515.5	290.0	7	26	101	230.7	2
50893	515.5	290.0	7	26	101	230.4	2
50900	515.5	290.0	7	26	101	230.1	2
50905	515.5	290.0	7	26	101	229.9	2
50913	515.5	290.0	7	26	101	229.6	2
50920	515.5	290.0	7	26	101	229.4	2
50929	515.5	290.0	7	26	101	229.0	2
50936	515.5	290.0	7	26	101	228.7	2
50944	515.5	290.0	7	26	101	228.4	2
50951	515.5	290.0	7	26	101	228.1	2
50959	515.5	290.0	7	26	101	227.8	2
50966	515.5	290.0	7	26	101	227.5	2
50973	515.5	290.0	7	26	101	227.3	2
50979	515.5	290.0	7	26	101	227.0	2
50985	515.5	290.0	7	26	101	226.8	2
50993	515.5	290.0	7	26	101	226.5	2
51000	515.5	290.0	7	26	101	226.2	2
51007	515.5	290.0	7	26	101	225.9	2
51014	515.5	290.0	7	26	101	225.7	2
51021	515.5	290.0	7	26	101	225.4	2
51028	515.5	290.0	7	26	101	225.1	2
51036	515.5	290.0	7	26	101	224.8	2
51045	515.5	290.0	7	26	101	224.4	2
51054	515.5	290.0	7	27	101	224.1	2
51063	515.5	290.0	7	27	101	223.7	2
51071	515.5	290.0	7	27	101	223.5	2
51080	515.5	290.0	7	27	101	223.1	2
51087	515.5	290.0	7	27	101	222.8	2
51096	515.5	290.0	7	27	101	222.5	2
51103	515.5	290.0	7	27	102	227.8	2
51111	515.5	290.0	7	26	102	227.5	2
51117	515.5	290.0	7	26	102	227.3	2
51124	515.5	290.0	7	26	102	227.0	2
51131	515.5	290.0	7	26	102	226.7	2
51138	515.5	290.0	7	26	102	226.4	2
51145	515.5	290.0	7	26	102	226.1	2
51151	515.5	290.0	7	26	102	225.8	2
51158	515.5	290.0	7	26	102	225.6	2
51164	515.5	290.0	7	26	102	225.3	2
51171	515.5	290.0	7	26	102	225.0	2
51178	515.5	290.0	7	26	102	224.7	2
51184	515.5	290.0	7	26	102	224.5	2
51191	515.5	290.0	7	26	102	224.2	2
51198	515.5	290.0	7	26	102	223.9	2
51204	515.5	290.0	7	26	102	223.6	2
51212	515.5	290.0	7	26	102	223.3	2
51219	515.5	290.0	7	26	102	223.0	2
51226	515.5	290.0	7	26	102	222.7	2
51232	515.5	290.0	7	26	102	222.4	2
51238	515.5	290.0	7	26	102	222.2	2
51246	515.5	290.0	7	26	102	221.9	2
51252	515.5	290.0	7	26	102	221.6	2
51259	515.5	290.0	7	26	102	221.3	2
51266	515.5	290.0	7	26	102	221.0	2
51272	515.5	290.0	7	26	102	220.8	2
51279	515.5	290.0	7	26	102	220.5	2
51285	515.5	290.0	7	26	102	220.2	2
51292	515.5	290.0	7	26	102	220.0	2
51298	515.5	290.0	7	26	102	219.7	2
51304	515.5	290.0	7	26	102	219.4	2
51313	515.5	290.0	7	26	102	219.1	2
51320	515.5	290.0	7	26	102	218.8	2
51327	515.5	290.0	7	26	102	218.5	2
51335	515.5	290.0	7	26	102	218.2	2
51343	515.5	290.0	7	26	102	217.8	2
51350	515.5	290.0	7	26	102	217.5	2
51357	515.5	290.0	7	26	102	217.2	2
51366	515.5	290.0	7	27	102	216.9	2
51372	515.5	290.0	7	27	102	216.6	2
51381	515.5	290.0	7	27	102	216.2	2
51388	515.5	290.0	7	27	102	215.9	2
51400	515.5	290.0	7	27	102	215.5	2
51411	515.5	290.0	7	27	102	215.0	2
51419	515.5	290.0	7	27	102	214.6	2
51429	515.5	290.0	7	27	102	214.2	2
51435	515.5	290.0	7	27	102	214.0	2
51443	515.5	290.0	7	27	102	213.6	2
51450	515.5	290.0	7	27	103	218.8	2
51457	515.5	290.0	7	26	103	218.3	2
51464	515.5	290.0	7	26	103	217.7	2
51470	515.5	290.0	7	26	103	217.2	2
51477	515.5	290.0	7	26	103	216.6	2
51483	515.5	290.0	7	26	103	216.2	2
51489	515.5	290.0	7	26	103	215.6	2
51497	515.5	290.0	7	26	103	215.0	2
51503	515.5	290.0	7	26	103	214.5	2
51512	515.5	290.0	7	26	103	213.8	2
51518	515.5	290.0	7	26	103	213.3	2
51526	515.5	290.0	7	26	103	212.7	2
51533	515.5	290.0	7	26	103	212.1	2
51540	515.5	290.0	7	26	103	211.6	2
51547	515.5	290.0	7	26	103	211.0	2
51553	515.5	290.0	7	26	103	210.5	2
51560	515.5	290.0	7	26	103	209.9	2
51567	515.5	290.0	7	26	103	209.4	2
51573	515.5	290.0	7	26	103	208.9	2
51580	515.5	290.0	7	26	103	208.3	2
51586	515.5	290.0	7	26	103	207.8	2
51594	515.5	290.0	7	26	103	207.2	2
51601	515.5	290.0	7	26	103	206.6	2
51607	515.5	290.0	7	26	103	206.1	2
51615	515.5	290.0	7	26	103	205.5	2
51621	515.5	290.0	7	26	103	205.0	2
51629	515.5	290.0	7	26	103	204.4	2
51635	515.5	290.0	7	26	103	203.9	2
51642	515.5	290.0	7	26	103	203.3	2
51649	515.5	290.0	7	26	103	202.7	2
51655	515.5	290.0	7	26	103	202.2	2
51663	515.5	290.0	7	26	103	201.6	2
51669	515.5	290.0	7	26	103	201.1	2
51677	515.5	290.0	7	26	103	200.5	2
51683	515.5	290.0	7	26	103	200.0	2
51689	515.5	290.0	7	26	103	199.5	2
51696	515.5	290.0	7	26	103	198.9	2
51703	515.5	290.0	7	26	103	198.4	2
51711	515.5	290.0	7	26	103	197.7	2
51717	515.5	290.0	7	26	103	197.2	2
51724	515.5	290.0	7	26	103	196.7	2
51731	515.5	290.0	7	26	103	196.1	2
51737	515.5	290.0	7	26	103	195.6	2
51745	515.5	290.0	7	26	103	195.0	2
51751	515.5	290.0	7	27	103	194.5	2
51758	515.5	290.0	7	27	103	193.9	2
51765	515.5	290.0	7	27	103	193.3	2
51771	515.5	290.0	7	27	103	193.6	2
51781	515.5	290.0	7	27	103	193.9	2
51787	515.5	290.0	7	27	103	194.1	2
51796	515.5	290.0	7	27	103	194.4	2
51803	515.5	290.0	7	27	103	194.6	2
51811	515.5	290.0	7	27	103	194.7	2
51817	515.5	290.0	7	27	103	194.9	2
51824	515.5	290.0	7	27	103	194.9	2
51831	515.5	290.0	7	27	103	195.0	2
51837	515.5	290.0	7	27	103	195.1	2
51845	515.5	290.0	7	27	103	195.1	2
51850	515.5	290.0	7	27	103	195.1	2
51857	515.5	290.0	7	27	103	195.1	2
51864	515.5	290.0	7	27	103	195.1	2
51871	515.5	290.0	7	27	103	195.0	2
51881	515.5	290.0	7	27	103	195.0	2
51887	515.5	290.0	7	27	103	194.9	2
51898	515.5	290.0	7	27	103	194.7	2
51905	515.5	290.0	7	27	103	194.6	2
51915	515.5	290.0	7	27	103	194.4	2
51921	515.5	290.0	7	27	103	194.3	2
51931	515.5	290.0	7	27	103	194.0	2
51937	515.5	290.0	7	27	103	193.8	2
51946	515.5	290.0	7	27	103	193.6	2
51952	515.5	290.0	7	27	103	193.4	2
51960	515.5	290.0	7	27	103	193.1	2
51968	515.5	290.0	7	27	103	192.9	2
51975	515.5	290.0	7	28	103	192.6	2
51985	515.5	290.0	7	28	103	192.2	2
51995	515.5	290.0	7	28	103	191.8	2
52002	515.5	290.0	7	28	103	191.5	2
52010	515.5	290.0	7	28	103	191.2	2
52017	515.5	290.0	7	28	103	190.9	2
52024	515.5	290.0	7	28	103	190.6	2
52033	515.5	290.0	7	28	103	190.1	2
52040	515.5	290.0	7	28	103	189.8	2
52049	515.5	290.0	7	28	103	189.3	2
52056	515.5	290.0	7	28	103	189.0	2
52066	515.5	290.0	7	28	103	188.4	2
52073	515.5	290.0	7	28	103	188.1	2
52082	515.5	290.0	7	28	103	187.5	2
52089	515.5	290.0	7	28	103	187.2	2
52098	515.5	290.0	7	28	103	186.6	2
52106	515.5	290.0	7	28	103	186.2	2
52118	515.5	290.0	7	28	103	186.8	2
52127	515.5	290.0	7	28	103	187.0	2
52135	515.5	290.0	7	28	103	187.3	2
52143	515.5	290.0	7	28	103	187.5	2
52150	515.5	290.0	7	28	103	187.6	2
52156	515.5	290.0	7	28	103	187.7	2
52165	515.5	290.0	7	28	103	187.9	2
52171	515.5	290.0	7	28	103	187.9	2
52180	515.5	290.0	7	28	103	188.0	2
52187	515.5	290.0	7	28	103	187.9	2
52196	515.5	290.0	7	28	103	187.6	2
52204	515.5	290.0	7	29	103	187.3	2
52216	515.5	290.0	7	29	103	186.8	2
52226	515.5	290.0	7	29	103	186.3	2
52233	515.5	290.0	7	29	103	186.0	2
52238	515.5	290.0	7	29	103	185.8	2
52247	515.5	290.0	7	29	103	185.4	2
52253	515.5	290.0	7	29	103	185.2	2
52261	515.5	290.0	7	29	103	184.8	2
52267	515.5	290.0	7	29	103	184.5	2
52276	515.5	290.0	7	29	103	184.2	2
52283	515.5	290.0	7	29	103	183.9	2
52290	515.5	290.0	7	29	103	183.6	2
52301	515.5	290.0	7	29	103	183.1	2
52310	515.5	290.0	7	29	103	182.8	2
52320	515.5	290.0	7	29	103	182.3	2
52333	515.5	290.0	7	29	103	181.8	2
52346	515.5	290.0	7	29	103	181.2	2
52357	515.5	290.0	7	29	103	180.8	2
52367	515.5	290.0	7	29	103	180.3	2
52379	515.5	290.0	7	29	103	179.8	2
52387	515.5	290.0	7	29	103	179.5	2
52397	515.5	290.0	7	29	103	179.1	2
52404	515.5	290.0	7	29	103	178.8	2
52415	515.5	290.0	7	29	103	178.3	2
52427	515.5	290.0	7	29	103	177.8	2
52435	515.5	290.0	7	29	103	177.4	2
52445	515.5	290.0	7	29	103	177.1	2
52453	515.5	290.0	7	29	103	176.7	2
52462	515.5	290.0	7	29	103	176.3	2
52469	515.5	290.0	7	29	103	176.0	2
52479	515.5	290.0	7	29	103	175.6	2
52487	515.5	290.0	7	29	103	175.2	2
52499	515.5	290.0	7	29	103	174.7	2
52505	515.5	290.0	7	29	103	174.5	2
52517	515.5	290.0	7	29	103	174.0	2
52523	515.5	290.0	7	30	103	173.7	2
52532	515.5	290.0	7	30	103	173.3	2
52538	515.5	290.0	7	30	103	173.1	2
52546	515.5	290.0	7	30	103	172.7	2
52552	515.5	290.0	7	30	103	172.5	2
52559	515.5	290.0	7	30	103	172.2	2
52566	515.5	290.0	7	30	103	171.9	2
52572	515.5	290.0	7	30	103	171.6	2
52579	515.5	290.0	7	30	103	171.3	2
52585	515.5	290.0	7	30	103	171.1	2
52592	515.5	290.0	7	30	103	170.8	2
52599	515.5	290.0	7	30	103	170.5	2
52605	515.5	290.0	7	30	103	170.2	2
52616	515.5	290.0	7	30	103	169.8	2
52624	515.5	290.0	7	30	103	169.4	2
52635	515.5	290.0	7	30	103	169.0	2
52645	515.5	290.0	7	30	103	168.6	2
52652	515.5	290.0	7	30	103	168.2	2
52660	515.5	290.0	7	30	103	167.9	2
52666	515.5	290.0	7	30	103	167.6	2
52673	515.5	290.0	7	30	103	167.3	2
52680	515.5	290.0	7	30	103	167.0	2
52687	515.5	290.0	7	30	103	166.8	2
52697	515.5	290.0	7	30	103	166.3	2
52703	515.5	290.0	7	30	103	166.1	2
52710	515.5	290.0	7	30	103	165.8	2
52717	515.5	290.0	7	30	103	165.5	2
52723	515.5	290.0	7	30	103	165.2	2
52730	515.5	290.0	7	30	103	164.9	2
52737	515.5	290.0	7	30	103	164.6	2
52746	515.5	290.0	7	30	103	164.2	2
52752	515.5	290.0	7	30	103	164.0	2
52760	515.5	290.0	7	30	103	163.7	2
52766	515.5	290.0	7	30	103	163.4	2
52773	515.5	290.0	7	30	103	163.1	2
52780	515.5	290.0	7	30	103	162.8	2
52786	515.5	290.0	7	30	103	162.5	2
52795	515.5	290.0	7	30	104	162.2	2
52802	515.5	290.0	7	29	104	161.9	2
52810	515.5	290.0	7	29	104	161.6	2
52817	515.5	290.0	7	29	104	161.2	2
52824	515.5	290.0	7	29	104	161.0	2
52833	515.5	290.0	7	29	104	160.6	2
52843	515.5	290.0	7	29	104	160.1	2
52850	515.5	290.0	7	29	104	159.8	2
52856	515.5	290.0	7	29	104	159.6	2
52867	515.5	290.0	7	29	104	159.1	2
52877	515.5	290.0	7	29	104	158.7	2
52885	515.5	290.0	7	29	104	158.4	2
52895	515.5	290.0	7	29	104	157.9	2
52902	515.5	290.0	7	29	104	157.6	2
52915	515.5	290.0	7	29	104	157.1	2
52923	515.5	290.0	7	30	104	156.7	2
52936	515.5	290.0	7	30	104	156.2	2
52949	515.5	290.0	7	30	104	155.7	2
52960	515.5	290.0	7	30	104	155.2	2
52968	515.5	290.0	7	30	104	154.8	2
52977	515.5	290.0	7	30	104	154.4	2
52990	515.5	290.0	7	30	104	153.9	2
53002	515.5	290.0	7	30	104	153.4	2
53011	515.5	290.0	7	30	104	153.0	2
53022	515.5	290.0	7	30	104	152.5	2
53030	515.5	290.0	7	30	104	152.2	2
53037	515.5	290.0	7	30	104	151.9	2
53045	515.5	290.0	7	30	104	151.6	2
53051	515.5	290.0	7	30	104	151.3	2
53057	515.5	290.0	7	30	104	151.1	2
53064	515.5	290.0	7	30	104	150.8	2
53070	515.5	290.0	7	30	104	150.5	2
53079	515.5	290.0	7	30	104	150.1	2
53084	515.5	290.0	7	30	104	149.9	2
53090	515.5	290.0	7	30	104	149.6	2
53098	515.5	290.0	7	30	104	149.3	2
53104	515.5	290.0	7	30	104	149.1	2
53111	515.5	290.0	7	30	104	148.8	2
53116	515.5	290.0	7	30	104	148.5	2
53123	515.5	290.0	7	30	105	162.0	2
53130	515.5	290.0	7	29	105	161.7	2
53136	515.5	290.0	7	30	105	161.5	2
53145	515.5	290.0	7	30	105	161.1	2
53151	515.5	290.0	7	30	105	160.9	2
53158	515.5	290.0	7	30	105	160.7	2
53165	515.5	290.0	7	30	105	160.4	2
53171	515.5	290.0	7	30	105	160.2	2
53178	515.5	290.0	7	30	105	159.9	2
53185	515.5	290.0	7	30	105	159.7	2
53192	515.5	290.0	7	30	105	159.4	2
53199	515.5	290.0	7	30	104	159.1	2
53206	515.5	290.0	7	30	104	158.9	2
53215	515.5	290.0	7	30	104	158.5	2
53221	515.5	290.0	7	30	104	158.3	2
53232	515.5	290.0	7	30	104	157.9	2
53238	515.5	290.0	7	30	104	157.6	2
53250	515.5	290.0	7	30	104	157.2	2
53263	515.5	290.0	7	30	104	156.7	2
53272	515.5	290.0	7	30	104	156.3	2
53281	515.5	290.0	7	30	104	156.0	2
53287	515.5	290.0	7	30	104	155.8	2
53296	515.5	290.0	7	30	104	155.4	2
53302	515.5	290.0	7	30	104	155.2	2
53309	515.5	290.0	7	30	104	154.9	2
53316	515.5	290.0	7	30	104	154.7	2
53323	515.5	290.0	7	30	104	154.4	2
53333	515.5	290.0	7	30	104	154.0	2
53339	515.5	290.0	7	30	104	153.8	2
53349	515.5	290.0	7	30	104	153.4	2
53360	515.5	290.0	7	30	104	153.0	2
53369	515.5	290.0	7	30	104	152.7	2
53377	515.5	290.0	7	30	104	152.4	2
53384	515.5	290.0	7	30	104	152.1	2
53392	515.5	290.0	7	30	104	151.8	2
53399	515.5	290.0	7	30	104	151.5	2
53406	515.5	290.0	7	30	104	151.3	2
53413	515.5	290.0	7	30	104	151.0	2
53419	515.5	290.0	7	30	104	150.8	2
53430	515.5	290.0	7	30	104	150.4	2
53439	515.5	290.0	7	30	104	150.0	2
53448	515.5	290.0	7	30	104	149.7	2
53454	515.5	290.0	7	30	104	149.4	2
53464	515.5	290.0	7	30	104	149.1	2
53471	515.5	290.0	7	30	105	182.0	2
53479	515.5	290.0	7	29	105	181.7	2
53486	515.5	290.0	7	29	105	181.4	2
53494	515.5	290.0	7	29	105	181.0	2
53501	515.5	290.0	7	29	105	180.8	2
53510	515.5	290.0	7	30	105	180.4	2
53517	515.5	290.0	7	30	105	180.1	2
53525	515.5	290.0	7	30	104	179.8	2
53535	515.5	290.0	7	30	104	179.4	2
53544	515.5	290.0	7	30	104	179.0	2
53551	515.5	290.0	7	30	104	178.7	2
53559	515.5	290.0	7	30	104	178.4	2
53566	515.5	290.0	7	30	104	178.0	2
53573	515.5	290.0	7	30	104	177.8	2
53582	515.5	290.0	7	30	104	177.4	2
53588	515.5	290.0	7	30	104	177.1	2
53599	515.5	290.0	7	30	104	176.7	2
53605	515.5	290.0	7	30	104	176.4	2
53613	515.5	290.0	7	30	104	176.1	2
53620	515.5	290.0	7	30	104	175.8	2
53629	515.5	290.0	7	30	104	175.4	2
53636	515.5	290.0	7	30	104	175.1	2
53646	515.5	290.0	7	30	104	174.7	2
53652	515.5	290.0	7	30	104	174.4	2
53662	515.5	290.0	7	30	104	174.0	2
53669	515.5	290.0	7	30	104	173.8	2
53677	515.5	290.0	7	30	104	173.4	2
53685	515.5	290.0	7	30	104	173.1	2
53693	515.5	290.0	7	30	104	172.8	2
53702	515.5	290.0	7	30	104	172.4	2
53713	515.5	290.0	7	30	104	171.9	2
53719	515.5	290.0	7	30	104	171.6	2
53730	515.5	290.0	7	30	104	171.2	2
53738	515.5	290.0	7	30	104	170.9	2
53748	515.5	290.0	7	30	104	170.4	2
53755	515.5	290.0	7	30	104	170.2	2
53766	515.5	290.0	7	30	104	169.7	2
53774	515.5	290.0	7	30	104	169.4	2
53783	515.5	290.0	7	30	104	169.0	2
53790	515.5	290.0	7	30	104	168.7	2
53799	515.5	290.0	7	30	104	168.3	2
53806	515.5	290.0	7	30	104	168.0	2
53815	515.5	290.0	7	30	104	167.6	2
53821	515.5	290.0	7	30	104	167.4	2
53830	515.5	290.0	7	30	104	167.0	2
53837	515.5	290.0	7	30	104	166.7	2
53846	515.5	290.0	7	30	104	166.3	2
53853	515.5	290.0	7	31	104	166.1	2
53861	515.5	290.0	7	31	104	165.7	2
53868	515.5	290.0	7	31	105	185.2	2
53878	515.5	290.0	7	30	104	184.8	2
53885	515.5	290.0	7	30	104	184.5	2
53898	515.5	290.0	7	30	104	183.9	2
53905	515.5	290.0	7	30	104	183.6	2
53916	515.5	290.0	7	30	104	183.2	2
53925	515.5	290.0	7	30	104	182.8	2
53936	515.5	290.0	7	30	104	182.3	2
53947	515.5	290.0	7	30	104	181.9	2
53954	515.5	290.0	7	30	104	181.6	2
53963	515.5	290.0	7	30	104	181.2	2
53975	515.5	290.0	7	30	104	180.7	2
53988	515.5	290.0	7	30	104	180.1	2
54002	515.5	290.0	7	30	104	179.6	2
54014	515.5	290.0	7	30	104	179.0	2
54026	515.5	290.0	7	30	104	178.6	2
54035	515.5	290.0	7	30	104	178.2	2
54045	515.5	290.0	7	30	104	177.7	2
54055	515.5	290.0	7	30	104	177.3	2
54063	515.5	290.0	7	31	104	176.9	2
54072	515.5	290.0	7	31	104	176.6	2
54083	515.5	290.0	7	31	104	176.1	2
54092	515.5	290.0	7	31	104	175.8	2
54100	515.5	290.0	7	31	104	175.4	2
54110	515.5	290.0	7	31	104	175.0	2
54118	515.5	290.0	7	31	104	174.6	2
54127	515.5	290.0	7	31	104	174.2	2
54134	515.5	290.0	7	31	104	173.9	2
54142	515.5	290.0	7	31	104	173.6	2
54149	515.5	290.0	7	31	104	173.3	2
54156	515.5	290.0	7	31	104	173.0	2
54165	515.5	290.0	7	31	104	172.6	2
54171	515.5	290.0	7	31	104	172.4	2
54179	515.5	290.0	7	31	104	172.0	2
54186	515.5	290.0	7	31	104	171.8	2
54193	515.5	290.0	7	31	104	171.4	2
54200	515.5	290.0	7	31	104	171.2	2
54206	515.5	290.0	7	31	104	170.9	2
54213	515.5	290.0	7	31	104	170.6	2
54219	515.5	290.0	7	31	104	170.3	2
54227	515.5	290.0	7	31	104	170.0	2
54234	515.5	290.0	7	31	105	177.7	2
54242	515.5	290.0	7	30	105	177.4	2
54250	515.5	290.0	7	30	105	177.0	2
54257	515.5	290.0	7	30	105	176.8	2
54266	515.5	290.0	7	30	105	176.3	2
54273	515.5	290.0	7	30	104	176.0	2
54282	515.5	290.0	7	30	104	175.7	2
54288	515.5	290.0	7	31	104	175.4	2
54297	515.5	290.0	7	31	104	175.0	2
54303	515.5	290.0	7	31	104	174.8	2
54311	515.5	290.0	7	31	104	174.4	2
54318	515.5	290.0	7	31	104	174.1	2
54326	515.5	290.0	7	31	104	173.8	2
54335	515.5	290.0	7	31	104	173.4	2
54343	515.5	290.0	7	31	104	173.0	2
54350	515.5	290.0	7	31	104	172.7	2
54356	515.5	290.0	7	31	104	172.5	2
54364	515.5	290.0	7	31	104	172.1	2
54370	515.5	290.0	7	31	104	171.9	2
54379	515.5	290.0	7	31	104	171.5	2
54386	515.5	290.0	7	31	104	171.2	2
54395	515.5	290.0	7	32	104	170.8	2
54402	515.5	290.0	7	32	104	170.5	2
54409	515.5	290.0	7	32	104	170.2	2
54416	515.5	290.0	7	32	104	169.9	2
54423	515.5	290.0	7	32	104	169.6	2
54432	515.5	290.0	7	32	104	169.2	2
54439	515.5	290.0	7	32	104	168.9	2
54448	515.5	290.0	7	32	104	168.5	2
54454	515.5	290.0	7	32	104	168.2	2
54463	515.5	290.0	7	32	104	167.9	2
54470	515.5	290.0	7	32	104	167.6	2
54480	515.5	290.0	7	32	104	167.2	2
54488	515.5	290.0	7	32	104	166.8	2
54499	515.5	290.0	7	32	104	166.3	2
54510	515.5	290.0	7	32	104	165.9	2
54518	515.5	290.0	7	32	104	165.5	2
54526	515.5	290.0	7	32	104	165.2	2
54535	515.5	290.0	7	32	104	164.8	2
54543	515.5	290.0	7	32	104	164.4	2
54550	515.5	290.0	7	32	104	164.1	2
54560	515.5	290.0	7	32	105	170.5	2
54568	515.5	290.0	7	31	105	170.1	2
54576	515.5	290.0	7	31	105	169.8	2
54584	515.5	290.0	7	31	105	169.5	2
54591	515.5	290.0	7	31	105	169.3	2
54602	515.5	290.0	7	31	105	168.8	2
54613	515.5	290.0	7	31	105	168.5	2
54619	515.5	290.0	7	31	105	168.2	2
54631	515.5	290.0	7	31	105	167.8	2
55278	515.5	290.0	7	31	104	167.1	3
55286	515.5	290.0	7	31	104	166.8	3
55295	515.5	290.0	7	32	104	166.4	3
55303	515.5	290.0	7	32	104	166.1	3
55314	515.5	290.0	7	32	104	165.7	3
55320	515.5	290.0	7	32	104	165.5	3
55328	515.5	290.0	7	32	104	165.2	3
55336	515.5	290.0	7	32	104	164.9	3
55346	515.5	290.0	7	32	104	164.5	3
55353	515.5	290.0	7	32	104	164.2	3
55362	515.5	290.0	7	32	104	163.9	3
55368	515.5	290.0	7	32	104	163.7	3
55378	515.5	290.0	7	32	104	163.4	3
55385	515.5	290.0	7	32	104	163.1	3
55394	515.5	290.0	7	32	104	162.7	3
55402	515.5	290.0	7	32	104	162.4	3
55414	515.5	290.0	7	32	104	162.0	3
55420	515.5	290.0	7	32	104	161.7	3
55431	515.5	290.0	7	32	104	161.3	3
55437	515.5	290.0	7	32	104	161.1	3
55447	515.5	290.0	7	32	104	160.8	3
55453	515.5	290.0	7	32	104	160.5	3
55461	515.5	290.0	7	32	104	160.2	3
55468	515.5	290.0	7	32	104	160.0	3
55476	515.5	290.0	7	32	104	159.7	3
55485	515.5	290.0	7	32	104	159.3	3
55493	515.5	290.0	7	32	104	159.0	3
55500	515.5	290.0	7	32	104	158.8	3
55507	515.5	290.0	7	32	104	158.5	3
55515	515.5	290.0	7	32	104	158.2	3
55521	515.5	290.0	7	32	104	158.0	3
55531	515.5	290.0	7	32	104	157.6	3
55539	515.5	290.0	7	32	105	168.4	3
55554	515.5	290.0	7	31	105	167.8	3
55569	515.5	290.0	7	31	105	167.2	3
55578	515.5	290.0	7	31	105	166.8	3
55585	515.5	290.0	7	31	105	166.5	3
55592	515.5	290.0	7	31	104	166.3	3
55599	515.5	290.0	7	31	104	165.9	3
55605	515.5	290.0	7	31	104	165.7	3
55612	515.5	290.0	7	31	104	165.4	3
55618	515.5	290.0	7	31	104	165.2	3
55626	515.5	290.0	7	31	104	164.9	3
55633	515.5	290.0	7	31	104	164.6	3
55639	515.5	290.0	7	32	104	164.3	3
55646	515.5	290.0	7	32	104	164.1	3
55651	515.5	290.0	7	32	104	163.8	3
55659	515.5	290.0	7	32	104	163.5	3
55665	515.5	290.0	7	32	104	163.3	3
55671	515.5	290.0	7	32	104	163.0	3
55680	515.5	290.0	7	32	98	162.7	3
55689	515.5	290.0	7	32	98	162.3	3
55696	515.5	290.0	7	32	98	162.0	3
55702	515.5	290.0	7	32	98	161.7	3
55709	515.5	290.0	7	32	98	161.5	3
55716	515.5	290.0	7	32	98	161.2	3
55722	515.5	290.0	7	32	98	160.9	3
55730	515.5	290.0	7	32	98	160.6	3
55736	515.5	290.0	7	32	98	160.4	3
55743	515.5	290.0	7	32	98	160.1	3
55750	515.5	290.0	7	32	98	159.8	3
55757	515.5	290.0	7	32	98	159.5	3
55764	515.5	290.0	7	32	98	159.2	3
55770	515.5	290.0	7	32	98	159.0	3
55779	515.5	290.0	7	32	98	158.6	3
55785	515.5	290.0	7	32	98	158.4	3
55793	515.5	290.0	7	32	98	158.0	3
55800	515.5	290.0	7	32	98	157.8	3
55806	515.5	290.0	7	32	98	157.5	3
55814	515.5	290.0	7	32	98	157.2	3
55821	515.5	290.0	7	32	98	156.9	3
55829	515.5	290.0	7	32	98	156.6	3
55836	515.5	290.0	7	32	98	156.3	3
55847	515.5	290.0	7	32	98	155.9	3
55854	515.5	290.0	7	32	98	155.5	3
55864	515.5	290.0	7	32	98	155.2	3
55871	515.5	290.0	7	33	98	154.9	3
55879	515.5	290.0	7	33	98	154.5	3
55886	515.5	290.0	7	33	98	154.3	3
55894	515.5	290.0	7	33	99	167.1	3
55902	515.5	290.0	7	32	99	166.8	3
55912	515.5	290.0	7	32	99	166.4	3
55919	515.5	290.0	7	32	99	166.2	3
55930	515.5	290.0	7	32	99	165.8	3
55937	515.5	290.0	7	32	99	165.5	3
55947	515.5	290.0	7	32	98	165.2	3
55954	515.5	290.0	7	32	98	164.9	3
55964	515.5	290.0	7	32	98	164.6	3
55971	515.5	290.0	7	32	98	164.3	3
55983	515.5	290.0	7	32	98	163.9	3
55992	515.5	290.0	7	32	98	163.6	3
56001	515.5	290.0	7	32	98	163.2	3
56010	515.5	290.0	7	32	98	162.9	3
56018	515.5	290.0	7	32	98	162.6	3
56030	515.5	290.0	7	32	98	162.2	3
56037	515.5	290.0	7	32	98	161.9	3
56048	515.5	290.0	7	32	98	161.5	3
56055	515.5	290.0	7	32	98	161.3	3
56067	515.5	290.0	7	32	98	160.8	3
56079	515.5	290.0	7	32	98	160.4	3
56086	515.5	290.0	7	32	98	160.1	3
56094	515.5	290.0	7	32	98	159.8	3
56101	515.5	290.0	7	32	98	159.6	3
56109	515.5	290.0	7	32	98	159.3	3
56119	515.5	290.0	7	32	98	158.9	3
56128	515.5	290.0	7	32	98	158.6	3
56134	515.5	290.0	7	32	98	158.4	3
56141	515.5	290.0	7	32	98	158.2	3
56149	515.5	290.0	7	32	98	157.9	3
56155	515.5	290.0	7	32	98	157.6	3
56164	515.5	290.0	7	33	98	157.3	3
56170	515.5	290.0	7	33	98	157.1	3
56180	515.5	290.0	7	33	98	156.8	3
56186	515.5	290.0	7	33	98	156.5	3
56197	515.5	290.0	7	33	98	156.1	3
56204	515.5	290.0	7	33	98	155.9	3
56215	515.5	290.0	7	33	98	155.5	3
56221	515.5	290.0	7	33	98	155.3	3
56231	515.5	290.0	7	33	98	154.9	3
56238	515.5	290.0	7	33	98	154.7	3
56249	515.5	290.0	7	33	99	154.4	3
56257	515.5	290.0	7	32	99	154.1	3
56268	515.5	290.0	7	32	99	153.6	3
56279	515.5	290.0	7	32	99	153.3	3
56287	515.5	290.0	7	32	99	152.9	3
56299	515.5	290.0	7	32	98	152.5	3
56308	515.5	290.0	7	32	98	152.1	3
56318	515.5	290.0	7	32	98	151.7	3
56329	515.5	290.0	7	32	98	151.3	3
56339	515.5	290.0	7	32	98	150.9	3
56349	515.5	290.0	7	32	98	150.5	3
56355	515.5	290.0	7	32	98	150.3	3
56363	515.5	290.0	7	32	98	150.0	3
56369	515.5	290.0	7	32	98	149.8	3
56376	515.5	290.0	7	32	98	149.5	3
56386	515.5	290.0	7	32	98	149.1	3
56393	515.5	290.0	7	32	98	148.9	3
56401	515.5	290.0	7	32	98	148.5	3
56407	515.5	290.0	7	32	98	148.3	3
56417	515.5	290.0	7	32	98	147.9	3
56423	515.5	290.0	7	32	98	147.7	3
56432	515.5	290.0	7	32	98	147.4	3
56438	515.5	290.0	7	32	98	147.1	3
56449	515.5	290.0	7	32	98	146.7	3
56457	515.5	290.0	7	32	98	146.4	3
56468	515.5	290.0	7	32	98	145.9	3
56479	515.5	290.0	7	32	98	145.5	3
56488	515.5	290.0	7	32	98	145.2	3
56501	515.5	290.0	7	32	98	144.7	3
56512	515.5	290.0	7	32	98	144.3	3
56520	515.5	290.0	7	32	98	144.0	3
56530	515.5	290.0	7	32	98	143.6	3
56537	515.5	290.0	7	32	98	143.3	3
56547	515.5	290.0	7	32	98	142.9	3
56558	515.5	290.0	7	32	98	142.5	3
56568	515.5	290.0	7	32	98	142.1	3
56577	515.5	290.0	7	32	98	141.8	3
56585	515.5	290.0	7	32	99	142.0	3
56593	515.5	290.0	7	32	99	141.7	3
56600	515.5	290.0	7	32	99	141.4	3
56607	515.5	290.0	7	32	99	141.2	3
56615	515.5	290.0	7	32	99	140.9	3
56622	515.5	290.0	7	32	99	140.6	3
56630	515.5	290.0	7	32	99	140.3	3
56637	515.5	290.0	7	32	99	140.0	3
56647	515.5	290.0	7	32	99	139.7	3
56653	515.5	290.0	7	32	98	139.4	3
56665	515.5	290.0	7	32	98	139.0	3
56672	515.5	290.0	7	32	98	138.7	3
56682	515.5	290.0	7	32	98	138.4	3
56689	515.5	290.0	7	32	98	138.1	3
56697	515.5	290.0	7	32	98	137.8	3
56703	515.5	290.0	7	32	98	137.6	3
56711	515.5	290.0	7	32	98	137.3	3
56718	515.5	290.0	7	32	98	137.1	3
56724	515.5	290.0	7	32	98	136.8	3
56731	515.5	290.0	7	32	98	136.6	3
56737	515.5	290.0	7	32	98	136.4	3
56745	515.5	290.0	7	32	98	136.1	3
56752	515.5	290.0	7	32	98	135.8	3
56759	515.5	290.0	7	32	98	135.5	3
56766	515.5	290.0	7	32	98	135.3	3
56772	515.5	290.0	7	33	98	135.1	3
56782	515.5	290.0	7	33	98	134.7	3
56789	515.5	290.0	7	33	98	134.4	3
56799	515.5	290.0	7	33	98	134.1	3
56805	515.5	290.0	7	33	98	133.8	3
56814	515.5	290.0	7	33	98	133.5	3
56820	515.5	290.0	7	33	98	133.3	3
56829	515.5	290.0	7	33	98	133.0	3
56836	515.5	290.0	7	33	98	132.7	3
56849	515.5	290.0	7	33	98	132.2	3
56857	515.5	290.0	7	33	98	131.9	3
56870	515.5	290.0	7	33	98	131.4	3
56881	515.5	290.0	7	33	98	131.0	3
56888	515.5	290.0	7	33	98	130.8	3
56898	515.5	290.0	7	33	98	130.4	3
56904	515.5	290.0	7	33	98	130.2	3
56915	515.5	290.0	7	33	98	129.8	3
56924	515.5	290.0	7	33	99	133.2	3
56933	515.5	290.0	7	32	99	132.9	3
56940	515.5	290.0	7	32	99	132.6	3
56949	515.5	290.0	7	32	99	132.3	3
56956	515.5	290.0	7	32	99	132.0	3
56966	515.5	290.0	7	32	99	131.6	3
56973	515.5	290.0	7	32	99	131.4	3
56984	515.5	290.0	7	32	99	131.0	3
56994	515.5	290.0	7	32	98	130.6	3
57002	515.5	290.0	7	32	98	130.3	3
57013	515.5	290.0	7	32	98	129.9	3
57020	515.5	290.0	7	32	98	129.6	3
57030	515.5	290.0	7	32	98	129.2	3
57037	515.5	290.0	7	32	98	129.0	3
57046	515.5	290.0	7	32	98	128.6	3
57053	515.5	290.0	7	32	98	128.4	3
57061	515.5	290.0	7	32	98	128.1	3
57067	515.5	290.0	7	32	98	127.8	3
57074	515.5	290.0	7	32	98	127.6	3
57082	515.5	290.0	7	32	98	127.3	3
57088	515.5	290.0	7	32	98	127.0	3
57101	515.5	290.0	7	32	98	126.6	3
57114	515.5	290.0	7	33	98	126.1	3
57121	515.5	290.0	7	33	98	125.8	3
57131	515.5	290.0	7	33	98	125.4	3
57136	515.5	290.0	7	33	98	125.2	3
57144	515.5	290.0	7	33	98	125.0	3
57150	515.5	290.0	7	33	98	124.7	3
57156	515.5	290.0	7	33	98	124.5	3
57167	515.5	290.0	7	33	98	124.1	3
57175	515.5	290.0	7	33	98	123.8	3
57182	515.5	290.0	7	33	98	123.5	3
57189	515.5	290.0	7	33	98	123.3	3
57198	515.5	290.0	7	33	98	122.9	3
57204	515.5	290.0	7	33	98	122.7	3
57212	515.5	290.0	7	33	98	122.4	3
57218	515.5	290.0	7	33	98	122.2	3
57227	515.5	290.0	7	33	98	121.9	3
57234	515.5	290.0	7	33	98	121.6	3
57243	515.5	290.0	7	33	98	121.3	3
57253	515.5	290.0	7	33	98	120.9	3
57264	515.5	290.0	7	33	99	124.2	3
57271	515.5	290.0	7	32	99	123.9	3
57280	515.5	290.0	7	32	99	123.5	3
57289	515.5	290.0	7	32	99	123.1	3
57299	515.5	290.0	7	32	99	122.7	3
57306	515.5	290.0	7	32	99	122.5	3
57316	515.5	290.0	7	32	99	122.1	3
57322	515.5	290.0	7	32	99	121.8	3
57334	515.5	290.0	7	32	98	121.3	3
57344	515.5	290.0	7	32	98	120.9	3
57353	515.5	290.0	7	32	98	120.6	3
57363	515.5	290.0	7	32	98	120.2	3
57369	515.5	290.0	7	32	98	119.9	3
57380	515.5	290.0	7	32	98	119.5	3
57388	515.5	290.0	7	32	98	119.2	3
57398	515.5	290.0	7	32	98	118.8	3
57404	515.5	290.0	7	32	98	118.5	3
57414	515.5	290.0	7	32	98	118.1	3
57421	515.5	290.0	7	33	98	117.8	3
57434	515.5	290.0	7	33	98	117.3	3
57441	515.5	290.0	7	33	98	117.1	3
57451	515.5	290.0	7	33	98	116.6	3
57459	515.5	290.0	7	33	98	116.3	3
57466	515.5	290.0	7	33	98	116.0	3
57473	515.5	290.0	7	33	98	115.8	3
57485	515.5	290.0	7	33	98	115.3	3
57496	515.5	290.0	7	33	98	114.8	3
57503	515.5	290.0	7	33	98	114.5	3
57512	515.5	290.0	7	33	98	114.2	3
57519	515.5	290.0	7	33	98	113.9	3
57531	515.5	290.0	7	33	98	113.5	3
57537	515.5	290.0	7	33	98	113.2	3
57546	515.5	290.0	7	33	98	112.8	3
57552	515.5	290.0	7	33	98	112.5	3
57563	515.5	290.0	7	33	98	112.2	3
57572	515.5	290.0	7	33	98	111.8	3
57583	515.5	290.0	7	33	98	111.3	3
57590	515.5	290.0	7	33	98	111.1	3
57603	515.5	290.0	7	33	99	149.1	3
57615	515.5	290.0	7	32	99	148.7	3
57621	515.5	290.0	7	32	99	148.4	3
57635	515.5	290.0	7	32	99	147.9	3
57648	515.5	290.0	7	32	99	147.3	3
57655	515.5	290.0	7	32	99	147.0	3
57667	515.5	290.0	7	32	98	146.6	3
57676	515.5	290.0	7	32	98	146.2	3
57686	515.5	290.0	7	32	98	145.8	3
57695	515.5	290.0	7	32	98	145.4	3
57702	515.5	290.0	7	32	98	145.1	3
57712	515.5	290.0	7	32	98	144.8	3
57720	515.5	290.0	7	32	98	144.4	3
57731	515.5	290.0	7	32	98	144.0	3
57738	515.5	290.0	7	33	98	143.7	3
57749	515.5	290.0	7	33	98	143.2	3
57757	515.5	290.0	7	33	98	142.9	3
57769	515.5	290.0	7	33	98	142.4	3
57779	515.5	290.0	7	33	98	142.0	3
57787	515.5	290.0	7	33	98	141.7	3
57796	515.5	290.0	7	33	98	141.3	3
57803	515.5	290.0	7	33	98	141.0	3
57810	515.5	290.0	7	33	98	140.8	3
57817	515.5	290.0	7	33	98	140.5	3
57823	515.5	290.0	7	33	98	140.2	3
57835	515.5	290.0	7	33	98	139.8	3
57844	515.5	290.0	7	33	98	139.4	3
57851	515.5	290.0	7	33	98	139.1	3
57860	515.5	290.0	7	33	98	138.7	3
57867	515.5	290.0	7	33	98	138.4	3
57874	515.5	290.0	7	33	98	138.2	3
57883	515.5	290.0	7	33	98	137.8	3
57891	515.5	290.0	7	33	98	137.5	3
57900	515.5	290.0	7	33	98	137.1	3
57908	515.5	290.0	7	33	98	136.8	3
57917	515.5	290.0	7	33	98	136.4	3
57925	515.5	290.0	7	33	98	136.1	3
57934	515.5	290.0	7	33	98	135.7	3
57941	515.5	290.0	7	33	98	135.4	3
57950	515.5	290.0	7	33	98	135.1	3
57956	515.5	290.0	7	33	98	134.8	3
57967	515.5	290.0	7	33	98	134.4	3
57974	515.5	290.0	7	33	99	143.0	3
57987	515.5	290.0	7	32	99	142.5	3
57999	515.5	290.0	7	32	99	142.0	3
58005	515.5	290.0	7	32	98	141.7	3
58015	515.5	290.0	7	32	98	141.4	3
58021	515.5	290.0	7	32	98	141.1	3
58029	515.5	290.0	7	32	98	140.8	3
58036	515.5	290.0	7	32	98	140.5	3
58044	515.5	290.0	7	32	98	140.2	3
58050	515.5	290.0	7	32	98	140.0	3
58057	515.5	290.0	7	32	98	139.7	3
58064	515.5	290.0	7	32	98	139.4	3
58070	515.5	290.0	7	32	98	139.2	3
58081	515.5	290.0	7	32	98	138.8	3
58089	515.5	290.0	7	32	98	138.4	3
58100	515.5	290.0	7	32	98	138.0	3
58107	515.5	290.0	7	32	98	137.7	3
58116	515.5	290.0	7	32	98	137.4	3
58124	515.5	290.0	7	32	98	137.1	3
58132	515.5	290.0	7	33	98	136.7	3
58138	515.5	290.0	7	33	98	136.5	3
58149	515.5	290.0	7	33	98	136.1	3
58155	515.5	290.0	7	33	98	135.8	3
58167	515.5	290.0	7	33	98	135.4	3
58176	515.5	290.0	7	33	98	135.0	3
58186	515.5	290.0	7	33	98	134.6	3
58194	515.5	290.0	7	33	98	134.3	3
58202	515.5	290.0	7	33	98	134.0	3
58210	515.5	290.0	7	33	98	133.7	3
58218	515.5	290.0	7	33	98	133.3	3
58227	515.5	290.0	7	33	98	133.0	3
58235	515.5	290.0	7	33	98	132.7	3
58245	515.5	290.0	7	33	98	132.3	3
58251	515.5	290.0	7	33	98	132.0	3
58259	515.5	290.0	7	33	98	131.7	3
58267	515.5	290.0	7	33	98	131.4	3
58276	515.5	290.0	7	33	98	131.1	3
58284	515.5	290.0	7	33	98	130.8	3
58292	515.5	290.0	7	33	98	130.4	3
58299	515.5	290.0	7	33	98	130.1	3
58305	515.5	290.0	7	33	98	129.9	3
58313	515.5	290.0	7	33	98	129.6	3
58319	515.5	290.0	7	33	98	129.4	3
58328	515.5	290.0	7	33	98	129.0	3
58335	515.5	290.0	7	33	99	139.3	3
58342	515.5	290.0	7	32	99	139.1	3
58350	515.5	290.0	7	33	99	138.7	3
58359	515.5	290.0	7	33	99	138.4	3
58367	515.5	290.0	7	33	99	138.1	3
58377	515.5	290.0	7	33	98	137.8	3
58386	515.5	290.0	7	33	98	137.4	3
58396	515.5	290.0	7	33	98	137.0	3
58403	515.5	290.0	7	33	98	136.8	3
58412	515.5	290.0	7	33	98	136.4	3
58419	515.5	290.0	7	33	98	136.2	3
58428	515.5	290.0	7	33	98	135.8	3
58437	515.5	290.0	7	33	98	135.5	3
58447	515.5	290.0	7	33	98	135.1	3
58453	515.5	290.0	7	33	98	134.9	3
58460	515.5	290.0	7	33	98	134.6	3
58467	515.5	290.0	7	33	98	134.4	3
58474	515.5	290.0	7	33	98	134.1	3
58483	515.5	290.0	7	33	98	133.8	3
58494	515.5	290.0	7	33	98	133.4	3
58503	515.5	290.0	7	33	98	133.0	3
58512	515.5	290.0	7	33	98	132.7	3
58520	515.5	290.0	7	33	98	132.4	3
58528	515.5	290.0	7	33	98	132.1	3
58535	515.5	290.0	7	33	98	131.8	3
58542	515.5	290.0	7	33	98	131.6	3
58550	515.5	290.0	7	33	98	131.3	3
58558	515.5	290.0	7	33	98	131.0	3
58567	515.5	290.0	7	33	98	130.6	3
58576	515.5	290.0	7	33	98	130.3	3
58584	515.5	290.0	7	33	98	130.0	3
58591	515.5	290.0	7	33	98	129.8	3
58598	515.5	290.0	7	33	98	129.5	3
58604	515.5	290.0	7	33	98	129.3	3
58611	515.5	290.0	7	33	98	129.0	3
58618	515.5	290.0	7	33	98	128.8	3
58626	515.5	290.0	7	33	98	128.5	3
58633	515.5	290.0	7	33	98	128.2	3
58641	515.5	290.0	7	33	98	127.9	3
58648	515.5	290.0	7	33	98	127.6	3
58655	515.5	290.0	7	33	98	127.4	3
58663	515.5	290.0	7	33	98	127.1	3
58669	515.5	290.0	7	33	98	126.8	3
58680	515.5	290.0	7	33	98	126.4	3
58687	515.5	290.0	7	33	99	161.5	3
58696	515.5	290.0	7	32	99	161.1	3
58702	515.5	290.0	7	32	99	160.9	3
58710	515.5	290.0	7	32	99	160.5	3
58716	515.5	290.0	7	33	99	160.2	3
58723	515.5	290.0	7	33	99	160.0	3
58730	515.5	290.0	7	33	99	159.6	3
58737	515.5	290.0	7	33	98	159.3	3
58746	515.5	290.0	7	33	98	159.0	3
58753	515.5	290.0	7	33	98	158.7	3
58761	515.5	290.0	7	33	98	158.3	3
58767	515.5	290.0	7	33	98	158.1	3
58774	515.5	290.0	7	33	98	157.8	3
58781	515.5	290.0	7	33	98	157.4	3
58787	515.5	290.0	7	33	98	157.2	3
58797	515.5	290.0	7	33	98	156.8	3
58805	515.5	290.0	7	33	98	156.4	3
58814	515.5	290.0	7	33	98	156.0	3
58820	515.5	290.0	7	33	98	155.8	3
58828	515.5	290.0	7	33	98	155.4	3
58834	515.5	290.0	7	33	98	155.1	3
58842	515.5	290.0	7	33	98	154.8	3
58850	515.5	290.0	7	33	98	154.5	3
58859	515.5	290.0	7	33	98	154.1	3
58868	515.5	290.0	7	33	98	153.7	3
58876	515.5	290.0	7	33	98	153.4	3
58884	515.5	290.0	7	33	98	153.0	3
58895	515.5	290.0	7	33	98	152.5	3
58904	515.5	290.0	7	33	98	152.1	3
58913	515.5	290.0	7	33	98	151.8	3
58919	515.5	290.0	7	33	98	151.5	3
58928	515.5	290.0	7	33	98	151.1	3
58935	515.5	290.0	7	33	98	150.8	3
58943	515.5	290.0	7	33	98	150.5	3
58952	515.5	290.0	7	33	98	150.1	3
58960	515.5	290.0	7	33	98	149.8	3
58967	515.5	290.0	7	33	98	149.4	3
58973	515.5	290.0	7	33	98	149.2	3
58981	515.5	290.0	7	33	98	148.8	3
58987	515.5	290.0	7	33	98	148.5	3
58997	515.5	290.0	7	33	98	148.1	3
59004	515.5	290.0	7	33	98	147.8	3
59013	515.5	290.0	7	33	98	147.4	3
59019	515.5	290.0	7	33	98	147.2	3
59028	515.5	290.0	7	33	98	146.8	3
59035	515.5	290.0	7	33	98	146.5	3
59045	515.5	290.0	7	33	98	146.1	3
59051	515.5	290.0	7	33	99	150.5	3
59059	515.5	290.0	7	32	99	150.2	3
59066	515.5	290.0	7	33	99	149.9	3
59072	515.5	290.0	7	33	99	149.6	3
59080	515.5	290.0	7	33	99	149.3	3
59086	515.5	290.0	7	33	99	149.0	3
59093	515.5	290.0	7	33	98	148.8	3
59100	515.5	290.0	7	33	98	148.5	3
59107	515.5	290.0	7	33	98	148.2	3
59115	515.5	290.0	7	33	98	147.9	3
59121	515.5	290.0	7	33	98	147.6	3
59129	515.5	290.0	7	33	98	147.3	3
59136	515.5	290.0	7	33	98	147.0	3
59143	515.5	290.0	7	33	98	146.7	3
59150	515.5	290.0	7	33	98	146.4	3
59156	515.5	290.0	7	33	98	146.2	3
59164	515.5	290.0	7	33	98	145.8	3
59171	515.5	290.0	7	33	98	145.6	3
59184	515.5	290.0	7	33	98	145.0	3
59196	515.5	290.0	7	33	98	144.6	3
59204	515.5	290.0	7	33	98	144.2	3
59214	515.5	290.0	7	33	98	143.8	3
59224	515.5	290.0	7	33	98	143.4	3
59232	515.5	290.0	7	33	98	143.0	3
59241	515.5	290.0	7	33	98	142.6	3
59248	515.5	290.0	7	33	98	142.3	3
59255	515.5	290.0	7	33	98	142.0	3
59263	515.5	290.0	7	33	98	141.7	3
59271	515.5	290.0	7	34	98	141.3	3
59281	515.5	290.0	7	34	98	140.9	3
59287	515.5	290.0	7	34	98	140.6	3
59297	515.5	290.0	7	34	98	140.2	3
59304	515.5	290.0	7	34	98	139.9	3
59314	515.5	290.0	7	34	98	139.5	3
59323	515.5	290.0	7	34	98	139.1	3
59337	515.5	290.0	7	34	98	138.5	3
59351	515.5	290.0	7	34	98	137.9	3
59362	515.5	290.0	7	34	98	137.4	3
59372	515.5	290.0	7	34	98	137.0	3
59380	515.5	290.0	7	34	98	136.6	3
59386	515.5	290.0	7	34	98	136.4	3
59395	515.5	290.0	7	34	98	136.0	3
59402	515.5	290.0	7	34	99	136.1	3
59409	515.5	290.0	7	33	99	135.8	3
59416	515.5	290.0	7	33	99	135.6	3
59422	515.5	290.0	7	33	99	135.3	3
59430	515.5	290.0	7	33	99	135.0	3
59436	515.5	290.0	7	33	99	134.7	3
59444	515.5	290.0	7	33	99	134.4	3
59450	515.5	290.0	7	33	99	134.2	3
59456	515.5	290.0	7	33	98	133.9	3
59464	515.5	290.0	7	33	98	133.6	3
59470	515.5	290.0	7	33	98	133.3	3
59480	515.5	290.0	7	33	98	132.9	3
59487	515.5	290.0	7	33	98	132.7	3
59496	515.5	290.0	7	34	98	132.3	3
59501	515.5	290.0	7	34	98	132.1	3
59510	515.5	290.0	7	34	98	131.7	3
59516	515.5	290.0	7	34	98	131.5	3
59523	515.5	290.0	7	34	98	131.2	3
59530	515.5	290.0	7	34	98	130.9	3
59536	515.5	290.0	7	34	98	130.6	3
59544	515.5	290.0	7	34	98	130.3	3
59551	515.5	290.0	7	34	98	130.0	3
59557	515.5	290.0	7	34	98	129.8	3
59565	515.5	290.0	7	34	98	129.5	3
59571	515.5	290.0	7	34	98	129.2	3
59582	515.5	290.0	7	34	98	128.8	3
59589	515.5	290.0	7	34	98	128.5	3
59601	515.5	290.0	7	35	98	128.0	3
59610	515.5	290.0	7	35	98	127.7	3
59617	515.5	290.0	7	35	98	127.3	3
59623	515.5	290.0	7	35	98	127.1	3
59633	515.5	290.0	7	35	98	126.7	3
59642	515.5	290.0	7	35	98	126.3	3
59652	515.5	290.0	7	35	98	125.9	3
59660	515.5	290.0	7	35	98	125.6	3
59668	515.5	290.0	7	35	98	125.3	3
59677	515.5	290.0	7	35	98	124.9	3
59685	515.5	290.0	7	35	98	124.6	3
59694	515.5	290.0	7	35	98	124.2	3
59701	515.5	290.0	7	35	98	123.9	3
59710	515.5	290.0	7	35	98	123.6	3
59717	515.5	290.0	7	35	98	123.2	3
59724	515.5	290.0	7	35	98	123.0	3
59732	515.5	290.0	7	35	98	122.6	3
59739	515.5	290.0	7	35	99	133.8	3
59748	515.5	290.0	7	34	99	133.4	3
59755	515.5	290.0	7	34	99	133.2	3
59764	515.5	290.0	7	34	99	132.8	3
59770	515.5	290.0	7	34	99	132.6	3
59779	515.5	290.0	7	34	99	132.2	3
59785	515.5	290.0	7	34	99	132.0	3
59794	515.5	290.0	7	34	99	131.6	3
59801	515.5	290.0	7	34	99	131.4	3
59808	515.5	290.0	7	34	98	131.1	3
59815	515.5	290.0	7	34	98	130.8	3
59822	515.5	290.0	7	34	98	130.6	3
59830	515.5	290.0	7	34	98	130.2	3
59836	515.5	290.0	7	34	98	130.0	3
59846	515.5	290.0	7	34	98	129.6	3
59852	515.5	290.0	7	34	98	129.4	3
59860	515.5	290.0	7	35	98	129.1	3
59866	515.5	290.0	7	35	98	128.8	3
59873	515.5	290.0	7	35	98	128.6	3
59881	515.5	290.0	7	35	98	128.2	3
59888	515.5	290.0	7	35	98	128.0	3
59896	515.5	290.0	7	35	98	127.6	3
59903	515.5	290.0	7	35	98	127.4	3
59911	515.5	290.0	7	35	98	127.1	3
59918	515.5	290.0	7	35	98	126.8	3
59927	515.5	290.0	7	35	98	126.5	3
59933	515.5	290.0	7	35	98	126.2	3
59940	515.5	290.0	7	35	98	126.0	3
59947	515.5	290.0	7	35	98	125.7	3
59953	515.5	290.0	7	35	98	125.4	3
59961	515.5	290.0	7	35	98	125.1	3
59968	515.5	290.0	7	35	98	124.8	3
59976	515.5	290.0	7	35	98	124.5	3
59983	515.5	290.0	7	35	98	124.3	3
59989	515.5	290.0	7	35	98	124.0	3
59998	515.5	290.0	7	35	98	123.7	3
60004	515.5	290.0	7	35	98	123.4	3
60013	515.5	290.0	7	35	98	123.1	3
60020	515.5	290.0	7	35	98	122.8	3
60029	515.5	290.0	7	35	98	122.5	3
60035	515.5	290.0	7	35	98	122.2	3
60043	515.5	290.0	7	35	98	121.9	3
60050	515.5	290.0	7	35	98	121.6	3
60058	515.5	290.0	7	35	98	121.4	3
60065	515.5	290.0	7	35	98	121.1	3
60076	515.5	290.0	7	35	98	120.7	3
60086	515.5	290.0	7	35	99	123.7	3
60098	515.5	290.0	7	34	99	123.3	3
60108	515.5	290.0	7	34	99	122.9	3
60119	515.5	290.0	7	34	99	122.5	3
60132	515.5	290.0	7	34	99	122.0	3
60144	515.5	290.0	7	34	98	121.5	3
60155	515.5	290.0	7	34	98	121.1	3
60170	515.5	290.0	7	34	98	120.5	3
60185	515.5	290.0	7	34	98	119.9	3
60198	515.5	290.0	7	34	98	119.4	3
60210	515.5	290.0	7	35	98	118.9	3
60229	515.5	290.0	7	35	98	118.2	3
60236	515.5	290.0	7	35	98	117.9	3
60247	515.5	290.0	7	35	98	117.5	3
60253	515.5	290.0	7	35	98	117.2	3
60262	515.5	290.0	7	35	98	116.8	3
60269	515.5	290.0	7	35	98	116.6	3
60277	515.5	290.0	7	35	98	116.3	3
60284	515.5	290.0	7	35	98	116.0	3
60291	515.5	290.0	7	35	98	115.8	3
60299	515.5	290.0	7	35	98	115.4	3
60306	515.5	290.0	7	35	98	115.2	3
60314	515.5	290.0	7	35	98	114.8	3
60320	515.5	290.0	7	35	98	114.6	3
60330	515.5	290.0	7	35	98	114.2	3
60336	515.5	290.0	7	35	98	114.0	3
60345	515.5	290.0	7	35	98	113.6	3
60351	515.5	290.0	7	35	98	113.4	3
60359	515.5	290.0	7	35	98	113.1	3
60368	515.5	290.0	7	35	98	112.7	3
60378	515.5	290.0	7	35	98	112.3	3
60385	515.5	290.0	7	35	98	112.0	3
60395	515.5	290.0	7	35	98	111.7	3
60402	515.5	290.0	7	35	98	111.4	3
60413	515.5	290.0	7	36	98	110.9	3
60421	515.5	290.0	7	36	98	110.7	3
60432	515.5	290.0	7	36	99	118.2	3
60440	515.5	290.0	7	35	99	117.9	3
60449	515.5	290.0	7	35	99	117.5	3
60457	515.5	290.0	7	35	99	117.2	3
60467	515.5	290.0	7	35	99	116.8	3
60477	515.5	290.0	7	35	99	116.4	3
60486	515.5	290.0	7	35	99	116.0	3
60495	515.5	290.0	7	35	98	115.6	3
60505	515.5	290.0	7	35	98	115.2	3
60516	515.5	290.0	7	35	98	114.7	3
60523	515.5	290.0	7	35	98	114.4	3
60532	515.5	290.0	7	35	98	114.0	3
60538	515.5	290.0	7	35	98	113.8	3
60548	515.5	290.0	7	35	98	113.4	3
60554	515.5	290.0	7	35	98	113.1	3
60563	515.5	290.0	7	35	98	112.7	3
60569	515.5	290.0	7	35	98	112.5	3
60577	515.5	290.0	7	35	98	112.2	3
60583	515.5	290.0	7	35	98	111.9	3
60589	515.5	290.0	7	35	98	111.6	3
60597	515.5	290.0	7	35	98	111.3	3
60604	515.5	290.0	7	35	98	111.0	3
60617	515.5	290.0	7	35	98	110.5	3
60626	515.5	290.0	7	35	98	110.2	3
60634	515.5	290.0	7	35	98	109.8	3
60643	515.5	290.0	7	35	98	109.4	3
60650	515.5	290.0	7	35	98	109.1	3
60657	515.5	290.0	7	35	98	108.8	3
60664	515.5	290.0	7	35	98	108.5	3
60671	515.5	290.0	7	35	98	108.2	3
60680	515.5	290.0	7	35	98	107.8	3
60686	515.5	290.0	7	35	98	107.6	3
60693	515.5	290.0	7	35	98	107.3	3
60700	515.5	290.0	7	35	98	107.0	3
60707	515.5	290.0	7	35	98	106.7	3
60714	515.5	290.0	7	35	98	106.4	3
60720	515.5	290.0	7	35	98	106.1	3
60728	515.5	290.0	7	35	98	105.8	3
60735	515.5	290.0	7	36	98	105.5	3
60744	515.5	290.0	7	36	98	105.2	3
60751	515.5	290.0	7	36	98	104.9	3
60758	515.5	290.0	7	36	99	107.6	3
60765	515.5	290.0	7	35	99	107.3	3
60772	515.5	290.0	7	35	99	107.0	3
60782	515.5	290.0	7	35	99	106.6	3
60788	515.5	290.0	7	35	99	106.3	3
60796	515.5	290.0	7	35	99	106.0	3
60802	515.5	290.0	7	35	99	105.7	3
60812	515.5	290.0	7	35	99	105.3	3
60819	515.5	290.0	7	35	99	105.0	3
60828	515.5	290.0	7	35	99	104.7	3
60835	515.5	290.0	7	35	98	104.4	3
60843	515.5	290.0	7	35	98	104.1	3
60849	515.5	290.0	7	35	98	103.8	3
60856	515.5	290.0	7	35	98	103.5	3
60863	515.5	290.0	7	35	98	103.2	3
60869	515.5	290.0	7	35	98	103.0	3
60877	515.5	290.0	7	35	98	102.7	3
60884	515.5	290.0	7	35	98	102.4	3
60890	515.5	290.0	7	35	98	102.1	3
60897	515.5	290.0	7	35	98	101.8	3
60903	515.5	290.0	7	35	98	101.6	3
60911	515.5	290.0	7	35	98	101.2	3
60917	515.5	290.0	7	35	98	101.0	3
60924	515.5	290.0	7	35	98	100.7	3
60931	515.5	290.0	7	35	98	100.4	3
60937	515.5	290.0	7	35	98	100.2	3
60944	515.5	290.0	7	35	98	99.9	3
60951	515.5	290.0	7	35	98	99.6	3
60958	515.5	290.0	7	35	98	99.3	3
60964	515.5	290.0	7	35	98	99.0	3
60970	515.5	290.0	7	35	98	98.8	3
60977	515.5	290.0	7	35	98	98.5	3
60983	515.5	290.0	7	35	98	98.2	3
60991	515.5	290.0	7	35	98	97.9	3
60997	515.5	290.0	7	35	98	97.7	3
61003	515.5	290.0	7	35	98	97.4	3
61011	515.5	290.0	7	35	98	97.1	3
61017	515.5	290.0	7	35	98	96.8	3
61024	515.5	290.0	7	35	98	96.5	3
61031	515.5	290.0	7	35	98	96.3	3
61037	515.5	290.0	7	35	98	96.0	3
61045	515.5	290.0	7	35	98	95.7	3
61051	515.5	290.0	7	35	98	95.4	3
61058	515.5	290.0	7	35	98	95.2	3
61064	515.5	290.0	7	35	98	94.9	3
61070	515.5	290.0	7	35	98	94.6	3
61078	515.5	290.0	7	35	98	94.3	3
61084	515.5	290.0	7	35	98	94.1	3
61092	515.5	290.0	7	35	98	93.7	3
61099	515.5	290.0	7	35	98	93.4	3
61107	515.5	290.0	7	35	99	100.0	3
61115	515.5	290.0	7	34	99	99.6	3
61121	515.5	290.0	7	34	99	99.4	3
61129	515.5	290.0	7	34	99	99.2	3
61134	515.5	290.0	7	34	99	98.9	3
61142	515.5	290.0	7	34	99	98.7	3
61148	515.5	290.0	7	34	99	98.4	3
61155	515.5	290.0	7	34	99	98.2	3
61163	515.5	290.0	7	35	98	97.9	3
61170	515.5	290.0	7	35	98	97.6	3
61179	515.5	290.0	7	35	98	97.3	3
61185	515.5	290.0	7	35	98	97.1	3
61192	515.5	290.0	7	35	98	96.8	3
61199	515.5	290.0	7	35	98	96.6	3
61206	515.5	290.0	7	35	98	96.3	3
61214	515.5	290.0	7	35	98	96.0	3
61221	515.5	290.0	7	35	98	95.8	3
61230	515.5	290.0	7	35	98	95.5	3
61236	515.5	290.0	7	35	98	95.2	3
61244	515.5	290.0	7	35	98	94.9	3
61251	515.5	290.0	7	35	98	94.7	3
61258	515.5	290.0	7	35	98	94.5	3
61264	515.5	290.0	7	35	98	94.2	3
61270	515.5	290.0	7	35	98	94.0	3
61277	515.5	290.0	7	35	98	93.7	3
61283	515.5	290.0	7	35	98	93.5	3
61289	515.5	290.0	7	35	98	93.3	3
61297	515.5	290.0	7	35	98	93.0	3
61303	515.5	290.0	7	35	98	92.8	3
61311	515.5	290.0	7	35	98	92.5	3
61318	515.5	290.0	7	35	98	92.2	3
61325	515.5	290.0	7	35	98	92.0	3
61331	515.5	290.0	7	35	98	91.7	3
61337	515.5	290.0	7	35	98	91.5	3
61344	515.5	290.0	7	37	98	91.3	3
61350	515.5	290.0	7	37	98	91.1	3
61356	515.5	290.0	7	37	98	90.8	3
61363	515.5	290.0	7	37	98	90.6	3
61370	515.5	290.0	7	37	98	90.4	3
61377	515.5	290.0	7	37	98	90.1	3
61384	515.5	290.0	7	37	98	89.8	3
61391	515.5	290.0	7	37	98	89.6	3
61398	515.5	290.0	7	37	98	89.3	3
61405	515.5	290.0	7	37	98	89.1	3
61413	515.5	290.0	7	37	98	88.8	3
61420	515.5	290.0	7	37	98	88.5	3
61429	515.5	290.0	7	37	98	88.2	3
61436	515.5	290.0	7	37	98	87.9	3
61443	515.5	290.0	7	37	99	89.5	3
61450	515.5	290.0	7	36	99	89.2	3
61458	515.5	290.0	7	36	99	88.9	3
61465	515.5	290.0	7	36	99	88.6	3
61471	515.5	290.0	7	36	99	88.3	3
61479	515.5	290.0	7	36	99	88.0	3
61486	515.5	290.0	7	36	99	87.7	3
61494	515.5	290.0	7	36	99	87.4	3
61500	515.5	290.0	7	36	99	86.9	3
61507	515.5	290.0	7	36	98	86.4	3
61515	515.5	290.0	7	36	98	85.8	3
61523	515.5	290.0	7	36	98	85.2	3
61530	515.5	290.0	7	36	98	84.7	3
61537	515.5	290.0	7	36	98	84.2	3
61545	515.5	290.0	7	36	98	83.6	3
61551	515.5	290.0	7	36	98	83.1	3
61558	515.5	290.0	7	36	98	82.6	3
61565	515.5	290.0	7	36	98	82.1	3
61571	515.5	290.0	7	36	98	81.7	3
61579	515.5	290.0	7	36	98	81.1	3
61585	515.5	290.0	7	36	98	80.6	3
61593	515.5	290.0	7	36	98	80.0	3
61600	515.5	290.0	7	36	98	79.5	3
61606	515.5	290.0	7	36	98	79.1	3
61613	515.5	290.0	7	36	98	78.5	3
61620	515.5	290.0	7	36	98	78.0	3
61627	515.5	290.0	7	36	98	77.5	3
61634	515.5	290.0	7	36	98	77.0	3
61641	515.5	290.0	7	36	98	76.5	3
61647	515.5	290.0	7	36	98	76.0	3
61653	515.5	290.0	7	36	98	75.6	3
61660	515.5	290.0	7	36	98	75.0	3
61666	515.5	290.0	7	36	98	74.6	3
61672	515.5	290.0	7	36	98	74.2	3
61682	515.5	290.0	7	36	98	73.4	3
61688	515.5	290.0	7	36	98	73.0	3
61696	515.5	290.0	7	36	98	72.4	3
61702	515.5	290.0	7	36	98	71.9	3
61709	515.5	290.0	7	36	98	71.4	3
61715	515.5	290.0	7	36	98	70.9	3
61722	515.5	290.0	7	36	98	70.5	3
61729	515.5	290.0	7	36	98	69.9	3
61735	515.5	290.0	7	36	98	69.5	3
61742	515.5	290.0	7	36	98	69.0	3
61749	515.5	290.0	7	36	98	68.5	3
61756	515.5	290.0	7	36	98	67.9	3
61763	515.5	290.0	7	36	98	67.4	3
61770	515.5	290.0	7	36	98	66.8	3
61780	515.5	290.0	7	37	98	66.2	3
61787	515.5	290.0	7	37	98	66.6	3
61795	515.5	290.0	7	37	98	67.0	3
61802	515.5	290.0	7	37	98	67.2	3
61810	515.5	290.0	7	37	98	67.5	3
61816	515.5	290.0	7	37	98	67.7	3
61824	515.5	290.0	7	37	98	67.9	3
61831	515.5	290.0	7	37	98	68.1	3
61837	515.5	290.0	7	37	98	68.2	3
61845	515.5	290.0	7	37	97	68.3	3
61852	515.5	290.0	7	37	97	68.4	3
61859	515.5	290.0	7	37	97	68.5	3
61865	515.5	290.0	7	37	97	68.6	3
61871	515.5	290.0	7	37	97	68.6	3
61879	515.5	290.0	7	37	97	68.6	3
61885	515.5	290.0	7	37	97	68.6	3
61893	515.5	290.0	7	37	97	68.6	3
61900	515.5	290.0	7	37	97	68.6	3
61907	515.5	290.0	7	37	97	68.5	3
61913	515.5	290.0	7	37	97	68.5	3
61920	515.5	290.0	7	37	97	68.4	3
61927	515.5	290.0	7	37	97	68.3	3
61933	515.5	290.0	7	37	97	68.2	3
61940	515.5	290.0	7	37	97	68.1	3
61946	515.5	290.0	7	37	97	68.0	3
61953	515.5	290.0	7	37	97	67.8	3
61960	515.5	290.0	7	37	97	67.6	3
61966	515.5	290.0	7	37	97	67.5	3
61972	515.5	290.0	7	37	97	67.3	3
61979	515.5	290.0	7	37	97	67.1	3
61985	515.5	290.0	7	37	97	66.9	3
61992	515.5	290.0	7	37	97	66.6	3
61998	515.5	290.0	7	37	97	66.3	3
62004	515.5	290.0	7	37	97	66.1	3
62011	515.5	290.0	7	37	97	65.8	3
62017	515.5	290.0	7	38	97	65.5	3
62024	515.5	290.0	7	38	97	65.3	3
62031	515.5	290.0	7	38	97	65.0	3
62037	515.5	290.0	7	38	97	64.7	3
62044	515.5	290.0	7	38	97	64.4	3
62051	515.5	290.0	7	38	97	64.2	3
62059	515.5	290.0	7	38	97	63.8	3
62065	515.5	290.0	7	38	97	63.5	3
62072	515.5	290.0	7	38	97	63.3	3
62080	515.5	290.0	7	38	97	62.9	3
62087	515.5	290.0	7	38	97	62.6	3
62095	515.5	290.0	7	38	97	62.3	3
62101	515.5	290.0	7	38	97	62.1	3
62108	515.5	290.0	7	38	97	61.7	3
62116	515.5	290.0	7	38	97	61.5	3
62122	515.5	290.0	7	38	97	61.2	3
62130	515.5	290.0	7	38	97	60.8	3
62137	515.5	290.0	7	38	97	60.6	3
62145	515.5	290.0	7	38	97	60.2	3
62151	515.5	290.0	7	38	97	60.0	3
62158	515.5	290.0	7	38	97	59.7	3
62165	515.5	290.0	7	38	97	59.4	3
62171	515.5	290.0	7	38	97	59.1	3
62180	515.5	290.0	7	38	97	58.8	3
62186	515.5	290.0	7	38	97	58.5	3
62195	515.5	290.0	7	38	97	58.1	3
62202	515.5	290.0	7	38	97	57.8	3
62210	515.5	290.0	7	38	97	57.5	3
62217	515.5	290.0	7	38	97	57.2	3
62224	515.5	290.0	7	38	97	56.9	3
62232	515.5	290.0	7	38	97	56.6	3
62239	515.5	290.0	7	38	97	56.3	3
62246	515.5	290.0	7	38	97	56.0	3
62252	515.5	290.0	7	38	97	55.7	3
62260	515.5	290.0	7	38	97	55.4	3
62266	515.5	290.0	7	38	97	55.2	3
62272	515.5	290.0	7	38	97	54.9	3
62279	515.5	290.0	7	39	97	54.6	3
62286	515.5	290.0	7	39	97	54.3	3
62293	515.5	290.0	7	39	97	54.0	3
62300	515.5	290.0	7	39	97	53.7	3
62307	515.5	290.0	7	39	97	53.5	3
62314	515.5	290.0	7	39	97	53.2	3
62320	515.5	290.0	7	39	97	52.9	3
62327	515.5	290.0	7	39	97	52.6	3
62333	515.5	290.0	7	39	97	52.4	3
62339	515.5	290.0	7	39	97	52.1	3
62346	515.5	290.0	7	39	97	51.8	3
62353	515.5	290.0	7	39	97	51.5	3
62361	515.5	290.0	7	39	97	51.2	3
62367	515.5	290.0	7	39	97	50.9	3
62374	515.5	290.0	7	39	97	50.7	3
62381	515.5	290.0	7	39	97	50.4	3
62387	515.5	290.0	7	39	97	50.1	3
62395	515.5	290.0	7	39	97	49.8	3
62401	515.5	290.0	7	39	97	49.5	3
62409	515.5	290.0	7	39	97	49.2	3
62416	515.5	290.0	7	39	97	48.9	3
62423	515.5	290.0	7	39	97	48.6	3
62432	515.5	290.0	7	39	97	48.2	3
62439	515.5	290.0	7	39	97	48.0	3
62447	515.5	290.0	7	39	98	57.2	3
62454	515.5	290.0	7	38	98	56.8	3
62462	515.5	290.0	7	38	98	56.4	3
62469	515.5	290.0	7	38	98	56.0	3
62479	515.5	290.0	7	38	98	55.6	3
62486	515.5	290.0	7	38	98	55.1	3
62496	515.5	290.0	7	38	98	54.6	3
62502	515.5	290.0	7	38	98	54.3	3
62511	515.5	290.0	7	38	98	53.8	3
62517	515.5	290.0	7	38	98	53.5	3
62522	515.5	290.0	7	38	98	53.1	3
62529	515.5	290.0	7	38	98	52.7	3
62535	515.5	290.0	7	38	98	52.4	3
62544	515.5	290.0	7	38	98	51.9	3
62550	515.5	290.0	7	38	98	51.5	3
62556	515.5	290.0	7	38	98	51.2	3
62563	515.5	290.0	7	39	98	50.7	3
62569	515.5	290.0	7	39	98	50.4	3
62578	515.5	290.0	7	39	98	49.8	3
62584	515.5	290.0	7	39	98	49.5	3
62591	515.5	290.0	7	39	98	49.0	3
62598	515.5	290.0	7	39	98	48.6	3
62604	515.5	290.0	7	39	98	48.2	3
62612	515.5	290.0	7	39	98	47.7	3
62619	515.5	290.0	7	39	98	47.3	3
62627	515.5	290.0	7	39	98	46.7	3
62634	515.5	290.0	7	39	98	46.3	3
62642	515.5	290.0	7	39	98	45.8	3
62650	515.5	290.0	7	39	98	45.3	3
62656	515.5	290.0	7	39	98	44.9	3
62665	515.5	290.0	7	39	98	44.3	3
62671	515.5	290.0	7	39	98	43.9	3
62679	515.5	290.0	7	39	98	43.3	3
62685	515.5	290.0	7	39	98	42.9	3
62692	515.5	290.0	7	39	98	42.4	3
62699	515.5	290.0	7	39	98	42.0	3
62705	515.5	290.0	7	39	98	41.6	3
62715	515.5	290.0	7	39	98	40.9	3
62721	515.5	290.0	7	39	98	40.5	3
62729	515.5	290.0	7	39	98	40.0	3
62735	515.5	290.0	7	39	98	39.5	3
62743	515.5	290.0	7	39	98	39.0	3
62750	515.5	290.0	7	39	98	38.5	3
62757	515.5	290.0	7	39	98	38.1	3
62764	515.5	290.0	7	39	98	37.5	3
62771	515.5	290.0	7	39	98	37.1	3
62779	515.5	290.0	7	39	98	36.5	3
62785	515.5	290.0	7	39	98	36.1	3
62793	515.5	290.0	7	39	98	35.5	3
62799	515.5	290.0	7	39	98	35.9	3
62806	515.5	290.0	7	39	98	36.1	3
62813	515.5	290.0	7	39	98	36.4	3
62819	515.5	290.0	7	39	98	36.7	3
62828	515.5	290.0	7	39	98	36.9	3
62834	515.5	290.0	7	39	98	37.1	3
62842	515.5	290.0	7	39	98	37.3	3
62849	515.5	290.0	7	39	97	37.5	3
62855	515.5	290.0	7	39	97	37.6	3
62862	515.5	290.0	7	39	97	37.7	3
62869	515.5	290.0	7	41	97	37.8	3
62876	515.5	290.0	7	41	97	37.9	3
62883	515.5	290.0	7	41	97	37.9	3
62890	515.5	290.0	7	41	97	37.9	3
62897	515.5	290.0	7	41	97	37.9	3
62904	515.5	290.0	7	41	97	37.9	3
62911	515.5	290.0	7	41	97	37.9	3
62919	515.5	290.0	7	41	97	37.9	3
62928	515.5	290.0	7	41	97	37.8	3
62936	515.5	290.0	7	41	97	37.7	3
62946	515.5	290.0	7	41	97	37.5	3
62954	515.5	290.0	7	41	97	37.4	3
62965	515.5	290.0	7	41	97	37.2	3
62974	515.5	290.0	7	41	97	37.0	3
62984	515.5	290.0	7	41	97	36.7	3
62993	515.5	290.0	7	41	97	36.5	3
63001	515.5	290.0	7	41	97	36.3	3
63007	515.5	290.0	7	41	97	36.0	3
63015	515.5	290.0	7	41	97	35.8	3
63021	515.5	290.0	7	41	97	35.6	3
63029	515.5	290.0	7	41	97	35.3	3
63036	515.5	290.0	7	41	97	35.1	3
63044	515.5	290.0	7	41	97	34.7	3
63052	515.5	290.0	7	41	97	34.5	3
63060	515.5	290.0	7	41	97	34.1	3
63066	515.5	290.0	7	41	97	33.8	3
63074	515.5	290.0	7	41	97	33.5	3
63082	515.5	290.0	7	41	97	33.2	3
63091	515.5	290.0	7	41	97	32.7	3
63099	515.5	290.0	7	41	97	32.4	3
63108	515.5	290.0	7	41	97	31.9	3
63116	515.5	290.0	7	41	97	31.6	3
63126	515.5	290.0	7	41	97	31.1	3
63134	515.5	290.0	7	41	97	30.7	3
63146	515.5	290.0	7	41	98	42.3	3
63153	515.5	290.0	7	40	98	42.0	3
63163	515.5	290.0	7	40	98	41.6	3
63172	515.5	290.0	7	40	98	41.2	3
63180	515.5	290.0	7	40	98	40.8	3
63187	515.5	290.0	7	41	98	40.5	3
63196	515.5	290.0	7	41	98	40.1	3
63204	515.5	290.0	7	41	98	39.8	3
63213	515.5	290.0	7	41	98	39.4	3
63219	515.5	290.0	7	41	98	39.1	3
63226	515.5	290.0	7	41	98	38.8	3
63233	515.5	290.0	7	41	98	38.5	3
63239	515.5	290.0	7	41	98	38.3	3
63246	515.5	290.0	7	41	98	38.0	3
63252	515.5	290.0	7	41	98	37.7	3
63258	515.5	290.0	7	41	98	37.4	3
63265	515.5	290.0	7	41	98	37.2	3
63271	515.5	290.0	6	41	98	36.9	3
63279	515.5	290.0	6	41	98	36.5	3
63285	515.5	290.0	6	41	98	36.3	3
63292	515.5	290.0	6	41	98	36.0	3
63299	515.5	290.0	6	41	98	35.7	3
63305	515.5	290.0	6	41	98	35.4	3
63312	515.5	290.0	6	41	98	35.1	3
63319	515.5	290.0	6	41	98	34.8	3
63325	515.5	290.0	6	41	98	34.5	3
63332	515.5	290.0	6	41	98	34.3	3
63338	515.5	290.0	6	41	98	34.0	3
63345	515.5	290.0	6	41	98	33.7	3
63352	515.5	290.0	6	41	98	33.4	3
63359	515.5	290.0	6	41	98	33.1	3
63366	515.5	290.0	6	41	98	32.8	3
63372	515.5	290.0	6	41	98	32.5	3
63379	515.5	290.0	6	41	98	32.2	3
63386	515.5	290.0	6	41	98	31.9	3
63392	515.5	290.0	6	41	98	31.6	3
63399	515.5	290.0	6	41	98	31.4	3
63404	515.5	290.0	6	41	98	31.1	3
63411	515.5	290.0	6	41	98	30.8	3
63417	515.5	290.0	6	41	98	30.5	3
63425	515.5	290.0	6	41	98	30.2	3
63432	515.5	290.0	6	41	98	29.9	3
63439	515.5	290.0	6	41	98	29.6	3
63448	515.5	290.0	6	41	98	29.2	3
63454	515.5	290.0	6	42	98	29.0	3
63464	515.5	290.0	6	42	98	28.6	3
63470	515.5	290.0	6	42	98	28.3	3
63481	515.5	290.0	6	42	98	27.8	3
63488	515.5	290.0	6	42	98	27.5	3
63497	515.5	290.0	6	42	99	27.1	3
63503	515.5	290.0	6	41	99	26.8	3
63512	515.5	290.0	6	41	99	26.4	3
63520	515.5	290.0	6	41	99	26.1	3
63529	515.5	290.0	6	41	99	25.7	3
63537	515.5	290.0	6	41	99	25.4	3
63546	515.5	290.0	6	41	99	25.0	3
63553	515.5	290.0	6	41	98	24.7	3
63562	515.5	290.0	6	41	98	24.3	3
63568	515.5	290.0	6	41	98	24.0	3
63575	515.5	290.0	6	41	98	23.7	3
63582	515.5	290.0	6	41	98	23.4	3
63588	515.5	290.0	6	41	98	23.2	3
63596	515.5	290.0	6	41	98	22.8	3
63602	515.5	290.0	6	41	98	22.6	3
63609	515.5	290.0	6	41	98	22.3	3
63616	515.5	290.0	6	43	98	22.0	3
63622	515.5	290.0	6	43	98	21.7	3
63631	515.5	290.0	6	43	98	21.3	3
63638	515.5	290.0	6	43	98	21.0	3
63648	515.5	290.0	6	43	98	20.6	3
63654	515.5	290.0	6	43	98	20.3	3
63665	515.5	290.0	6	43	98	19.9	3
63673	515.5	290.0	6	43	98	19.5	3
63681	515.5	290.0	6	43	98	19.1	3
63688	515.5	290.0	6	43	98	18.8	3
63695	515.5	290.0	6	43	98	18.5	3
63703	515.5	290.0	6	43	98	18.2	3
63710	515.5	290.0	6	43	98	17.9	3
63717	515.5	290.0	6	43	98	17.6	3
63723	515.5	290.0	6	43	98	17.3	3
63730	515.5	290.0	6	43	98	17.0	3
63736	515.5	290.0	6	43	98	16.8	3
63743	515.5	290.0	6	43	98	16.5	3
63750	515.5	290.0	6	43	98	16.2	3
63757	515.5	290.0	6	43	98	15.9	3
63764	515.5	290.0	6	43	98	15.5	3
63771	515.5	290.0	6	43	98	15.3	3
63778	515.5	290.0	6	43	98	14.9	3
63785	515.5	290.0	6	43	98	14.6	3
63792	515.5	290.0	6	43	98	14.3	3
63799	515.5	290.0	6	43	98	14.0	3
63806	515.5	290.0	6	43	98	13.7	3
63813	515.5	290.0	6	43	98	13.4	3
63820	515.5	290.0	6	43	98	13.1	3
63828	515.5	290.0	6	43	98	12.8	3
63835	515.5	290.0	6	43	98	12.5	3
63843	515.5	290.0	6	43	98	12.1	3
63851	515.5	290.0	6	43	99	39.2	3
63858	515.5	290.0	6	42	99	38.9	3
63865	515.5	290.0	6	42	99	38.6	3
63872	515.5	290.0	6	42	99	38.3	3
63880	515.5	290.0	6	42	99	38.0	3
63887	515.5	290.0	6	42	99	37.8	3
63896	515.5	290.0	6	42	99	37.5	3
63903	515.5	290.0	6	42	98	37.2	3
63913	515.5	290.0	6	42	98	36.8	3
63920	515.5	290.0	6	42	98	36.6	3
63929	515.5	290.0	6	42	98	36.2	3
63935	515.5	290.0	6	42	98	36.0	3
63943	515.5	290.0	6	42	98	35.7	3
63950	515.5	290.0	6	42	98	35.4	3
63956	515.5	290.0	6	42	98	35.2	3
63965	515.5	290.0	6	42	98	34.8	3
63971	515.5	290.0	6	42	98	34.6	3
63980	515.5	290.0	6	42	98	34.3	3
63985	515.5	290.0	6	42	98	34.1	3
63993	515.5	290.0	6	42	98	33.8	3
64000	515.5	290.0	6	43	98	33.5	3
64006	515.5	290.0	6	43	98	33.3	3
64014	515.5	290.0	6	43	98	33.0	3
64020	515.5	290.0	6	43	98	32.8	3
64029	515.5	290.0	6	43	98	32.4	3
64035	515.5	290.0	6	43	98	32.2	3
64044	515.5	290.0	6	43	98	31.8	3
64051	515.5	290.0	6	43	98	31.6	3
64059	515.5	290.0	6	43	98	31.3	3
64066	515.5	290.0	6	43	98	31.0	3
64075	515.5	290.0	6	43	98	30.8	3
64084	515.5	290.0	6	43	98	30.3	3
64093	515.5	290.0	6	43	98	30.0	3
64100	515.5	290.0	6	43	98	29.7	3
64107	515.5	290.0	6	43	98	29.5	3
64115	515.5	290.0	6	43	98	29.2	3
64122	515.5	290.0	6	43	98	28.9	3
64130	515.5	290.0	6	43	98	28.6	3
64137	515.5	290.0	6	43	98	28.4	3
64145	515.5	290.0	6	43	98	28.0	3
64152	515.5	290.0	6	43	98	27.8	3
64160	515.5	290.0	6	43	98	27.5	3
64168	515.5	290.0	6	43	98	27.2	3
64175	515.5	290.0	6	43	98	26.9	3
64182	515.5	290.0	6	43	98	26.7	3
64188	515.5	290.0	6	43	98	26.4	3
64195	515.5	290.0	6	43	98	26.2	3
64202	515.5	290.0	6	43	99	25.9	3
64209	515.5	290.0	6	42	99	25.7	3
64215	515.5	290.0	6	42	99	25.4	3
64221	515.5	290.0	6	43	99	25.2	3
64229	515.5	290.0	6	43	99	24.9	3
64235	515.5	290.0	6	43	99	24.7	3
64242	515.5	290.0	6	43	99	24.4	3
64249	515.5	290.0	6	43	99	24.1	3
64256	515.5	290.0	6	43	98	23.9	3
64263	515.5	290.0	6	43	98	23.6	3
64270	515.5	290.0	6	43	98	23.4	3
64277	515.5	290.0	6	43	98	23.1	3
64284	515.5	290.0	6	43	98	22.8	3
64291	515.5	290.0	6	43	98	22.6	3
64298	515.5	290.0	6	43	98	22.3	3
64304	515.5	290.0	6	43	98	22.1	3
64312	515.5	290.0	6	43	98	21.8	3
64318	515.5	290.0	6	43	98	21.5	3
64324	515.5	290.0	6	43	98	21.3	3
64331	515.5	290.0	6	43	98	21.1	3
64337	515.5	290.0	6	43	98	20.8	3
64344	515.5	290.0	6	43	98	20.6	3
64350	515.5	290.0	6	43	98	20.3	3
64357	515.5	290.0	6	43	98	20.1	3
64364	515.5	290.0	6	43	98	19.8	3
64370	515.5	290.0	6	43	98	19.6	3
64377	515.5	290.0	6	43	98	19.3	3
64383	515.5	290.0	6	43	98	19.1	3
64390	515.5	290.0	6	43	98	18.8	3
64398	515.5	290.0	6	43	98	18.5	3
64405	515.5	290.0	6	43	98	18.3	3
64413	515.5	290.0	6	43	98	18.0	3
64420	515.5	290.0	6	43	98	17.7	3
64428	515.5	290.0	6	43	98	17.4	3
64434	515.5	290.0	6	43	98	17.1	3
64442	515.5	290.0	6	43	98	16.9	3
64448	515.5	290.0	6	43	98	16.6	3
64455	515.5	290.0	6	43	98	16.4	3
64464	515.5	290.0	6	44	98	16.0	3
64471	515.5	290.0	6	44	98	15.8	3
64480	515.5	290.0	6	44	98	15.4	3
64487	515.5	290.0	6	44	98	15.2	3
64497	515.5	290.0	6	44	98	14.8	3
64505	515.5	290.0	6	44	98	14.5	3
64516	515.5	290.0	6	44	98	14.1	3
64526	515.5	290.0	6	44	98	13.7	3
64535	515.5	290.0	6	44	98	13.4	3
64544	515.5	290.0	6	44	98	13.0	3
64553	515.5	290.0	6	44	99	44.9	3
64564	515.5	290.0	6	43	99	44.4	3
64572	515.5	290.0	6	43	99	44.1	3
64583	515.5	290.0	6	43	99	43.6	3
64590	515.5	290.0	6	43	99	43.3	3
64598	515.5	290.0	6	43	99	43.0	3
64604	515.5	290.0	6	43	98	42.7	3
64612	515.5	290.0	6	43	98	42.4	3
64619	515.5	290.0	6	43	98	42.1	3
64626	515.5	290.0	6	43	98	41.8	3
64632	515.5	290.0	6	43	98	41.5	3
64639	515.5	290.0	6	43	98	41.3	3
64647	515.5	290.0	6	43	98	40.9	3
64654	515.5	290.0	6	43	98	40.6	3
64665	515.5	290.0	6	43	98	40.2	3
64672	515.5	290.0	6	43	98	39.9	3
64684	515.5	290.0	6	43	98	39.4	3
64696	515.5	290.0	6	43	98	39.0	3
64704	515.5	290.0	6	43	98	38.6	3
64715	515.5	290.0	6	43	98	38.2	3
64724	515.5	290.0	6	43	98	37.8	3
64732	515.5	290.0	6	44	98	37.4	3
64739	515.5	290.0	6	44	98	37.2	3
64749	515.5	290.0	6	44	98	36.7	3
64756	515.5	290.0	6	44	98	36.4	3
64765	515.5	290.0	6	44	98	36.1	3
64772	515.5	290.0	6	44	98	35.8	3
64779	515.5	290.0	6	44	98	35.5	3
64786	515.5	290.0	6	44	98	35.2	3
64794	515.5	290.0	6	44	98	34.9	3
64800	515.5	290.0	6	44	98	34.6	3
64806	515.5	290.0	6	44	98	34.4	3
64813	515.5	290.0	6	44	98	34.1	3
64820	515.5	290.0	6	44	98	33.8	3
64828	515.5	290.0	6	44	98	33.5	3
64834	515.5	290.0	6	44	98	33.2	3
64842	515.5	290.0	6	44	98	32.9	3
64849	515.5	290.0	6	44	98	32.6	3
64858	515.5	290.0	6	44	98	32.3	3
64867	515.5	290.0	6	44	98	31.9	3
64878	515.5	290.0	6	44	98	31.5	3
64885	515.5	290.0	6	44	98	31.1	3
64893	515.5	290.0	6	44	98	30.8	3
64900	515.5	290.0	6	44	98	30.5	3
64909	515.5	290.0	6	44	99	38.5	3
64916	515.5	290.0	6	43	99	38.3	3
64923	515.5	290.0	6	43	99	38.0	3
64930	515.5	290.0	6	43	99	37.7	3
64937	515.5	290.0	6	43	99	37.5	3
64945	515.5	290.0	6	43	99	37.2	3
64952	515.5	290.0	6	43	99	37.0	3
64963	515.5	290.0	6	43	98	36.6	3
64970	515.5	290.0	6	43	98	36.3	3
64978	515.5	290.0	6	43	98	36.0	3
64985	515.5	290.0	6	43	98	35.8	3
64992	515.5	290.0	6	43	98	35.5	3
64999	515.5	290.0	6	43	98	35.3	3
65005	515.5	290.0	6	43	98	35.0	3
65012	515.5	290.0	6	44	98	34.8	3
65018	515.5	290.0	6	44	98	34.6	3
65025	515.5	290.0	6	44	98	34.3	3
65032	515.5	290.0	6	44	98	34.1	3
65038	515.5	290.0	6	44	98	33.8	3
65045	515.5	290.0	6	44	98	33.6	3
65051	515.5	290.0	6	44	98	33.4	3
65058	515.5	290.0	6	44	98	33.1	3
65064	515.5	290.0	6	44	98	32.9	3
65070	515.5	290.0	6	44	98	32.7	3
65077	515.5	290.0	6	44	98	32.4	3
65083	515.5	290.0	6	44	98	32.2	3
65090	515.5	290.0	6	44	98	31.9	3
65097	515.5	290.0	6	44	98	31.7	3
65103	515.5	290.0	6	44	98	31.5	3
65110	515.5	290.0	6	44	98	31.2	3
65116	515.5	290.0	6	44	98	31.0	3
65122	515.5	290.0	6	44	98	30.8	3
65130	515.5	290.0	6	44	98	30.5	3
65137	515.5	290.0	6	44	98	30.3	3
65145	515.5	290.0	6	44	98	30.0	3
65151	515.5	290.0	6	44	98	29.7	3
65158	515.5	290.0	6	44	98	29.5	3
65165	515.5	290.0	6	44	98	29.2	3
65171	515.5	290.0	6	44	98	29.0	3
65179	515.5	290.0	6	44	98	28.7	3
65185	515.5	290.0	6	44	98	28.5	3
65193	515.5	290.0	6	44	98	28.2	3
65200	515.5	290.0	6	44	98	28.0	3
65209	515.5	290.0	6	44	98	27.7	3
65216	515.5	290.0	6	44	98	27.4	3
65222	515.5	290.0	6	44	98	27.2	3
65230	515.5	290.0	6	44	98	26.9	3
65237	515.5	290.0	6	44	98	26.6	3
65246	515.5	290.0	6	44	98	26.3	3
65252	515.5	290.0	6	44	98	26.1	3
65260	515.5	290.0	6	44	99	48.9	3
65267	515.5	290.0	6	43	99	48.6	3
65277	515.5	290.0	6	43	99	48.3	3
65285	515.5	290.0	6	43	99	47.9	3
65294	515.5	290.0	6	43	99	47.5	3
65301	515.5	290.0	6	43	99	47.2	3
65929	515.5	290.0	6	44	98	46.6	4
65935	515.5	290.0	6	44	98	46.3	4
65942	515.5	290.0	6	44	98	46.0	4
65949	515.5	290.0	6	44	98	45.7	4
65954	515.5	290.0	6	44	98	45.5	4
65962	515.5	290.0	6	44	98	45.2	4
65968	515.5	290.0	6	44	98	44.9	4
65975	515.5	290.0	6	44	98	44.6	4
65981	515.5	290.0	6	44	98	44.4	4
65987	515.5	290.0	6	44	98	44.1	4
65995	515.5	290.0	6	44	98	43.8	4
66002	515.5	290.0	6	44	98	43.5	4
66008	515.5	290.0	6	44	98	43.2	4
66015	515.5	290.0	6	44	98	42.9	4
66021	515.5	290.0	6	44	98	42.7	4
66030	515.5	290.0	6	44	98	42.3	4
66037	515.5	290.0	6	44	98	42.0	4
66045	515.5	290.0	6	44	98	41.7	4
66050	515.5	290.0	6	44	98	41.4	4
66056	515.5	290.0	6	45	98	41.2	4
66064	515.5	290.0	6	45	98	40.9	4
66070	515.5	290.0	6	45	98	40.6	4
66077	515.5	290.0	6	45	98	40.3	4
66083	515.5	290.0	6	45	98	40.1	4
66089	515.5	290.0	6	45	98	39.8	4
66097	515.5	290.0	6	45	98	39.5	4
66103	515.5	290.0	6	45	98	39.2	4
66111	515.5	290.0	6	45	98	38.9	4
66118	515.5	290.0	6	45	98	38.6	4
66125	515.5	290.0	6	45	98	38.3	4
66133	515.5	290.0	6	45	98	38.0	4
66139	515.5	290.0	6	45	98	37.7	4
66148	515.5	290.0	6	45	98	37.3	4
66155	515.5	290.0	6	45	98	37.0	4
66166	515.5	290.0	6	45	98	36.6	4
66173	515.5	290.0	6	45	98	36.3	4
66183	515.5	290.0	6	45	98	35.9	4
66189	515.5	290.0	6	45	98	35.6	4
66198	515.5	290.0	6	45	98	35.2	4
66204	515.5	290.0	6	45	98	35.0	4
66210	515.5	290.0	6	45	98	34.7	4
66216	515.5	290.0	6	45	98	34.4	4
66222	515.5	290.0	6	45	98	34.2	4
66229	515.5	290.0	6	45	98	33.9	4
66235	515.5	290.0	6	45	99	77.6	4
66242	515.5	290.0	6	44	99	77.0	4
66248	515.5	290.0	6	44	99	76.4	4
66253	515.5	290.0	6	44	99	76.0	4
66260	515.5	290.0	6	44	99	75.4	4
66266	515.5	290.0	6	44	99	74.9	4
66272	515.5	290.0	6	44	99	74.4	4
66279	515.5	290.0	6	44	98	73.8	4
66285	515.5	290.0	6	44	98	73.2	4
66292	515.5	290.0	6	44	98	72.7	4
66299	515.5	290.0	6	44	98	72.1	4
66305	515.5	290.0	6	44	98	71.6	4
66312	515.5	290.0	6	44	98	71.0	4
66318	515.5	290.0	6	44	98	70.5	4
66325	515.5	290.0	6	44	98	69.9	4
66331	515.5	290.0	6	44	98	69.3	4
66338	515.5	290.0	6	44	98	68.8	4
66346	515.5	290.0	6	44	98	68.0	4
66353	515.5	290.0	6	44	98	67.5	4
66359	515.5	290.0	6	44	98	66.9	4
66366	515.5	290.0	6	45	98	66.3	4
66373	515.5	290.0	6	45	98	65.8	4
66381	515.5	290.0	6	45	98	65.1	4
66387	515.5	290.0	6	45	98	64.6	4
66394	515.5	290.0	6	45	98	64.0	4
66401	515.5	290.0	6	45	98	63.4	4
66407	515.5	290.0	6	45	98	62.9	4
66414	515.5	290.0	6	45	98	62.2	4
66421	515.5	290.0	6	45	98	61.7	4
66430	515.5	290.0	6	45	98	60.9	4
66437	515.5	290.0	6	45	98	60.3	4
66446	515.5	290.0	6	45	98	59.5	4
66452	515.5	290.0	6	45	98	59.0	4
66462	515.5	290.0	6	45	98	58.2	4
66469	515.5	290.0	6	45	98	57.6	4
66477	515.5	290.0	6	45	98	56.9	4
66484	515.5	290.0	6	45	98	56.3	4
66492	515.5	290.0	6	45	98	55.6	4
66501	515.5	290.0	6	45	98	54.8	4
66510	515.5	290.0	6	45	98	54.1	4
66517	515.5	290.0	6	45	98	53.4	4
66525	515.5	290.0	6	45	98	52.8	4
66533	515.5	290.0	6	45	98	52.1	4
66541	515.5	290.0	6	45	98	51.4	4
66549	515.5	290.0	6	45	98	50.7	4
66556	515.5	290.0	6	45	98	50.1	4
66565	515.5	290.0	6	45	98	49.4	4
66575	515.5	290.0	6	45	98	48.6	4
66584	515.5	290.0	6	45	98	47.7	4
66595	515.5	290.0	6	45	98	46.9	4
66602	515.5	290.0	6	45	98	46.2	4
66610	515.5	290.0	6	45	98	46.5	4
66617	515.5	290.0	6	45	98	46.7	4
66626	515.5	290.0	6	45	98	47.0	4
66633	515.5	290.0	6	45	98	47.1	4
66639	515.5	290.0	6	45	97	47.3	4
66649	515.5	290.0	6	45	97	47.4	4
66655	515.5	290.0	6	45	97	47.5	4
66664	515.5	290.0	6	45	97	47.6	4
66670	515.5	290.0	6	46	97	47.6	4
66678	515.5	290.0	6	46	97	47.6	4
66685	515.5	290.0	6	46	97	47.6	4
66697	515.5	290.0	6	46	97	47.5	4
66703	515.5	290.0	6	46	97	47.5	4
66713	515.5	290.0	6	46	97	47.4	4
66720	515.5	290.0	6	46	97	47.3	4
66730	515.5	290.0	6	46	97	47.1	4
66737	515.5	290.0	6	46	97	46.9	4
66746	515.5	290.0	6	46	97	46.7	4
66752	515.5	290.0	6	46	97	46.6	4
66760	515.5	290.0	6	46	97	46.4	4
66766	515.5	290.0	6	46	97	46.2	4
66772	515.5	290.0	6	46	97	46.0	4
66783	515.5	290.0	6	46	97	45.6	4
66790	515.5	290.0	6	46	97	45.4	4
66798	515.5	290.0	6	46	97	45.1	4
66805	515.5	290.0	6	46	97	44.8	4
66812	515.5	290.0	6	46	97	44.5	4
66818	515.5	290.0	6	46	97	44.2	4
66826	515.5	290.0	6	46	97	43.9	4
66832	515.5	290.0	6	46	97	43.6	4
66837	515.5	290.0	6	46	97	43.4	4
66845	515.5	290.0	6	46	97	43.0	4
66851	515.5	290.0	6	47	97	42.7	4
66857	515.5	290.0	6	47	97	42.4	4
66864	515.5	290.0	6	47	97	42.1	4
66870	515.5	290.0	6	47	97	41.8	4
66877	515.5	290.0	6	47	97	41.4	4
66884	515.5	290.0	6	47	97	41.0	4
66891	515.5	290.0	6	47	97	40.6	4
66898	515.5	290.0	6	47	97	40.2	4
66904	515.5	290.0	6	47	97	39.9	4
66913	515.5	290.0	6	47	97	39.4	4
66920	515.5	290.0	6	47	97	39.0	4
66927	515.5	290.0	6	47	97	38.5	4
66933	515.5	290.0	6	47	97	38.1	4
66941	515.5	290.0	6	47	97	37.7	4
66948	515.5	290.0	6	47	98	55.5	4
66954	515.5	290.0	6	46	98	55.2	4
66962	515.5	290.0	6	46	98	54.9	4
66968	515.5	290.0	6	46	98	54.6	4
66976	515.5	290.0	6	46	98	54.4	4
66983	515.5	290.0	6	46	98	54.1	4
66989	515.5	290.0	6	46	98	53.8	4
66997	515.5	290.0	6	46	98	53.5	4
67003	515.5	290.0	6	46	98	53.3	4
67011	515.5	290.0	6	46	98	53.0	4
67017	515.5	290.0	6	46	98	52.7	4
67024	515.5	290.0	6	46	98	52.5	4
67031	515.5	290.0	6	46	98	52.2	4
67037	515.5	290.0	6	46	98	51.9	4
67045	515.5	290.0	6	46	98	51.6	4
67051	515.5	290.0	6	47	98	51.4	4
67058	515.5	290.0	6	47	98	51.1	4
67065	515.5	290.0	6	47	98	50.9	4
67071	515.5	290.0	6	47	98	50.6	4
67078	515.5	290.0	6	47	98	50.3	4
67084	515.5	290.0	6	47	98	50.1	4
67091	515.5	290.0	6	47	98	49.8	4
67098	515.5	290.0	6	47	98	49.6	4
67104	515.5	290.0	6	47	98	49.3	4
67112	515.5	290.0	6	47	98	49.0	4
67119	515.5	290.0	6	47	98	48.7	4
67126	515.5	290.0	6	47	98	48.5	4
67133	515.5	290.0	6	47	98	48.2	4
67140	515.5	290.0	6	47	98	47.9	4
67147	515.5	290.0	6	47	98	47.6	4
67154	515.5	290.0	6	47	98	47.4	4
67162	515.5	290.0	6	47	98	47.1	4
67168	515.5	290.0	6	47	98	46.8	4
67174	515.5	290.0	6	47	98	46.6	4
67182	515.5	290.0	6	47	98	46.2	4
67188	515.5	290.0	6	47	98	46.0	4
67197	515.5	290.0	6	47	98	45.6	4
67203	515.5	290.0	6	47	98	45.4	4
67213	515.5	290.0	6	47	98	45.0	4
67219	515.5	290.0	6	47	98	44.8	4
67228	515.5	290.0	6	47	98	44.4	4
67234	515.5	290.0	6	47	98	44.2	4
67241	515.5	290.0	6	47	98	43.9	4
67248	515.5	290.0	6	47	98	43.6	4
67254	515.5	290.0	6	47	98	43.4	4
67261	515.5	290.0	6	47	98	43.1	4
67268	515.5	290.0	6	47	98	42.9	4
67277	515.5	290.0	6	47	98	42.5	4
67284	515.5	290.0	6	47	98	42.2	4
67293	515.5	290.0	6	47	98	41.9	4
67300	515.5	290.0	6	47	99	46.7	4
67308	515.5	290.0	6	46	99	46.0	4
67315	515.5	290.0	6	46	99	45.2	4
67321	515.5	290.0	6	46	99	44.5	4
67330	515.5	290.0	6	46	99	43.6	4
67336	515.5	290.0	6	46	99	43.0	4
67344	515.5	290.0	6	46	99	42.1	4
67351	515.5	290.0	6	46	98	41.5	4
67358	515.5	290.0	6	46	98	40.7	4
67365	515.5	290.0	6	46	98	40.0	4
67371	515.5	290.0	6	46	98	39.4	4
67379	515.5	290.0	6	46	98	38.6	4
67385	515.5	290.0	6	46	98	37.9	4
67392	515.5	290.0	6	46	98	37.2	4
67399	515.5	290.0	6	46	98	36.5	4
67405	515.5	290.0	6	46	98	35.9	4
67414	515.5	290.0	6	46	98	34.9	4
67420	515.5	290.0	6	46	98	34.3	4
67428	515.5	290.0	6	46	98	33.5	4
67433	515.5	290.0	6	46	98	32.9	4
67439	515.5	290.0	6	46	98	32.3	4
67448	515.5	290.0	6	46	98	31.4	4
67455	515.5	290.0	6	46	98	30.7	4
67466	515.5	290.0	6	46	98	29.6	4
67478	515.5	290.0	6	46	98	28.4	4
67487	515.5	290.0	6	46	98	27.4	4
67497	515.5	290.0	6	46	98	26.3	4
67504	515.5	290.0	6	46	98	25.6	4
67513	515.5	290.0	6	46	98	24.8	4
67520	515.5	290.0	6	47	98	23.9	4
67530	515.5	290.0	6	47	98	23.0	4
67537	515.5	290.0	6	47	98	22.2	4
67545	515.5	290.0	6	47	98	21.4	4
67552	515.5	290.0	6	47	98	20.7	4
67558	515.5	290.0	6	47	98	20.0	4
67565	515.5	290.0	6	47	98	19.3	4
67571	515.5	290.0	6	47	98	18.7	4
67579	515.5	290.0	6	47	98	17.9	4
67585	515.5	290.0	6	47	98	17.3	4
67592	515.5	290.0	6	47	98	16.5	4
67599	515.5	290.0	6	47	98	15.8	4
67606	515.5	290.0	6	47	98	15.1	4
67615	515.5	290.0	6	47	98	14.2	4
67621	515.5	290.0	6	47	98	13.5	4
67630	515.5	290.0	6	47	98	12.6	4
67637	515.5	290.0	6	47	98	11.9	4
67648	515.5	290.0	6	47	98	10.8	4
67655	515.5	290.0	6	47	98	10.9	4
67663	515.5	290.0	6	47	98	11.1	4
67670	515.5	290.0	6	47	98	11.1	4
67682	515.5	290.0	6	47	98	11.2	4
67688	515.5	290.0	6	47	98	11.2	4
67699	515.5	290.0	6	47	98	11.2	4
67710	515.5	290.0	6	47	97	11.1	4
67719	515.5	290.0	6	47	97	10.9	4
67729	515.5	290.0	6	47	97	10.8	4
67736	515.5	290.0	6	47	97	10.6	4
67745	515.5	290.0	6	47	97	10.4	4
67752	515.5	290.0	5	47	97	10.2	4
67759	515.5	290.0	5	47	97	10.0	4
67766	515.5	290.0	5	47	97	9.7	4
67773	515.5	290.0	5	47	97	9.5	4
67786	515.5	290.0	5	48	97	9.0	4
67799	515.5	290.0	5	48	97	8.5	4
67805	515.5	290.0	5	48	97	8.2	4
67816	515.5	290.0	5	48	97	7.6	4
67827	515.5	290.0	5	48	97	7.1	4
67833	515.5	290.0	5	48	97	6.7	4
67840	515.5	290.0	5	48	97	6.4	4
67848	515.5	290.0	5	48	97	5.9	4
67854	515.5	290.0	5	48	97	5.6	4
67862	515.5	290.0	5	48	97	5.1	4
67868	515.5	290.0	5	48	97	4.7	4
67876	515.5	290.0	5	48	97	5.0	4
67884	515.5	290.0	5	48	97	4.5	4
67892	515.5	290.0	5	48	97	4.7	4
67902	515.5	290.0	5	48	97	5.1	4
67910	515.5	290.0	5	48	97	4.6	4
67917	515.5	290.0	5	48	97	4.8	4
67923	515.5	290.0	5	48	97	5.0	4
67933	515.5	290.0	5	48	97	4.3	4
67939	515.5	290.0	5	48	97	4.5	4
67950	515.5	290.0	5	48	97	4.8	4
67957	515.5	290.0	5	48	97	5.0	4
67965	515.5	290.0	5	48	97	5.2	4
67971	515.5	290.0	5	48	97	4.7	4
67979	515.5	290.0	5	48	97	4.9	4
67986	515.5	290.0	5	48	97	5.0	4
67994	515.5	290.0	5	48	97	4.4	4
68000	515.5	290.0	5	48	98	4.6	4
68007	515.5	290.0	5	47	98	4.7	4
68015	515.5	290.0	5	47	98	4.9	4
68022	515.5	290.0	5	47	98	5.0	4
68033	515.5	290.0	5	47	98	4.1	4
68039	515.5	290.0	5	47	98	4.2	4
68049	515.5	290.0	5	47	98	4.4	4
68056	515.5	290.0	5	47	98	4.5	4
68065	515.5	290.0	5	49	98	4.7	4
68072	515.5	290.0	5	49	98	4.8	4
68082	515.5	290.0	5	49	98	4.9	4
68088	515.5	290.0	5	49	98	5.0	4
68097	515.5	290.0	5	49	98	5.1	4
68103	515.5	290.0	5	49	98	4.5	4
68111	515.5	290.0	5	49	98	4.7	4
68118	515.5	290.0	5	49	98	4.7	4
68126	515.5	290.0	5	49	98	4.8	4
68133	515.5	290.0	5	49	98	4.9	4
68139	515.5	290.0	5	49	98	5.0	4
68147	515.5	290.0	5	49	98	5.1	4
68153	515.5	290.0	5	49	98	4.5	4
68160	515.5	290.0	5	49	98	4.5	4
68167	515.5	290.0	5	49	98	4.6	4
68174	515.5	290.0	5	49	98	4.7	4
68182	515.5	290.0	5	49	98	4.7	4
68188	515.5	290.0	5	49	98	4.8	4
68198	515.5	290.0	5	49	98	4.9	4
68204	515.5	290.0	5	49	98	4.9	4
68212	515.5	290.0	5	49	98	5.0	4
68218	515.5	290.0	5	49	98	5.0	4
68225	515.5	290.0	5	49	98	4.4	4
68232	515.5	290.0	5	49	98	4.4	4
68238	515.5	290.0	5	49	98	4.5	4
68245	515.5	290.0	5	49	98	4.5	4
68251	515.5	290.0	5	49	98	4.6	4
68258	515.5	290.0	5	49	98	4.6	4
68265	515.5	290.0	5	49	98	4.6	4
68272	515.5	290.0	5	49	98	4.7	4
68280	515.5	290.0	5	49	98	4.7	4
68286	515.5	290.0	5	49	98	4.8	4
68294	515.5	290.0	5	49	98	4.8	4
68301	515.5	290.0	5	49	98	4.8	4
68308	515.5	290.0	5	49	98	4.9	4
68314	515.5	290.0	5	49	98	4.9	4
68320	515.5	290.0	5	49	98	4.9	4
68328	515.5	290.0	5	49	98	4.9	4
68334	515.5	290.0	5	49	98	5.0	4
68341	515.5	290.0	5	49	98	5.0	4
68348	515.5	290.0	5	49	98	5.0	4
68354	515.5	290.0	5	49	99	4.4	4
68361	515.5	290.0	5	48	99	4.4	4
68368	515.5	290.0	5	50	99	4.4	4
68374	515.5	290.0	5	50	99	4.5	4
68381	515.5	290.0	5	50	99	4.5	4
68387	515.5	290.0	5	50	99	4.5	4
68395	515.5	290.0	5	50	99	4.5	4
68401	515.5	290.0	5	50	98	4.5	4
68409	515.5	290.0	5	50	98	4.6	4
68415	515.5	290.0	5	50	98	4.6	4
68422	515.5	290.0	5	50	98	4.6	4
68430	515.5	290.0	5	50	98	4.6	4
68436	515.5	290.0	5	50	98	4.6	4
68443	515.5	290.0	5	50	98	4.6	4
68450	515.5	290.0	5	50	98	4.7	4
68456	515.5	290.0	5	50	98	4.7	4
68464	515.5	290.0	5	50	98	4.7	4
68470	515.5	290.0	5	50	98	4.7	4
68478	515.5	290.0	5	50	98	4.7	4
68485	515.5	290.0	5	50	98	4.7	4
68493	515.5	290.0	5	50	98	4.8	4
68500	515.5	290.0	5	50	98	4.8	4
68508	515.5	290.0	5	50	98	4.8	4
68515	515.5	290.0	5	50	98	4.8	4
68523	515.5	290.0	5	50	98	4.8	4
68530	515.5	290.0	5	50	98	4.8	4
68537	515.5	290.0	5	50	98	4.8	4
68545	515.5	290.0	5	50	98	4.8	4
68551	515.5	290.0	5	50	98	4.8	4
68557	515.5	290.0	5	50	98	4.9	4
68565	515.5	290.0	5	50	98	4.9	4
68571	515.5	290.0	5	50	98	4.9	4
68579	515.5	290.0	5	50	98	4.9	4
68585	515.5	290.0	5	51	98	4.9	4
68593	515.5	290.0	5	51	98	4.9	4
68599	515.5	290.0	5	51	98	4.9	4
68606	515.5	290.0	5	51	98	4.9	4
68614	515.5	290.0	5	51	98	4.9	4
68619	515.5	290.0	5	51	98	4.9	4
68627	515.5	290.0	5	51	98	4.9	4
68633	515.5	290.0	5	51	98	4.9	4
68639	515.5	290.0	5	51	98	4.9	4
68647	515.5	290.0	5	51	98	4.9	4
68655	515.5	290.0	5	51	98	5.0	4
68664	515.5	290.0	5	51	98	5.0	4
68671	515.5	290.0	5	51	98	5.0	4
68680	515.5	290.0	5	51	98	5.0	4
68687	515.5	290.0	5	51	98	5.0	4
68694	515.5	290.0	5	51	98	5.0	4
68701	515.5	290.0	5	51	98	5.0	4
68708	515.5	290.0	5	51	99	5.0	4
68716	515.5	290.0	5	50	99	5.0	4
68722	515.5	290.0	5	50	99	5.0	4
68729	515.5	290.0	5	50	99	5.0	4
68736	515.5	290.0	5	50	99	5.0	4
68743	515.5	290.0	5	50	99	5.0	4
68751	515.5	290.0	5	50	99	5.0	4
68758	515.5	290.0	4	50	98	5.0	4
68765	515.5	290.0	4	50	98	5.0	4
68772	515.5	290.0	4	50	98	5.0	4
68779	515.5	290.0	4	50	98	5.0	4
68785	515.5	290.0	4	50	98	5.0	4
68792	515.5	290.0	4	50	98	5.0	4
68799	515.5	290.0	4	50	98	5.0	4
68806	515.5	290.0	4	50	98	5.0	4
68814	515.5	290.0	4	50	98	5.0	4
68820	515.5	290.0	4	50	98	5.0	4
68827	515.5	290.0	4	50	98	5.0	4
68834	515.5	290.0	4	50	98	5.0	4
68841	515.5	290.0	4	50	98	5.0	4
68848	515.5	290.0	4	50	98	5.0	4
68854	515.5	290.0	4	50	98	5.0	4
68862	515.5	290.0	4	50	98	5.0	4
68868	515.5	290.0	4	50	98	5.0	4
68875	515.5	290.0	4	50	98	5.0	4
68882	515.5	290.0	4	50	98	5.0	4
68888	515.5	290.0	4	50	98	5.0	4
68895	515.5	290.0	4	50	98	5.0	4
68902	515.5	290.0	4	50	98	5.0	4
68909	515.5	290.0	4	50	98	5.0	4
68915	515.5	290.0	4	50	98	5.0	4
68922	515.5	290.0	4	50	98	5.0	4
68929	515.5	290.0	4	50	98	5.0	4
68935	515.5	290.0	4	50	98	5.0	4
68941	515.5	290.0	4	50	98	5.0	4
68949	515.5	290.0	4	50	98	5.0	4
68955	515.5	290.0	4	51	98	5.0	4
68963	515.5	290.0	4	51	98	5.0	4
68969	515.5	290.0	4	51	98	5.0	4
68976	515.5	290.0	4	51	98	5.0	4
68982	515.5	290.0	4	51	98	5.0	4
68990	515.5	290.0	4	51	98	5.0	4
68997	515.5	290.0	4	51	98	5.0	4
69003	515.5	290.0	4	51	98	5.0	4
69011	515.5	290.0	4	51	98	5.0	4
69018	515.5	290.0	4	51	98	5.0	4
69025	515.5	290.0	4	51	98	5.0	4
69032	515.5	290.0	4	51	98	5.0	4
69038	515.5	290.0	4	51	98	5.0	4
69045	515.5	290.0	4	51	98	5.0	4
69052	515.5	290.0	4	51	98	5.0	4
69060	515.5	290.0	4	51	99	5.0	4
69066	515.5	290.0	4	50	99	5.0	4
69074	515.5	290.0	4	50	99	5.0	4
69081	515.5	290.0	4	50	99	5.0	4
69087	515.5	290.0	4	50	99	5.0	4
69095	515.5	290.0	4	50	99	5.0	4
69102	515.5	290.0	4	50	99	5.0	4
69110	515.5	290.0	4	50	98	5.0	4
69117	515.5	290.0	4	51	98	5.0	4
69124	515.5	290.0	4	51	98	5.0	4
69131	515.5	290.0	4	51	98	5.0	4
69137	515.5	290.0	4	51	98	5.0	4
69145	515.5	290.0	4	51	98	5.0	4
69151	515.5	290.0	4	51	98	5.0	4
69159	515.5	290.0	4	51	98	5.0	4
69165	515.5	290.0	4	51	98	5.0	4
69171	515.5	290.0	4	51	98	5.0	4
69178	515.5	290.0	4	51	98	5.0	4
69184	515.5	290.0	4	51	98	5.0	4
69191	515.5	290.0	4	51	98	5.0	4
69198	515.5	290.0	4	51	98	5.0	4
69204	515.5	290.0	4	51	98	5.0	4
69212	515.5	290.0	4	51	98	5.0	4
69217	515.5	290.0	4	51	98	5.0	4
69224	515.5	290.0	4	51	98	5.0	4
69231	515.5	290.0	4	51	98	5.0	4
69237	515.5	290.0	4	51	98	5.0	4
69245	515.5	290.0	4	51	98	5.0	4
69252	515.5	290.0	4	51	98	5.0	4
69261	515.5	290.0	4	51	98	5.0	4
69268	515.5	290.0	4	51	98	5.0	4
69278	515.5	290.0	4	51	98	5.0	4
69285	515.5	290.0	4	51	98	5.0	4
69294	515.5	290.0	4	51	98	5.0	4
69301	515.5	290.0	4	51	98	5.0	4
69311	515.5	290.0	4	51	98	5.0	4
69320	515.5	290.0	4	51	98	5.0	4
69331	515.5	290.0	4	51	98	5.0	4
69338	515.5	290.0	4	51	98	5.0	4
69347	515.5	290.0	4	51	98	5.0	4
69354	515.5	290.0	4	51	98	5.0	4
69362	515.5	290.0	4	51	98	5.0	4
69368	515.5	290.0	4	51	98	5.0	4
69376	515.5	290.0	4	51	98	5.0	4
69382	515.5	290.0	4	51	98	5.0	4
69388	515.5	290.0	4	51	98	5.0	4
69396	515.5	290.0	4	51	98	5.0	4
69402	515.5	290.0	4	51	98	5.0	4
69410	515.5	290.0	4	51	99	5.0	4
69417	515.5	290.0	4	50	99	5.0	4
69424	515.5	290.0	4	50	99	5.0	4
69431	515.5	290.0	4	50	99	5.0	4
69438	515.5	290.0	4	50	99	5.0	4
69445	515.5	290.0	4	50	99	5.0	4
69451	515.5	290.0	4	50	99	5.0	4
69458	515.5	290.0	4	50	99	5.0	4
69465	515.5	290.0	4	50	98	5.0	4
69472	515.5	290.0	4	50	98	5.0	4
69480	515.5	290.0	4	50	98	5.0	4
69486	515.5	290.0	4	50	98	5.0	4
69494	515.5	290.0	4	50	98	5.0	4
69500	515.5	290.0	4	50	98	5.0	4
69507	515.5	290.0	4	51	98	5.0	4
69514	515.5	290.0	4	51	98	5.0	4
69520	515.5	290.0	4	51	98	5.0	4
69528	515.5	290.0	4	51	98	5.0	4
69534	515.5	290.0	4	51	98	5.0	4
69543	515.5	290.0	4	51	98	5.0	4
69550	515.5	290.0	4	51	98	5.0	4
69558	515.5	290.0	4	51	98	5.0	4
69566	515.5	290.0	4	51	98	5.0	4
69572	515.5	290.0	4	51	98	5.0	4
69583	515.5	290.0	4	51	98	5.0	4
69596	515.5	290.0	4	51	98	5.0	4
69611	515.5	290.0	4	51	98	5.0	4
69623	515.5	290.0	4	51	98	5.0	4
69635	515.5	290.0	4	51	98	5.0	4
69647	515.5	290.0	4	51	98	5.0	4
69656	515.5	290.0	4	51	98	5.0	4
69666	515.5	290.0	4	51	98	5.0	4
69675	515.5	290.0	4	51	98	5.0	4
69685	515.5	290.0	4	51	98	5.0	4
69693	515.5	290.0	4	51	98	5.0	4
69703	515.5	290.0	4	51	98	5.0	4
69714	515.5	290.0	4	51	98	5.0	4
69724	515.5	290.0	4	51	98	5.0	4
69732	515.5	290.0	4	52	98	5.0	4
69744	515.5	290.0	4	52	98	5.0	4
69753	515.5	290.0	4	52	98	5.0	4
69764	515.5	290.0	3	52	99	5.0	4
69771	515.5	290.0	3	51	99	5.0	4
69779	515.5	290.0	3	51	99	5.0	4
69786	515.5	290.0	3	51	99	5.0	4
69793	515.5	290.0	3	51	99	5.0	4
69800	515.5	290.0	3	51	99	5.0	4
69807	515.5	290.0	3	51	99	5.0	4
69814	515.5	290.0	3	51	98	5.0	4
69821	515.5	290.0	3	51	98	5.0	4
69829	515.5	290.0	3	51	98	5.0	4
69835	515.5	290.0	3	51	98	5.0	4
69842	515.5	290.0	3	51	98	5.0	4
69849	515.5	290.0	3	51	98	4.8	4
69855	515.5	290.0	3	51	98	4.8	4
69862	515.5	290.0	3	51	98	4.8	4
69867	515.5	290.0	3	51	98	4.8	4
69874	515.5	290.0	3	51	98	4.8	4
69881	515.5	290.0	3	51	98	4.8	4
69887	515.5	290.0	3	51	98	4.8	4
69895	515.5	290.0	3	51	98	4.8	4
69900	515.5	290.0	3	51	98	4.8	4
69906	515.5	290.0	3	51	98	4.8	4
69914	515.5	290.0	3	51	98	4.8	4
69920	515.5	290.0	3	51	98	4.8	4
69927	515.5	290.0	3	51	98	4.8	4
69933	515.5	290.0	3	51	98	4.8	4
69939	515.5	290.0	3	51	98	4.8	4
69947	515.5	290.0	3	51	98	4.8	4
69953	515.5	290.0	3	51	98	4.8	4
69960	515.5	290.0	3	51	98	4.8	4
69967	515.5	290.0	3	51	98	4.8	4
69973	515.5	290.0	3	52	98	4.8	4
69980	515.5	290.0	3	52	98	4.8	4
69987	515.5	290.0	3	52	98	4.8	4
69995	515.5	290.0	3	52	98	4.8	4
70001	515.5	290.0	3	52	98	4.8	4
70008	515.5	290.0	3	52	98	4.8	4
70015	515.5	290.0	3	52	98	4.8	4
70021	515.5	290.0	3	52	98	4.8	4
70029	515.5	290.0	3	52	98	4.8	4
70035	515.5	290.0	3	52	98	4.8	4
70043	515.5	290.0	3	52	98	4.8	4
70049	515.5	290.0	3	52	98	4.8	4
70056	515.5	290.0	3	52	98	4.8	4
70063	515.5	290.0	3	52	98	4.8	4
70070	515.5	290.0	3	52	98	4.8	4
70078	515.5	290.0	3	52	98	4.8	4
70085	515.5	290.0	3	52	98	4.8	4
70092	515.5	290.0	3	52	98	4.8	4
70099	515.5	290.0	3	52	98	4.8	4
70105	515.5	290.0	3	52	98	4.8	4
70113	515.5	290.0	3	52	98	4.8	4
70119	515.5	290.0	3	52	99	5.0	4
70127	515.5	290.0	3	51	99	5.0	4
70133	515.5	290.0	3	51	99	5.0	4
70140	515.5	290.0	3	51	99	5.0	4
70147	515.5	290.0	3	51	99	5.0	4
70154	515.5	290.0	3	51	99	5.0	4
70161	515.5	290.0	3	51	99	5.0	4
70168	515.5	290.0	3	51	98	5.0	4
70175	515.5	290.0	3	51	98	5.0	4
70182	515.5	290.0	3	51	98	5.0	4
70188	515.5	290.0	3	51	98	5.0	4
70195	515.5	290.0	3	51	98	5.0	4
70201	515.5	290.0	3	51	98	5.0	4
70207	515.5	290.0	3	51	98	5.0	4
70214	515.5	290.0	3	51	98	5.0	4
70220	515.5	290.0	3	51	98	5.0	4
70228	515.5	290.0	3	51	98	5.0	4
70234	515.5	290.0	3	52	98	5.0	4
70241	515.5	290.0	3	52	98	5.0	4
70248	515.5	290.0	3	52	98	5.0	4
70253	515.5	290.0	3	52	98	5.0	4
70260	515.5	290.0	3	52	98	5.0	4
70266	515.5	290.0	3	52	98	5.0	4
70272	515.5	290.0	3	52	98	5.0	4
70279	515.5	290.0	3	52	98	5.0	4
70285	515.5	290.0	3	52	98	5.0	4
70293	515.5	290.0	3	52	98	5.0	4
70299	515.5	290.0	3	52	98	5.0	4
70306	515.5	290.0	3	52	98	5.0	4
70315	515.5	290.0	3	52	98	5.0	4
70321	515.5	290.0	3	52	98	5.0	4
70330	515.5	290.0	3	52	98	5.0	4
70336	515.5	290.0	3	52	98	5.0	4
70343	515.5	290.0	3	52	98	5.0	4
70350	515.5	290.0	3	52	98	5.0	4
70357	515.5	290.0	3	52	98	5.0	4
70366	515.5	290.0	3	52	98	5.0	4
70373	515.5	290.0	3	52	98	5.0	4
70382	515.5	290.0	3	52	98	5.0	4
70388	515.5	290.0	3	52	98	5.0	4
70396	515.5	290.0	3	52	98	5.0	4
70402	515.5	290.0	3	52	98	5.0	4
70410	515.5	290.0	3	52	98	5.0	4
70417	515.5	290.0	3	52	98	5.0	4
70423	515.5	290.0	3	52	98	5.0	4
70430	515.5	290.0	3	52	98	5.0	4
70436	515.5	290.0	3	52	98	5.0	4
70443	515.5	290.0	3	52	98	5.0	4
70450	515.5	290.0	3	52	98	5.0	4
70456	515.5	290.0	3	52	98	5.0	4
70464	515.5	290.0	3	52	98	5.0	4
70470	515.5	290.0	3	52	99	5.0	4
70478	515.5	290.0	3	51	99	5.0	4
70484	515.5	290.0	3	51	99	5.0	4
70491	515.5	290.0	3	51	99	5.0	4
70498	515.5	290.0	3	51	99	5.0	4
70504	515.5	290.0	3	51	99	5.0	4
70511	515.5	290.0	3	51	99	5.0	4
70518	515.5	290.0	3	52	99	5.0	4
70525	515.5	290.0	3	52	98	5.0	4
70532	515.5	290.0	3	52	98	5.0	4
70540	515.5	290.0	3	52	98	5.0	4
70548	515.5	290.0	3	52	98	5.0	4
70557	515.5	290.0	3	52	98	5.0	4
70565	515.5	290.0	3	52	98	5.0	4
70571	515.5	290.0	3	52	98	5.0	4
70579	515.5	290.0	3	52	98	5.0	4
70586	515.5	290.0	3	52	98	5.0	4
70593	515.5	290.0	3	52	98	5.0	4
70599	515.5	290.0	3	52	98	5.0	4
70606	515.5	290.0	3	52	98	5.0	4
70614	515.5	290.0	3	52	98	5.0	4
70621	515.5	290.0	3	52	98	5.0	4
70630	515.5	290.0	3	52	98	5.0	4
70637	515.5	290.0	3	52	98	5.0	4
70646	515.5	290.0	3	52	98	5.0	4
70653	515.5	290.0	3	52	98	5.0	4
70661	515.5	290.0	3	52	98	5.0	4
70668	515.5	290.0	3	52	98	5.0	4
70674	515.5	290.0	3	52	98	5.0	4
70681	515.5	290.0	3	52	98	5.0	4
70688	515.5	290.0	3	52	98	5.0	4
70696	515.5	290.0	3	52	98	5.0	4
70702	515.5	290.0	3	52	98	5.0	4
70710	515.5	290.0	3	52	98	5.0	4
70717	515.5	290.0	3	52	98	5.0	4
70726	515.5	290.0	3	52	98	5.0	4
70733	515.5	290.0	3	52	98	5.0	4
70742	515.5	290.0	3	52	98	5.0	4
70749	515.5	290.0	3	52	98	5.0	4
70755	515.5	290.0	3	52	98	5.0	4
70762	515.5	290.0	3	52	98	5.0	4
70769	515.5	290.0	2	52	98	5.0	4
70777	515.5	290.0	2	52	98	5.0	4
70783	515.5	290.0	2	52	98	5.0	4
70789	515.5	290.0	2	52	98	5.0	4
70797	515.5	290.0	2	52	98	5.0	4
70803	515.5	290.0	2	52	98	5.0	4
70811	515.5	290.0	2	52	98	5.0	4
70817	515.5	290.0	2	52	98	5.0	4
70825	515.5	290.0	2	53	98	5.0	4
70833	515.5	290.0	2	53	98	5.0	4
70839	515.5	290.0	2	53	98	5.0	4
70847	515.5	290.0	2	53	98	5.0	4
70855	515.5	290.0	2	53	98	5.0	4
70863	515.5	290.0	2	53	98	5.0	4
70872	515.5	290.0	2	53	97	5.0	4
70881	515.5	290.0	2	53	97	5.0	4
70888	515.5	290.0	2	54	97	5.0	4
70896	515.5	290.0	2	54	97	5.0	4
70902	515.5	290.0	2	54	97	5.0	4
70909	515.5	290.0	2	54	97	5.0	4
70916	515.5	290.0	2	54	97	5.0	4
70924	515.5	290.0	2	54	97	5.0	4
70932	515.5	290.0	2	54	97	5.0	4
70938	515.5	290.0	2	54	97	5.0	4
70945	515.5	290.0	2	54	97	5.0	4
70951	515.5	290.0	2	54	97	5.0	4
70957	515.5	290.0	2	54	97	5.0	4
70964	515.5	290.0	2	54	97	5.0	4
70970	515.5	290.0	2	54	97	5.0	4
70977	515.5	290.0	2	54	97	5.0	4
70983	515.5	290.0	2	54	97	5.0	4
70990	515.5	290.0	2	54	97	5.0	4
70996	515.5	290.0	2	54	97	5.0	4
71002	515.5	290.0	2	54	97	5.0	4
71009	515.5	290.0	2	54	97	5.0	4
71015	515.5	290.0	2	54	97	5.0	4
71022	515.5	290.0	2	54	97	5.0	4
71029	515.5	290.0	2	54	97	5.0	4
71035	515.5	290.0	2	54	97	5.0	4
71042	515.5	290.0	2	54	97	5.0	4
71049	515.5	290.0	2	54	97	5.0	4
71056	515.5	290.0	2	54	97	5.0	4
71063	515.5	290.0	2	54	97	5.0	4
71069	515.5	290.0	2	54	97	5.0	4
71077	515.5	290.0	2	54	97	5.0	4
71083	515.5	290.0	2	54	97	5.0	4
71090	515.5	290.0	2	54	97	5.0	4
71097	515.5	290.0	2	54	97	5.0	4
71103	515.5	290.0	2	54	97	5.0	4
71112	515.5	290.0	2	54	97	5.0	4
71119	515.5	290.0	2	54	97	5.0	4
71128	515.5	290.0	2	54	97	5.0	4
71135	515.5	290.0	2	54	97	5.0	4
71142	515.5	290.0	2	54	97	5.0	4
71149	515.5	290.0	2	54	97	5.0	4
71156	515.5	290.0	2	54	97	5.0	4
71167	515.5	290.0	2	54	97	4.9	4
71175	515.5	290.0	2	54	97	4.9	4
71183	515.5	290.0	2	54	98	4.9	4
71190	515.5	290.0	2	53	98	4.9	4
71199	515.5	290.0	2	53	98	4.9	4
71207	515.5	290.0	2	53	98	4.9	4
71215	515.5	290.0	2	53	98	4.9	4
71222	515.5	290.0	2	53	98	4.9	4
71230	515.5	290.0	2	53	98	4.9	4
71237	515.5	290.0	2	53	98	4.9	4
71247	515.5	290.0	2	53	98	4.9	4
71254	515.5	290.0	2	53	98	4.9	4
71262	515.5	290.0	2	53	98	4.9	4
71269	515.5	290.0	2	54	98	4.9	4
71278	515.5	290.0	2	54	98	4.9	4
71285	515.5	290.0	2	54	98	4.9	4
71294	515.5	290.0	2	54	98	4.9	4
71301	515.5	290.0	2	54	98	4.9	4
71308	515.5	290.0	2	54	98	4.9	4
71315	515.5	290.0	2	54	98	4.9	4
71322	515.5	290.0	2	54	98	4.9	4
71330	515.5	290.0	2	54	98	4.9	4
71336	515.5	290.0	2	54	98	4.9	4
71345	515.5	290.0	2	54	98	4.9	4
71352	515.5	290.0	2	54	98	4.9	4
71360	515.5	290.0	2	54	98	4.7	4
71367	515.5	290.0	2	54	98	4.7	4
71375	515.5	290.0	2	54	98	4.7	4
71384	515.5	290.0	2	54	98	4.7	4
71391	515.5	290.0	2	54	98	4.7	4
71400	515.5	290.0	2	54	98	4.7	4
71407	515.5	290.0	2	54	98	4.7	4
71415	515.5	290.0	2	55	98	4.7	4
71421	515.5	290.0	2	55	98	4.7	4
71429	515.5	290.0	2	55	98	4.7	4
71436	515.5	290.0	2	55	98	4.7	4
71444	515.5	290.0	2	55	98	4.7	4
71450	515.5	290.0	2	55	98	4.7	4
71458	515.5	290.0	2	55	98	4.7	4
71464	515.5	290.0	2	55	98	4.7	4
71470	515.5	290.0	2	55	98	4.7	4
71478	515.5	290.0	2	55	98	4.7	4
71484	515.5	290.0	2	55	98	4.7	4
71491	515.5	290.0	2	55	98	4.7	4
71497	515.5	290.0	2	55	98	4.7	4
71503	515.5	290.0	2	55	98	4.7	4
71510	515.5	290.0	2	55	98	4.7	4
71516	515.5	290.0	2	55	98	4.7	4
71522	515.5	290.0	2	55	98	4.7	4
71530	515.5	290.0	2	55	98	4.7	4
71536	515.5	290.0	2	55	99	4.7	4
71544	515.5	290.0	2	54	99	4.7	4
71550	515.5	290.0	2	54	99	4.7	4
71556	515.5	290.0	2	54	99	4.7	4
71563	515.5	290.0	2	54	99	4.7	4
71569	515.5	290.0	2	54	99	4.7	4
71576	515.5	290.0	2	54	99	4.7	4
71582	515.5	290.0	2	54	99	4.7	4
71588	515.5	290.0	2	54	98	4.7	4
71596	515.5	290.0	2	54	98	4.7	4
71602	515.5	290.0	2	54	98	4.7	4
71610	515.5	290.0	2	54	98	4.7	4
71616	515.5	290.0	2	54	98	4.7	4
71622	515.5	290.0	2	54	98	4.7	4
71629	515.5	290.0	2	54	98	4.7	4
71635	515.5	290.0	2	54	98	4.7	4
71642	515.5	290.0	2	54	98	4.7	4
71648	515.5	290.0	2	54	98	4.7	4
71655	515.5	290.0	2	54	98	4.7	4
71662	515.5	290.0	2	54	98	4.7	4
71669	515.5	290.0	2	54	98	4.7	4
71676	515.5	290.0	2	54	98	4.7	4
71682	515.5	290.0	2	54	98	4.7	4
71689	515.5	290.0	2	54	98	4.7	4
71697	515.5	290.0	2	54	98	4.7	4
71703	515.5	290.0	2	54	98	4.7	4
71713	515.5	290.0	2	54	98	4.7	4
71719	515.5	290.0	2	54	98	4.7	4
71727	515.5	290.0	2	54	98	4.7	4
71733	515.5	290.0	2	54	98	4.7	4
71749	515.5	290.0	2	54	98	4.7	4
71757	515.5	290.0	2	54	98	4.7	4
71770	515.5	290.0	2	55	98	4.7	4
71782	515.5	290.0	2	55	98	4.7	4
71789	515.5	290.0	2	55	98	4.7	4
71799	515.5	290.0	2	55	98	4.7	4
71805	515.5	290.0	2	55	98	4.7	4
71814	515.5	290.0	1	55	98	4.7	4
71821	515.5	290.0	1	55	98	4.7	4
71829	515.5	290.0	1	55	98	4.7	4
71838	515.5	290.0	1	55	98	4.7	4
71847	515.5	290.0	1	55	98	4.7	4
71853	515.5	290.0	1	55	98	4.7	4
71860	515.5	290.0	1	55	98	4.7	4
71867	515.5	290.0	1	55	98	4.7	4
71874	515.5	290.0	1	55	98	4.7	4
71885	515.5	290.0	1	55	98	4.7	4
71894	515.5	290.0	1	55	99	4.7	4
71903	515.5	290.0	1	54	99	4.7	4
71912	515.5	290.0	1	54	99	4.7	4
71920	515.5	290.0	1	54	99	4.7	4
71930	515.5	290.0	1	54	99	4.7	4
71940	515.5	290.0	1	54	98	4.7	4
71952	515.5	290.0	1	54	98	4.7	4
71965	515.5	290.0	1	54	98	4.7	4
71973	515.5	290.0	1	56	98	4.7	4
71983	515.5	290.0	1	56	98	4.7	4
71990	515.5	290.0	1	56	98	4.7	4
71999	515.5	290.0	1	56	98	4.7	4
72005	515.5	290.0	1	56	98	4.7	4
72014	515.5	290.0	1	56	98	4.7	4
72020	515.5	290.0	1	56	98	4.7	4
72029	515.5	290.0	1	56	98	4.7	4
72035	515.5	290.0	1	56	98	4.7	4
72041	515.5	290.0	1	56	98	4.7	4
72048	515.5	290.0	1	56	98	4.7	4
72054	515.5	290.0	1	56	98	4.7	4
72061	515.5	290.0	1	56	98	4.7	4
72067	515.5	290.0	1	56	98	4.7	4
72074	515.5	290.0	1	56	98	4.7	4
72081	515.5	290.0	1	56	98	4.7	4
72086	515.5	290.0	1	56	98	4.7	4
72093	515.5	290.0	1	56	98	4.7	4
72100	515.5	290.0	1	56	98	4.7	4
72106	515.5	290.0	1	56	98	4.7	4
72113	515.5	290.0	1	56	98	4.7	4
72120	515.5	290.0	1	56	98	4.7	4
72127	515.5	290.0	1	56	98	4.7	4
72134	515.5	290.0	1	56	98	4.7	4
72141	515.5	290.0	1	56	98	4.7	4
72148	515.5	290.0	1	56	98	4.7	4
72155	515.5	290.0	1	56	98	4.7	4
72163	515.5	290.0	1	56	98	4.7	4
72169	515.5	290.0	1	56	98	4.7	4
72175	515.5	290.0	1	56	98	4.7	4
72183	515.5	290.0	1	56	98	4.7	4
72189	515.5	290.0	1	56	98	4.7	4
72197	515.5	290.0	1	57	98	4.7	4
72203	515.5	290.0	1	57	98	4.7	4
72212	515.5	290.0	1	57	98	4.7	4
72219	515.5	290.0	1	57	98	4.7	4
72227	515.5	290.0	1	57	98	4.7	4
72234	515.5	290.0	1	57	98	4.7	4
72241	515.5	290.0	1	57	98	4.7	4
72249	515.5	290.0	1	57	99	4.7	4
72255	515.5	290.0	1	56	99	4.7	4
72264	515.5	290.0	1	56	99	4.7	4
72270	515.5	290.0	1	56	99	4.7	4
72279	515.5	290.0	1	56	99	4.7	4
72285	515.5	290.0	1	56	99	4.7	4
72294	515.5	290.0	1	56	98	4.7	4
72301	515.5	290.0	1	56	98	4.7	4
72309	515.5	290.0	1	56	98	4.7	4
72316	515.5	290.0	1	56	98	4.7	4
72323	515.5	290.0	1	56	98	4.7	4
72332	515.5	290.0	1	56	98	4.7	4
72339	515.5	290.0	1	56	98	4.7	4
72347	515.5	290.0	1	56	98	4.7	4
72353	515.5	290.0	1	56	98	4.7	4
72360	515.5	290.0	1	56	98	4.7	4
72367	515.5	290.0	1	56	98	4.7	4
72374	515.5	290.0	1	56	98	4.7	4
72382	515.5	290.0	1	56	98	4.7	4
72388	515.5	290.0	1	56	98	4.7	4
72396	515.5	290.0	1	56	98	4.7	4
72403	515.5	290.0	1	56	98	4.7	4
72411	515.5	290.0	1	56	98	4.7	4
72418	515.5	290.0	1	56	98	4.7	4
72426	515.5	290.0	1	56	98	4.7	4
72433	515.5	290.0	1	56	98	4.7	4
72439	515.5	290.0	1	57	98	4.7	4
72448	515.5	290.0	1	57	98	4.7	4
72454	515.5	290.0	1	57	98	4.7	4
72466	515.5	290.0	1	57	98	4.7	4
72474	515.5	290.0	1	57	98	4.7	4
72483	515.5	290.0	1	57	98	4.7	4
72490	515.5	290.0	1	57	98	4.7	4
72497	515.5	290.0	1	57	98	4.7	4
72503	515.5	290.0	1	57	98	4.7	4
72511	515.5	290.0	1	57	98	4.7	4
72517	515.5	290.0	1	57	98	4.7	4
72523	515.5	290.0	1	57	98	4.7	4
72530	515.5	290.0	1	57	98	4.7	4
72537	515.5	290.0	1	57	98	4.7	4
72545	515.5	290.0	1	57	98	4.7	4
72552	515.5	290.0	1	57	98	4.7	4
72559	515.5	290.0	1	57	98	4.7	4
72566	515.5	290.0	1	57	98	4.7	4
72572	515.5	290.0	1	57	98	4.7	4
72580	515.5	290.0	1	57	98	4.7	4
72587	515.5	290.0	1	57	98	4.7	4
72597	515.5	290.0	1	57	98	4.7	4
72603	515.5	290.0	1	57	99	4.7	4
72613	515.5	290.0	1	56	99	4.7	4
72620	515.5	290.0	1	56	99	4.7	4
72629	515.5	290.0	1	56	99	4.7	4
72635	515.5	290.0	1	56	99	4.7	4
72643	515.5	290.0	1	56	99	4.7	4
72651	515.5	290.0	1	56	98	4.7	4
72663	515.5	290.0	1	56	98	4.7	4
72670	515.5	290.0	1	56	98	4.7	4
72678	515.5	290.0	1	56	98	4.7	4
72685	515.5	290.0	1	56	98	4.7	4
72692	515.5	290.0	1	56	98	4.7	4
72699	515.5	290.0	1	56	98	4.7	4
72705	515.5	290.0	1	57	98	4.7	4
72715	515.5	290.0	1	57	98	4.7	4
72721	515.5	290.0	1	57	98	4.7	4
72729	515.5	290.0	1	57	98	4.7	4
72735	515.5	290.0	1	57	98	4.7	4
72742	515.5	290.0	1	57	98	4.7	4
72749	515.5	290.0	1	57	98	4.7	4
72755	515.5	290.0	1	57	98	4.7	4
72765	515.5	290.0	1	57	98	4.7	4
72772	515.5	290.0	1	57	98	4.7	4
72782	515.5	290.0	1	57	98	4.7	4
72788	515.5	290.0	1	57	98	4.7	4
72800	515.5	290.0	1	57	98	4.7	4
72808	515.5	290.0	1	57	98	4.7	4
72817	515.5	290.0	0	57	98	4.7	4
72825	515.5	290.0	0	57	98	4.7	4
72832	515.5	290.0	0	57	98	4.7	4
72839	515.5	290.0	0	57	98	4.7	4
72849	515.5	290.0	0	57	98	4.7	4
72857	515.5	290.0	0	57	98	4.7	4
72870	515.5	290.0	0	57	98	4.7	4
72882	515.5	290.0	0	57	98	4.7	4
72889	515.5	290.0	0	57	98	4.7	4
72898	515.5	290.0	0	57	98	4.7	4
72905	515.5	290.0	0	57	98	4.7	4
72913	515.5	290.0	0	57	98	4.7	4
72920	515.5	290.0	0	57	98	4.7	4
72928	515.5	290.0	0	57	98	4.7	4
72935	515.5	290.0	0	57	98	4.7	4
72942	515.5	290.0	0	57	98	4.7	4
72950	515.5	290.0	0	57	98	4.7	4
72957	515.5	290.0	0	57	98	4.7	4
72965	515.5	290.0	0	57	98	4.7	4
72972	515.5	290.0	0	57	98	4.7	4
72980	515.5	290.0	0	57	98	4.7	4
72986	515.5	290.0	0	57	98	4.7	4
72995	515.5	290.0	0	57	98	4.7	4
73001	515.5	290.0	0	57	98	4.7	4
73008	515.5	290.0	0	57	97	4.7	4
73016	515.5	290.0	0	57	97	4.7	4
73023	515.5	290.0	0	57	97	4.7	4
73031	515.5	290.0	0	57	97	4.7	4
73037	515.5	290.0	0	57	97	4.7	4
73045	515.5	290.0	0	57	97	4.7	4
73052	515.5	290.0	0	57	97	4.7	4
73061	515.5	290.0	0	57	97	4.7	4
73068	515.5	290.0	0	57	97	4.7	4
73076	515.5	290.0	0	57	97	4.7	4
73083	515.5	290.0	0	57	97	4.7	4
73089	515.5	290.0	0	57	97	4.7	4
73098	515.5	290.0	0	57	97	4.7	4
73104	515.5	290.0	0	57	97	4.7	4
73113	515.5	290.0	0	57	97	4.7	4
73120	515.5	290.0	0	57	97	4.7	4
73128	515.5	290.0	0	57	97	4.7	4
73135	515.5	290.0	0	57	97	4.7	4
73142	515.5	290.0	0	57	97	4.7	4
73149	515.5	290.0	0	57	97	4.7	4
73156	515.5	290.0	0	57	97	4.7	4
73163	515.5	290.0	0	57	97	4.7	4
73170	515.5	290.0	0	57	97	4.7	4
73178	515.5	290.0	0	57	97	4.7	4
73184	515.5	290.0	0	57	97	4.7	4
73190	515.5	290.0	0	57	97	4.7	4
73198	515.5	290.0	0	57	97	4.7	4
73204	515.5	290.0	0	57	97	4.7	4
73213	515.5	290.0	0	57	97	4.7	4
73219	515.5	290.0	0	57	97	4.7	4
73227	515.5	290.0	0	57	97	4.7	4
73233	515.5	290.0	0	57	97	4.7	4
73241	515.5	290.0	0	57	97	4.7	4
73248	515.5	290.0	0	57	97	4.7	4
73256	515.5	290.0	0	57	97	4.7	4
73264	515.5	290.0	0	57	97	4.7	4
73272	515.5	290.0	0	57	97	4.7	4
73282	515.5	290.0	0	57	97	4.7	4
73291	515.5	290.0	0	57	97	4.7	4
73303	515.5	290.0	0	57	97	4.7	4
73317	515.5	290.0	0	57	97	4.7	4
73328	515.5	290.0	0	57	97	4.7	4
73336	515.5	290.0	0	57	97	4.7	4
73348	515.5	290.0	0	57	97	4.7	4
73357	515.5	290.0	0	57	97	4.7	4
73368	515.5	290.0	0	57	97	4.7	4
73378	515.5	290.0	0	57	97	4.7	4
73388	515.5	290.0	0	57	97	4.7	4
73397	515.5	290.0	0	57	97	4.7	4
73403	515.5	290.0	0	57	97	4.7	4
73412	515.5	290.0	0	57	97	4.7	4
73418	515.5	290.0	0	57	97	4.7	4
73425	515.5	290.0	0	57	97	4.7	4
73431	515.5	290.0	0	57	97	4.7	4
73437	515.5	290.0	0	57	97	4.7	4
73444	515.5	290.0	0	57	97	4.7	4
73450	515.5	290.0	0	57	97	4.7	4
73456	515.5	290.0	0	57	97	4.7	4
73463	515.5	290.0	0	57	97	4.7	4
73470	515.5	290.0	0	57	97	4.7	4
73477	515.5	290.0	0	57	97	4.7	4
73483	515.5	290.0	0	57	97	4.7	4
73491	515.5	290.0	0	57	97	4.7	4
73498	515.5	290.0	0	57	97	4.7	4
73505	515.5	290.0	0	57	97	4.7	4
73513	515.5	290.0	0	57	97	4.7	4
73519	515.5	290.0	0	57	97	4.7	4
73526	515.5	290.0	0	57	97	4.7	4
73533	515.5	290.0	0	57	97	4.7	4
73540	515.5	290.0	0	57	97	4.7	4
73547	515.5	290.0	0	57	97	4.7	4
73554	515.5	290.0	0	57	97	4.7	4
73561	515.5	290.0	0	57	97	4.7	4
73568	515.5	290.0	0	57	97	4.7	4
73575	515.5	290.0	0	57	97	4.7	4
73582	515.5	290.0	0	57	97	4.7	4
73588	515.5	290.0	0	57	97	4.7	4
73595	515.5	290.0	0	57	97	4.7	4
73601	515.5	290.0	0	57	97	4.7	4
73607	515.5	290.0	0	57	97	4.7	4
73613	515.5	290.0	0	57	97	4.7	4
73619	515.5	290.0	0	57	97	4.7	4
73627	515.5	290.0	0	57	97	4.7	4
73633	515.5	290.0	0	57	97	4.7	4
73639	515.5	290.0	0	57	97	4.7	4
73646	515.5	290.0	0	57	97	4.7	4
73652	515.5	290.0	0	57	97	4.7	4
73659	515.5	290.0	0	57	97	4.7	4
73666	515.5	290.0	0	57	97	4.7	4
73672	515.5	290.0	0	57	97	4.7	4
73679	515.5	290.0	0	57	97	4.7	4
73685	515.5	290.0	0	57	97	4.7	4
73691	515.5	290.0	0	57	97	4.7	4
73698	515.5	290.0	0	57	97	4.7	4
73703	515.5	290.0	0	57	97	4.7	4
73709	515.5	290.0	0	57	97	4.7	4
73716	515.5	290.0	0	57	97	4.7	4
73722	515.5	290.0	0	57	97	4.7	4
73729	515.5	290.0	0	57	97	4.7	4
73736	515.5	290.0	0	57	97	4.7	4
73743	515.5	290.0	0	57	97	4.7	4
73749	515.5	290.0	0	57	97	4.7	4
73756	515.5	290.0	0	57	97	4.7	4
73765	515.5	290.0	0	57	97	4.7	4
73772	515.5	290.0	0	57	97	4.7	4
73781	515.5	290.0	0	57	97	4.7	4
73787	515.5	290.0	0	57	97	4.7	4
73794	515.5	290.0	0	57	97	4.7	4
73800	515.5	290.0	0	57	97	4.7	4
73807	515.5	290.0	0	57	97	4.7	4
73817	515.5	290.0	0	57	97	4.7	4